Date,rotor_speed,generator_speed,generator_temperature,wind_speed,power_output,relative_wind_direction,supply_voltage,blade_pitch_deg,turbine_status,yaw_offset
2025-01-15 06:00:00.000+05:30,0.64,0.13,5.83,0.67,0,27,27.7,37.03,0,0
2025-01-15 06:00:01.000+05:30,0.59,0.16,5.28,0.7,0,15,27.8,36.68,0,0
2025-01-15 06:00:02.000+05:30,0.54,1.1,6.77,2.43,0,14,27.7,37.42,0,0
2025-01-15 06:00:03.000+05:30,0.28,1.08,7.29,0.31,0,-8,27.7,36.08,0,0
2025-01-15 06:00:04.000+05:30,0.81,3.65,6.61,2.92,0,23,27.8,36.66,0,0
2025-01-15 06:00:05.000+05:30,0.89,1.81,5.58,0.21,0,-25,27.8,37.32,0,0
2025-01-15 06:00:06.000+05:30,0.87,1.9,6.36,2.5,0,12,27.6,36.07,0,0
2025-01-15 06:00:07.000+05:30,0.94,3.24,6.83,0.51,0,-6,27.6,35.49,0,0
2025-01-15 06:00:08.000+05:30,0.93,3.44,5.66,0.97,0,22,27.5,35.17,0,0
2025-01-15 06:00:09.000+05:30,0.32,1.34,5.63,2.83,0,11,27.7,35.94,0,0
2025-01-15 06:00:10.000+05:30,0.88,3.21,5.43,0.42,0,17,27.7,36.62,0,0
2025-01-15 06:00:11.000+05:30,0.9,2,5.66,2.99,0,-27,27.8,35.27,0,0
2025-01-15 06:00:12.000+05:30,0.15,0.8,7.04,1.79,0,-1,27.7,36.79,0,0
2025-01-15 06:00:13.000+05:30,0.97,4.3,5.03,2.16,0,-13,27.8,36.61,0,0
2025-01-15 06:00:14.000+05:30,0.34,1.47,5.47,0.01,0,2,27.8,37.16,0,0
2025-01-15 06:00:15.000+05:30,0.51,0.53,6.88,2.53,0,-7,27.8,35.6,0,0
2025-01-15 06:00:16.000+05:30,0.54,3.89,6.59,0,0,29,27.6,35.06,0,0
2025-01-15 06:00:17.000+05:30,0.99,4.03,5.72,0.72,0,16,27.7,35.24,0,0
2025-01-15 06:00:18.000+05:30,0.07,3.8,7.3,0.39,0,-14,27.7,36.65,0,0
2025-01-15 06:00:19.000+05:30,0.61,4.82,7.79,2.27,0,-5,27.9,37.14,0,0
2025-01-15 06:00:20.000+05:30,1.3,4.38,6.55,0.36,0,7,27.7,33.38,1,0
2025-01-15 06:00:21.000+05:30,1.18,0.07,7.12,0.18,0,-9,27.5,30.31,1,0
2025-01-15 06:00:22.000+05:30,0.48,6.69,5.64,0.4,0,0,27.6,35.71,1,0
2025-01-15 06:00:23.000+05:30,0.95,4.07,5.28,1.98,0,25,27.8,34.11,1,0
2025-01-15 06:00:24.000+05:30,1.35,9.84,5.3,1.21,0,-15,27.6,38.62,1,0
2025-01-15 06:00:25.000+05:30,1.07,1.4,5.55,1.39,0,21,27.8,30.75,1,0
2025-01-15 06:00:26.000+05:30,1.1,0.51,8,2.51,0,24,27.6,39.26,1,0
2025-01-15 06:00:27.000+05:30,0.81,4.81,7.59,2.71,0,-6,27.6,30.02,1,0
2025-01-15 06:00:28.000+05:30,1.57,4.55,6.27,2.87,0,15,27.7,35.56,1,0
2025-01-15 06:00:29.000+05:30,0.38,2.18,5.18,2.21,0,-27,27.7,33.14,1,0
2025-01-15 06:00:30.000+05:30,1.01,8.53,5.47,2.88,0,8,27.5,31.86,1,0
2025-01-15 06:00:31.000+05:30,1.72,4.04,7.82,1.71,0,-25,27.7,30.4,1,0
2025-01-15 06:00:32.000+05:30,1.17,5.23,7.8,0.61,0,-5,27.6,32.39,1,0
2025-01-15 06:00:33.000+05:30,1.29,4.57,7.79,2.81,0,6,27.9,36.21,1,0
2025-01-15 06:00:34.000+05:30,0.15,2.13,5.8,2.8,0,-7,27.6,38.79,1,0
2025-01-15 06:00:35.000+05:30,1.31,8.15,5.91,2.95,0,12,27.8,30.29,2,0
2025-01-15 06:00:36.000+05:30,0.9,9.95,7.82,0.4,0,5,27.6,26.07,2,0
2025-01-15 06:00:37.000+05:30,0.85,3.16,6.03,2.06,0,-14,27.9,30.05,2,0
2025-01-15 06:00:38.000+05:30,2.54,1.38,6.27,0.83,0,10,27.9,32.71,2,0
2025-01-15 06:00:39.000+05:30,0.48,6.63,7.12,1.68,0,14,27.9,34.45,2,0
2025-01-15 06:00:40.000+05:30,1.64,12.52,6.75,0.44,0,27,27.9,28.08,2,0
2025-01-15 06:00:41.000+05:30,2.92,0.6,6.07,2.05,0,5,27.9,28.54,2,0
2025-01-15 06:00:42.000+05:30,1.22,9.31,5.46,2.79,0,21,27.6,34.76,2,0
2025-01-15 06:00:43.000+05:30,1.24,2.69,7.77,2.35,0,17,27.8,31.7,2,0
2025-01-15 06:00:44.000+05:30,0.8,11.81,5.32,2.62,0,22,27.9,27.22,2,0
2025-01-15 06:00:45.000+05:30,1.05,12.31,7.61,0.67,0,-13,27.8,28.98,2,0
2025-01-15 06:00:46.000+05:30,2.9,4.19,6.92,1.2,0,30,27.5,30.36,2,0
2025-01-15 06:00:47.000+05:30,2.63,3.92,6.74,2.95,0,-8,27.8,30.97,2,0
2025-01-15 06:00:48.000+05:30,0.94,9.09,6.53,1.16,0,15,27.7,27.55,2,0
2025-01-15 06:00:49.000+05:30,1.56,12.1,7.06,2.82,0,-3,27.5,26.97,2,0
2025-01-15 06:00:50.000+05:30,1.33,3.3,5.94,2.54,0,-11,27.8,35.9,3,0
2025-01-15 06:00:51.000+05:30,0.65,6.97,6.66,0.58,0,17,27.9,36.14,3,0
2025-01-15 06:00:52.000+05:30,1.23,3.01,6.64,0,0,7,27.7,36.29,3,0
2025-01-15 06:00:53.000+05:30,0.64,4.42,7.03,1.53,0,17,27.6,37.88,3,0
2025-01-15 06:00:54.000+05:30,0.17,5.15,6.9,1.01,0,13,27.6,37.25,3,0
2025-01-15 06:00:55.000+05:30,1.61,1.47,5.14,2.95,0,-1,27.7,37.31,3,0
2025-01-15 06:00:56.000+05:30,1.26,1.94,7.09,1.48,0,-30,27.9,36.97,3,0
2025-01-15 06:00:57.000+05:30,1.72,8.85,7.34,0.66,0,-1,27.5,37.09,3,0
2025-01-15 06:00:58.000+05:30,0.5,8.48,6.37,2.4,0,8,27.6,37.96,3,0
2025-01-15 06:00:59.000+05:30,1.51,4.43,7.45,2.68,0,-2,27.9,37.72,3,0
2025-01-15 06:01:00.000+05:30,3.97,16.87,6.78,0.74,0.06,3,27.7,27.66,4,0
2025-01-15 06:01:01.000+05:30,1.96,16,8.14,0.7,0.03,-25,27.6,28.93,4,0
2025-01-15 06:01:02.000+05:30,1.93,22.35,8.12,0.19,0.04,-4,27.5,25.43,4,0
2025-01-15 06:01:03.000+05:30,4.33,14.74,8.31,2.84,0,6,27.7,28.81,4,0
2025-01-15 06:01:04.000+05:30,1.02,13.79,8.26,2.56,0.1,17,27.8,24.19,4,0
2025-01-15 06:01:05.000+05:30,4.2,27.45,7.46,0.82,0.05,12,27.8,23.89,4,0
2025-01-15 06:01:06.000+05:30,2.62,9.13,7.4,0.38,0.06,-5,27.7,20.27,4,0
2025-01-15 06:01:07.000+05:30,3.65,7.1,7.29,2.6,0.02,-10,27.6,22.6,4,0
2025-01-15 06:01:08.000+05:30,2.31,24.03,7.14,2.26,0.08,-25,27.7,22.52,4,0
2025-01-15 06:01:09.000+05:30,4,6.3,8.86,0.67,0.01,-28,27.8,29.57,4,0
2025-01-15 06:01:10.000+05:30,4.8,9.98,6.06,0.46,0.01,6,27.9,26.69,4,0
2025-01-15 06:01:11.000+05:30,2.86,11.41,7.11,1.82,0.1,19,27.8,27.18,4,0
2025-01-15 06:01:12.000+05:30,4.86,7.7,6.08,0.94,0.07,-5,27.9,29.58,4,0
2025-01-15 06:01:13.000+05:30,1.79,19.8,8.49,0.73,0.07,13,27.7,23.02,4,0
2025-01-15 06:01:14.000+05:30,1.48,29.6,8.35,1.04,0.04,2,27.8,23.71,4,0
2025-01-15 06:01:15.000+05:30,1.05,15.5,7.47,1.3,0.04,-1,27.8,28.92,4,0
2025-01-15 06:01:16.000+05:30,2.74,23.34,8.9,0.81,0.08,0,27.7,25.38,4,0
2025-01-15 06:01:17.000+05:30,4.3,19.81,6.97,0.74,0.09,-2,27.6,22.79,4,0
2025-01-15 06:01:18.000+05:30,2.86,20.26,7.14,0.09,0.09,-17,27.6,21.82,4,0
2025-01-15 06:01:19.000+05:30,2.03,11.99,7.79,2.64,0.06,-18,27.5,25.17,4,0
2025-01-15 06:01:20.000+05:30,4.6,19.66,8.27,2.07,0.06,20,27.5,24.91,5,0
2025-01-15 06:01:21.000+05:30,2.47,17.13,6.73,1.99,0.04,-8,27.7,25.53,5,0
2025-01-15 06:01:22.000+05:30,4.73,14.92,8.11,0.81,0.03,-18,27.6,21.21,5,0
2025-01-15 06:01:23.000+05:30,4.71,33.53,8.07,0.57,0.07,7,27.9,22.76,5,0
2025-01-15 06:01:24.000+05:30,3.62,13.49,6.3,0.58,0.02,-30,27.8,21.79,5,0
2025-01-15 06:01:25.000+05:30,1.63,6.37,6.16,0.88,0.09,18,27.7,26.38,5,0
2025-01-15 06:01:26.000+05:30,5.36,22.22,7.41,1.32,0.02,30,27.8,20.51,5,0
2025-01-15 06:01:27.000+05:30,1.57,6.96,7.48,1.73,0.07,21,27.7,21.52,5,0
2025-01-15 06:01:28.000+05:30,2.52,34.82,6.36,2.29,0.06,-16,27.8,27.91,5,0
2025-01-15 06:01:29.000+05:30,2.9,32.26,6.89,1.77,0.04,-27,27.7,25.69,5,0
2025-01-15 06:01:30.000+05:30,4.7,33.43,6.62,0.63,0.07,-19,27.7,21.57,5,0
2025-01-15 06:01:31.000+05:30,1.78,17.26,8.07,1.41,0,-12,27.8,22.88,5,0
2025-01-15 06:01:32.000+05:30,3.27,25.62,8.77,2.36,0.06,29,27.6,26.61,5,0
2025-01-15 06:01:33.000+05:30,1.57,11.74,6.45,0.8,0.01,20,27.6,20.6,5,0
2025-01-15 06:01:34.000+05:30,4.74,22.08,6.87,0.37,0.07,30,27.6,27,5,0
2025-01-15 06:01:35.000+05:30,3.7,18.13,7.79,2.67,0.07,-29,27.5,26.04,5,0
2025-01-15 06:01:36.000+05:30,5.81,30.08,7.73,2.85,0.1,-13,27.7,26.72,5,0
2025-01-15 06:01:37.000+05:30,4.82,10.26,7.56,1.33,0.03,-3,27.8,29.97,5,0
2025-01-15 06:01:38.000+05:30,3.46,7.74,7.04,1,0.07,-9,27.7,28.58,5,0
2025-01-15 06:01:39.000+05:30,3.48,24.88,7.2,2.28,0,-14,27.6,20.88,5,0
2025-01-15 06:01:40.000+05:30,1.94,4.04,7.54,2.96,0,-4,27.5,36.63,6,0
2025-01-15 06:01:41.000+05:30,1.04,6.23,7.5,1.33,0,-22,27.9,35.8,6,0
2025-01-15 06:01:42.000+05:30,0.88,6.98,6.36,2.92,0,-20,27.6,35.72,6,0
2025-01-15 06:01:43.000+05:30,0.03,4.08,6.67,2.52,0,11,27.8,37.84,6,0
2025-01-15 06:01:44.000+05:30,1,7.17,7.53,0.82,0,-15,27.7,37.94,6,0
2025-01-15 06:01:45.000+05:30,0.29,1.91,7.8,2.24,0,19,27.8,35.21,6,0
2025-01-15 06:01:46.000+05:30,0.83,9.34,7.52,2.46,0,7,27.7,35.9,6,0
2025-01-15 06:01:47.000+05:30,1.32,8.65,7.34,1.45,0,-6,27.7,37.29,6,0
2025-01-15 06:01:48.000+05:30,0.64,1.89,8.09,1.72,0,-28,27.6,37.33,6,0
2025-01-15 06:01:49.000+05:30,0.95,9.13,7.14,2.97,0,-21,27.7,36.96,6,0
2025-01-15 06:01:50.000+05:30,2.37,115.3,8.36,3.61,0.04,3,27.9,16.64,7,0
2025-01-15 06:01:51.000+05:30,2.15,68.74,9.48,3.91,0,-14,27.6,18.69,7,0
2025-01-15 06:01:52.000+05:30,8.93,134.48,9.41,3.56,0.04,-10,27.8,16.28,7,0
2025-01-15 06:01:53.000+05:30,10.87,113.43,8.16,2.85,0.01,-12,27.9,18.11,7,0
2025-01-15 06:01:54.000+05:30,9.47,106.42,6.39,2.9,0.04,14,27.6,16.66,7,0
2025-01-15 06:01:55.000+05:30,2.29,92.17,6.22,2.08,0.02,-4,27.7,15.47,7,0
2025-01-15 06:01:56.000+05:30,9.93,72.1,6.32,3.61,0.03,28,27.7,15.44,7,0
2025-01-15 06:01:57.000+05:30,4.32,132.93,7.84,3,0.04,-12,27.8,16.79,7,0
2025-01-15 06:01:58.000+05:30,3.58,107.42,7.38,2.76,0.03,-14,27.7,16.55,7,0
2025-01-15 06:01:59.000+05:30,5.02,179.92,9.41,1.32,0.02,-12,27.9,16.15,7,0
2025-01-15 06:02:00.000+05:30,4.95,177.13,8.63,1.82,0.03,17,27.9,18.11,7,0
2025-01-15 06:02:01.000+05:30,11.11,146.87,9.33,3.71,0.04,21,27.6,15.38,7,0
2025-01-15 06:02:02.000+05:30,8.37,130.72,8.71,3.16,0.03,10,27.5,19.03,7,0
2025-01-15 06:02:03.000+05:30,8.27,55.12,9.15,1.1,0.02,28,27.6,14.79,7,0
2025-01-15 06:02:04.000+05:30,9.47,72.83,6.53,2.62,0.05,28,27.6,17.19,7,0
2025-01-15 06:02:05.000+05:30,3.65,168.83,9.78,3.9,0.01,21,27.5,19.22,7,0
2025-01-15 06:02:06.000+05:30,11.63,68.3,9.87,3.58,0.04,24,27.8,19.88,7,0
2025-01-15 06:02:07.000+05:30,5.66,152.79,6.06,2.61,0.02,13,27.6,18.04,7,0
2025-01-15 06:02:08.000+05:30,5.81,133.01,7.49,3.02,0.02,30,27.7,17.72,7,0
2025-01-15 06:02:09.000+05:30,11.15,78.78,6.25,3.47,0.05,-4,27.5,15.81,7,0
2025-01-15 06:02:10.000+05:30,2.45,54.84,9.98,1.35,0.01,-6,27.7,17.23,7,0
2025-01-15 06:02:11.000+05:30,8.7,146.61,9.78,2.26,0.04,-4,27.8,14.93,7,0
2025-01-15 06:02:12.000+05:30,10.34,130.03,9.76,1.84,0.03,-2,27.9,15.3,7,0
2025-01-15 06:02:13.000+05:30,10.55,62.92,8.74,2.63,0.05,-5,27.6,16.15,7,0
2025-01-15 06:02:14.000+05:30,11.68,173.37,9.3,1.28,0.01,-29,27.5,17.84,7,0
2025-01-15 06:02:15.000+05:30,5.34,178.55,9.15,1.62,0.04,7,27.6,17.33,7,0
2025-01-15 06:02:16.000+05:30,10.7,92.71,6.59,3.7,0,-21,27.9,19.15,7,0
2025-01-15 06:02:17.000+05:30,7.4,153.81,6.44,3.6,0.01,20,27.6,16.15,7,0
2025-01-15 06:02:18.000+05:30,5.24,72.65,6.21,3.23,0.03,0,27.7,18.47,7,0
2025-01-15 06:02:19.000+05:30,5.62,127.18,7.81,1.66,0.03,28,27.8,18.36,7,0
2025-01-15 06:02:20.000+05:30,7.21,109.55,9.86,1.18,0.02,13,27.5,16.41,7,0
2025-01-15 06:02:21.000+05:30,9.12,107.66,9.6,1.97,0.01,9,27.8,14.76,7,0
2025-01-15 06:02:22.000+05:30,7.48,92.27,9.98,2.59,0.02,-24,27.8,17.63,7,0
2025-01-15 06:02:23.000+05:30,3.14,135.11,9.51,2.65,0.04,26,27.6,16.58,7,0
2025-01-15 06:02:24.000+05:30,5.39,108.95,7.66,1.29,0.02,-7,27.9,17.99,7,0
2025-01-15 06:02:25.000+05:30,8.87,111.65,6.36,1.26,0.02,-7,27.8,18.47,7,0
2025-01-15 06:02:26.000+05:30,7.56,126.24,8.25,1.99,0.01,12,27.9,16.12,7,0
2025-01-15 06:02:27.000+05:30,6.23,169.06,6.21,1.86,0.02,2,27.6,14.62,7,0
2025-01-15 06:02:28.000+05:30,8.57,79.15,6.43,3.54,0.02,6,27.6,18.58,7,0
2025-01-15 06:02:29.000+05:30,6.29,122.93,9.07,2.87,0.03,8,27.9,17.34,7,0
2025-01-15 06:02:30.000+05:30,10.29,84.77,6.72,3.11,0.02,-30,27.6,16.04,7,0
2025-01-15 06:02:31.000+05:30,3.43,135.45,6.28,3.22,0.05,3,27.6,14.55,7,0
2025-01-15 06:02:32.000+05:30,6.2,94.32,7.48,3.16,0.04,-25,27.9,17.41,7,0
2025-01-15 06:02:33.000+05:30,3.56,148.08,6.2,1.24,0.02,8,27.7,16.54,7,0
2025-01-15 06:02:34.000+05:30,4.73,148.14,6.46,2.29,0.01,1,27.7,18.07,7,0
2025-01-15 06:02:35.000+05:30,5.08,78.67,9.94,1.16,0.01,19,27.6,19.67,7,0
2025-01-15 06:02:36.000+05:30,4.56,92.66,6.03,3.24,0.01,15,27.6,16.28,7,0
2025-01-15 06:02:37.000+05:30,7.59,136.85,7.42,2.19,0.04,-1,27.9,16.62,7,0
2025-01-15 06:02:38.000+05:30,10.62,124.85,8.29,3.13,0.02,-29,27.9,14.69,7,0
2025-01-15 06:02:39.000+05:30,3.72,173.19,7.84,3.07,0.02,-24,27.6,16.62,7,0
2025-01-15 06:02:40.000+05:30,7.89,118.12,7.58,1.93,0.02,-20,27.5,16,7,0
2025-01-15 06:02:41.000+05:30,8.33,118.98,6.78,3.33,0.02,11,27.8,19.75,7,0
2025-01-15 06:02:42.000+05:30,4.36,69.04,6.79,2.81,0.04,-19,27.9,17.93,7,0
2025-01-15 06:02:43.000+05:30,8.28,110.31,8.25,2.74,0.03,11,27.8,19.29,7,0
2025-01-15 06:02:44.000+05:30,8.25,162.35,8.51,1.45,0,-11,27.8,16.65,7,0
2025-01-15 06:02:45.000+05:30,7.91,95.75,6.3,2.39,0,-12,27.5,16.21,7,0
2025-01-15 06:02:46.000+05:30,10.64,161.19,8.46,2.52,0.02,20,27.8,17.33,7,0
2025-01-15 06:02:47.000+05:30,2.41,168.18,8.29,1.56,0.03,-27,27.7,17.01,7,0
2025-01-15 06:02:48.000+05:30,10.11,158.86,9.93,1.25,0.03,15,27.7,14.23,7,0
2025-01-15 06:02:49.000+05:30,6.39,117.96,6.63,2.12,0.01,-9,27.8,16.45,7,0
2025-01-15 06:02:50.000+05:30,6.58,187.25,7.34,1.99,0.06,-14,27.8,15.55,8,0
2025-01-15 06:02:51.000+05:30,13.22,234.08,9.49,2,0.06,-8,27.6,14.57,8,0
2025-01-15 06:02:52.000+05:30,13.22,192.56,6.52,3.13,0.01,11,27.8,16.24,8,0
2025-01-15 06:02:53.000+05:30,14.95,193.92,9.32,3.22,0.07,11,27.8,16.11,8,0
2025-01-15 06:02:54.000+05:30,11.59,83.1,7.24,3.85,0.03,-18,27.6,17.06,8,0
2025-01-15 06:02:55.000+05:30,7.51,93.12,9.38,1.3,0.08,26,27.7,17.34,8,0
2025-01-15 06:02:56.000+05:30,13.28,228.99,8.47,2.79,0.02,14,27.8,14.72,8,0
2025-01-15 06:02:57.000+05:30,14.9,108.14,7.75,2.23,0.07,-2,27.7,14.95,8,0
2025-01-15 06:02:58.000+05:30,14.28,213.25,6.94,1.72,0.1,27,27.8,17.14,8,0
2025-01-15 06:02:59.000+05:30,10.05,241.01,9.94,2.39,0.03,3,27.7,15.53,8,0
2025-01-15 06:03:00.000+05:30,7.78,113.95,8.42,3.62,0.01,-7,27.7,15.92,8,0
2025-01-15 06:03:01.000+05:30,7.13,223.8,9.4,1.86,0.08,27,27.7,15.09,8,0
2025-01-15 06:03:02.000+05:30,15.14,95.59,9.64,3.45,0.09,-4,27.5,17.72,8,0
2025-01-15 06:03:03.000+05:30,11.52,120.08,9.98,2.12,0,23,27.8,17.72,8,0
2025-01-15 06:03:04.000+05:30,9.69,104.83,6.15,3.75,0.05,18,27.8,17.32,8,0
2025-01-15 06:03:05.000+05:30,10.93,80.89,6.32,1.77,0.08,16,27.7,16.2,8,0
2025-01-15 06:03:06.000+05:30,10.66,211.95,6.95,1.37,0.02,9,27.7,16.56,8,0
2025-01-15 06:03:07.000+05:30,7.22,233.87,8.39,1.05,0.05,-21,27.6,14.97,8,0
2025-01-15 06:03:08.000+05:30,6.02,139.98,8.28,1.56,0.07,-7,27.5,16.09,8,0
2025-01-15 06:03:09.000+05:30,11.79,166.25,9.95,2.66,0.04,10,27.7,15.88,8,0
2025-01-15 06:03:10.000+05:30,10.11,207.04,7.43,1.2,0.02,-24,27.8,16.63,8,0
2025-01-15 06:03:11.000+05:30,14.09,136.53,6.18,2.64,0.08,19,27.8,14.7,8,0
2025-01-15 06:03:12.000+05:30,16.79,161.35,6.73,1.4,0.07,-28,27.6,17.77,8,0
2025-01-15 06:03:13.000+05:30,6.48,113.91,6.17,3.8,0.05,4,27.7,17.96,8,0
2025-01-15 06:03:14.000+05:30,6.4,189.97,7.14,3.59,0,-13,27.5,16.62,8,0
2025-01-15 06:03:15.000+05:30,10.05,231.21,8.97,3.68,0.04,1,27.8,17.89,8,0
2025-01-15 06:03:16.000+05:30,10.04,215.54,7.07,1.25,0.04,22,27.6,15.72,8,0
2025-01-15 06:03:17.000+05:30,9.23,97.44,7.31,1.89,0.04,-20,27.8,16.87,8,0
2025-01-15 06:03:18.000+05:30,9.87,87.2,9.48,2.06,0.1,20,27.9,15.1,8,0
2025-01-15 06:03:19.000+05:30,6.83,188.38,7.45,3.4,0.07,-21,27.8,17.81,8,0
2025-01-15 06:03:20.000+05:30,13.46,154.49,6.5,1.71,0.06,30,27.7,15.45,8,0
2025-01-15 06:03:21.000+05:30,12.66,195.44,9.8,2.12,0.08,3,27.6,16.3,8,0
2025-01-15 06:03:22.000+05:30,9.46,127.38,9.84,1.08,0.02,28,27.7,16.07,8,0
2025-01-15 06:03:23.000+05:30,8.88,124.25,7.79,3.99,0.03,1,27.6,17.67,8,0
2025-01-15 06:03:24.000+05:30,7.49,92.59,6.69,3.14,0.1,24,27.9,17.24,8,0
2025-01-15 06:03:25.000+05:30,13.35,200.62,8.2,1.87,0.03,15,27.9,14.63,8,0
2025-01-15 06:03:26.000+05:30,13.01,214.93,8.04,1.36,0.02,20,27.7,14.56,8,0
2025-01-15 06:03:27.000+05:30,9.97,177.29,7.87,3.95,0.01,-26,27.6,17.54,8,0
2025-01-15 06:03:28.000+05:30,17,202.21,8.1,3.31,0.08,-10,27.8,14.3,8,0
2025-01-15 06:03:29.000+05:30,10.95,195.62,7.38,3.63,0.08,-19,27.8,16.56,8,0
2025-01-15 06:03:30.000+05:30,7.42,165.49,9.47,3.49,0.05,-20,27.6,15.22,8,0
2025-01-15 06:03:31.000+05:30,13.8,138.82,9.76,3.68,0.08,10,27.9,15,8,0
2025-01-15 06:03:32.000+05:30,9.02,186.25,8.46,1.28,0.06,7,27.6,16.37,8,0
2025-01-15 06:03:33.000+05:30,13.25,202.51,8.42,3.53,0.06,-29,27.5,17.3,8,0
2025-01-15 06:03:34.000+05:30,16.43,211.07,7.06,1.63,0.06,-29,27.7,16.47,8,0
2025-01-15 06:03:35.000+05:30,12.9,129.24,9.83,2.45,0.08,-11,27.7,16.74,8,0
2025-01-15 06:03:36.000+05:30,13.57,106.87,7.66,2.39,0.03,25,27.8,14.57,8,0
2025-01-15 06:03:37.000+05:30,14.08,226.33,9.9,1.39,0.04,-10,27.6,16.25,8,0
2025-01-15 06:03:38.000+05:30,7.35,156.43,6.56,1.15,0.09,-4,27.6,17.46,8,0
2025-01-15 06:03:39.000+05:30,15.52,107.15,7.31,2.73,0.03,1,27.9,17.05,8,0
2025-01-15 06:03:40.000+05:30,11.13,229.44,7.99,1.27,0.04,-15,27.6,15.83,8,0
2025-01-15 06:03:41.000+05:30,9.88,88.59,7.98,3.65,0.07,4,27.5,15.88,8,0
2025-01-15 06:03:42.000+05:30,7.18,102.77,7.06,2.1,0.04,-27,27.7,14.18,8,0
2025-01-15 06:03:43.000+05:30,8.14,174.05,6.29,2.51,0.08,9,27.8,15.12,8,0
2025-01-15 06:03:44.000+05:30,7.31,245.76,7.58,3.38,0.03,18,27.6,17.76,8,0
2025-01-15 06:03:45.000+05:30,12.63,148.24,6.16,1.12,0.07,3,27.7,17.22,8,0
2025-01-15 06:03:46.000+05:30,12.67,167.64,7.31,2.84,0.02,17,27.8,17.96,8,0
2025-01-15 06:03:47.000+05:30,12.53,166.24,8.04,2.47,0.06,-29,27.6,15.9,8,0
2025-01-15 06:03:48.000+05:30,13.41,246.58,8.33,3.39,0.07,-29,27.7,16.75,8,0
2025-01-15 06:03:49.000+05:30,8.92,191.45,9.89,2.74,0.02,0,27.6,14.21,8,0
2025-01-15 06:03:50.000+05:30,12.69,180.14,9.36,1.59,0.07,30,27.8,14.13,9,0
2025-01-15 06:03:51.000+05:30,5.24,142.62,7.68,2.65,0.02,9,27.9,16.01,9,0
2025-01-15 06:03:52.000+05:30,16.84,204.53,6.25,1.55,0.02,12,27.7,15.3,9,0
2025-01-15 06:03:53.000+05:30,8.41,250.9,7.84,3.13,0.05,25,27.8,16.7,9,0
2025-01-15 06:03:54.000+05:30,12.94,195.6,8.44,1.77,0.02,-16,27.9,16.23,9,0
2025-01-15 06:03:55.000+05:30,18.7,211.95,8.82,3.76,0.05,5,27.9,15.92,9,0
2025-01-15 06:03:56.000+05:30,15.52,107.43,6.49,3.71,0.04,22,27.6,17.92,9,0
2025-01-15 06:03:57.000+05:30,15.14,80.76,6.17,4.82,0.01,11,27.6,17.7,9,0
2025-01-15 06:03:58.000+05:30,10.14,92.43,8.15,4.73,0.07,9,27.8,14.55,9,0
2025-01-15 06:03:59.000+05:30,6.07,60.66,9.62,1.9,0.02,-9,27.8,14.4,9,0
2025-01-15 06:04:00.000+05:30,3.71,211.86,6.02,3.2,0.09,29,27.9,15.63,9,0
2025-01-15 06:04:01.000+05:30,10.09,186.61,9.02,2.15,0.03,19,27.5,14.24,9,0
2025-01-15 06:04:02.000+05:30,11.76,162.38,8.89,4.75,0.09,26,27.8,14.7,9,0
2025-01-15 06:04:03.000+05:30,17.88,57.63,9.34,4.15,0.02,25,27.9,17,9,0
2025-01-15 06:04:04.000+05:30,16.9,51.95,8.27,1.43,0.1,11,27.7,15.14,9,0
2025-01-15 06:04:05.000+05:30,10.4,247.1,9.4,2.87,0.02,-20,27.8,14.45,9,0
2025-01-15 06:04:06.000+05:30,13.02,200.91,6.06,2.35,0.03,-18,27.6,16.7,9,0
2025-01-15 06:04:07.000+05:30,16.55,238.38,9.31,3.06,0.01,-19,27.9,16.68,9,0
2025-01-15 06:04:08.000+05:30,10.12,246.52,6.03,2.53,0.04,-9,27.6,15.07,9,0
2025-01-15 06:04:09.000+05:30,14.29,52.4,8.61,3.77,0.01,-11,27.6,14.47,9,0
2025-01-15 06:04:10.000+05:30,13.66,243.85,9.55,4.08,0.07,30,27.6,16.55,9,0
2025-01-15 06:04:11.000+05:30,12.45,96.02,6.53,1.61,0.07,-4,27.8,16.42,9,0
2025-01-15 06:04:12.000+05:30,17.52,209.04,9.21,4.3,0.08,8,27.8,16.72,9,0
2025-01-15 06:04:13.000+05:30,3.39,143.82,8.82,1.31,0.06,5,27.9,14.25,9,0
2025-01-15 06:04:14.000+05:30,5.44,162.7,6.66,4.42,0.04,15,27.7,16.72,9,0
2025-01-15 06:04:15.000+05:30,3.55,157.18,9.23,2.81,0.05,-27,27.7,15.83,9,0
2025-01-15 06:04:16.000+05:30,13.44,114.72,6.09,2.02,0,-26,27.5,14.87,9,0
2025-01-15 06:04:17.000+05:30,7.86,63.39,9.98,4.74,0.01,-28,27.6,17.74,9,0
2025-01-15 06:04:18.000+05:30,5.06,78.44,8.57,3.92,0.1,27,27.7,15.5,9,0
2025-01-15 06:04:19.000+05:30,16.78,240.42,7.5,3.73,0.07,11,27.8,16.16,9,0
2025-01-15 06:04:20.000+05:30,4.02,258.5,7.57,1.51,0.1,18,27.5,17.34,9,0
2025-01-15 06:04:21.000+05:30,7.07,191.43,8.18,3.13,0.08,-8,27.6,14.99,9,0
2025-01-15 06:04:22.000+05:30,5.2,233.79,9.06,1.13,0.07,29,27.9,16.46,9,0
2025-01-15 06:04:23.000+05:30,2.27,93.28,6.4,1.13,0.06,-27,27.6,16.81,9,0
2025-01-15 06:04:24.000+05:30,2.75,142.18,8.16,4.02,0.08,-12,27.6,14.56,9,0
2025-01-15 06:04:25.000+05:30,17.58,170.98,8.31,4.09,0.08,26,27.6,14.95,9,0
2025-01-15 06:04:26.000+05:30,13.22,96.42,7.2,1.24,0.09,28,27.6,17.52,9,0
2025-01-15 06:04:27.000+05:30,13.54,166.73,6.19,2.38,0.06,3,27.6,15.52,9,0
2025-01-15 06:04:28.000+05:30,9.08,81.34,7.51,4.02,0.05,-11,27.8,17.4,9,0
2025-01-15 06:04:29.000+05:30,4.45,147.24,6.23,2.65,0.04,-6,27.6,16.12,9,0
2025-01-15 06:04:30.000+05:30,5.46,185.81,9.69,4.39,0.01,-18,27.5,16.9,9,0
2025-01-15 06:04:31.000+05:30,8.41,177.04,6.16,1.29,0.08,12,27.7,16.35,9,0
2025-01-15 06:04:32.000+05:30,10.15,232.59,7.33,4.83,0,17,27.5,17.75,9,0
2025-01-15 06:04:33.000+05:30,18.99,150.57,6.97,3.42,0.02,5,27.6,17.66,9,0
2025-01-15 06:04:34.000+05:30,6.81,147.91,8.59,2.23,0.04,-1,27.5,17.53,9,0
2025-01-15 06:04:35.000+05:30,18.68,148.59,9.36,4.66,0.04,6,27.8,15.66,9,0
2025-01-15 06:04:36.000+05:30,14.6,53.41,8.21,3.34,0.07,-18,27.6,15.18,9,0
2025-01-15 06:04:37.000+05:30,8.46,225.01,8,3.62,0.07,22,27.7,15.03,9,0
2025-01-15 06:04:38.000+05:30,14.3,205.31,7.84,3.93,0.04,4,27.7,14.56,9,0
2025-01-15 06:04:39.000+05:30,17.59,163.85,8.57,1.23,0,30,27.8,17.39,9,0
2025-01-15 06:04:40.000+05:30,2.82,51.34,6.55,3.52,0.01,-17,27.7,14.6,9,0
2025-01-15 06:04:41.000+05:30,8.34,179.75,8.67,3.47,0.05,-30,27.7,15.95,9,0
2025-01-15 06:04:42.000+05:30,8.99,53.51,8.89,3.14,0.03,14,27.8,16.01,9,0
2025-01-15 06:04:43.000+05:30,15.7,241.05,6.43,1.39,0.01,3,27.6,14.77,9,0
2025-01-15 06:04:44.000+05:30,8.03,216.94,6.32,4.84,0.05,14,27.6,14.97,9,0
2025-01-15 06:04:45.000+05:30,13.63,228.05,8.61,4.43,0.08,-6,27.7,14.37,9,0
2025-01-15 06:04:46.000+05:30,10.09,183.72,8.81,1.33,0.08,-9,27.7,16.58,9,0
2025-01-15 06:04:47.000+05:30,16.59,70.03,8.11,1.17,0.02,26,27.7,17.47,9,0
2025-01-15 06:04:48.000+05:30,6.61,244.07,8.74,2.12,0.05,-19,27.9,16.63,9,0
2025-01-15 06:04:49.000+05:30,7.35,251.91,8.35,4.01,0.07,-26,27.6,15.59,9,0
2025-01-15 06:04:50.000+05:30,42.53,622.69,30.19,9.09,3.58,17,27.6,5.37,10,0
2025-01-15 06:04:51.000+05:30,69.27,723.46,26.01,11.77,0.81,23,27.5,6.12,10,0
2025-01-15 06:04:52.000+05:30,45.13,652.87,27.15,11.72,2.36,20,27.9,8.88,10,0
2025-01-15 06:04:53.000+05:30,37.91,487.72,31.29,6.89,4.37,-25,27.8,9.25,10,0
2025-01-15 06:04:54.000+05:30,25.61,417.73,20.88,5.41,2.67,-21,27.8,10.97,10,0
2025-01-15 06:04:55.000+05:30,26.95,328.19,20.06,5.77,2.55,-22,27.5,3.78,10,0
2025-01-15 06:04:56.000+05:30,34.15,616.47,26.15,3.93,1.01,8,27.7,7.76,10,0
2025-01-15 06:04:57.000+05:30,27.44,506.55,23.5,6.49,0.98,27,27.9,12.62,10,0
2025-01-15 06:04:58.000+05:30,22.29,593.51,28.22,4.53,2.03,-21,27.5,3.76,10,0
2025-01-15 06:04:59.000+05:30,34.38,529.51,25.81,3.69,1.93,10,27.7,3.45,10,0
2025-01-15 06:05:00.000+05:30,45.85,553.03,21.63,3.06,2.76,-6,27.8,11.78,10,0
2025-01-15 06:05:01.000+05:30,27.76,474.23,29.79,10.74,6.05,-10,27.7,1.91,10,0
2025-01-15 06:05:02.000+05:30,50.8,566.57,22.13,6.58,2.32,10,27.7,10.29,10,0
2025-01-15 06:05:03.000+05:30,43.28,415.15,24.51,10.35,2.74,6,27.6,1.59,10,0
2025-01-15 06:05:04.000+05:30,69.83,375.15,29.21,3.24,4.65,-17,27.7,13.2,10,0
2025-01-15 06:05:05.000+05:30,25.35,703.41,29.83,10.16,2.83,10,27.6,6.99,10,0
2025-01-15 06:05:06.000+05:30,22.92,358.65,25.08,6.39,3.06,7,27.7,8.37,10,0
2025-01-15 06:05:07.000+05:30,38.92,849.05,28.3,7.89,5.01,27,27.8,5.03,10,0
2025-01-15 06:05:08.000+05:30,44.41,845.22,21.31,5.23,4.29,9,27.5,2.33,10,0
2025-01-15 06:05:09.000+05:30,68.97,693.58,24.8,9.77,6,-30,27.5,6.03,10,0
2025-01-15 06:05:10.000+05:30,20.99,737.99,26.7,9.19,1.76,-1,27.8,5.24,10,0
2025-01-15 06:05:11.000+05:30,44.08,580.3,24.14,3.22,1.1,-25,27.5,5.82,10,0
2025-01-15 06:05:12.000+05:30,66.26,350.67,23.74,7.1,1.68,0,27.5,6.76,10,0
2025-01-15 06:05:13.000+05:30,52.49,549.57,20.81,3.4,4.55,-9,27.8,0.32,10,0
2025-01-15 06:05:14.000+05:30,49.66,365.19,31.81,5.2,1.49,5,27.7,2.24,10,0
2025-01-15 06:05:15.000+05:30,36.11,770.56,27.56,4.68,4.25,17,27.7,5.54,10,0
2025-01-15 06:05:16.000+05:30,19.43,639.01,24.67,9.34,1.67,21,27.8,10.53,10,0
2025-01-15 06:05:17.000+05:30,43.37,771.68,26.44,6.29,1.62,12,27.8,1.6,10,0
2025-01-15 06:05:18.000+05:30,40.25,669.03,27.16,8.5,3.85,24,27.7,4.87,10,0
2025-01-15 06:05:19.000+05:30,17.87,691.1,29.61,11.27,3.86,-10,27.5,9.41,10,0
2025-01-15 06:05:20.000+05:30,26.24,377.15,28.32,7.6,2.88,-6,27.7,1.93,10,0
2025-01-15 06:05:21.000+05:30,37.66,603.92,31.03,11.38,1.49,-12,27.6,2.34,10,0
2025-01-15 06:05:22.000+05:30,26.82,548.64,20.64,6.23,0.55,22,27.7,1.91,10,0
2025-01-15 06:05:23.000+05:30,42.38,677.96,24.91,7.43,4.55,-20,27.5,6.21,10,0
2025-01-15 06:05:24.000+05:30,8.94,747.08,23.51,5.47,3.56,-1,27.7,2.35,10,0
2025-01-15 06:05:25.000+05:30,55.67,577,26.13,8.15,2.03,-7,27.7,7.6,10,0
2025-01-15 06:05:26.000+05:30,54.68,746.4,25.3,4.97,2.92,11,27.8,10.3,10,0
2025-01-15 06:05:27.000+05:30,25.76,899.56,25.4,6.14,5.16,-23,27.8,6.15,10,0
2025-01-15 06:05:28.000+05:30,21.93,778.85,27.06,6.16,4.55,-20,27.7,8.86,10,0
2025-01-15 06:05:29.000+05:30,56.45,780.66,29.67,8.13,3.53,-20,27.6,8.36,10,0
2025-01-15 06:05:30.000+05:30,51.36,445.17,23.21,10.72,6.12,-24,27.6,9.51,10,0
2025-01-15 06:05:31.000+05:30,54.26,523.42,20.71,5.5,4.24,-22,27.6,9.82,10,0
2025-01-15 06:05:32.000+05:30,51.82,790.23,29.14,9.09,3.29,-13,27.8,8.08,10,0
2025-01-15 06:05:33.000+05:30,30.64,308.33,29.54,9.92,2.8,14,27.9,10.5,10,0
2025-01-15 06:05:34.000+05:30,30.25,868.16,23.93,3.02,4.91,16,27.9,10.26,10,0
2025-01-15 06:05:35.000+05:30,46.99,706.26,30.2,10.16,2.77,22,27.6,13.55,10,0
2025-01-15 06:05:36.000+05:30,23.92,790.14,24.05,8.2,3.73,-9,27.9,6.79,10,0
2025-01-15 06:05:37.000+05:30,55.02,289.4,27.51,10.53,0.59,-20,27.7,13.01,10,0
2025-01-15 06:05:38.000+05:30,7.04,873.14,22.43,9.2,1.25,-20,27.8,9.1,10,0
2025-01-15 06:05:39.000+05:30,62.23,319.74,24.33,3.74,4.29,-27,27.7,9.08,10,0
2025-01-15 06:05:40.000+05:30,26.25,707.64,22.81,8.9,4.51,0,27.5,0.02,10,0
2025-01-15 06:05:41.000+05:30,44.4,592.44,25.34,3.07,2.46,25,27.7,1.69,10,0
2025-01-15 06:05:42.000+05:30,15.33,305.33,24.6,9.58,1.08,26,27.6,4.39,10,0
2025-01-15 06:05:43.000+05:30,31.11,780.56,30.49,8.77,4.36,6,27.5,0.96,10,0
2025-01-15 06:05:44.000+05:30,47.95,541.66,28.67,8.65,1.36,13,27.7,5.76,10,0
2025-01-15 06:05:45.000+05:30,20.69,833.82,21.68,4.11,4.66,-3,27.6,4.92,10,0
2025-01-15 06:05:46.000+05:30,15.81,437.26,21.01,7.98,3.92,19,27.9,8.51,10,0
2025-01-15 06:05:47.000+05:30,8.69,802.12,30.51,4.85,3.96,-5,27.6,2.64,10,0
2025-01-15 06:05:48.000+05:30,10.44,834.66,31.46,7.45,1.14,8,27.5,6.99,10,0
2025-01-15 06:05:49.000+05:30,62.99,267.72,24.33,5.85,2.7,-4,27.6,11.75,10,0
2025-01-15 06:05:50.000+05:30,50.03,748.14,31.45,9.93,0.6,-14,27.6,0.95,10,0
2025-01-15 06:05:51.000+05:30,65.12,867.16,24.78,5.58,4.56,-3,27.8,10.74,10,0
2025-01-15 06:05:52.000+05:30,12.19,603.4,27.39,5.5,2.27,-17,27.9,7.16,10,0
2025-01-15 06:05:53.000+05:30,16.79,469.12,27.04,9.87,4.2,-11,27.8,9,10,0
2025-01-15 06:05:54.000+05:30,52.99,801.74,20.69,3.78,2.98,8,27.5,6.35,10,0
2025-01-15 06:05:55.000+05:30,48.96,681.15,22.11,3.11,1.28,1,27.9,0.16,10,0
2025-01-15 06:05:56.000+05:30,39.95,761.11,28.65,4.5,1.22,-13,27.8,10.94,10,0
2025-01-15 06:05:57.000+05:30,14.44,835.93,24.02,6.86,3.49,6,27.8,3.68,10,0
2025-01-15 06:05:58.000+05:30,38.26,586.9,20.67,10.73,1.45,19,27.5,2.2,10,0
2025-01-15 06:05:59.000+05:30,43.16,722.58,22.74,7.58,0.75,-15,27.5,12.08,10,0
2025-01-15 06:06:00.000+05:30,29.93,848.94,22.15,11.64,0.7,15,27.8,11.24,10,0
2025-01-15 06:06:01.000+05:30,33.42,465.95,25,9.48,2.05,-7,27.5,1.09,10,0
2025-01-15 06:06:02.000+05:30,49.42,293.71,22.68,7.64,0.76,26,27.7,5.61,10,0
2025-01-15 06:06:03.000+05:30,24.79,800.7,23.93,7.98,0.55,6,27.8,2.81,10,0
2025-01-15 06:06:04.000+05:30,53.59,415.25,24.42,11.75,6.19,16,27.9,10.86,10,0
2025-01-15 06:06:05.000+05:30,54.91,416.88,20.08,6.69,1.83,23,27.8,4.85,10,0
2025-01-15 06:06:06.000+05:30,7.6,474.41,29.11,6.39,4.71,-17,27.7,4.31,10,0
2025-01-15 06:06:07.000+05:30,22,574.9,20.72,11.97,4.56,28,27.6,1.3,10,0
2025-01-15 06:06:08.000+05:30,60.27,524.36,30.75,7.13,4.76,2,27.6,8.13,10,0
2025-01-15 06:06:09.000+05:30,58.66,307.89,26.81,6.91,6,-14,27.8,3.31,10,0
2025-01-15 06:06:10.000+05:30,65.34,511.49,29.98,5.94,3.08,30,27.6,3.27,10,0
2025-01-15 06:06:11.000+05:30,56.14,634.21,21.86,4.48,3.16,4,27.6,5.69,10,0
2025-01-15 06:06:12.000+05:30,55.53,549.23,25.56,10.67,1.02,-11,27.8,11.31,10,0
2025-01-15 06:06:13.000+05:30,50.9,285.81,30.03,5.95,1.02,-8,27.7,3.48,10,0
2025-01-15 06:06:14.000+05:30,10.08,451.26,29.84,4.56,5.93,5,27.8,11.96,10,0
2025-01-15 06:06:15.000+05:30,22.74,555.71,29.65,4.26,0.57,-16,27.6,11.63,10,0
2025-01-15 06:06:16.000+05:30,58.89,498.23,27.56,8.8,3.82,22,27.5,3.62,10,0
2025-01-15 06:06:17.000+05:30,69.82,386.56,27.75,10.28,1.02,21,27.6,11.86,10,0
2025-01-15 06:06:18.000+05:30,9.69,555.04,22.02,8.16,5.18,-29,27.7,5.53,10,0
2025-01-15 06:06:19.000+05:30,33.88,486.52,30.9,5.47,3.04,9,27.7,2.08,10,0
2025-01-15 06:06:20.000+05:30,22.48,448.87,24.94,7.96,0.85,-22,27.7,3.92,10,0
2025-01-15 06:06:21.000+05:30,47.49,770.21,22.99,11.95,3.6,-6,27.8,0.27,10,0
2025-01-15 06:06:22.000+05:30,29.62,608.49,25.82,11.21,3.36,-19,27.5,5.44,10,0
2025-01-15 06:06:23.000+05:30,44.62,278.75,29.73,5.53,5.11,-8,27.8,6.6,10,0
2025-01-15 06:06:24.000+05:30,69.98,883.35,21.2,8.91,2.02,28,27.8,11.43,10,0
2025-01-15 06:06:25.000+05:30,55.14,866.59,26.91,11.84,2.71,24,27.6,13.09,10,0
2025-01-15 06:06:26.000+05:30,21.9,463.52,28.86,6.23,3.87,-8,27.9,9.85,10,0
2025-01-15 06:06:27.000+05:30,42.51,620.39,22.26,11.89,5.53,-11,27.6,6.89,10,0
2025-01-15 06:06:28.000+05:30,9.39,295.95,27.22,3.18,3.22,9,27.6,4.64,10,0
2025-01-15 06:06:29.000+05:30,15.22,718.84,31.03,10.6,2.34,7,27.8,0.31,10,0
2025-01-15 06:06:30.000+05:30,15.92,330.99,26.32,6.28,0.91,12,27.7,9.86,10,0
2025-01-15 06:06:31.000+05:30,13.37,453.13,21.64,4.42,5.91,1,27.8,11.09,10,0
2025-01-15 06:06:32.000+05:30,17.97,880,28.32,11.36,4.99,7,27.8,3.13,10,0
2025-01-15 06:06:33.000+05:30,30.84,729.76,23.53,4.6,0.51,6,27.7,9.83,10,0
2025-01-15 06:06:34.000+05:30,69.64,877.72,20.39,8.42,5.75,-16,27.8,13.55,10,0
2025-01-15 06:06:35.000+05:30,13.56,577.56,23.97,3.7,2.48,10,27.9,4.47,10,0
2025-01-15 06:06:36.000+05:30,12.59,713.74,27.67,10.98,3.05,-15,27.8,3.71,10,0
2025-01-15 06:06:37.000+05:30,29.08,763.69,28.64,3.43,3,-20,27.9,5.88,10,0
2025-01-15 06:06:38.000+05:30,38.06,502.38,26.55,3.91,3.23,11,27.8,12.1,10,0
2025-01-15 06:06:39.000+05:30,21.21,548.82,29.59,3.3,0.61,-24,27.5,3.66,10,0
2025-01-15 06:06:40.000+05:30,17.72,500.29,28.78,7.92,5.62,8,27.9,1.3,10,0
2025-01-15 06:06:41.000+05:30,63.27,710.88,25.18,8.88,3.96,-27,27.5,6.08,10,0
2025-01-15 06:06:42.000+05:30,19.95,381.59,28.37,9.5,4.66,-12,27.6,3.71,10,0
2025-01-15 06:06:43.000+05:30,13.04,511.46,26.6,7.42,0.81,-25,27.6,0.05,10,0
2025-01-15 06:06:44.000+05:30,48.71,644.14,22.4,3.23,1.47,-25,27.7,4.09,10,0
2025-01-15 06:06:45.000+05:30,14.28,762.32,25.65,11.05,2.01,-6,27.6,8.99,10,0
2025-01-15 06:06:46.000+05:30,62.79,496.42,25.35,5.37,3.15,-13,27.7,3.17,10,0
2025-01-15 06:06:47.000+05:30,16.52,705.74,21.16,9.01,5.11,18,27.7,5.8,10,0
2025-01-15 06:06:48.000+05:30,41.88,798.11,29.82,6.77,3.55,0,27.7,12.14,10,0
2025-01-15 06:06:49.000+05:30,21.85,451.27,24.74,10.69,0.7,3,27.8,8,10,0
2025-01-15 06:06:50.000+05:30,49.68,656.97,21.44,9.81,1.49,-17,27.8,13.78,10,0
2025-01-15 06:06:51.000+05:30,14.95,530.96,31.86,6.92,6.18,23,27.7,8.78,10,0
2025-01-15 06:06:52.000+05:30,27.14,725.35,29.69,3.78,3.67,24,27.6,7.73,10,0
2025-01-15 06:06:53.000+05:30,35.86,819.02,29.44,8.61,3.48,-4,27.6,5.87,10,0
2025-01-15 06:06:54.000+05:30,42.7,632.91,31.58,3.9,1.1,20,27.6,10.91,10,0
2025-01-15 06:06:55.000+05:30,40.74,480.08,24.93,6.45,3.27,-28,27.6,8.53,10,0
2025-01-15 06:06:56.000+05:30,32.39,655.68,28.17,6.62,2.76,14,27.6,12.31,10,0
2025-01-15 06:06:57.000+05:30,53.98,849.33,30.76,3.18,5.16,-13,27.8,4.24,10,0
2025-01-15 06:06:58.000+05:30,61.07,698.31,31.67,5.05,2.21,19,27.8,10.41,10,0
2025-01-15 06:06:59.000+05:30,23.97,526.73,27.75,4.69,1.7,17,27.7,11.54,10,0
2025-01-15 06:07:00.000+05:30,39.54,499.3,20.67,10.12,0.87,-5,27.6,9.93,10,0
2025-01-15 06:07:01.000+05:30,60.63,822.77,20.35,4.73,5.25,-15,27.5,11.72,10,0
2025-01-15 06:07:02.000+05:30,10.19,490.64,22.39,6.32,3.15,29,27.5,5.56,10,0
2025-01-15 06:07:03.000+05:30,8.93,498.38,27.13,4.6,5.46,-8,27.6,8.22,10,0
2025-01-15 06:07:04.000+05:30,59.77,425.54,29.97,3.81,0.66,24,27.7,0.7,10,0
2025-01-15 06:07:05.000+05:30,67.79,808.55,27.77,9.1,2.03,-29,27.8,5.73,10,0
2025-01-15 06:07:06.000+05:30,67.93,696.61,25.69,4.19,1.49,-16,27.6,11.21,10,0
2025-01-15 06:07:07.000+05:30,57.72,455.49,31.6,8.78,2.92,-8,27.7,5.27,10,0
2025-01-15 06:07:08.000+05:30,20.75,453.37,26.25,8.61,3.83,12,27.9,0.1,10,0
2025-01-15 06:07:09.000+05:30,59.88,619.33,27.13,5.54,4.4,-9,27.9,6.74,10,0
2025-01-15 06:07:10.000+05:30,47.36,811.35,23.13,9.4,5.59,-21,27.7,4.18,10,0
2025-01-15 06:07:11.000+05:30,22.14,296.34,30.29,10.29,2.8,-22,27.8,4.47,10,0
2025-01-15 06:07:12.000+05:30,48.29,898.38,23.11,6.77,2.71,15,27.9,0.49,10,0
2025-01-15 06:07:13.000+05:30,58.41,479.63,28.56,9.18,4.14,30,27.8,6.66,10,0
2025-01-15 06:07:14.000+05:30,38.96,801.07,30.09,10.89,1.53,-22,27.8,1.37,10,0
2025-01-15 06:07:15.000+05:30,52.69,617.78,30.95,11.52,5.63,-16,27.6,9.16,10,0
2025-01-15 06:07:16.000+05:30,53.89,456.53,29.46,5.98,1.99,24,27.5,4.12,10,0
2025-01-15 06:07:17.000+05:30,10.38,666.01,26.96,8.59,3.19,-23,27.8,2.72,10,0
2025-01-15 06:07:18.000+05:30,31.05,450.95,20.65,10.69,1.28,-4,27.9,2.8,10,0
2025-01-15 06:07:19.000+05:30,63.25,891.46,21.72,10.76,1.53,-9,27.8,1.13,10,0
2025-01-15 06:07:20.000+05:30,18.14,666.08,20.06,5.46,4.84,18,27.6,2.36,10,0
2025-01-15 06:07:21.000+05:30,56.47,759.04,21.55,6.9,2.95,0,27.7,6.01,10,0
2025-01-15 06:07:22.000+05:30,9.38,387.63,24.48,3.13,2.34,-18,27.5,11.67,10,0
2025-01-15 06:07:23.000+05:30,7.26,729.51,22.72,10.89,2.28,2,27.7,1.44,10,0
2025-01-15 06:07:24.000+05:30,17.52,787.26,23.58,5.62,4.65,-9,27.7,8.35,10,0
2025-01-15 06:07:25.000+05:30,50.27,345.63,31.95,7.41,4.78,28,27.9,2.31,10,0
2025-01-15 06:07:26.000+05:30,32.41,406.19,28.73,4.18,4.68,-20,27.5,8.26,10,0
2025-01-15 06:07:27.000+05:30,51.8,766.96,24.5,8.76,4.9,8,27.9,8.72,10,0
2025-01-15 06:07:28.000+05:30,48.7,678.28,20.24,9.21,2.88,5,27.6,5.32,10,0
2025-01-15 06:07:29.000+05:30,51.22,391.52,28.23,3.08,2.9,3,27.6,1.41,10,0
2025-01-15 06:07:30.000+05:30,45.15,347.78,29.97,3.94,4.6,-23,27.8,1.65,10,0
2025-01-15 06:07:31.000+05:30,38.36,649.76,29.34,10.48,6.05,-4,27.6,5.01,10,0
2025-01-15 06:07:32.000+05:30,9.48,577.67,22.49,11.4,2.38,12,27.5,0.04,10,0
2025-01-15 06:07:33.000+05:30,13.96,627.46,25.93,11.55,4.94,16,27.5,1.05,10,0
2025-01-15 06:07:34.000+05:30,23.12,407.94,31.86,5.66,3.15,-19,27.8,1.4,10,0
2025-01-15 06:07:35.000+05:30,60.69,490.54,28.12,6.83,1.16,26,27.5,11.92,10,0
2025-01-15 06:07:36.000+05:30,60.68,684.55,22.05,6.22,2.99,26,27.8,8.71,10,0
2025-01-15 06:07:37.000+05:30,30.48,479.34,21.37,6.6,3.1,14,27.8,11.7,10,0
2025-01-15 06:07:38.000+05:30,57.39,675.26,29.56,4.02,4.47,30,27.8,0.82,10,0
2025-01-15 06:07:39.000+05:30,13.53,843.19,25.79,8.12,3,19,27.6,8.56,10,0
2025-01-15 06:07:40.000+05:30,8.82,698.06,30.06,11.76,1.24,-23,27.9,12.89,10,0
2025-01-15 06:07:41.000+05:30,34.76,300.54,27.86,3.11,5.45,17,27.7,7.35,10,0
2025-01-15 06:07:42.000+05:30,42.6,885.85,28.04,6.04,3.48,-24,27.7,9.81,10,0
2025-01-15 06:07:43.000+05:30,52.78,568.43,27.96,8.77,1.35,27,27.9,11.57,10,0
2025-01-15 06:07:44.000+05:30,10.44,671.78,21.88,10.64,5.36,-26,27.8,12.17,10,0
2025-01-15 06:07:45.000+05:30,27.2,471.77,23.34,7.56,3.64,22,27.6,5.3,10,0
2025-01-15 06:07:46.000+05:30,35.92,772.81,25.38,10.71,3.05,1,27.8,1.66,10,0
2025-01-15 06:07:47.000+05:30,8.12,518.2,20.43,7.94,5.21,9,27.8,11.08,10,0
2025-01-15 06:07:48.000+05:30,63.08,619.89,27.86,7.11,2.44,22,27.6,11.55,10,0
2025-01-15 06:07:49.000+05:30,35.63,618.5,27.44,7.26,4.25,-23,27.5,10.02,10,0
2025-01-15 06:07:50.000+05:30,48.51,261.41,24.26,8.7,5.06,-7,27.8,7.67,10,0
2025-01-15 06:07:51.000+05:30,9.88,365.06,21.69,9.45,4.61,9,27.6,1.5,10,0
2025-01-15 06:07:52.000+05:30,14.61,805.4,22.59,10.42,1.59,18,27.7,4.73,10,0
2025-01-15 06:07:53.000+05:30,65.38,795.98,27.07,9.95,3.07,2,27.6,9.22,10,0
2025-01-15 06:07:54.000+05:30,38.43,599.43,20.58,11.42,5.28,2,27.8,6.76,10,0
2025-01-15 06:07:55.000+05:30,64.34,702.76,22.08,10.34,1.09,8,27.9,9.21,10,0
2025-01-15 06:07:56.000+05:30,38.76,506.18,31.75,11.24,4.85,-9,27.9,3.83,10,0
2025-01-15 06:07:57.000+05:30,35.53,345.36,24.95,9.3,4.77,14,27.7,4.18,10,0
2025-01-15 06:07:58.000+05:30,26.78,731.56,26.64,4.96,1.7,13,27.6,10,10,0
2025-01-15 06:07:59.000+05:30,49.36,888.05,27.8,11.62,3.37,-10,27.8,9.72,10,0
2025-01-15 06:08:00.000+05:30,54.93,619.86,26.99,11.48,4.55,27,27.8,9.44,10,0
2025-01-15 06:08:01.000+05:30,25.01,802.27,29.7,7.7,0.64,12,27.5,2.03,10,0
2025-01-15 06:08:02.000+05:30,23.82,762.74,31.8,9.15,1.33,20,27.6,0.87,10,0
2025-01-15 06:08:03.000+05:30,54.48,280.68,29.77,3.92,5.45,25,27.6,10.35,10,0
2025-01-15 06:08:04.000+05:30,47.77,508.89,26.13,10.17,4.47,-27,27.9,9.7,10,0
2025-01-15 06:08:05.000+05:30,31.42,872.29,31.71,5.81,3.65,-14,27.6,0.18,10,0
2025-01-15 06:08:06.000+05:30,61.74,810.68,25.32,5.03,4.11,-7,27.8,9.93,10,0
2025-01-15 06:08:07.000+05:30,41.44,646.17,29.31,11.68,2.18,13,27.5,2.48,10,0
2025-01-15 06:08:08.000+05:30,67.64,730.45,21.43,3.37,2.09,-20,27.7,3.7,10,0
2025-01-15 06:08:09.000+05:30,23.07,471.56,28.52,4.39,1.38,-27,27.8,4.52,10,0
2025-01-15 06:08:10.000+05:30,46.4,799.61,23.61,10.11,3.64,15,27.6,1.02,10,0
2025-01-15 06:08:11.000+05:30,20.86,377.68,20.82,7.55,2.87,-25,27.6,7.52,10,0
2025-01-15 06:08:12.000+05:30,62.65,684.53,23.97,5.64,5.92,0,27.9,8.66,10,0
2025-01-15 06:08:13.000+05:30,58.89,887.93,20.11,9.02,3.04,9,27.9,12.66,10,0
2025-01-15 06:08:14.000+05:30,22.36,285.52,30.63,6.43,5.04,-14,27.7,1.59,10,0
2025-01-15 06:08:15.000+05:30,24.82,843.25,29.87,6.37,5.08,-28,27.6,6.24,10,0
2025-01-15 06:08:16.000+05:30,48.05,465,20.99,3.86,6.04,4,27.5,10.83,10,0
2025-01-15 06:08:17.000+05:30,11.12,689.01,29.28,10.78,2.92,4,27.8,1.45,10,0
2025-01-15 06:08:18.000+05:30,62.35,734.48,25.22,10.35,0.91,-29,27.7,9.6,10,0
2025-01-15 06:08:19.000+05:30,27.9,316.01,20.65,10.15,3.68,-16,27.9,8.05,10,0
2025-01-15 06:08:20.000+05:30,32.68,548.72,24.85,5.85,2.72,-30,27.8,1.66,10,0
2025-01-15 06:08:21.000+05:30,45.96,743.81,27.03,9.31,0.91,-24,27.6,12.99,10,0
2025-01-15 06:08:22.000+05:30,50.21,648.2,23.38,11.34,2.67,-29,27.7,11.51,10,0
2025-01-15 06:08:23.000+05:30,40.61,347.28,24.69,10.18,3.61,-21,27.6,13.44,10,0
2025-01-15 06:08:24.000+05:30,62.88,877.83,30.41,8.83,5.96,25,27.7,0.16,10,0
2025-01-15 06:08:25.000+05:30,14.76,263.22,27.16,7.83,5.9,17,27.8,4.27,10,0
2025-01-15 06:08:26.000+05:30,52.73,395.51,30.87,10.66,1.31,9,27.8,2.58,10,0
2025-01-15 06:08:27.000+05:30,19.24,376.07,29.6,10.67,5.35,5,27.7,13.05,10,0
2025-01-15 06:08:28.000+05:30,41.63,446.02,20.81,3.88,4.64,-9,27.6,6.82,10,0
2025-01-15 06:08:29.000+05:30,49.29,410.1,23.42,3.63,1.6,-9,27.7,6.8,10,0
2025-01-15 06:08:30.000+05:30,26.26,633.87,26.79,6.28,2.3,-30,27.6,6,10,0
2025-01-15 06:08:31.000+05:30,56.5,715.81,27.69,5.49,2.55,-9,27.9,9.51,10,0
2025-01-15 06:08:32.000+05:30,36.16,489.59,23.67,7.97,1.5,23,27.6,8.49,10,0
2025-01-15 06:08:33.000+05:30,59.07,830.43,22.36,9.6,4.07,27,27.5,10.18,10,0
2025-01-15 06:08:34.000+05:30,38.95,279.96,26.98,6.65,3.86,5,27.6,12.69,10,0
2025-01-15 06:08:35.000+05:30,63.32,605.39,27.85,4.34,2.74,7,27.8,12.48,10,0
2025-01-15 06:08:36.000+05:30,25.33,557.41,26.12,6.57,3.36,24,27.9,9.28,10,0
2025-01-15 06:08:37.000+05:30,68.86,697.86,29.09,4.26,1.41,6,27.8,7.93,10,0
2025-01-15 06:08:38.000+05:30,67.97,730.99,25.8,6.23,1.75,-26,27.6,6.83,10,0
2025-01-15 06:08:39.000+05:30,21.74,687.89,26.21,10.12,2.71,26,27.5,12.85,10,0
2025-01-15 06:08:40.000+05:30,68.78,467.41,28.44,7.69,5.23,-14,27.7,11.69,10,0
2025-01-15 06:08:41.000+05:30,42.92,501.06,24.54,8.29,5.62,-14,27.7,1.09,10,0
2025-01-15 06:08:42.000+05:30,64.16,590.48,24.23,10.81,3.28,8,27.5,6.75,10,0
2025-01-15 06:08:43.000+05:30,62.57,541.54,22.76,7.63,2.1,-20,27.6,2.1,10,0
2025-01-15 06:08:44.000+05:30,52.19,335.73,22.76,10.3,4.61,0,27.7,6.74,10,0
2025-01-15 06:08:45.000+05:30,44.22,674.25,24.93,5.19,1.23,-22,27.8,8.29,10,0
2025-01-15 06:08:46.000+05:30,9.47,626.25,20.67,5.32,1.53,8,27.9,13.42,10,0
2025-01-15 06:08:47.000+05:30,47.17,822.25,28.74,10.39,5.9,8,27.9,3.03,10,0
2025-01-15 06:08:48.000+05:30,61.64,369.16,29.96,8.41,5.03,-19,27.7,11.49,10,0
2025-01-15 06:08:49.000+05:30,39.18,367.34,28.23,11.3,3.9,-6,27.7,0.96,10,0
2025-01-15 06:08:50.000+05:30,13.84,389.5,30.32,7.54,2.89,-24,27.6,2.09,10,0
2025-01-15 06:08:51.000+05:30,63.8,643.88,30.53,7.78,4.79,12,27.6,1.3,10,0
2025-01-15 06:08:52.000+05:30,45.02,789.61,30.76,9.97,4.2,-7,27.8,7.31,10,0
2025-01-15 06:08:53.000+05:30,50.95,534.53,31.26,7.34,4.88,21,27.8,4.91,10,0
2025-01-15 06:08:54.000+05:30,54.98,705.89,21.17,4.2,3.22,24,27.5,3.26,10,0
2025-01-15 06:08:55.000+05:30,44.69,607.99,23.09,3.05,4.74,3,27.5,0.1,10,0
2025-01-15 06:08:56.000+05:30,7.45,678.91,28.25,5.84,2.56,11,27.7,2.17,10,0
2025-01-15 06:08:57.000+05:30,23.46,603.11,26.78,8.51,6.15,-17,27.7,5.56,10,0
2025-01-15 06:08:58.000+05:30,56.38,568.78,24.44,7.99,1.95,-8,27.8,4.29,10,0
2025-01-15 06:08:59.000+05:30,32.08,348.36,30.37,4.07,1.81,30,27.6,10.96,10,0
2025-01-15 06:09:00.000+05:30,20.51,516.36,24.06,7.96,4.47,-20,27.7,9.9,10,0
2025-01-15 06:09:01.000+05:30,47.06,774.8,29.88,7.25,3.92,-14,27.6,1.23,10,0
2025-01-15 06:09:02.000+05:30,12.04,284.16,24.61,11.86,4,15,27.9,7.29,10,0
2025-01-15 06:09:03.000+05:30,10.62,755.11,22.1,7.45,0.56,29,27.8,11.91,10,0
2025-01-15 06:09:04.000+05:30,25.02,281.51,27.19,7.64,1.82,-28,27.6,2.37,10,0
2025-01-15 06:09:05.000+05:30,48.27,884.41,21.04,5.48,2.78,-5,27.7,9.38,10,0
2025-01-15 06:09:06.000+05:30,39.62,731.63,20.82,3.81,2.12,28,27.7,11.62,10,0
2025-01-15 06:09:07.000+05:30,28.89,781.93,22.72,11.67,3.09,-30,27.6,5.66,10,0
2025-01-15 06:09:08.000+05:30,32.65,328.14,20.87,5.65,5.9,-14,27.9,11.24,10,0
2025-01-15 06:09:09.000+05:30,58.23,627.93,28.33,11.69,3.71,18,27.6,10.78,10,0
2025-01-15 06:09:10.000+05:30,55.86,696.22,30.76,10.76,3.25,-6,27.8,3.61,10,0
2025-01-15 06:09:11.000+05:30,69.63,693.22,22.76,5.84,5.95,-30,27.8,7.23,10,0
2025-01-15 06:09:12.000+05:30,23.59,443.87,24.79,9.74,2.45,-19,27.7,7.76,10,0
2025-01-15 06:09:13.000+05:30,29.27,832.36,23.23,11.52,4.39,1,27.8,12.74,10,0
2025-01-15 06:09:14.000+05:30,21.8,414.92,23.18,5.06,5.26,-8,27.6,11.71,10,0
2025-01-15 06:09:15.000+05:30,13.72,848.92,28.11,8.97,4,4,27.9,10.7,10,0
2025-01-15 06:09:16.000+05:30,60.42,497.57,23.79,11.08,5.52,-13,27.7,8.04,10,0
2025-01-15 06:09:17.000+05:30,69.02,846.24,23.36,5,3.79,21,27.7,0.76,10,0
2025-01-15 06:09:18.000+05:30,66.2,280.84,24.17,10.74,4.92,-23,27.8,6.4,10,0
2025-01-15 06:09:19.000+05:30,35.98,701.09,20.14,4.9,3.81,9,27.8,4.56,10,0
2025-01-15 06:09:20.000+05:30,18.79,428.22,23.23,11.63,2.46,-3,27.6,2.57,10,0
2025-01-15 06:09:21.000+05:30,51.14,498.28,30.25,5.52,1.53,6,27.8,1.84,10,0
2025-01-15 06:09:22.000+05:30,58.29,721.32,29.65,8,5.38,21,27.9,2.74,10,0
2025-01-15 06:09:23.000+05:30,16.42,775.63,22.12,7.5,6.17,3,27.7,11.89,10,0
2025-01-15 06:09:24.000+05:30,26.89,571.44,23.01,10.73,0.77,-20,27.5,1.39,10,0
2025-01-15 06:09:25.000+05:30,58.27,564.99,27.56,7.05,2.41,5,27.7,5.05,10,0
2025-01-15 06:09:26.000+05:30,58.03,480.25,24.94,6.16,4.37,6,27.7,8.48,10,0
2025-01-15 06:09:27.000+05:30,47.9,371.7,29.36,6.2,4.34,17,27.7,6.82,10,0
2025-01-15 06:09:28.000+05:30,11.94,652.74,25.57,11.61,5.45,29,27.6,8.97,10,0
2025-01-15 06:09:29.000+05:30,46.77,625.85,30.19,3.64,1.42,-10,27.8,3.2,10,0
2025-01-15 06:09:30.000+05:30,51.76,647.45,24.75,10.99,4.95,17,27.7,13.14,10,0
2025-01-15 06:09:31.000+05:30,67.83,524.95,22.21,3.21,4.65,30,27.8,9.27,10,0
2025-01-15 06:09:32.000+05:30,54.23,394.77,24.76,3.86,5.84,-27,27.5,6.62,10,0
2025-01-15 06:09:33.000+05:30,32.01,749.6,21,5.36,1.39,26,27.7,9.17,10,0
2025-01-15 06:09:34.000+05:30,21.45,732.06,25.32,4.14,3.5,-28,27.8,2.39,10,0
2025-01-15 06:09:35.000+05:30,61.2,468.13,25.71,11.77,3.58,-2,27.6,3.81,10,0
2025-01-15 06:09:36.000+05:30,66.75,605.14,27.09,7.11,4.77,-3,27.7,12.28,10,0
2025-01-15 06:09:37.000+05:30,47.29,458.18,24.17,7.86,5.09,-7,27.7,6.19,10,0
2025-01-15 06:09:38.000+05:30,16.81,266.76,26.28,9.82,1.28,4,27.5,4.01,10,0
2025-01-15 06:09:39.000+05:30,65.09,866.05,25.72,3.08,2.95,-16,27.8,4.1,10,0
2025-01-15 06:09:40.000+05:30,41.54,380.69,30.59,6.93,1.92,11,27.7,10.01,10,0
2025-01-15 06:09:41.000+05:30,30.84,428.31,25.07,5.16,4.86,21,27.8,12.74,10,0
2025-01-15 06:09:42.000+05:30,24.13,675.01,26.38,5.42,1.57,-22,27.6,0.96,10,0
2025-01-15 06:09:43.000+05:30,47.12,655.35,23.27,8.6,1.57,-27,27.9,0.27,10,0
2025-01-15 06:09:44.000+05:30,8.39,882.29,23.39,4.13,3,-25,27.6,0.11,10,0
2025-01-15 06:09:45.000+05:30,38.1,478.82,23.74,10.2,6.19,20,27.5,6.49,10,0
2025-01-15 06:09:46.000+05:30,12.05,740.36,21.75,5.4,2.74,-19,27.6,7.6,10,0
2025-01-15 06:09:47.000+05:30,60.02,783.04,29.94,4.1,4.88,19,27.9,3.49,10,0
2025-01-15 06:09:48.000+05:30,22.57,896.5,22.39,9.62,1.04,-17,27.7,9.32,10,0
2025-01-15 06:09:49.000+05:30,49.93,459.75,23.88,8.66,0.74,3,27.5,13.12,10,0
2025-01-15 06:09:50.000+05:30,37.32,451.24,24.33,3.47,4.3,-15,27.8,13.63,10,0
2025-01-15 06:09:51.000+05:30,27.44,367.11,23.31,4.08,5,-28,27.7,0.13,10,0
2025-01-15 06:09:52.000+05:30,50.52,700.58,21.86,9.94,1.92,13,27.7,7,10,0
2025-01-15 06:09:53.000+05:30,65.64,898.06,27.5,3.54,4.17,20,27.5,9.82,10,0
2025-01-15 06:09:54.000+05:30,37.73,462.71,26.7,8.8,2.48,16,27.6,12.49,10,0
2025-01-15 06:09:55.000+05:30,50.42,489.23,21.62,11.09,3.27,-12,27.7,6.13,10,0
2025-01-15 06:09:56.000+05:30,37.88,622.69,26.52,5.91,3.17,8,27.9,12.15,10,0
2025-01-15 06:09:57.000+05:30,41.93,304.08,21.86,5.66,2,-30,27.8,5.14,10,0
2025-01-15 06:09:58.000+05:30,38.88,729.54,30.6,8.58,2.58,-10,27.8,8.68,10,0
2025-01-15 06:09:59.000+05:30,48.47,604.93,24.65,7.72,3.34,9,27.6,7.72,10,0
2025-01-15 06:10:00.000+05:30,32.82,466.1,21.16,8.93,0.75,-19,27.8,13.13,10,0
2025-01-15 06:10:01.000+05:30,19.73,570.64,21.19,8.14,5.27,3,27.7,9.21,10,0
2025-01-15 06:10:02.000+05:30,44.19,291.41,22.65,9.46,0.57,11,27.7,12.89,10,0
2025-01-15 06:10:03.000+05:30,63.06,311.17,29.61,3.55,3.68,-4,27.8,13.14,10,0
2025-01-15 06:10:04.000+05:30,57.04,297.31,27.4,7.76,4.69,-26,27.9,11.68,10,0
2025-01-15 06:10:05.000+05:30,67.52,322.16,28.7,7.78,1.58,-15,27.7,7.37,10,0
2025-01-15 06:10:06.000+05:30,66.69,617.39,26.7,9.71,4.87,13,27.7,8.07,10,0
2025-01-15 06:10:07.000+05:30,48.91,825.01,22,4.62,2.79,-20,27.7,4.73,10,0
2025-01-15 06:10:08.000+05:30,44.79,857.45,30.83,7.95,6.18,-4,27.8,11.83,10,0
2025-01-15 06:10:09.000+05:30,34.13,724.56,27.3,8.07,1.72,29,27.8,10.72,10,0
2025-01-15 06:10:10.000+05:30,29.68,549.54,31.52,3,0.7,-29,27.7,3.98,10,0
2025-01-15 06:10:11.000+05:30,69.58,453.18,23.6,5,5.38,22,27.9,0.3,10,0
2025-01-15 06:10:12.000+05:30,58.81,848.23,26.14,8.14,3.76,-1,27.6,1.32,10,0
2025-01-15 06:10:13.000+05:30,15.72,494.93,26.99,5.1,5.12,-5,27.7,1.29,10,0
2025-01-15 06:10:14.000+05:30,20.7,309.41,23.9,7.34,3.28,14,27.7,12.59,10,0
2025-01-15 06:10:15.000+05:30,64.18,640.95,23.6,9.58,3.78,-27,27.9,1.1,10,0
2025-01-15 06:10:16.000+05:30,28.07,823.07,25.21,11.37,1.19,17,27.8,10.79,10,0
2025-01-15 06:10:17.000+05:30,44.95,267.32,29.33,6.44,2.24,4,27.7,0.58,10,0
2025-01-15 06:10:18.000+05:30,27.59,706.57,21.84,9.06,6.18,18,27.7,13.59,10,0
2025-01-15 06:10:19.000+05:30,38.8,402.13,23.48,6.55,1.25,6,27.8,1.16,10,0
2025-01-15 06:10:20.000+05:30,41.53,428.04,24.78,6.91,4.48,0,27.7,10.67,10,0
2025-01-15 06:10:21.000+05:30,37.74,677.44,22.35,8.54,4.69,-26,27.6,3.45,10,0
2025-01-15 06:10:22.000+05:30,34.09,698.23,26.91,4.01,2.86,-18,27.6,5.11,10,0
2025-01-15 06:10:23.000+05:30,44.41,275.49,23.66,11.89,4.01,-2,27.7,13.86,10,0
2025-01-15 06:10:24.000+05:30,34.75,851.5,22.8,9.17,1.39,-25,27.5,10.2,10,0
2025-01-15 06:10:25.000+05:30,10.44,867.32,31.12,10.82,5.17,14,27.8,0.19,10,0
2025-01-15 06:10:26.000+05:30,26.22,561.56,23.98,9.66,1.71,18,27.6,7.65,10,0
2025-01-15 06:10:27.000+05:30,37.43,727.15,21.7,9.29,0.6,12,27.7,8.16,10,0
2025-01-15 06:10:28.000+05:30,23.09,298.47,22.41,9.27,2.05,30,27.5,6.51,10,0
2025-01-15 06:10:29.000+05:30,31.48,433.64,30.22,8.94,5.43,25,27.9,0.27,10,0
2025-01-15 06:10:30.000+05:30,31.35,887.07,26.1,9.39,5.65,8,27.7,6.79,10,0
2025-01-15 06:10:31.000+05:30,18.74,580.42,25.5,11.34,0.62,3,27.6,3.46,10,0
2025-01-15 06:10:32.000+05:30,37.87,736.41,20.22,9.16,2.53,2,27.6,4.23,10,0
2025-01-15 06:10:33.000+05:30,10.91,424.91,24.65,12,6.15,30,27.6,13.22,10,0
2025-01-15 06:10:34.000+05:30,16.56,834.19,27.88,3.79,2.68,9,27.8,13.45,10,0
2025-01-15 06:10:35.000+05:30,50.25,527.09,26.87,6.84,2.28,-2,27.7,8.48,10,0
2025-01-15 06:10:36.000+05:30,20.03,348.69,26.5,10.2,5.42,15,27.9,4.33,10,0
2025-01-15 06:10:37.000+05:30,64.3,535.24,30.91,9.93,4.24,-20,27.6,7.91,10,0
2025-01-15 06:10:38.000+05:30,42.11,867.11,21.42,5.86,5.51,18,27.6,10.18,10,0
2025-01-15 06:10:39.000+05:30,68.29,875.17,23.64,9.71,5.18,17,27.6,8.92,10,0
2025-01-15 06:10:40.000+05:30,56.08,328.33,22.22,9.86,3.99,6,27.7,3.74,10,0
2025-01-15 06:10:41.000+05:30,44.57,407.78,20.31,3.72,4.95,24,27.7,1.88,10,0
2025-01-15 06:10:42.000+05:30,51.86,499.33,30.23,7.42,1.28,-28,27.7,2.71,10,0
2025-01-15 06:10:43.000+05:30,68.04,852.28,31.4,5,4.33,-17,27.5,2.84,10,0
2025-01-15 06:10:44.000+05:30,65.41,890.8,30.41,7.41,2.35,-15,27.7,6.41,10,0
2025-01-15 06:10:45.000+05:30,55.9,649.08,29.89,9.48,2.75,6,27.7,13.15,10,0
2025-01-15 06:10:46.000+05:30,40.09,820.5,29.44,7.69,3.07,-28,27.9,11.58,10,0
2025-01-15 06:10:47.000+05:30,22.48,604.24,31.81,3.35,2.71,-27,27.6,10.71,10,0
2025-01-15 06:10:48.000+05:30,34.69,826.01,29.28,5.57,1.45,28,27.5,4.12,10,0
2025-01-15 06:10:49.000+05:30,39.57,351.03,29.96,7.07,4.62,19,27.7,1.58,10,0
2025-01-15 06:10:50.000+05:30,63.34,609.7,24.72,5.91,0.64,27,27.8,6.35,10,0
2025-01-15 06:10:51.000+05:30,19.72,551,23,9.23,5.67,15,27.8,11.15,10,0
2025-01-15 06:10:52.000+05:30,12.75,711.99,27.61,3.77,4.53,2,27.7,10.18,10,0
2025-01-15 06:10:53.000+05:30,17.07,612.22,20.53,4.54,2.41,25,27.6,12.2,10,0
2025-01-15 06:10:54.000+05:30,61.74,374.47,28.54,6.78,2.26,-2,27.6,10.76,10,0
2025-01-15 06:10:55.000+05:30,18.38,835.07,31.53,3.03,4.86,1,27.8,0.17,10,0
2025-01-15 06:10:56.000+05:30,41.24,263.68,30.59,5.14,3.86,-4,27.7,6.66,10,0
2025-01-15 06:10:57.000+05:30,44.88,264.21,30.59,5.5,4.08,-17,27.5,11.48,10,0
2025-01-15 06:10:58.000+05:30,16.34,678.1,20.44,10.68,4.3,-11,27.6,11.73,10,0
2025-01-15 06:10:59.000+05:30,12.53,329.69,31.92,4.45,2.12,14,27.7,9.25,10,0
2025-01-15 06:11:00.000+05:30,56.6,373.55,25.46,8.21,5.81,-11,27.6,1.3,10,0
2025-01-15 06:11:01.000+05:30,63.54,784.97,29.1,10.59,0.87,-23,27.8,6.59,10,0
2025-01-15 06:11:02.000+05:30,24.29,597.31,26.3,9.26,3.99,16,27.9,1.53,10,0
2025-01-15 06:11:03.000+05:30,40.32,316.11,28.69,8.44,4.99,-3,27.7,9.9,10,0
2025-01-15 06:11:04.000+05:30,26.94,596.25,31.94,6.18,1.24,3,27.8,7.88,10,0
2025-01-15 06:11:05.000+05:30,38.36,777.11,30.6,5.09,2.16,-23,27.5,2.71,10,0
2025-01-15 06:11:06.000+05:30,46.4,335.47,30.18,10.2,6.19,-9,27.6,5.8,10,0
2025-01-15 06:11:07.000+05:30,57.78,395.9,27.69,9.21,1.95,-11,27.7,0.95,10,0
2025-01-15 06:11:08.000+05:30,27.41,263.92,28.23,6.07,4.63,-29,27.8,8.62,10,0
2025-01-15 06:11:09.000+05:30,19.22,793.65,31.07,7.31,3.2,-22,27.7,0.5,10,0
2025-01-15 06:11:10.000+05:30,46.51,830.92,26.44,6.02,4.97,17,27.5,5.8,10,0
2025-01-15 06:11:11.000+05:30,39.83,621.56,28.14,8,0.61,-9,27.8,8.08,10,0
2025-01-15 06:11:12.000+05:30,62.95,486.3,31.64,5.52,0.68,10,27.7,13.77,10,0
2025-01-15 06:11:13.000+05:30,17.46,647.64,22.25,4.05,4.96,24,27.6,4.32,10,0
2025-01-15 06:11:14.000+05:30,8.99,524.88,25.96,5.14,3.08,-17,27.7,13.31,10,0
2025-01-15 06:11:15.000+05:30,18.03,499.5,20.45,4.82,1.03,21,27.7,7.08,10,0
2025-01-15 06:11:16.000+05:30,38.5,381.74,31.08,9.59,3.48,-21,27.8,10.86,10,0
2025-01-15 06:11:17.000+05:30,13.19,888.66,26.19,11.93,1.67,-6,27.8,0.51,10,0
2025-01-15 06:11:18.000+05:30,39.91,262.63,31.19,9.18,3.89,-1,27.9,1.22,10,0
2025-01-15 06:11:19.000+05:30,13.5,750.36,28.95,3.2,4.82,-17,27.6,8.94,10,0
2025-01-15 06:11:20.000+05:30,19.13,437.06,23.83,6.97,1.17,-13,27.5,2.09,10,0
2025-01-15 06:11:21.000+05:30,67.37,618.16,21.23,7.88,3.63,30,27.8,3.79,10,0
2025-01-15 06:11:22.000+05:30,24.85,416.69,20.85,8.52,2.43,-22,27.5,6.21,10,0
2025-01-15 06:11:23.000+05:30,63.91,292.29,24.6,3.78,2.73,27,27.7,9.87,10,0
2025-01-15 06:11:24.000+05:30,59.68,707.59,27.4,5.81,5.16,12,27.8,9.98,10,0
2025-01-15 06:11:25.000+05:30,11.95,850.58,29.17,8.11,1.03,14,27.7,11.23,10,0
2025-01-15 06:11:26.000+05:30,35.7,698.07,28.52,7.19,1.82,25,27.9,3.13,10,0
2025-01-15 06:11:27.000+05:30,23.26,492.61,22.2,11.26,2.38,-10,27.7,12.05,10,0
2025-01-15 06:11:28.000+05:30,8.91,564.21,24.22,7.15,1.47,8,27.7,10.75,10,0
2025-01-15 06:11:29.000+05:30,39,519.64,28.57,3.96,3.67,-11,27.7,0.99,10,0
2025-01-15 06:11:30.000+05:30,32.25,524.6,27.45,7.93,6.05,-9,27.6,5.37,10,0
2025-01-15 06:11:31.000+05:30,50.73,535.94,31.76,8.1,2.45,-19,27.8,9.72,10,0
2025-01-15 06:11:32.000+05:30,11.91,855.75,26.89,7.38,3.88,5,27.5,6.48,10,0
2025-01-15 06:11:33.000+05:30,35.05,457.14,24.87,8.38,4.41,22,27.7,8.35,10,0
2025-01-15 06:11:34.000+05:30,38.14,682.51,21.09,10.35,5.56,10,27.8,12.65,10,0
2025-01-15 06:11:35.000+05:30,54.7,682.96,25.44,5.62,4.01,-17,27.8,6.26,10,0
2025-01-15 06:11:36.000+05:30,26.95,624.98,30.96,5.74,5.88,28,27.6,6.09,10,0
2025-01-15 06:11:37.000+05:30,12.63,265.2,31.84,6.64,1.23,-7,27.9,4.12,10,0
2025-01-15 06:11:38.000+05:30,67.98,260.54,26.72,11.81,1.13,-29,27.6,3.95,10,0
2025-01-15 06:11:39.000+05:30,51.24,512.33,23.82,6.45,2.67,12,27.6,7.63,10,0
2025-01-15 06:11:40.000+05:30,15.76,615.47,30.12,6.24,2.88,25,27.8,4.04,10,0
2025-01-15 06:11:41.000+05:30,15.46,305.92,20.19,9.49,3.27,-22,27.5,6.11,10,0
2025-01-15 06:11:42.000+05:30,47.46,526.15,25.47,10.1,3.95,-19,27.7,5.96,10,0
2025-01-15 06:11:43.000+05:30,33.72,784.85,24.62,5.03,2.92,1,27.8,0.1,10,0
2025-01-15 06:11:44.000+05:30,21.92,581.11,24.93,7.92,2.59,6,27.7,13.7,10,0
2025-01-15 06:11:45.000+05:30,30.22,631.37,31.54,3.72,4.66,24,27.9,7.37,10,0
2025-01-15 06:11:46.000+05:30,56.07,557.56,20.94,11.01,1,17,27.8,6.61,10,0
2025-01-15 06:11:47.000+05:30,49.13,697.81,26.47,8.22,3.99,4,27.8,12.65,10,0
2025-01-15 06:11:48.000+05:30,36.54,588.1,25.63,9.6,2.9,21,27.6,13.45,10,0
2025-01-15 06:11:49.000+05:30,17.55,704.83,27.17,5.74,4.97,10,27.7,3.65,10,0
2025-01-15 06:11:50.000+05:30,17.65,293.04,31.88,10.28,4.06,-25,27.6,4.02,10,0
2025-01-15 06:11:51.000+05:30,11.84,761.61,23.02,8.54,2.07,17,27.5,3.6,10,0
2025-01-15 06:11:52.000+05:30,18,638.73,21.81,7.02,5.1,14,27.6,3.66,10,0
2025-01-15 06:11:53.000+05:30,18.39,597.53,20.4,11.86,6.01,22,27.6,8.34,10,0
2025-01-15 06:11:54.000+05:30,38.24,895.89,29.24,5.14,3.01,-17,27.7,8.93,10,0
2025-01-15 06:11:55.000+05:30,60.04,294.77,23.17,10.38,0.8,0,27.6,6.5,10,0
2025-01-15 06:11:56.000+05:30,54.01,741.55,26.39,6.42,4.52,-21,27.7,6.64,10,0
2025-01-15 06:11:57.000+05:30,34.39,444.83,29.57,6.44,2.3,-28,27.5,7.42,10,0
2025-01-15 06:11:58.000+05:30,40.47,486.45,30.13,8.49,4.22,-13,27.6,3.82,10,0
2025-01-15 06:11:59.000+05:30,13.19,678.78,24.69,9.96,4.77,7,27.8,10.28,10,0
2025-01-15 06:12:00.000+05:30,39.76,693.74,31.92,5.82,0.56,-26,27.5,0.12,10,0
2025-01-15 06:12:01.000+05:30,13.16,326.5,25.35,4.97,2.11,-29,27.7,2.7,10,0
2025-01-15 06:12:02.000+05:30,10.58,640.25,30.73,4.95,3.92,-23,27.5,1.71,10,0
2025-01-15 06:12:03.000+05:30,45.1,500.61,29.17,8.83,5.08,-23,27.8,2.59,10,0
2025-01-15 06:12:04.000+05:30,22.96,558.85,31.23,8.75,5.76,-3,27.8,3.87,10,0
2025-01-15 06:12:05.000+05:30,49.06,752.88,23.09,10.03,2.08,-6,27.6,0.87,10,0
2025-01-15 06:12:06.000+05:30,10.78,871.59,23.18,6.97,3.3,9,27.7,13,10,0
2025-01-15 06:12:07.000+05:30,47.67,329.4,26.49,6.88,4,-2,27.8,1.49,10,0
2025-01-15 06:12:08.000+05:30,13.51,306.67,26.86,5.26,3.04,-21,27.8,12.55,10,0
2025-01-15 06:12:09.000+05:30,7.05,284.21,24.69,4.36,2.38,-30,27.7,5.48,10,0
2025-01-15 06:12:10.000+05:30,66.21,574.03,25.23,10.6,4.95,4,27.6,11,10,0
2025-01-15 06:12:11.000+05:30,31.22,701.13,29.36,4.09,3.55,-9,27.8,13.88,10,0
2025-01-15 06:12:12.000+05:30,32.24,664.65,31.51,3.82,3.55,-25,27.8,13.45,10,0
2025-01-15 06:12:13.000+05:30,54.91,445.57,22.44,7.99,6.01,-11,27.8,9.25,10,0
2025-01-15 06:12:14.000+05:30,63.48,663.59,24.31,3.76,4.11,-22,27.5,10.29,10,0
2025-01-15 06:12:15.000+05:30,8.6,897.69,22.86,6.5,5.02,1,27.7,9.01,10,0
2025-01-15 06:12:16.000+05:30,59.56,547.56,31.95,3.33,0.82,-28,27.7,11.03,10,0
2025-01-15 06:12:17.000+05:30,20.34,678.46,26.28,11.46,5.46,17,27.7,7.51,10,0
2025-01-15 06:12:18.000+05:30,65.26,283.6,21.7,8.88,3.19,-28,27.6,12.85,10,0
2025-01-15 06:12:19.000+05:30,47.87,269.19,27.59,11.14,5.18,9,27.6,1.36,10,0
2025-01-15 06:12:20.000+05:30,44.24,783.39,21.28,7.47,5.06,21,27.6,3.09,10,0
2025-01-15 06:12:21.000+05:30,28.25,794.97,28.86,6.62,1.19,4,27.6,9.58,10,0
2025-01-15 06:12:22.000+05:30,59.69,767.59,29.17,8.34,2.41,-21,27.8,1.69,10,0
2025-01-15 06:12:23.000+05:30,17.59,496.75,21.98,5.19,3.82,20,27.8,1.87,10,0
2025-01-15 06:12:24.000+05:30,45.58,757.7,20.19,7.38,0.54,-25,27.8,2.51,10,0
2025-01-15 06:12:25.000+05:30,44.41,441.59,28.32,10.13,3.21,-21,27.8,1.78,10,0
2025-01-15 06:12:26.000+05:30,39.95,523.7,31.26,8.49,0.71,1,27.7,2.52,10,0
2025-01-15 06:12:27.000+05:30,12.55,788.95,23.61,6.77,3.68,3,27.9,2.69,10,0
2025-01-15 06:12:28.000+05:30,45.99,812.15,31.84,7.57,3.15,-17,27.6,8.77,10,0
2025-01-15 06:12:29.000+05:30,19.2,769.83,28.22,11.72,3.2,12,27.9,2.47,10,0
2025-01-15 06:12:30.000+05:30,10.4,493.08,22.52,5.26,4.02,-1,27.5,12.46,10,0
2025-01-15 06:12:31.000+05:30,53.65,851.91,22.11,10.07,3.26,27,27.6,1.62,10,0
2025-01-15 06:12:32.000+05:30,35.02,631.05,25.03,9.72,5.62,-23,27.6,3.22,10,0
2025-01-15 06:12:33.000+05:30,13.18,732.16,30.44,6.38,1.76,1,27.5,6.59,10,0
2025-01-15 06:12:34.000+05:30,34.46,398.35,27.31,4.6,2.63,-18,27.8,6.41,10,0
2025-01-15 06:12:35.000+05:30,68.46,389.41,21.53,9.23,0.84,24,27.7,1.91,10,0
2025-01-15 06:12:36.000+05:30,33.35,746.62,22.64,5.66,1.39,30,27.7,11.12,10,0
2025-01-15 06:12:37.000+05:30,17.71,880.89,30.26,3.78,5.38,-17,27.7,6.85,10,0
2025-01-15 06:12:38.000+05:30,59.73,438.67,28.76,9.63,1.91,7,27.6,4.58,10,0
2025-01-15 06:12:39.000+05:30,65.43,865.6,30.97,11.08,2.88,0,27.8,0.62,10,0
2025-01-15 06:12:40.000+05:30,38.77,532.45,24.73,10.29,4.47,1,27.6,1.37,10,0
2025-01-15 06:12:41.000+05:30,42.18,267.95,28.78,11.55,1.26,11,27.9,4.14,10,0
2025-01-15 06:12:42.000+05:30,8,688.18,21.94,7.13,3.75,-1,27.7,8.17,10,0
2025-01-15 06:12:43.000+05:30,15.73,710.01,22.22,10.84,4.07,-30,27.8,9.85,10,0
2025-01-15 06:12:44.000+05:30,11.45,831.8,23.99,3.29,2.93,30,27.7,3.78,10,0
2025-01-15 06:12:45.000+05:30,43.24,392.57,28.22,8.58,2.41,2,27.9,13.05,10,0
2025-01-15 06:12:46.000+05:30,49.5,828.31,21.33,6.29,4.03,-19,27.8,5.12,10,0
2025-01-15 06:12:47.000+05:30,51.41,618.89,29.28,4.25,2.41,11,27.7,7.55,10,0
2025-01-15 06:12:48.000+05:30,66.17,631.28,31.51,4.89,4.75,-8,27.9,3.16,10,0
2025-01-15 06:12:49.000+05:30,38.72,530.67,20.65,6.36,3.08,23,27.5,7.02,10,0
2025-01-15 06:12:50.000+05:30,51.72,694.12,26.39,5.63,4.04,30,27.8,11.2,10,0
2025-01-15 06:12:51.000+05:30,68.62,825.2,22.26,10.96,1,-19,27.6,5.47,10,0
2025-01-15 06:12:52.000+05:30,67.27,329.99,23.31,9.27,3.33,3,27.9,12.25,10,0
2025-01-15 06:12:53.000+05:30,8.43,526.58,28.19,11.39,3.2,17,27.8,5.88,10,0
2025-01-15 06:12:54.000+05:30,25.37,300.29,30.46,5.09,5.9,-4,27.7,9.03,10,0
2025-01-15 06:12:55.000+05:30,48.31,763.57,25.83,8.99,3.52,-1,27.6,7.68,10,0
2025-01-15 06:12:56.000+05:30,15.31,765.18,22.06,5.34,3.26,19,27.8,13.59,10,0
2025-01-15 06:12:57.000+05:30,16.35,442,31.47,8.57,1.42,-19,27.9,7.49,10,0
2025-01-15 06:12:58.000+05:30,59.88,703.43,28,4.38,1.86,-10,27.7,0.58,10,0
2025-01-15 06:12:59.000+05:30,34.78,496.59,22.46,9.36,4.29,-21,27.6,13.69,10,0
2025-01-15 06:13:00.000+05:30,41.01,364.06,23.62,11.28,2.81,-21,27.9,6.99,10,0
2025-01-15 06:13:01.000+05:30,65.45,359.87,31.64,7.92,3.39,-12,27.7,9.06,10,0
2025-01-15 06:13:02.000+05:30,25.26,864.17,31.77,8.16,1.34,28,27.9,7.91,10,0
2025-01-15 06:13:03.000+05:30,28.34,331.88,25.75,3.36,4.36,-29,27.7,1.64,10,0
2025-01-15 06:13:04.000+05:30,59.98,545.42,21.11,3.5,4.16,-16,27.8,8.17,10,0
2025-01-15 06:13:05.000+05:30,55.33,385.26,21,10.65,4.36,2,27.7,13.41,10,0
2025-01-15 06:13:06.000+05:30,37.9,646.03,26.14,3.5,4.3,15,27.8,5.57,10,0
2025-01-15 06:13:07.000+05:30,30.29,498.61,23.42,6.16,6.07,-25,27.6,12.24,10,0
2025-01-15 06:13:08.000+05:30,62.93,734.58,24.99,6.98,1.43,27,27.7,10.19,10,0
2025-01-15 06:13:09.000+05:30,63.48,349.32,27.05,3.77,1.68,25,27.7,6.64,10,0
2025-01-15 06:13:10.000+05:30,28.13,857.22,27.09,6.38,0.54,-13,27.7,8.94,10,0
2025-01-15 06:13:11.000+05:30,42.02,714.56,29.06,4.23,1.56,5,27.7,5.34,10,0
2025-01-15 06:13:12.000+05:30,58.84,453.28,27.02,7.45,4.72,20,27.5,3.14,10,0
2025-01-15 06:13:13.000+05:30,23.55,871.86,30.01,7.25,4.23,-4,27.6,12.5,10,0
2025-01-15 06:13:14.000+05:30,64.13,672.66,20.34,9.88,3.31,8,27.8,13.59,10,0
2025-01-15 06:13:15.000+05:30,43.61,621.97,30.42,8.65,3.21,-23,27.6,9.72,10,0
2025-01-15 06:13:16.000+05:30,53.18,271.23,23.11,8.23,1.33,14,27.6,6.45,10,0
2025-01-15 06:13:17.000+05:30,17.29,434.51,25.03,11.21,2.53,3,27.8,4.06,10,0
2025-01-15 06:13:18.000+05:30,11.84,384.04,27.54,9.88,3.91,-10,27.8,2.34,10,0
2025-01-15 06:13:19.000+05:30,59.09,698.38,23.61,9.17,4.42,7,27.6,1.34,10,0
2025-01-15 06:13:20.000+05:30,16.05,347.65,23.38,10.01,2.85,-20,27.5,12.89,10,0
2025-01-15 06:13:21.000+05:30,16.74,401.51,22.26,11.07,4,3,27.8,11.64,10,0
2025-01-15 06:13:22.000+05:30,51.89,709.45,29.63,6.76,5.72,-22,27.9,1.63,10,0
2025-01-15 06:13:23.000+05:30,37.21,459.41,24.35,10.35,5.57,18,27.9,8.37,10,0
2025-01-15 06:13:24.000+05:30,17.85,455,28.93,4.07,1.23,14,27.6,9.72,10,0
2025-01-15 06:13:25.000+05:30,14.9,343.34,20.94,9.22,4.97,19,27.7,1.09,10,0
2025-01-15 06:13:26.000+05:30,34.17,385.66,20.39,8.94,3.88,28,27.6,6.57,10,0
2025-01-15 06:13:27.000+05:30,11.17,687.26,29.05,10.04,5.74,27,27.6,2.88,10,0
2025-01-15 06:13:28.000+05:30,49.25,278.73,21.75,9.72,2.08,-8,27.6,8.12,10,0
2025-01-15 06:13:29.000+05:30,38.54,726.27,22.9,8.13,1.06,-30,27.7,8.09,10,0
2025-01-15 06:13:30.000+05:30,52.1,877.13,22.06,9.79,0.52,29,27.6,10.15,10,0
2025-01-15 06:13:31.000+05:30,38.76,712.96,24.4,8.3,3.01,-19,27.8,13.41,10,0
2025-01-15 06:13:32.000+05:30,68.82,531.42,26.17,6.67,4.84,-1,27.5,4.4,10,0
2025-01-15 06:13:33.000+05:30,15.56,747.86,28.46,8.01,0.73,-23,27.7,4.59,10,0
2025-01-15 06:13:34.000+05:30,35.79,731.15,28.24,10.57,1.79,24,27.7,5.7,10,0
2025-01-15 06:13:35.000+05:30,60.98,832.64,29.63,11.45,2.59,13,27.7,0.18,10,0
2025-01-15 06:13:36.000+05:30,13.63,540.36,27.9,3.77,1.32,7,27.9,5.61,10,0
2025-01-15 06:13:37.000+05:30,53.71,831.15,22.02,6.27,1.63,24,27.9,2.8,10,0
2025-01-15 06:13:38.000+05:30,14.73,796.39,28.7,5.51,4.57,-13,27.8,8.15,10,0
2025-01-15 06:13:39.000+05:30,57.46,863.66,24.27,9,5.92,2,27.6,13.83,10,0
2025-01-15 06:13:40.000+05:30,55.38,329.14,23.01,7.48,4.08,-24,27.8,1.88,10,0
2025-01-15 06:13:41.000+05:30,59.31,578.81,20.32,4.61,3.95,-11,27.7,4.58,10,0
2025-01-15 06:13:42.000+05:30,13.07,308.97,29.02,9.91,5.02,12,27.7,2.83,10,0
2025-01-15 06:13:43.000+05:30,38.8,607.16,29.71,7.86,0.6,-3,27.9,10.7,10,0
2025-01-15 06:13:44.000+05:30,14.51,548.07,30.23,6.98,0.71,12,27.8,2.48,10,0
2025-01-15 06:13:45.000+05:30,26.09,711.88,25.9,4.21,4.58,-23,27.7,6.82,10,0
2025-01-15 06:13:46.000+05:30,37.9,614.42,26.47,7.23,3.7,-27,27.7,2.19,10,0
2025-01-15 06:13:47.000+05:30,38.17,881.36,27.4,6.17,6.07,-29,27.7,4.49,10,0
2025-01-15 06:13:48.000+05:30,15.08,494.5,29.71,8.26,4.86,-6,27.5,8.75,10,0
2025-01-15 06:13:49.000+05:30,28.74,488.71,24.22,8.95,1.91,7,27.5,9.07,10,0
2025-01-15 06:13:50.000+05:30,50.34,816.12,21.37,4.53,3.57,12,27.8,0.52,10,0
2025-01-15 06:13:51.000+05:30,42.79,836.9,23.2,9.26,3.85,-6,27.7,13.8,10,0
2025-01-15 06:13:52.000+05:30,27.31,322.54,25.86,9.22,1.67,21,27.8,6.95,10,0
2025-01-15 06:13:53.000+05:30,28.39,653.49,24.36,6.92,3.33,20,27.5,11.86,10,0
2025-01-15 06:13:54.000+05:30,60.57,397.01,23.18,5.68,3.77,9,27.8,11.26,10,0
2025-01-15 06:13:55.000+05:30,12.79,800.28,21.14,6.03,0.88,0,27.7,11.22,10,0
2025-01-15 06:13:56.000+05:30,28.88,309.06,29.88,7.54,2.21,-10,27.6,9.29,10,0
2025-01-15 06:13:57.000+05:30,32.34,659.98,25.44,9.87,1.53,15,27.7,0.26,10,0
2025-01-15 06:13:58.000+05:30,18.75,579.49,27.93,10.42,5.85,10,27.7,3.75,10,0
2025-01-15 06:13:59.000+05:30,45.71,752.24,25.2,8.1,4.07,-7,27.7,7.31,10,0
2025-01-15 06:14:00.000+05:30,22.14,737.72,29.19,10.6,2.84,28,27.5,12.04,10,0
2025-01-15 06:14:01.000+05:30,19.82,523.96,29.88,8.81,1.96,-5,27.6,8.42,10,0
2025-01-15 06:14:02.000+05:30,16.45,277.73,29.56,5.79,3.27,-3,27.8,13.88,10,0
2025-01-15 06:14:03.000+05:30,9.33,361.99,21.64,5.33,5.08,-19,27.8,9.22,10,0
2025-01-15 06:14:04.000+05:30,9.66,722.38,29.39,3.5,5.61,-11,27.8,4.39,10,0
2025-01-15 06:14:05.000+05:30,63.74,520.48,24.36,8.92,1.01,16,27.8,13.2,10,0
2025-01-15 06:14:06.000+05:30,21.87,625.42,26,4.09,4.29,19,27.9,8.13,10,0
2025-01-15 06:14:07.000+05:30,22.86,826.12,22.86,4.1,5.1,7,27.8,4.61,10,0
2025-01-15 06:14:08.000+05:30,57.77,736.13,31.23,4.96,1.11,-13,27.7,3,10,0
2025-01-15 06:14:09.000+05:30,23.02,637.27,25.88,6.37,5.91,-3,27.7,4.43,10,0
2025-01-15 06:14:10.000+05:30,22.52,437.75,29.41,4.3,3.21,-11,27.5,5.15,10,0
2025-01-15 06:14:11.000+05:30,67.91,647.72,30.1,8.96,5.86,20,27.8,9.67,10,0
2025-01-15 06:14:12.000+05:30,22.94,506.2,27.67,9.31,5.65,4,27.8,9.59,10,0
2025-01-15 06:14:13.000+05:30,61.03,508.62,30.92,6.54,6.07,-25,27.9,3.58,10,0
2025-01-15 06:14:14.000+05:30,54.67,450.35,30.31,4.44,3,21,27.8,4.44,10,0
2025-01-15 06:14:15.000+05:30,32.6,281.68,30.4,10.41,5.86,-4,27.9,6.6,10,0
2025-01-15 06:14:16.000+05:30,27.96,530.31,31.02,3.9,1.41,-26,27.6,3.65,10,0
2025-01-15 06:14:17.000+05:30,44.93,780.59,28.85,7.08,0.66,11,27.6,0.73,10,0
2025-01-15 06:14:18.000+05:30,34.93,670.3,20.04,4.8,2.24,-23,27.6,8.06,10,0
2025-01-15 06:14:19.000+05:30,39.53,880.59,29.97,9.87,5.33,20,27.9,9.6,10,0
2025-01-15 06:14:20.000+05:30,35.44,819.04,21.6,4.56,3.88,-12,27.6,4.59,10,0
2025-01-15 06:14:21.000+05:30,33.11,376.41,30.52,11.5,5.54,30,27.5,3.14,10,0
2025-01-15 06:14:22.000+05:30,42.19,651.68,22.74,3.8,3.14,24,27.6,3.66,10,0
2025-01-15 06:14:23.000+05:30,32.27,534.5,23.12,3.8,2.6,-23,27.5,13.26,10,0
2025-01-15 06:14:24.000+05:30,40.13,754.95,31.14,10.45,3.32,-17,27.6,3.14,10,0
2025-01-15 06:14:25.000+05:30,61.3,760.56,23.46,7.45,1.24,8,27.6,11.99,10,0
2025-01-15 06:14:26.000+05:30,58.92,725.09,22.27,4.62,5.02,-14,27.6,0.4,10,0
2025-01-15 06:14:27.000+05:30,35.41,418.92,26.99,8.83,0.99,25,27.6,6.56,10,0
2025-01-15 06:14:28.000+05:30,50.66,699.59,28.56,9.38,4.7,-24,27.7,3.59,10,0
2025-01-15 06:14:29.000+05:30,10.28,855.88,25.65,6.19,3.96,21,27.7,9.39,10,0
2025-01-15 06:14:30.000+05:30,54.14,289.13,23.04,8.58,2.22,-7,27.6,5.53,10,0
2025-01-15 06:14:31.000+05:30,63.21,286.32,22.15,4.53,3.31,-1,27.6,4.75,10,0
2025-01-15 06:14:32.000+05:30,26.99,599.47,21.7,4.05,0.75,25,27.9,1.79,10,0
2025-01-15 06:14:33.000+05:30,24.7,490.78,25.16,11.13,2,29,27.6,11.61,10,0
2025-01-15 06:14:34.000+05:30,26.72,831.31,23.79,11.95,4.85,24,27.9,2.12,10,0
2025-01-15 06:14:35.000+05:30,47.11,541.59,22.27,3.49,1.54,-20,27.8,6.58,10,0
2025-01-15 06:14:36.000+05:30,34.5,896.93,31.13,3.37,2.53,1,27.7,9.93,10,0
2025-01-15 06:14:37.000+05:30,14.09,720.65,21.78,6.15,1.66,23,27.6,3.98,10,0
2025-01-15 06:14:38.000+05:30,39.05,434.59,30.69,8.27,3.83,3,27.8,13.6,10,0
2025-01-15 06:14:39.000+05:30,18.38,849.06,22.95,7.48,1.04,-12,27.8,4.6,10,0
2025-01-15 06:14:40.000+05:30,49.88,512.27,27.08,11.56,5.27,-25,27.7,2.15,10,0
2025-01-15 06:14:41.000+05:30,51.59,567.11,27.54,5.42,4.25,-28,27.8,4.61,10,0
2025-01-15 06:14:42.000+05:30,66.91,467.95,28.78,9.61,5.96,-17,27.8,7.97,10,0
2025-01-15 06:14:43.000+05:30,57.5,441.09,29.58,9.69,3.62,-25,27.7,8.43,10,0
2025-01-15 06:14:44.000+05:30,18.21,877.63,30.39,3.8,5.36,19,27.7,2.28,10,0
2025-01-15 06:14:45.000+05:30,47.77,870.84,21.85,5.69,5.07,28,27.6,10.3,10,0
2025-01-15 06:14:46.000+05:30,50.15,344.02,27.99,10.49,3.42,26,27.7,6.85,10,0
2025-01-15 06:14:47.000+05:30,23.91,644.22,21.08,6.8,2.6,10,27.7,2.61,10,0
2025-01-15 06:14:48.000+05:30,9.55,478.72,25.56,5.02,4.41,1,27.7,2.17,10,0
2025-01-15 06:14:49.000+05:30,47.78,313.74,25.62,3.71,5.07,-22,27.8,4.21,10,0
2025-01-15 06:14:50.000+05:30,25.93,419.14,25.13,8.12,3.64,2,27.5,12.84,10,0
2025-01-15 06:14:51.000+05:30,33.77,320.47,27.93,8.12,1.94,-25,27.8,3.57,10,0
2025-01-15 06:14:52.000+05:30,8.02,733.93,25.55,10.08,5.3,-4,27.9,0.63,10,0
2025-01-15 06:14:53.000+05:30,25.75,635.81,25.46,9.03,4.06,28,27.8,3.71,10,0
2025-01-15 06:14:54.000+05:30,18.79,378.46,28.96,8.44,5.47,4,27.5,1.49,10,0
2025-01-15 06:14:55.000+05:30,31.88,268.51,27.87,7.14,2.81,17,27.7,9.21,10,0
2025-01-15 06:14:56.000+05:30,37.66,655.84,31.69,6.25,4.34,-5,27.8,9.66,10,0
2025-01-15 06:14:57.000+05:30,12.52,346.47,22.29,10.34,4.47,-29,27.6,2.64,10,0
2025-01-15 06:14:58.000+05:30,47.86,675.83,25.23,8.63,5,-11,27.8,2.67,10,0
2025-01-15 06:14:59.000+05:30,16.33,530,21.4,11.12,4.71,1,27.7,6.23,10,0
2025-01-15 06:15:00.000+05:30,61.17,634.54,22.42,8.12,5.25,-30,27.5,0.71,10,0
2025-01-15 06:15:01.000+05:30,60.4,536.34,24.99,7.46,3.8,-12,27.5,10.24,10,0
2025-01-15 06:15:02.000+05:30,32.18,588.55,28.7,11.42,5.66,-16,27.8,12.15,10,0
2025-01-15 06:15:03.000+05:30,40.28,530.08,23.79,3.57,5.59,0,27.5,5.84,10,0
2025-01-15 06:15:04.000+05:30,46.23,673.56,25.38,6.93,1.42,0,27.6,10.17,10,0
2025-01-15 06:15:05.000+05:30,21.62,400.61,30.91,6.05,3.93,12,27.7,11.79,10,0
2025-01-15 06:15:06.000+05:30,62.64,722.72,24.68,6.75,5.86,-7,27.8,9.14,10,0
2025-01-15 06:15:07.000+05:30,57.38,800.5,27.46,5.54,4.77,-22,27.6,9.34,10,0
2025-01-15 06:15:08.000+05:30,16.85,575,29.52,11.49,3.31,5,27.5,3.29,10,0
2025-01-15 06:15:09.000+05:30,8.14,823.78,24.28,4.43,5.22,-28,27.8,12.52,10,0
2025-01-15 06:15:10.000+05:30,28.28,332.94,22.72,8.06,3.27,20,27.6,13.91,10,0
2025-01-15 06:15:11.000+05:30,9.94,821.74,23.21,4.36,4.43,12,27.5,7.22,10,0
2025-01-15 06:15:12.000+05:30,10.18,865.61,29.59,11.66,4.81,20,27.7,13.65,10,0
2025-01-15 06:15:13.000+05:30,56.28,866.33,29.88,3.38,1.1,25,27.6,8.82,10,0
2025-01-15 06:15:14.000+05:30,29.78,726.14,28.5,9.86,3.34,-21,27.8,12.19,10,0
2025-01-15 06:15:15.000+05:30,28.08,348.17,30.18,6.95,2.87,-15,27.8,10.77,10,0
2025-01-15 06:15:16.000+05:30,36.84,443.53,22.06,5.39,4.58,10,27.8,5.81,10,0
2025-01-15 06:15:17.000+05:30,16.55,742.24,25.06,5.05,5.07,-4,27.9,5.79,10,0
2025-01-15 06:15:18.000+05:30,66.97,590.34,28.19,11.49,3.02,15,27.8,10.78,10,0
2025-01-15 06:15:19.000+05:30,66.45,314.26,23.78,11.84,1.44,18,27.5,0.86,10,0
2025-01-15 06:15:20.000+05:30,65.12,356.61,26.89,11.8,6.09,26,27.7,11.19,10,0
2025-01-15 06:15:21.000+05:30,25.63,517.28,28.17,7.98,2.23,28,27.6,10.4,10,0
2025-01-15 06:15:22.000+05:30,59.1,836.13,27.32,4.32,2.8,26,27.7,9.01,10,0
2025-01-15 06:15:23.000+05:30,56.67,677.3,28.37,10.99,4.95,-18,27.9,5.66,10,0
2025-01-15 06:15:24.000+05:30,12.31,603.96,24.68,9.47,5.52,4,27.6,7.29,10,0
2025-01-15 06:15:25.000+05:30,12.85,613.14,26.26,9.81,1.41,20,27.7,0.39,10,0
2025-01-15 06:15:26.000+05:30,23.3,792.63,23.65,6.8,3.38,23,27.6,10.25,10,0
2025-01-15 06:15:27.000+05:30,46.5,486.86,20.57,8.86,1.21,17,27.5,4.17,10,0
2025-01-15 06:15:28.000+05:30,28.36,411.1,28.95,8.23,4.57,12,27.7,13.13,10,0
2025-01-15 06:15:29.000+05:30,44.52,484.22,23.41,10.06,4.57,15,27.7,9.41,10,0
2025-01-15 06:15:30.000+05:30,53.46,327.35,26.2,4.73,4.94,-21,27.8,6.36,10,0
2025-01-15 06:15:31.000+05:30,59.19,312.45,20.75,11,3.21,-7,27.8,6.25,10,0
2025-01-15 06:15:32.000+05:30,32.37,617.74,29.35,10.85,3.83,-2,27.8,8.91,10,0
2025-01-15 06:15:33.000+05:30,66.71,728.3,25,4.47,3.38,-1,27.6,6.79,10,0
2025-01-15 06:15:34.000+05:30,51.39,812.49,21.42,4.91,3.2,30,27.7,10.45,10,0
2025-01-15 06:15:35.000+05:30,65.07,336.01,30.23,3.99,2.61,3,27.6,4.05,10,0
2025-01-15 06:15:36.000+05:30,30.4,894.25,23.64,7.37,5.01,7,27.7,1.99,10,0
2025-01-15 06:15:37.000+05:30,66.02,455.3,23.4,4.65,4.72,5,27.6,0.03,10,0
2025-01-15 06:15:38.000+05:30,61.84,527.25,26.88,8.09,5.63,0,27.8,10.94,10,0
2025-01-15 06:15:39.000+05:30,59.52,345,21.66,8.73,4.84,-21,27.8,9.34,10,0
2025-01-15 06:15:40.000+05:30,27.49,771.88,27.97,6.69,1.83,4,27.5,5.54,10,0
2025-01-15 06:15:41.000+05:30,49.24,543.58,23.33,3.8,1.44,10,27.8,0.35,10,0
2025-01-15 06:15:42.000+05:30,51.57,619.07,21.49,8.03,1.6,6,27.8,8.66,10,0
2025-01-15 06:15:43.000+05:30,67.31,593.92,29.01,7.52,0.61,4,27.6,9.22,10,0
2025-01-15 06:15:44.000+05:30,8.2,763.52,22.94,9.35,5.56,21,27.7,6.22,10,0
2025-01-15 06:15:45.000+05:30,27.19,636.89,25.9,11.4,2.44,-29,27.8,2.53,10,0
2025-01-15 06:15:46.000+05:30,27,424.59,21.38,3.89,1.46,-14,27.8,2.02,10,0
2025-01-15 06:15:47.000+05:30,16.72,869.39,28.14,3.53,5.98,15,27.5,2.54,10,0
2025-01-15 06:15:48.000+05:30,31.57,464.83,24.95,5.92,2.64,-23,27.5,11.59,10,0
2025-01-15 06:15:49.000+05:30,22.1,642.08,22.84,7.58,3.38,-13,27.5,13.29,10,0
2025-01-15 06:15:50.000+05:30,36.28,520.53,25.81,6.67,1.83,-13,27.7,12.41,10,0
2025-01-15 06:15:51.000+05:30,43.93,324.97,29.16,8.86,1.22,-2,27.5,7.96,10,0
2025-01-15 06:15:52.000+05:30,47.06,390.21,31.61,6.36,6.12,4,27.9,10.95,10,0
2025-01-15 06:15:53.000+05:30,67.57,615.3,20.5,10.31,5.98,11,27.9,8.69,10,0
2025-01-15 06:15:54.000+05:30,7.03,857.44,25.79,8.38,5.29,-8,27.8,5.32,10,0
2025-01-15 06:15:55.000+05:30,20.4,798.04,23.38,4.45,3.54,-25,27.7,0.98,10,0
2025-01-15 06:15:56.000+05:30,14.75,349.38,26.68,5.52,2.96,21,27.6,8.55,10,0
2025-01-15 06:15:57.000+05:30,49.97,479.29,23.14,9.77,3.08,-10,27.6,3.44,10,0
2025-01-15 06:15:58.000+05:30,35.97,643.69,20.19,9.23,4.18,0,27.5,0.03,10,0
2025-01-15 06:15:59.000+05:30,7.6,371.06,26.67,9.27,3.29,-25,27.8,5.5,10,0
2025-01-15 06:16:00.000+05:30,47.89,309.61,20.37,10.49,4.33,-8,27.9,9.41,10,0
2025-01-15 06:16:01.000+05:30,30.71,644.84,24.64,10.55,5.13,-23,27.7,13.77,10,0
2025-01-15 06:16:02.000+05:30,65.98,544.53,22.66,3.18,2.1,-8,27.6,12.9,10,0
2025-01-15 06:16:03.000+05:30,58.43,660.15,29.7,4.99,6.09,-28,27.6,13.54,10,0
2025-01-15 06:16:04.000+05:30,63.98,712.46,22.51,4.76,5.18,25,27.6,5.55,10,0
2025-01-15 06:16:05.000+05:30,38.52,369.11,22.33,9.65,4.33,-19,27.5,8.44,10,0
2025-01-15 06:16:06.000+05:30,15.08,301.63,23.12,8.13,1.8,20,27.6,7.32,10,0
2025-01-15 06:16:07.000+05:30,60.4,274.8,31.64,9.1,4,26,27.7,9.53,10,0
2025-01-15 06:16:08.000+05:30,66.09,670.22,31.32,3.47,5.85,-4,27.6,6.06,10,0
2025-01-15 06:16:09.000+05:30,49.85,558.62,24.34,9.83,5.54,-13,27.9,3.14,10,0
2025-01-15 06:16:10.000+05:30,40.54,462.39,24.7,6.01,5.52,17,27.6,11.31,10,0
2025-01-15 06:16:11.000+05:30,50.44,872.98,31,4.77,2.38,10,27.5,0.88,10,0
2025-01-15 06:16:12.000+05:30,37.24,777.16,27.11,8.64,2.41,-24,27.7,3.51,10,0
2025-01-15 06:16:13.000+05:30,67.4,792.81,29.86,7.68,1.85,8,27.7,1.02,10,0
2025-01-15 06:16:14.000+05:30,55.14,660.22,26.95,3.77,0.85,-10,27.9,0.47,10,0
2025-01-15 06:16:15.000+05:30,50.68,760.89,20.74,10.22,0.81,-3,27.5,8.55,10,0
2025-01-15 06:16:16.000+05:30,49.69,617.93,23.54,6.43,1.05,-16,27.8,10.53,10,0
2025-01-15 06:16:17.000+05:30,56.61,659.37,25.44,7.18,2.94,-24,27.6,8.68,10,0
2025-01-15 06:16:18.000+05:30,66.07,761.07,25.45,5.95,1.6,8,27.8,1.44,10,0
2025-01-15 06:16:19.000+05:30,44.35,798.1,30.85,4.13,3.4,0,27.8,4.98,10,0
2025-01-15 06:16:20.000+05:30,35.01,415.62,29.56,3.54,2.28,11,27.8,6.1,10,0
2025-01-15 06:16:21.000+05:30,26.6,826.54,29.31,4.33,2.26,-7,27.9,4.8,10,0
2025-01-15 06:16:22.000+05:30,39.61,680.91,21.74,5.14,5.17,-27,27.7,7.83,10,0
2025-01-15 06:16:23.000+05:30,19.31,388.24,30.9,10.07,2.45,14,27.8,9.35,10,0
2025-01-15 06:16:24.000+05:30,36.45,703.14,30.22,8.09,2.41,-9,27.6,4.19,10,0
2025-01-15 06:16:25.000+05:30,35.62,765.08,20.51,4.97,0.52,-16,27.7,3.12,10,0
2025-01-15 06:16:26.000+05:30,20.43,567.68,29.22,10.33,5.1,-5,27.6,5.26,10,0
2025-01-15 06:16:27.000+05:30,69.36,492.2,20.88,3.27,1.16,-18,27.8,4.07,10,0
2025-01-15 06:16:28.000+05:30,64.5,490.34,31.7,4.79,2.12,-14,27.8,3.07,10,0
2025-01-15 06:16:29.000+05:30,28.41,614.88,22.14,3.19,5.3,-29,27.8,12.75,10,0
2025-01-15 06:16:30.000+05:30,15.65,679.12,30.62,6.05,1.7,-7,27.8,6.39,10,0
2025-01-15 06:16:31.000+05:30,48.64,862.34,31.73,11.98,5.53,-26,27.5,12.3,10,0
2025-01-15 06:16:32.000+05:30,62.61,343.71,22.28,7.79,4.46,-3,27.9,4.45,10,0
2025-01-15 06:16:33.000+05:30,22.41,289.56,27.39,4.7,3.55,-10,27.6,11.05,10,0
2025-01-15 06:16:34.000+05:30,46.66,439.25,21.52,7.57,3.83,16,27.5,6.85,10,0
2025-01-15 06:16:35.000+05:30,36.65,684.64,20.78,7.58,4.78,2,27.6,9.03,10,0
2025-01-15 06:16:36.000+05:30,39.69,374.56,28.55,7.73,3.25,0,27.6,13.38,10,0
2025-01-15 06:16:37.000+05:30,32.26,849.56,27.01,3.33,1.75,25,27.6,2.84,10,0
2025-01-15 06:16:38.000+05:30,20.77,532.01,24.52,4.41,5.3,-25,27.6,3.56,10,0
2025-01-15 06:16:39.000+05:30,12.29,544.48,24.22,8.26,3.15,-3,27.7,8.7,10,0
2025-01-15 06:16:40.000+05:30,34.25,495.21,25.97,5.46,0.64,-14,27.8,6.18,10,0
2025-01-15 06:16:41.000+05:30,29.62,312.75,30.11,7.62,4.17,29,27.6,11,10,0
2025-01-15 06:16:42.000+05:30,14.47,490.55,26.55,6,4.35,17,27.8,3.5,10,0
2025-01-15 06:16:43.000+05:30,50.06,435.66,28.47,11.98,6.19,17,27.7,10.53,10,0
2025-01-15 06:16:44.000+05:30,23.45,752.85,23.38,6.12,6.18,22,27.7,13.24,10,0
2025-01-15 06:16:45.000+05:30,48.28,562.08,26.15,9.85,1.35,-16,27.8,5.57,10,0
2025-01-15 06:16:46.000+05:30,20.22,409.58,27.04,7.97,3.17,-9,27.8,11.4,10,0
2025-01-15 06:16:47.000+05:30,26.72,380.22,29.24,9.28,1.69,5,27.5,6.3,10,0
2025-01-15 06:16:48.000+05:30,15.75,819.2,23.67,9.64,3.35,-8,27.6,9.22,10,0
2025-01-15 06:16:49.000+05:30,33.41,698.89,24.84,10.01,3.56,-29,27.7,4.57,10,0
2025-01-15 06:16:50.000+05:30,9.03,349.05,31.73,11.95,3.74,28,27.7,11.19,10,0
2025-01-15 06:16:51.000+05:30,61.62,887.31,22.45,6.52,3.55,-24,27.6,2.64,10,0
2025-01-15 06:16:52.000+05:30,67.6,668.96,23.66,4.54,4.35,22,27.8,2.49,10,0
2025-01-15 06:16:53.000+05:30,37.78,379.48,20.83,11.67,2.12,12,27.7,3.26,10,0
2025-01-15 06:16:54.000+05:30,35.64,495.94,20.13,5.94,5.69,-23,27.6,5.48,10,0
2025-01-15 06:16:55.000+05:30,33.36,735.61,24.67,11.13,1.68,-11,27.7,12.19,10,0
2025-01-15 06:16:56.000+05:30,51.71,563.86,27.24,11.45,3.85,13,27.7,7.03,10,0
2025-01-15 06:16:57.000+05:30,19.71,894.29,25.35,10.42,3.95,-9,27.9,3.46,10,0
2025-01-15 06:16:58.000+05:30,62.39,554.53,26.91,9.64,2.14,-1,27.6,12.33,10,0
2025-01-15 06:16:59.000+05:30,60.09,767.1,24.69,10.41,5.34,-19,27.9,5.81,10,0
2025-01-15 06:17:00.000+05:30,53.19,553.01,30.93,4.65,3.74,30,27.5,5.51,10,0
2025-01-15 06:17:01.000+05:30,62.79,361.08,30.59,7.84,4.3,16,27.8,0.93,10,0
2025-01-15 06:17:02.000+05:30,20.69,575.83,31.91,7.98,6.17,-24,27.7,1.07,10,0
2025-01-15 06:17:03.000+05:30,56.11,522.46,21.98,4.87,0.75,10,27.8,0.37,10,0
2025-01-15 06:17:04.000+05:30,54.23,503.94,28.95,10.7,2.76,-23,27.8,0.15,10,0
2025-01-15 06:17:05.000+05:30,15.6,688.99,25.57,7.15,0.97,15,27.9,9.2,10,0
2025-01-15 06:17:06.000+05:30,15.84,785.07,30.1,4.54,0.6,-12,27.5,1.41,10,0
2025-01-15 06:17:07.000+05:30,53.71,367.81,28.06,3.1,2.06,-19,27.6,6.17,10,0
2025-01-15 06:17:08.000+05:30,9.17,692.03,22.59,9.27,5.27,11,27.8,11.36,10,0
2025-01-15 06:17:09.000+05:30,48.58,325.79,28.28,7,3.91,-6,27.8,0.68,10,0
2025-01-15 06:17:10.000+05:30,65.52,499.77,22.86,3.82,2.9,-9,27.8,13.85,10,0
2025-01-15 06:17:11.000+05:30,49.84,300.43,31.5,3.87,5.26,16,27.6,9.3,10,0
2025-01-15 06:17:12.000+05:30,33.19,328.92,23.93,8.06,1.58,4,27.7,2.9,10,0
2025-01-15 06:17:13.000+05:30,33.96,408.74,21.27,5.91,0.59,-30,27.7,9.16,10,0
2025-01-15 06:17:14.000+05:30,35.9,302.25,29.78,8.85,2.6,-17,27.7,0.94,10,0
2025-01-15 06:17:15.000+05:30,55.36,579.73,31.89,9.41,5.01,6,27.6,12.91,10,0
2025-01-15 06:17:16.000+05:30,67.42,643.91,31.78,9.27,4.36,14,27.6,13.61,10,0
2025-01-15 06:17:17.000+05:30,18.05,747.5,28.25,11.8,4.3,-29,27.7,0.95,10,0
2025-01-15 06:17:18.000+05:30,43.86,504.72,27.69,5.09,3.85,-16,27.5,13.84,10,0
2025-01-15 06:17:19.000+05:30,54.81,339.4,22.84,6.86,1.89,-22,27.6,1.11,10,0
2025-01-15 06:17:20.000+05:30,25.69,357.07,22.45,3.34,5.76,30,27.7,8.37,10,0
2025-01-15 06:17:21.000+05:30,62.27,345.93,23.81,10.08,0.73,-4,27.8,11.08,10,0
2025-01-15 06:17:22.000+05:30,25.17,275.16,30.16,5.98,1.88,28,27.9,7.55,10,0
2025-01-15 06:17:23.000+05:30,69.27,772.93,28.36,5,5.47,-19,27.7,7.3,10,0
2025-01-15 06:17:24.000+05:30,7.38,816.71,20.84,4.73,4.12,-17,27.6,1.98,10,0
2025-01-15 06:17:25.000+05:30,17.94,611.26,29.54,4.84,3.39,-1,27.6,5.97,10,0
2025-01-15 06:17:26.000+05:30,52.47,416.75,22.12,5.24,2.13,10,27.6,6.28,10,0
2025-01-15 06:17:27.000+05:30,61.33,567.95,31.41,6.24,2.65,-3,27.7,6.59,10,0
2025-01-15 06:17:28.000+05:30,53.3,746.61,29.84,10.14,0.61,24,27.5,5.34,10,0
2025-01-15 06:17:29.000+05:30,64.11,452.15,26.45,7.98,1.5,-11,27.7,5.33,10,0
2025-01-15 06:17:30.000+05:30,30.63,647.86,20.86,4.23,3.17,-18,27.5,2.17,10,0
2025-01-15 06:17:31.000+05:30,61.28,727.44,24.49,6.64,2.87,17,27.6,5.53,10,0
2025-01-15 06:17:32.000+05:30,37.84,670.27,27.06,6.68,0.72,-6,27.9,12.9,10,0
2025-01-15 06:17:33.000+05:30,17.23,748.29,31.49,9.94,4.78,15,27.7,4.88,10,0
2025-01-15 06:17:34.000+05:30,50.37,705.73,27.81,11.34,4.69,-28,27.9,3.39,10,0
2025-01-15 06:17:35.000+05:30,29.77,712.2,20.34,8.99,1.34,30,27.8,8.48,10,0
2025-01-15 06:17:36.000+05:30,23.02,645.38,31.42,10.57,0.57,11,27.8,10.79,10,0
2025-01-15 06:17:37.000+05:30,31.21,711.88,31.69,3.72,5.69,-20,27.8,12.26,10,0
2025-01-15 06:17:38.000+05:30,22.93,453.42,31.61,8.93,2.68,-4,27.8,4.31,10,0
2025-01-15 06:17:39.000+05:30,65.23,816.43,21.31,8.15,5.05,-13,27.8,11.4,10,0
2025-01-15 06:17:40.000+05:30,65.59,514.7,23.7,11.88,5.15,-26,27.8,0.02,10,0
2025-01-15 06:17:41.000+05:30,33.32,526.78,23.46,6.88,1.51,-22,27.6,2.61,10,0
2025-01-15 06:17:42.000+05:30,18.47,867.03,25.41,10.33,1.56,-19,27.8,0.83,10,0
2025-01-15 06:17:43.000+05:30,19.09,889.09,30.46,6.97,5.7,10,27.6,1.53,10,0
2025-01-15 06:17:44.000+05:30,25.47,501.75,23.32,6.08,3.84,13,27.8,6.69,10,0
2025-01-15 06:17:45.000+05:30,7.6,430.29,31.46,8.99,5,-17,27.7,0.59,10,0
2025-01-15 06:17:46.000+05:30,7.46,645.91,31.84,9.85,5.81,-9,27.7,6.63,10,0
2025-01-15 06:17:47.000+05:30,28.2,696.39,24.12,5.84,1.87,-5,27.7,5.06,10,0
2025-01-15 06:17:48.000+05:30,10.61,487.86,23.96,3.9,3.1,16,27.8,9.78,10,0
2025-01-15 06:17:49.000+05:30,65.28,276.44,21.47,7.78,5.92,-15,27.6,10.52,10,0
2025-01-15 06:17:50.000+05:30,45.96,681.68,25.7,6.72,1.57,30,27.8,13.81,10,0
2025-01-15 06:17:51.000+05:30,8.05,490.53,20.55,10.27,2.36,8,27.7,6.22,10,0
2025-01-15 06:17:52.000+05:30,53.57,768.13,24.18,11.45,5.87,12,27.8,6.67,10,0
2025-01-15 06:17:53.000+05:30,64.03,729.94,23.53,4.76,1.32,6,27.8,7.28,10,0
2025-01-15 06:17:54.000+05:30,52.15,280.32,25.98,3.78,5.24,25,27.7,13.95,10,0
2025-01-15 06:17:55.000+05:30,63.47,871.23,25.79,7.87,1.89,30,27.8,2.39,10,0
2025-01-15 06:17:56.000+05:30,12.63,538.33,28.59,4.44,5.8,19,27.6,12.64,10,0
2025-01-15 06:17:57.000+05:30,52.31,686.2,31.42,9.04,4.29,10,27.8,12.92,10,0
2025-01-15 06:17:58.000+05:30,12.7,702.74,30.46,11.39,4.87,11,27.6,8.41,10,0
2025-01-15 06:17:59.000+05:30,64.34,735.5,28.7,8.89,4.97,-3,27.8,13.53,10,0
2025-01-15 06:18:00.000+05:30,21.08,334.04,21.05,3.8,4.72,17,27.9,13.12,10,0
2025-01-15 06:18:01.000+05:30,43.09,341.55,23.76,6.42,4.7,7,27.7,4.35,10,0
2025-01-15 06:18:02.000+05:30,60.37,887.1,23.84,6.29,4.37,3,27.8,11.15,10,0
2025-01-15 06:18:03.000+05:30,44.22,328.21,20.11,10.67,2.3,-12,27.8,11.43,10,0
2025-01-15 06:18:04.000+05:30,38.49,551.7,27.22,4.31,4.29,14,27.5,11.22,10,0
2025-01-15 06:18:05.000+05:30,27.17,581.52,28.26,5.46,5.33,10,27.8,8.04,10,0
2025-01-15 06:18:06.000+05:30,38.19,710.65,24.52,11.83,2.4,-17,27.8,11.59,10,0
2025-01-15 06:18:07.000+05:30,65.87,404.05,28.83,11.31,4.92,16,27.7,11.99,10,0
2025-01-15 06:18:08.000+05:30,69.02,681.92,30.18,11.92,3.62,13,27.7,4.72,10,0
2025-01-15 06:18:09.000+05:30,28.94,510.47,20.86,9.54,2.11,14,27.8,12.92,10,0
2025-01-15 06:18:10.000+05:30,31.81,343.78,29.03,8.22,5.09,15,27.6,11.9,10,0
2025-01-15 06:18:11.000+05:30,48.24,629.38,25.3,7.34,5.61,21,27.8,2.94,10,0
2025-01-15 06:18:12.000+05:30,53.33,265.84,28.71,8.18,4.37,-21,27.7,13.84,10,0
2025-01-15 06:18:13.000+05:30,68.91,694.84,22.02,3.51,2.53,30,27.5,6.63,10,0
2025-01-15 06:18:14.000+05:30,68.76,676.06,27.12,11.73,4.07,-28,27.5,5.66,10,0
2025-01-15 06:18:15.000+05:30,31.99,453.72,27.15,4.55,4.75,20,27.8,10.86,10,0
2025-01-15 06:18:16.000+05:30,12.65,556.75,29.82,6.44,4.1,-30,27.5,6.23,10,0
2025-01-15 06:18:17.000+05:30,12.21,573.1,28.03,7.59,0.63,6,27.7,8.02,10,0
2025-01-15 06:18:18.000+05:30,50.7,320.51,27.11,6.46,6.2,-11,27.7,9.84,10,0
2025-01-15 06:18:19.000+05:30,13.26,300.64,30.91,10.16,1.55,-29,27.7,11.38,10,0
2025-01-15 06:18:20.000+05:30,58.5,761.42,26.36,3.58,5.27,22,27.8,7.55,10,0
2025-01-15 06:18:21.000+05:30,14.82,741.91,31.59,11.08,1.53,-19,27.5,8.39,10,0
2025-01-15 06:18:22.000+05:30,35.18,461.15,20.47,8.18,4.22,-14,27.8,1.23,10,0
2025-01-15 06:18:23.000+05:30,9.21,887.15,26.07,6.27,3.6,30,27.8,5.92,10,0
2025-01-15 06:18:24.000+05:30,22.65,289.55,31.35,11.14,2.17,-22,27.7,7.48,10,0
2025-01-15 06:18:25.000+05:30,50.79,594.51,31.83,6.17,3.57,-24,27.8,2.94,10,0
2025-01-15 06:18:26.000+05:30,9.82,283.51,21.7,10.7,1.73,5,27.6,1.88,10,0
2025-01-15 06:18:27.000+05:30,29.62,342.23,27.47,3.67,1.95,27,27.6,5.34,10,0
2025-01-15 06:18:28.000+05:30,35.73,864.63,28.12,11.46,1.32,10,27.8,2.85,10,0
2025-01-15 06:18:29.000+05:30,69.71,705.95,22.31,6.35,4.25,8,27.6,11.49,10,0
2025-01-15 06:18:30.000+05:30,58.76,462.47,29.45,6.41,5.99,-13,27.5,3.46,10,0
2025-01-15 06:18:31.000+05:30,13.93,610.96,20.79,8.76,2.57,-13,27.6,4.67,10,0
2025-01-15 06:18:32.000+05:30,57.28,435.13,21.18,11.82,1.77,20,27.9,13.32,10,0
2025-01-15 06:18:33.000+05:30,18.07,726.13,23.68,10.39,3.29,14,27.7,7.41,10,0
2025-01-15 06:18:34.000+05:30,24.77,433.47,21.19,3.43,2.31,-19,27.6,10.53,10,0
2025-01-15 06:18:35.000+05:30,53.7,879.52,26.38,8.35,5.34,-22,27.6,6.68,10,0
2025-01-15 06:18:36.000+05:30,50.26,716.46,27.89,4.28,3.74,28,27.8,3.74,10,0
2025-01-15 06:18:37.000+05:30,68.39,712.8,22.99,8.48,4.53,-8,27.8,2.56,10,0
2025-01-15 06:18:38.000+05:30,38.64,436.53,25.13,11.48,5.52,-11,27.8,11.4,10,0
2025-01-15 06:18:39.000+05:30,12.48,455.62,29.25,10.61,4.12,-15,27.9,1.07,10,0
2025-01-15 06:18:40.000+05:30,17.4,296.74,28.92,7.99,3.31,30,27.7,12.24,10,0
2025-01-15 06:18:41.000+05:30,39.05,727.71,25.76,7.64,6.19,14,27.5,12.43,10,0
2025-01-15 06:18:42.000+05:30,7.88,381.72,29.98,3.07,2.92,-8,27.6,7.48,10,0
2025-01-15 06:18:43.000+05:30,53.56,868.56,29.88,10.92,3.51,8,27.7,8.53,10,0
2025-01-15 06:18:44.000+05:30,17.62,855.32,29.16,11.13,1.5,-22,27.7,5.14,10,0
2025-01-15 06:18:45.000+05:30,67.01,530.54,24.55,6.36,1.15,-15,27.8,12.8,10,0
2025-01-15 06:18:46.000+05:30,60.6,809,23.48,7.35,2.01,10,27.7,0.03,10,0
2025-01-15 06:18:47.000+05:30,20.7,455.08,31.2,8.79,5.21,-1,27.9,0.5,10,0
2025-01-15 06:18:48.000+05:30,60.45,296.8,20.07,7.14,2.2,-8,27.9,1.5,10,0
2025-01-15 06:18:49.000+05:30,18.73,486.9,21.22,7.43,0.98,-21,27.7,7.2,10,0
2025-01-15 06:18:50.000+05:30,64.53,264.42,29.23,5.25,3.18,-7,27.7,5.24,10,0
2025-01-15 06:18:51.000+05:30,18.48,779.39,21.3,6.95,5.28,-8,27.8,2.27,10,0
2025-01-15 06:18:52.000+05:30,7.37,825.49,28.51,4,2.12,-4,27.8,1.87,10,0
2025-01-15 06:18:53.000+05:30,63.76,362.6,22.39,7.31,4.29,-4,27.7,3.72,10,0
2025-01-15 06:18:54.000+05:30,38.22,696.31,21.53,9.76,4.95,16,27.9,5.6,10,0
2025-01-15 06:18:55.000+05:30,60.11,508.86,21.32,3.97,0.62,2,27.5,2.18,10,0
2025-01-15 06:18:56.000+05:30,50.12,293.31,29.96,6.87,3.9,0,27.6,0.11,10,0
2025-01-15 06:18:57.000+05:30,37.61,746.98,22.97,4.37,3.41,19,27.5,3.49,10,0
2025-01-15 06:18:58.000+05:30,23.6,708.61,28,6.86,3.2,-24,27.8,10.96,10,0
2025-01-15 06:18:59.000+05:30,38.65,375.96,31.91,8.32,4.12,-22,27.7,3.21,10,0
2025-01-15 06:19:00.000+05:30,24.25,382.99,21.75,3.16,1.64,-6,27.7,12.1,10,0
2025-01-15 06:19:01.000+05:30,26.31,665.32,22.78,6.03,3.23,11,27.5,7.14,10,0
2025-01-15 06:19:02.000+05:30,13.93,492.69,31.32,9.4,1.91,-19,27.5,12.53,10,0
2025-01-15 06:19:03.000+05:30,10.28,736.64,22.54,7.25,5.68,-19,27.6,1.41,10,0
2025-01-15 06:19:04.000+05:30,37.95,473.94,21.34,9.02,4.39,-22,27.6,10.79,10,0
2025-01-15 06:19:05.000+05:30,53.7,491.29,29.35,7.76,2.62,-17,27.7,9.1,10,0
2025-01-15 06:19:06.000+05:30,12.5,328.07,27.55,8.42,0.73,26,27.8,13.56,10,0
2025-01-15 06:19:07.000+05:30,19,710.98,31.11,3.67,3.62,16,27.7,4.8,10,0
2025-01-15 06:19:08.000+05:30,54.94,601.48,21.84,4.15,2.88,27,27.9,9.96,10,0
2025-01-15 06:19:09.000+05:30,60.77,840.36,31.7,11.05,3.06,28,27.7,10.04,10,0
2025-01-15 06:19:10.000+05:30,37.42,595.21,31.43,10.12,1.45,-22,27.6,3.84,10,0
2025-01-15 06:19:11.000+05:30,67.22,298.91,31.67,4.71,5.14,4,27.8,6.93,10,0
2025-01-15 06:19:12.000+05:30,68.21,365.93,29.01,6.46,4.94,-13,27.6,5.61,10,0
2025-01-15 06:19:13.000+05:30,7.23,626.01,27.11,3.08,5.79,2,27.8,7.18,10,0
2025-01-15 06:19:14.000+05:30,40.08,454.18,22.64,9.37,3.65,-28,27.7,2.4,10,0
2025-01-15 06:19:15.000+05:30,25.39,669.35,31.3,5.5,1.26,-27,27.8,12.23,10,0
2025-01-15 06:19:16.000+05:30,22.69,786.98,26.42,3.01,2.48,-7,27.6,8.47,10,0
2025-01-15 06:19:17.000+05:30,66.62,825.75,23.17,4.2,5.62,-27,27.8,4.13,10,0
2025-01-15 06:19:18.000+05:30,7.66,487.51,28.77,5.52,1.96,12,27.9,0.22,10,0
2025-01-15 06:19:19.000+05:30,56.03,759.53,21.28,9.71,2.68,25,27.8,9.15,10,0
2025-01-15 06:19:20.000+05:30,45.07,391.94,25.31,5.92,1.66,24,27.8,8.82,10,0
2025-01-15 06:19:21.000+05:30,16.81,408.3,28.72,6.32,5.64,-19,27.7,1.31,10,0
2025-01-15 06:19:22.000+05:30,58.38,372.71,26.84,11.49,1.53,-11,27.6,3.95,10,0
2025-01-15 06:19:23.000+05:30,18.2,512.29,27.29,3.63,0.91,28,27.8,3.43,10,0
2025-01-15 06:19:24.000+05:30,32.36,723.56,21.65,9.75,0.57,-6,27.5,1.4,10,0
2025-01-15 06:19:25.000+05:30,59.07,748.61,27.73,3.39,1.92,-21,27.9,1.17,10,0
2025-01-15 06:19:26.000+05:30,44.78,767.14,20.11,10.12,3.59,24,27.8,11.46,10,0
2025-01-15 06:19:27.000+05:30,19.75,567.47,26.75,7,1.43,-21,27.6,4.64,10,0
2025-01-15 06:19:28.000+05:30,41.24,431.17,26.52,3.19,0.75,-24,27.7,7.62,10,0
2025-01-15 06:19:29.000+05:30,59.7,350.77,30.95,3.22,2.93,11,27.6,2.06,10,0
2025-01-15 06:19:30.000+05:30,65.07,698.03,28.24,9.43,5.64,-23,27.6,6.89,10,0
2025-01-15 06:19:31.000+05:30,67.26,440.36,20.92,6,2.55,-25,27.9,12.95,10,0
2025-01-15 06:19:32.000+05:30,45.08,373.96,26.37,8.4,4.37,12,27.8,2.1,10,0
2025-01-15 06:19:33.000+05:30,46.36,443.68,30.5,5.44,3.35,-14,27.8,5.17,10,0
2025-01-15 06:19:34.000+05:30,51.81,308.88,20.03,11.4,1.35,-10,27.6,9.18,10,0
2025-01-15 06:19:35.000+05:30,35.14,769.98,31.72,10.33,1.15,16,27.6,5.98,10,0
2025-01-15 06:19:36.000+05:30,12.7,896.65,22.18,6.47,2.32,14,27.9,5.93,10,0
2025-01-15 06:19:37.000+05:30,44.91,667.43,21.66,11.5,5.75,5,27.7,5.36,10,0
2025-01-15 06:19:38.000+05:30,40.63,600.78,29.86,6.46,3.81,6,27.8,5.91,10,0
2025-01-15 06:19:39.000+05:30,58.11,400.37,21.05,6.26,1.66,-7,27.7,11.91,10,0
2025-01-15 06:19:40.000+05:30,67.33,849.38,20.71,6.14,5.34,22,27.6,12.13,10,0
2025-01-15 06:19:41.000+05:30,36,794.56,26.62,11.38,2.9,-16,27.5,2.95,10,0
2025-01-15 06:19:42.000+05:30,15.68,875.71,28.45,6.4,0.65,-7,27.5,13.51,10,0
2025-01-15 06:19:43.000+05:30,13.68,632.23,25.72,8.35,1.4,-21,27.5,2.06,10,0
2025-01-15 06:19:44.000+05:30,11.86,624.28,29.76,4.35,1.54,17,27.7,10.41,10,0
2025-01-15 06:19:45.000+05:30,66.77,560.92,28.67,7,4.18,-23,27.6,0.18,10,0
2025-01-15 06:19:46.000+05:30,62.51,280.56,29.01,7.53,0.56,13,27.9,11.66,10,0
2025-01-15 06:19:47.000+05:30,35.62,715.3,23.1,8.15,2.24,29,27.6,3.18,10,0
2025-01-15 06:19:48.000+05:30,68.31,593.76,31.74,4.13,1.71,-16,27.7,8.67,10,0
2025-01-15 06:19:49.000+05:30,58.82,884.63,27.26,3.69,4.45,11,27.8,6.68,10,0
2025-01-15 06:19:50.000+05:30,59.12,365.49,29.64,8.82,1.61,-26,27.6,1.52,10,0
2025-01-15 06:19:51.000+05:30,56.06,474.7,22.87,4.46,1.11,-30,27.8,2.97,10,0
2025-01-15 06:19:52.000+05:30,26.47,613.08,27.66,3.29,2.03,6,27.5,13.67,10,0
2025-01-15 06:19:53.000+05:30,69.15,569.64,20.58,3.84,2.26,18,27.6,13.73,10,0
2025-01-15 06:19:54.000+05:30,32.08,384.73,29.02,9.53,6.05,-24,27.6,9.84,10,0
2025-01-15 06:19:55.000+05:30,63.48,582.29,26.03,9.98,0.64,0,27.7,11.14,10,0
2025-01-15 06:19:56.000+05:30,60.68,445.68,21.82,7.17,5.55,15,27.6,1.31,10,0
2025-01-15 06:19:57.000+05:30,20.59,696.13,21.69,9.47,6.16,16,27.7,7.02,10,0
2025-01-15 06:19:58.000+05:30,39.97,751.93,25.37,4.18,2.16,30,27.7,8.73,10,0
2025-01-15 06:19:59.000+05:30,63.11,755.47,24.65,4.88,3.98,-21,27.7,1.05,10,0
2025-01-15 06:20:00.000+05:30,69.65,322.34,20.18,9.9,2.26,21,27.8,12.15,10,0
2025-01-15 06:20:01.000+05:30,12.49,320.23,23.76,11.41,1.42,-7,27.6,3.92,10,0
2025-01-15 06:20:02.000+05:30,11.48,714.82,25.53,11.88,6.08,-2,27.8,10.68,10,0
2025-01-15 06:20:03.000+05:30,15.85,339.34,26.82,3.36,5.4,24,27.7,5.61,10,0
2025-01-15 06:20:04.000+05:30,49.88,542.13,26.15,8.62,2.29,-4,27.7,1.17,10,0
2025-01-15 06:20:05.000+05:30,23.56,820.34,28.19,8.59,4.17,-15,27.8,10.37,10,0
2025-01-15 06:20:06.000+05:30,42.33,358.92,21.26,6.38,3.75,-16,27.7,11.95,10,0
2025-01-15 06:20:07.000+05:30,36.12,319.84,25.59,8.78,5.63,-25,27.6,6.51,10,0
2025-01-15 06:20:08.000+05:30,13.83,874.11,24.76,6.9,2.79,-9,27.9,0.9,10,0
2025-01-15 06:20:09.000+05:30,37.64,709.47,25.71,5.51,0.72,0,27.6,2.18,10,0
2025-01-15 06:20:10.000+05:30,20.45,623.65,31.85,9.97,0.86,20,27.7,11.32,10,0
2025-01-15 06:20:11.000+05:30,36.82,294.61,30.42,11.57,4.4,10,27.6,3.78,10,0
2025-01-15 06:20:12.000+05:30,15.93,435.3,20.98,10.86,3.07,-17,27.8,5.88,10,0
2025-01-15 06:20:13.000+05:30,23.35,791.55,21.11,11.11,2.45,-20,27.6,10.54,10,0
2025-01-15 06:20:14.000+05:30,66.34,568.24,26.43,10.05,6,28,27.8,6.11,10,0
2025-01-15 06:20:15.000+05:30,31.52,266.36,29.4,8.37,0.94,9,27.6,9.35,10,0
2025-01-15 06:20:16.000+05:30,48.84,787.04,28.81,10.43,4.68,27,27.7,0.2,10,0
2025-01-15 06:20:17.000+05:30,16.29,813.15,21.36,11.73,2.82,-30,27.9,7.29,10,0
2025-01-15 06:20:18.000+05:30,66.43,808.65,27.61,8.75,3.8,17,27.9,0.51,10,0
2025-01-15 06:20:19.000+05:30,33.47,609.5,21.99,6.4,2.48,13,27.7,13.33,10,0
2025-01-15 06:20:20.000+05:30,7.91,780.82,20.19,11.07,3.36,14,27.7,12.15,10,0
2025-01-15 06:20:21.000+05:30,69.94,524.99,24.22,10.45,2.93,-9,27.5,13.64,10,0
2025-01-15 06:20:22.000+05:30,18.08,534.17,22.12,8.35,3.59,24,27.8,5.34,10,0
2025-01-15 06:20:23.000+05:30,49.86,665.83,28.43,11.44,5.66,-25,27.8,1.39,10,0
2025-01-15 06:20:24.000+05:30,13.54,675.76,27.4,6.7,3.33,29,27.7,10.52,10,0
2025-01-15 06:20:25.000+05:30,46.91,582.15,29.67,9.01,5.35,19,27.7,2.97,10,0
2025-01-15 06:20:26.000+05:30,31.01,385.16,25.63,4.12,6.02,-4,27.9,12.8,10,0
2025-01-15 06:20:27.000+05:30,47.63,762.17,24.75,11.46,4.96,-13,27.9,7.11,10,0
2025-01-15 06:20:28.000+05:30,23.66,796.63,29.54,6.73,1.88,-4,27.5,12.6,10,0
2025-01-15 06:20:29.000+05:30,8.65,765.93,30.09,7.67,4.73,-20,27.9,4.44,10,0
2025-01-15 06:20:30.000+05:30,69.55,414.77,31.68,4.73,4.17,21,27.9,11.6,10,0
2025-01-15 06:20:31.000+05:30,34.03,861.21,24.68,9.55,2.8,-20,27.7,4.45,10,0
2025-01-15 06:20:32.000+05:30,13.27,772.75,26.05,8.68,4.97,10,27.9,11.8,10,0
2025-01-15 06:20:33.000+05:30,59.75,361.79,23.87,3.84,0.65,19,27.7,0.16,10,0
2025-01-15 06:20:34.000+05:30,8.75,712.85,31.05,3.71,2.68,-22,27.9,10.39,10,0
2025-01-15 06:20:35.000+05:30,46.97,757.66,22.24,8.87,1.76,23,27.6,2.71,10,0
2025-01-15 06:20:36.000+05:30,56.14,763.07,29.24,8.93,2.07,10,27.5,13.09,10,0
2025-01-15 06:20:37.000+05:30,69.04,814.84,21.33,11.34,1.2,-14,27.9,1.99,10,0
2025-01-15 06:20:38.000+05:30,12.84,576.32,24.34,10.54,2.73,-29,27.7,6.87,10,0
2025-01-15 06:20:39.000+05:30,37.65,660.44,22.52,6.78,5.57,-2,27.8,8.87,10,0
2025-01-15 06:20:40.000+05:30,18.33,266.49,22.14,8.11,3.96,-9,27.9,0.44,10,0
2025-01-15 06:20:41.000+05:30,37.49,652.96,26.56,4.43,4.73,-18,27.7,12.97,10,0
2025-01-15 06:20:42.000+05:30,40.77,591.52,29.13,4.95,2.58,-29,27.6,12.58,10,0
2025-01-15 06:20:43.000+05:30,20.84,725.76,31.28,5.41,3.24,-8,27.8,13.35,10,0
2025-01-15 06:20:44.000+05:30,48.07,558.91,29.71,6.92,5.89,-14,27.6,12.91,10,0
2025-01-15 06:20:45.000+05:30,50.28,827.88,23.37,6.54,3.83,-11,27.6,10.73,10,0
2025-01-15 06:20:46.000+05:30,19.97,722.12,25.2,7.02,3.9,-10,27.7,3.8,10,0
2025-01-15 06:20:47.000+05:30,45.26,534.76,26.81,6.37,4.11,-20,27.9,0.9,10,0
2025-01-15 06:20:48.000+05:30,67.36,421.96,24.92,8.43,5.5,3,27.6,13.31,10,0
2025-01-15 06:20:49.000+05:30,8.89,375.14,23.87,10.12,2.54,12,27.6,1.02,10,0
2025-01-15 06:20:50.000+05:30,16.14,461.25,20.12,9.19,4.59,6,27.8,2.99,10,0
2025-01-15 06:20:51.000+05:30,63.62,619.45,24.63,8.42,3.51,-13,27.8,1.44,10,0
2025-01-15 06:20:52.000+05:30,66.62,776.75,28.06,8.17,4.18,-3,27.6,9.55,10,0
2025-01-15 06:20:53.000+05:30,27.17,386.16,29.63,7.49,6.14,-23,27.7,5.9,10,0
2025-01-15 06:20:54.000+05:30,44.89,638.35,22.84,3.19,0.6,6,27.9,10.97,10,0
2025-01-15 06:20:55.000+05:30,64.43,441.99,30.1,6.63,5.61,-28,27.6,12.85,10,0
2025-01-15 06:20:56.000+05:30,8.03,560.73,29.96,6.74,2.22,-8,27.7,4.44,10,0
2025-01-15 06:20:57.000+05:30,42.06,460.43,27.35,6.54,4.47,24,27.8,6.36,10,0
2025-01-15 06:20:58.000+05:30,64.36,799.57,31.25,3.92,1.78,-22,27.5,11.56,10,0
2025-01-15 06:20:59.000+05:30,27.34,700.06,25.23,4.53,1.59,-7,27.8,12.63,10,0
2025-01-15 06:21:00.000+05:30,40.87,263.16,28.26,3.47,5.53,-27,27.9,0.6,10,0
2025-01-15 06:21:01.000+05:30,11.73,470.77,27.35,10.31,2.04,-22,27.7,2.38,10,0
2025-01-15 06:21:02.000+05:30,14.55,464.37,21.78,8.26,5.35,10,27.7,12.54,10,0
2025-01-15 06:21:03.000+05:30,14.71,597.66,26.93,8.95,6.07,16,27.7,4.51,10,0
2025-01-15 06:21:04.000+05:30,12.78,750.37,28.54,6.18,5.26,11,27.8,3.39,10,0
2025-01-15 06:21:05.000+05:30,19.97,309.93,31.66,3.54,0.57,22,27.7,3.03,10,0
2025-01-15 06:21:06.000+05:30,37.72,477.89,29.77,9.85,3.43,30,27.6,4.39,10,0
2025-01-15 06:21:07.000+05:30,35.6,358.56,26.05,11.23,1.75,-2,27.8,5.09,10,0
2025-01-15 06:21:08.000+05:30,39.35,759.21,22.26,5.5,1.44,25,27.7,4.3,10,0
2025-01-15 06:21:09.000+05:30,13.43,555.01,21.29,3.99,0.59,-13,27.5,6.45,10,0
2025-01-15 06:21:10.000+05:30,48.7,549.69,23.19,11.34,0.98,-21,27.7,6.04,10,0
2025-01-15 06:21:11.000+05:30,34.14,473.59,25.3,6.33,0.78,29,27.7,5.36,10,0
2025-01-15 06:21:12.000+05:30,25.52,517.72,27.13,7.77,3.31,13,27.5,6.07,10,0
2025-01-15 06:21:13.000+05:30,22.68,331.09,21.38,11.06,3.78,4,27.5,3.34,10,0
2025-01-15 06:21:14.000+05:30,21.27,656.94,28.59,6.53,1.08,26,27.8,10.27,10,0
2025-01-15 06:21:15.000+05:30,38.2,369.46,22.44,8.73,4.52,-30,27.5,4.03,10,0
2025-01-15 06:21:16.000+05:30,38.7,708.3,25.72,5.75,5.67,-10,27.8,3.34,10,0
2025-01-15 06:21:17.000+05:30,17.5,472.58,25.46,11.66,4.3,-29,27.6,5.99,10,0
2025-01-15 06:21:18.000+05:30,23.62,309.27,28.15,10.68,3.89,7,27.5,13.57,10,0
2025-01-15 06:21:19.000+05:30,62.01,562.44,20.54,3.16,4.38,-16,27.7,4.07,10,0
2025-01-15 06:21:20.000+05:30,17.54,353.81,21.13,5.74,4.7,17,27.6,6.34,10,0
2025-01-15 06:21:21.000+05:30,41.38,684.58,23.04,7.13,5.22,-9,27.9,4.22,10,0
2025-01-15 06:21:22.000+05:30,55.8,808.45,30.83,8.36,1.14,16,27.8,9.6,10,0
2025-01-15 06:21:23.000+05:30,16.32,522.6,22.64,11.95,2.54,6,27.8,0.43,10,0
2025-01-15 06:21:24.000+05:30,68.32,490.03,28.93,4.74,5.94,-13,27.9,8.94,10,0
2025-01-15 06:21:25.000+05:30,49.76,835.5,25.39,11.62,3.5,13,27.6,3.71,10,0
2025-01-15 06:21:26.000+05:30,27.87,637.05,31.34,5.49,1.59,14,27.6,8.11,10,0
2025-01-15 06:21:27.000+05:30,45.58,537.41,25.46,11.71,5.02,-30,27.7,4.04,10,0
2025-01-15 06:21:28.000+05:30,50.19,558.44,21.8,11.7,4.06,-11,27.7,9.3,10,0
2025-01-15 06:21:29.000+05:30,11.07,448.63,25.45,4.96,5.21,1,27.6,1.73,10,0
2025-01-15 06:21:30.000+05:30,34.11,682.56,20.01,5.26,2.5,24,27.7,3.97,10,0
2025-01-15 06:21:31.000+05:30,67.39,618.88,31.44,9.42,1.31,-3,27.7,10.26,10,0
2025-01-15 06:21:32.000+05:30,12.09,400.07,25.68,6.19,5.13,-3,27.7,8.92,10,0
2025-01-15 06:21:33.000+05:30,63.96,831.54,31.04,8.37,1.49,26,27.6,6.1,10,0
2025-01-15 06:21:34.000+05:30,43.42,697.33,22.39,4.22,3.66,-25,27.6,4.21,10,0
2025-01-15 06:21:35.000+05:30,65.41,555.14,22.2,10.04,5.25,3,27.7,1.34,10,0
2025-01-15 06:21:36.000+05:30,26.74,858.32,28.55,7.22,2.94,-4,27.7,5.89,10,0
2025-01-15 06:21:37.000+05:30,64.49,276.91,29.2,3.8,1.3,20,27.6,12.7,10,0
2025-01-15 06:21:38.000+05:30,39.27,341.46,26.52,8.09,2.17,-5,27.6,10.57,10,0
2025-01-15 06:21:39.000+05:30,49.21,556.2,29.16,7.66,5.28,-13,27.8,1.19,10,0
2025-01-15 06:21:40.000+05:30,47.94,473.43,21.17,5.62,3.24,-27,27.5,4.64,10,0
2025-01-15 06:21:41.000+05:30,43.83,586.93,28.6,9.31,3.44,1,27.6,7.87,10,0
2025-01-15 06:21:42.000+05:30,63.39,669.39,21.86,8.65,4.6,21,27.7,13.11,10,0
2025-01-15 06:21:43.000+05:30,50.33,333.41,20,8.43,1.19,-17,27.5,1.36,10,0
2025-01-15 06:21:44.000+05:30,8.55,583.71,24.69,11.33,2.21,-19,27.8,6.77,10,0
2025-01-15 06:21:45.000+05:30,60.03,609.9,29.86,9.13,5.4,-3,27.6,8.64,10,0
2025-01-15 06:21:46.000+05:30,8.36,350.68,28.94,5.17,3.42,-18,27.7,9.79,10,0
2025-01-15 06:21:47.000+05:30,25.27,687.22,31.51,7.44,4.31,14,27.8,5.48,10,0
2025-01-15 06:21:48.000+05:30,36.23,780.64,21.78,5.55,1.18,7,27.6,5.45,10,0
2025-01-15 06:21:49.000+05:30,47.64,831.66,27.44,3.38,5.67,-1,27.9,13.48,10,0
2025-01-15 06:21:50.000+05:30,35.88,265.84,21.9,7.51,5.41,27,27.8,2.95,10,0
2025-01-15 06:21:51.000+05:30,31.61,300.17,27.87,6.17,4.6,15,27.8,4.75,10,0
2025-01-15 06:21:52.000+05:30,15.82,762.38,27.9,11.31,0.89,0,27.7,11.75,10,0
2025-01-15 06:21:53.000+05:30,36.72,681.74,26.91,11.35,4.92,-22,27.8,7.36,10,0
2025-01-15 06:21:54.000+05:30,44.1,631.66,27.01,10.47,0.89,16,27.6,0.41,10,0
2025-01-15 06:21:55.000+05:30,13.08,327.98,31.21,7.29,4.83,21,27.9,13.74,10,0
2025-01-15 06:21:56.000+05:30,57.12,327.48,30.57,9.55,2.69,29,27.5,13.63,10,0
2025-01-15 06:21:57.000+05:30,45.55,333.26,30.16,3.66,4.85,23,27.5,8.49,10,0
2025-01-15 06:21:58.000+05:30,17.97,328.9,25.39,4.2,4.13,-18,27.6,7.79,10,0
2025-01-15 06:21:59.000+05:30,34.56,443.1,22.41,4.46,5.14,-18,27.5,11.32,10,0
2025-01-15 06:22:00.000+05:30,8.53,874.29,21.15,3.3,1.3,19,27.7,0.07,10,0
2025-01-15 06:22:01.000+05:30,41.43,306.06,22.22,9.57,5.69,1,27.6,8.99,10,0
2025-01-15 06:22:02.000+05:30,20.07,789.65,26.01,6.21,5.63,21,27.5,11.95,10,0
2025-01-15 06:22:03.000+05:30,33.93,500.72,20.85,3.7,4.96,-23,27.7,4.18,10,0
2025-01-15 06:22:04.000+05:30,10.24,605.94,20.27,10.39,2.15,-6,27.8,11.59,10,0
2025-01-15 06:22:05.000+05:30,11.28,817.74,31.62,3.67,3.78,29,27.7,11.94,10,0
2025-01-15 06:22:06.000+05:30,26.67,655.93,26.55,11.03,3.82,-14,27.8,13.12,10,0
2025-01-15 06:22:07.000+05:30,9.03,529.7,22.41,10.99,0.84,22,27.8,2.86,10,0
2025-01-15 06:22:08.000+05:30,65.22,684.54,30.54,5.12,0.92,27,27.7,13.27,10,0
2025-01-15 06:22:09.000+05:30,59.61,776.79,24.15,3.64,2.87,29,27.5,10.35,10,0
2025-01-15 06:22:10.000+05:30,41.74,865.82,23.25,3.38,0.7,11,27.6,7.11,10,0
2025-01-15 06:22:11.000+05:30,37.09,760.19,30.52,5.05,5.81,20,27.8,0.37,10,0
2025-01-15 06:22:12.000+05:30,40.65,810.59,28.18,9.64,3.65,19,27.7,0.73,10,0
2025-01-15 06:22:13.000+05:30,14.89,708.86,26.59,4.04,1.17,27,27.6,8.62,10,0
2025-01-15 06:22:14.000+05:30,19.2,539.38,20.7,5.09,3.86,17,27.8,3.18,10,0
2025-01-15 06:22:15.000+05:30,57.89,603.18,20.55,10.22,5.48,-27,27.5,3.5,10,0
2025-01-15 06:22:16.000+05:30,14.98,375.58,20.52,6.15,4.23,-12,27.6,3.42,10,0
2025-01-15 06:22:17.000+05:30,32.06,680.85,27.88,3.69,5.85,15,27.8,2.88,10,0
2025-01-15 06:22:18.000+05:30,29.49,845.66,22.64,9.42,5.87,-12,27.8,10.92,10,0
2025-01-15 06:22:19.000+05:30,22.38,831.51,23.83,7.87,1.09,-4,27.8,4.85,10,0
2025-01-15 06:22:20.000+05:30,46.18,439.06,22.44,4.23,6.06,17,27.7,3.23,10,0
2025-01-15 06:22:21.000+05:30,14.73,723.94,29.46,3.32,1.84,18,27.7,6.16,10,0
2025-01-15 06:22:22.000+05:30,14.2,579.3,20.41,5.5,2.69,-25,27.5,11.58,10,0
2025-01-15 06:22:23.000+05:30,60.84,505.72,20.23,6.44,3.03,-6,27.6,3.14,10,0
2025-01-15 06:22:24.000+05:30,34.16,293.45,23.66,7.87,2.48,8,27.8,0.36,10,0
2025-01-15 06:22:25.000+05:30,28.18,790.02,23.15,9.78,1.73,16,27.8,0.38,10,0
2025-01-15 06:22:26.000+05:30,34.35,533.63,28.75,9.62,0.83,-6,27.9,1.53,10,0
2025-01-15 06:22:27.000+05:30,65.75,443.95,31.89,7.81,2.92,19,27.7,10.07,10,0
2025-01-15 06:22:28.000+05:30,17.24,504.03,28.95,11.32,1.25,21,27.8,0.21,10,0
2025-01-15 06:22:29.000+05:30,24.29,899.24,29.26,5.66,3.76,-13,27.6,0.54,10,0
2025-01-15 06:22:30.000+05:30,48.53,760.75,29.72,8.47,1.21,-10,27.8,7.96,10,0
2025-01-15 06:22:31.000+05:30,60.4,544.04,20.21,3.08,0.71,10,27.8,5.02,10,0
2025-01-15 06:22:32.000+05:30,20.72,297.49,31.27,5.49,3.98,-26,27.7,4.4,10,0
2025-01-15 06:22:33.000+05:30,23.25,763.51,23.11,7.45,1.8,25,27.7,2.44,10,0
2025-01-15 06:22:34.000+05:30,10.12,333.25,20.46,9.16,5.41,-28,27.7,8.12,10,0
2025-01-15 06:22:35.000+05:30,21.36,869.09,31.9,11.78,0.59,24,27.6,11.83,10,0
2025-01-15 06:22:36.000+05:30,52.25,644.37,24.2,3.7,3.03,-15,27.6,7.15,10,0
2025-01-15 06:22:37.000+05:30,42.93,790.65,28.17,3.64,2.93,-29,27.6,3.96,10,0
2025-01-15 06:22:38.000+05:30,56.65,474.39,24.9,8.87,3.18,9,27.5,13.63,10,0
2025-01-15 06:22:39.000+05:30,30.2,446.16,21.8,8.32,1.11,-10,27.7,2.96,10,0
2025-01-15 06:22:40.000+05:30,56.2,585.24,26.98,6.1,1.72,-28,27.8,11.63,10,0
2025-01-15 06:22:41.000+05:30,16.45,748.07,27.79,11.6,5.96,6,27.7,13.89,10,0
2025-01-15 06:22:42.000+05:30,43.19,610.87,25.02,9.6,5.33,-27,27.7,7.39,10,0
2025-01-15 06:22:43.000+05:30,48.53,593.02,23.8,4.76,3.78,-9,27.6,12.75,10,0
2025-01-15 06:22:44.000+05:30,55.36,491.66,25.47,9.73,1.16,16,27.9,3.37,10,0
2025-01-15 06:22:45.000+05:30,32.83,311,26.73,3.69,2.57,-16,27.7,6.78,10,0
2025-01-15 06:22:46.000+05:30,33.39,624.38,29.92,4.13,3.56,-4,27.8,10.87,10,0
2025-01-15 06:22:47.000+05:30,48.95,647.55,29.55,6.07,1.17,2,27.9,5.72,10,0
2025-01-15 06:22:48.000+05:30,43.29,664.88,29.27,11.1,5.5,-23,27.7,0.22,10,0
2025-01-15 06:22:49.000+05:30,55.23,715.28,25.64,3.91,5.46,-29,27.8,11.67,10,0
2025-01-15 06:22:50.000+05:30,69.37,344.72,30.4,11.27,5.65,-5,27.8,4.96,10,0
2025-01-15 06:22:51.000+05:30,22.21,447.77,24.04,10.42,2.42,-24,27.9,8.52,10,0
2025-01-15 06:22:52.000+05:30,9.85,732.8,24.26,7.04,2.83,23,27.7,6.3,10,0
2025-01-15 06:22:53.000+05:30,54.73,708.07,28.8,9.51,3.86,2,27.5,11.48,10,0
2025-01-15 06:22:54.000+05:30,63.42,639.87,24.44,8.84,2.66,2,27.8,6.14,10,0
2025-01-15 06:22:55.000+05:30,24.6,754.72,22.79,7.44,0.78,3,27.7,7.25,10,0
2025-01-15 06:22:56.000+05:30,60.18,533.08,23.87,5.87,1.52,22,27.9,2,10,0
2025-01-15 06:22:57.000+05:30,62.59,727.83,25.17,5.5,5.51,-8,27.6,4.4,10,0
2025-01-15 06:22:58.000+05:30,14.47,435.26,25.27,10.97,2.14,8,27.8,12.85,10,0
2025-01-15 06:22:59.000+05:30,65.24,686.52,21.69,4.86,5.28,-29,27.7,10.57,10,0
2025-01-15 06:23:00.000+05:30,9.5,830.01,26.45,4.76,3.28,-7,27.6,11.51,10,0
2025-01-15 06:23:01.000+05:30,66.33,625.55,28.79,7.69,5.24,-23,27.8,4.13,10,0
2025-01-15 06:23:02.000+05:30,64.91,336.76,30.67,7.44,1,-13,27.8,1.92,10,0
2025-01-15 06:23:03.000+05:30,14.34,486.38,20.95,10.14,4.65,2,27.6,4.58,10,0
2025-01-15 06:23:04.000+05:30,35.57,730.73,28.06,3.67,4.42,-28,27.7,12.49,10,0
2025-01-15 06:23:05.000+05:30,65.74,768.29,23.81,10.57,4.27,-28,27.9,12.29,10,0
2025-01-15 06:23:06.000+05:30,46.52,417.38,27.04,10.85,1.76,0,27.6,2.74,10,0
2025-01-15 06:23:07.000+05:30,58.27,729.48,23.39,4.79,5.49,24,27.8,13.31,10,0
2025-01-15 06:23:08.000+05:30,20.49,537.96,25.89,8.5,4.55,14,27.6,0.54,10,0
2025-01-15 06:23:09.000+05:30,30.96,633.7,27.65,7.36,4.24,-11,27.8,2.52,10,0
2025-01-15 06:23:10.000+05:30,62.13,687.5,25.88,8.67,3.91,-12,27.5,7.61,10,0
2025-01-15 06:23:11.000+05:30,14.08,823.77,29.06,5.59,6.03,12,27.7,4.56,10,0
2025-01-15 06:23:12.000+05:30,18.1,872.04,27.93,6.13,2.77,26,27.7,1.79,10,0
2025-01-15 06:23:13.000+05:30,57.7,573.07,24.94,5.11,2.16,26,27.8,7.1,10,0
2025-01-15 06:23:14.000+05:30,32.77,619.84,23.88,9.07,2.84,-3,27.7,11.33,10,0
2025-01-15 06:23:15.000+05:30,64.48,431.72,28.74,6.06,5.17,-4,27.6,4.32,10,0
2025-01-15 06:23:16.000+05:30,62.16,603.05,29.35,3.99,6.02,-22,27.7,8.55,10,0
2025-01-15 06:23:17.000+05:30,8.25,722.23,29.63,3.81,4.52,19,27.8,12.77,10,0
2025-01-15 06:23:18.000+05:30,11,291.5,22.53,7.82,6.12,-5,27.8,11.73,10,0
2025-01-15 06:23:19.000+05:30,21.45,772.82,30.93,5.98,1.73,30,27.5,10.27,10,0
2025-01-15 06:23:20.000+05:30,60.27,743.28,26.32,7.51,5.01,-12,27.6,0.59,10,0
2025-01-15 06:23:21.000+05:30,21.49,754.34,22.97,5.45,1.2,11,27.7,10.98,10,0
2025-01-15 06:23:22.000+05:30,58.55,821.04,30.34,3.69,3.38,16,27.7,9.85,10,0
2025-01-15 06:23:23.000+05:30,7.93,791.36,27.26,4.37,4.69,-18,27.8,11.1,10,0
2025-01-15 06:23:24.000+05:30,61.14,762.25,25.1,9.69,2.22,-24,27.6,6.42,10,0
2025-01-15 06:23:25.000+05:30,48.33,561.7,23.49,3.84,6.01,0,27.6,7.85,10,0
2025-01-15 06:23:26.000+05:30,51.28,584.22,24.59,11.94,4.65,18,27.7,13.32,10,0
2025-01-15 06:23:27.000+05:30,13.82,403.4,31.7,6.58,1.82,6,27.5,5.18,10,0
2025-01-15 06:23:28.000+05:30,26.57,352.01,27.56,3.75,3.7,30,27.7,2.91,10,0
2025-01-15 06:23:29.000+05:30,22.75,350.45,27.4,7.26,4.62,-16,27.5,7.93,10,0
2025-01-15 06:23:30.000+05:30,38.09,523.59,28.89,10.51,0.71,8,27.7,9.65,10,0
2025-01-15 06:23:31.000+05:30,7.35,701.85,29.06,10.15,3.61,11,27.6,4.38,10,0
2025-01-15 06:23:32.000+05:30,36.07,569.12,26.66,9.66,4.68,-3,27.8,12.9,10,0
2025-01-15 06:23:33.000+05:30,30.67,744.41,21.95,9.73,1.45,-23,27.5,6.13,10,0
2025-01-15 06:23:34.000+05:30,33.72,369.26,29.64,7.38,4.77,-5,27.5,7.66,10,0
2025-01-15 06:23:35.000+05:30,14.41,897.28,28.64,10.92,2.05,26,27.6,4.51,10,0
2025-01-15 06:23:36.000+05:30,47.96,350.57,26.28,4.84,4,3,27.7,10,10,0
2025-01-15 06:23:37.000+05:30,36.74,394.79,23.96,9.72,6.18,-20,27.7,12.99,10,0
2025-01-15 06:23:38.000+05:30,59.25,266.29,25,4.35,0.88,-11,27.8,13.68,10,0
2025-01-15 06:23:39.000+05:30,19.55,320.06,25.5,3.85,4.06,-26,27.6,8.32,10,0
2025-01-15 06:23:40.000+05:30,42.23,404.66,27.55,11.35,2.07,25,27.7,11.49,10,0
2025-01-15 06:23:41.000+05:30,52.95,495.06,29.2,11.41,3.7,-18,27.5,8.98,10,0
2025-01-15 06:23:42.000+05:30,16.6,727.62,23.36,5.37,1.08,7,27.8,11.16,10,0
2025-01-15 06:23:43.000+05:30,31.13,628.42,30.24,8.44,6.01,9,27.8,10.32,10,0
2025-01-15 06:23:44.000+05:30,36.82,367.58,29.4,11.9,1.02,-21,27.6,11.25,10,0
2025-01-15 06:23:45.000+05:30,36.95,260.16,20.93,11.73,1.28,-3,27.8,11.3,10,0
2025-01-15 06:23:46.000+05:30,27.61,580.24,21.41,8.04,2.65,0,27.6,5.4,10,0
2025-01-15 06:23:47.000+05:30,59.83,462.86,20.94,8.45,1.72,10,27.8,2.33,10,0
2025-01-15 06:23:48.000+05:30,51.81,797.52,26.73,7.41,5,5,27.9,9.6,10,0
2025-01-15 06:23:49.000+05:30,48.08,373.93,30.39,10.7,4.89,-3,27.6,4.84,10,0
2025-01-15 06:23:50.000+05:30,42.27,898.66,31.27,6.44,1.52,-30,27.6,10.47,10,0
2025-01-15 06:23:51.000+05:30,29.74,384.73,27.03,5.96,5.69,2,27.9,12.82,10,0
2025-01-15 06:23:52.000+05:30,45.23,281.46,23.3,7.31,0.75,-14,27.6,9.74,10,0
2025-01-15 06:23:53.000+05:30,10.61,626.2,20.37,9.46,3.18,-1,27.7,8.51,10,0
2025-01-15 06:23:54.000+05:30,36.83,819.96,29.01,10.27,0.72,27,27.8,0.4,10,0
2025-01-15 06:23:55.000+05:30,51.46,373.22,30.21,3.75,5.25,-2,27.8,1.67,10,0
2025-01-15 06:23:56.000+05:30,10.93,322.38,26.53,11.85,1.61,-29,27.6,8.6,10,0
2025-01-15 06:23:57.000+05:30,49.34,835.79,30.77,4.52,6.12,-7,27.7,10.11,10,0
2025-01-15 06:23:58.000+05:30,66.25,518.03,30.05,9.03,0.87,2,27.6,11.55,10,0
2025-01-15 06:23:59.000+05:30,23.8,370.45,20.53,8.48,4.43,10,27.8,5.73,10,0
2025-01-15 06:24:00.000+05:30,59.79,262.06,23.29,6.16,2.45,14,27.5,7.95,10,0
2025-01-15 06:24:01.000+05:30,65.61,316.42,31.02,4.64,0.99,10,27.9,4.45,10,0
2025-01-15 06:24:02.000+05:30,55.3,764.79,22.61,6.37,0.96,-15,27.6,10.14,10,0
2025-01-15 06:24:03.000+05:30,49.9,863.3,30.38,9.73,4.71,-6,27.8,4.35,10,0
2025-01-15 06:24:04.000+05:30,18.21,349.87,23.79,5.03,1.57,-19,27.9,12.37,10,0
2025-01-15 06:24:05.000+05:30,23.34,541.34,21.11,6.2,2.57,3,27.7,10.81,10,0
2025-01-15 06:24:06.000+05:30,46.75,792.31,20.44,10.51,2.7,-17,27.9,7.53,10,0
2025-01-15 06:24:07.000+05:30,34.33,673.45,28.18,5.6,2.45,5,27.8,13.56,10,0
2025-01-15 06:24:08.000+05:30,57.04,318.08,29.28,5.32,3.17,-23,27.7,0.44,10,0
2025-01-15 06:24:09.000+05:30,46.76,564.13,25.61,5.91,3.71,27,27.5,9.22,10,0
2025-01-15 06:24:10.000+05:30,51.18,662.86,30.43,3.07,2.9,11,27.9,4.69,10,0
2025-01-15 06:24:11.000+05:30,18.79,489.12,21.95,7.92,4.79,9,27.7,6.15,10,0
2025-01-15 06:24:12.000+05:30,43.29,538.38,24.79,10.51,1.94,-9,27.7,5.23,10,0
2025-01-15 06:24:13.000+05:30,32.27,285.68,31.15,5.11,5.83,-24,27.7,12.98,10,0
2025-01-15 06:24:14.000+05:30,55.77,870.55,24.81,3.26,3.42,26,27.7,12.91,10,0
2025-01-15 06:24:15.000+05:30,50.95,595.41,31.42,8.11,1.3,20,27.9,9.29,10,0
2025-01-15 06:24:16.000+05:30,68.13,457.94,29.19,10.21,3.11,-30,27.8,2.31,10,0
2025-01-15 06:24:17.000+05:30,19.63,370.12,23.69,4.66,5.39,16,27.6,6.11,10,0
2025-01-15 06:24:18.000+05:30,50.14,801.23,24.49,7.3,2.46,13,27.7,6.59,10,0
2025-01-15 06:24:19.000+05:30,20.39,562.28,24.52,7.17,1.88,-6,27.6,12.84,10,0
2025-01-15 06:24:20.000+05:30,55.07,345.46,29.28,11.08,5.17,-3,27.7,10.23,10,0
2025-01-15 06:24:21.000+05:30,40.65,481.99,28.04,11.73,0.65,-19,27.8,12.4,10,0
2025-01-15 06:24:22.000+05:30,30.26,477.5,29.88,8.5,4.78,11,27.6,12.8,10,0
2025-01-15 06:24:23.000+05:30,38.5,288.32,23.62,3.84,2.69,-21,27.6,2.52,10,0
2025-01-15 06:24:24.000+05:30,31.37,785.62,20.42,11.63,2.9,13,27.7,2.29,10,0
2025-01-15 06:24:25.000+05:30,13.71,775.99,24.16,9.59,4.24,21,27.5,5.66,10,0
2025-01-15 06:24:26.000+05:30,27.1,627.8,24.61,7.09,3.27,-5,27.7,13.44,10,0
2025-01-15 06:24:27.000+05:30,10.43,531.99,28.9,4.04,5.1,2,27.6,12.71,10,0
2025-01-15 06:24:28.000+05:30,36.83,474.44,26.42,6.28,4.98,4,27.8,13.73,10,0
2025-01-15 06:24:29.000+05:30,61.83,311.21,20.08,11.53,4.53,2,27.8,3.61,10,0
2025-01-15 06:24:30.000+05:30,52.84,551.19,20.58,5.54,1.19,-7,27.5,6.85,10,0
2025-01-15 06:24:31.000+05:30,44.76,496.35,25.11,9.07,4.87,-13,27.6,0.33,10,0
2025-01-15 06:24:32.000+05:30,29.48,271.21,23.9,8.72,3.9,-28,27.7,5,10,0
2025-01-15 06:24:33.000+05:30,31.96,372.15,26.42,4.13,1.32,27,27.6,6.91,10,0
2025-01-15 06:24:34.000+05:30,68.23,700.95,22.93,10.43,5.26,3,27.7,10.26,10,0
2025-01-15 06:24:35.000+05:30,9.56,469.02,20.46,8.48,4.63,-24,27.7,11.37,10,0
2025-01-15 06:24:36.000+05:30,68.76,310.41,31.13,9.74,2.91,30,27.8,0.31,10,0
2025-01-15 06:24:37.000+05:30,52.46,735.32,20.95,11.21,6,6,27.6,11.11,10,0
2025-01-15 06:24:38.000+05:30,26.1,588.99,30.25,5.19,5.05,0,27.6,5.24,10,0
2025-01-15 06:24:39.000+05:30,65.94,435.86,28.27,4.67,3.36,-5,27.9,0.64,10,0
2025-01-15 06:24:40.000+05:30,49.73,434.51,24.89,3.17,2.86,-13,27.7,1.82,10,0
2025-01-15 06:24:41.000+05:30,56.79,666.31,21.17,5.02,4.54,9,27.6,3.09,10,0
2025-01-15 06:24:42.000+05:30,51.86,789.26,27.05,8.71,2.37,29,27.7,5.45,10,0
2025-01-15 06:24:43.000+05:30,28.61,464.57,29.87,4.37,5.37,4,27.8,6.99,10,0
2025-01-15 06:24:44.000+05:30,49.4,423.64,20.39,10.67,6.02,5,27.9,8.84,10,0
2025-01-15 06:24:45.000+05:30,12.23,738.73,26.36,5.74,4.78,-1,27.5,6.32,10,0
2025-01-15 06:24:46.000+05:30,46.37,366.71,24.22,6.88,6.18,-12,27.7,0.33,10,0
2025-01-15 06:24:47.000+05:30,37.92,410.22,31.05,4.19,3.96,-24,27.7,11.9,10,0
2025-01-15 06:24:48.000+05:30,20.31,330.8,23.47,10.78,4.87,-5,27.7,13.78,10,0
2025-01-15 06:24:49.000+05:30,29.18,399.36,30.81,5.51,4.89,12,27.9,8.82,10,0
2025-01-15 06:24:50.000+05:30,67.5,747.52,23.81,7.82,2.74,1,27.8,12.03,10,0
2025-01-15 06:24:51.000+05:30,25.04,851.71,21.88,10.86,2.78,23,27.6,0.05,10,0
2025-01-15 06:24:52.000+05:30,36.23,370.25,30.89,6.45,4.22,-4,27.6,13.64,10,0
2025-01-15 06:24:53.000+05:30,8.83,403.48,27.32,7.53,0.96,-4,27.9,7.99,10,0
2025-01-15 06:24:54.000+05:30,27.48,419.96,26.83,7.25,1.02,17,27.7,5.18,10,0
2025-01-15 06:24:55.000+05:30,56.76,509.18,26.14,4.74,5.71,16,27.8,6.41,10,0
2025-01-15 06:24:56.000+05:30,18.04,859.77,31.06,5.9,2.17,-17,27.7,12.52,10,0
2025-01-15 06:24:57.000+05:30,35.93,697.55,25.32,5.18,1.51,11,27.5,6.46,10,0
2025-01-15 06:24:58.000+05:30,45.05,472.01,31.04,4.43,3.13,-30,27.8,13.47,10,0
2025-01-15 06:24:59.000+05:30,49.97,520.06,26.24,7.23,2.7,-14,27.9,10.96,10,0
2025-01-15 06:25:00.000+05:30,40.85,718.11,27.28,11.9,4.57,22,27.8,6.14,10,0
2025-01-15 06:25:01.000+05:30,25.46,514.97,29.87,9.92,2.57,2,27.8,10.03,10,0
2025-01-15 06:25:02.000+05:30,34.72,763.95,21.24,10.62,4.82,20,27.5,8.12,10,0
2025-01-15 06:25:03.000+05:30,17.64,524.25,24.08,11.22,5.03,-24,27.6,2.94,10,0
2025-01-15 06:25:04.000+05:30,50.7,553.27,28.51,9.77,4.81,14,27.7,4.79,10,0
2025-01-15 06:25:05.000+05:30,56.6,707.72,26.82,8.35,4.84,-12,27.5,2.07,10,0
2025-01-15 06:25:06.000+05:30,62.45,620.67,28.57,5.76,4.58,-11,27.7,7.95,10,0
2025-01-15 06:25:07.000+05:30,34.71,448.72,28.92,9.26,1.34,-6,27.6,4.09,10,0
2025-01-15 06:25:08.000+05:30,21.36,804.59,27,4.34,0.57,2,27.8,5.1,10,0
2025-01-15 06:25:09.000+05:30,69.76,519.74,27.42,4.53,2.46,24,27.7,2.18,10,0
2025-01-15 06:25:10.000+05:30,39.97,501.91,31.11,8.84,5.46,0,27.9,6.75,10,0
2025-01-15 06:25:11.000+05:30,7.9,866.05,24.11,5.78,1.78,19,27.8,3.9,10,0
2025-01-15 06:25:12.000+05:30,14.53,386.04,25.99,8.12,4.14,17,27.8,0.17,10,0
2025-01-15 06:25:13.000+05:30,56.33,595.44,22.74,4.82,4.29,-24,27.9,5.58,10,0
2025-01-15 06:25:14.000+05:30,38.97,433.74,31.54,10.62,3.57,21,27.5,1.11,10,0
2025-01-15 06:25:15.000+05:30,42.7,418.7,23.07,9.65,4.43,-15,27.6,9.11,10,0
2025-01-15 06:25:16.000+05:30,52.19,373.56,31.75,5.39,2.08,16,27.8,10.4,10,0
2025-01-15 06:25:17.000+05:30,11.01,838.01,26.27,3.55,1.8,7,27.7,8.2,10,0
2025-01-15 06:25:18.000+05:30,13.19,824.25,20.61,10.11,0.92,-2,27.5,6.7,10,0
2025-01-15 06:25:19.000+05:30,19.44,607.12,22.58,7.39,3.75,25,27.9,8.14,10,0
2025-01-15 06:25:20.000+05:30,52.36,543.29,27.71,8.3,4.12,-30,27.6,10.58,10,0
2025-01-15 06:25:21.000+05:30,32.65,433.28,27.57,5.96,3.25,11,27.6,3.97,10,0
2025-01-15 06:25:22.000+05:30,61.64,419.37,23.3,8.05,2.26,18,27.9,6.16,10,0
2025-01-15 06:25:23.000+05:30,37.72,464.29,31.69,7.23,1.43,-3,27.8,0.92,10,0
2025-01-15 06:25:24.000+05:30,12.96,811.7,24.11,9.18,5.19,-24,27.8,2.71,10,0
2025-01-15 06:25:25.000+05:30,20.43,581.14,23.84,7.77,1.09,9,27.6,4.2,10,0
2025-01-15 06:25:26.000+05:30,49.33,467.21,22.3,6.57,1.48,12,27.6,2.21,10,0
2025-01-15 06:25:27.000+05:30,67.27,887.94,27.84,10.1,4.94,29,27.6,3.77,10,0
2025-01-15 06:25:28.000+05:30,65.86,794.04,24.45,5.76,4.64,-10,27.7,11.61,10,0
2025-01-15 06:25:29.000+05:30,33.79,511.87,25.01,9.86,2.8,-8,27.8,13.56,10,0
2025-01-15 06:25:30.000+05:30,15.82,552.41,23.29,10.37,1.65,-14,27.6,9.27,10,0
2025-01-15 06:25:31.000+05:30,30.53,465.98,29.49,5.93,3.69,-17,27.7,2.79,10,0
2025-01-15 06:25:32.000+05:30,34.73,435.34,20.89,4.44,4.62,7,27.7,13.18,10,0
2025-01-15 06:25:33.000+05:30,68.18,289.44,27.91,9.19,5.68,-13,27.9,6.82,10,0
2025-01-15 06:25:34.000+05:30,43.93,297.96,20.67,6.08,3.57,-12,27.5,6.13,10,0
2025-01-15 06:25:35.000+05:30,15.46,739.89,23.89,9.98,2.86,-21,27.7,2.12,10,0
2025-01-15 06:25:36.000+05:30,43.17,619.58,25.26,5.95,3.62,5,27.7,9.25,10,0
2025-01-15 06:25:37.000+05:30,25.36,273.99,29.27,3.61,4.98,-10,27.9,9.96,10,0
2025-01-15 06:25:38.000+05:30,29.76,754.53,28.97,4.93,2.33,-7,27.6,3.19,10,0
2025-01-15 06:25:39.000+05:30,49.69,710.6,23.06,9.73,0.63,-4,27.7,1.67,10,0
2025-01-15 06:25:40.000+05:30,57.78,770.78,29.98,3.54,6.14,6,27.7,5.23,10,0
2025-01-15 06:25:41.000+05:30,9.02,582.7,29.58,10.11,3.3,10,27.5,8.05,10,0
2025-01-15 06:25:42.000+05:30,11.76,318.97,26.7,4.01,1.4,24,27.5,7.19,10,0
2025-01-15 06:25:43.000+05:30,65.12,650.42,31.92,9.77,4.87,-13,27.7,6.03,10,0
2025-01-15 06:25:44.000+05:30,63.03,896.38,21.83,5.97,1.54,-1,27.7,8.05,10,0
2025-01-15 06:25:45.000+05:30,50.63,784.93,25.19,3.19,3.78,23,27.7,0.09,10,0
2025-01-15 06:25:46.000+05:30,7.54,466.33,21.81,10.7,3.83,4,27.7,10.75,10,0
2025-01-15 06:25:47.000+05:30,48.92,752.75,26.89,6.19,5.52,-21,27.6,12.14,10,0
2025-01-15 06:25:48.000+05:30,16.34,457.43,21.21,7.8,5.88,-22,27.7,0.55,10,0
2025-01-15 06:25:49.000+05:30,67.14,469.58,23.78,5.07,1.69,-3,27.9,4.24,10,0
2025-01-15 06:25:50.000+05:30,21.68,848.72,29.27,3.25,5.5,-23,27.8,13.22,10,0
2025-01-15 06:25:51.000+05:30,30.63,544.13,28.93,9.66,2.67,-5,27.6,6.26,10,0
2025-01-15 06:25:52.000+05:30,55.57,637.74,21.5,11.72,3.39,3,27.5,8.1,10,0
2025-01-15 06:25:53.000+05:30,54.67,337.03,25.87,8.44,4.77,-18,27.6,4.44,10,0
2025-01-15 06:25:54.000+05:30,12.72,584.42,25.74,7.58,5.89,-6,27.8,0.23,10,0
2025-01-15 06:25:55.000+05:30,32.22,808.8,24.26,11.51,5.27,24,27.8,6.08,10,0
2025-01-15 06:25:56.000+05:30,21.45,708.78,27.81,10.29,5.49,-13,27.8,0.22,10,0
2025-01-15 06:25:57.000+05:30,63.53,289.04,30.17,4.6,0.55,-22,27.8,7.26,10,0
2025-01-15 06:25:58.000+05:30,55.02,299.16,29.63,10.8,4.27,-4,27.8,5.2,10,0
2025-01-15 06:25:59.000+05:30,33.41,371.77,26.22,4.36,5.11,-7,27.9,9.36,10,0
2025-01-15 06:26:00.000+05:30,13.89,363.92,25.97,5.75,4.06,-14,27.7,12.73,10,0
2025-01-15 06:26:01.000+05:30,8.79,276.53,20.34,7.23,4.69,-4,27.5,2.02,10,0
2025-01-15 06:26:02.000+05:30,30.75,643.04,26.3,4.42,0.59,-25,27.7,12.56,10,0
2025-01-15 06:26:03.000+05:30,11.18,879.99,25.57,6.74,5.62,24,27.7,6.17,10,0
2025-01-15 06:26:04.000+05:30,47.12,459.32,25.63,11.13,1.23,-7,27.9,9.19,10,0
2025-01-15 06:26:05.000+05:30,49.11,321.69,25.91,10.48,3.76,2,27.6,1.76,10,0
2025-01-15 06:26:06.000+05:30,66.36,404.35,20.99,3.85,2.8,-24,27.6,12.42,10,0
2025-01-15 06:26:07.000+05:30,22.79,727.22,23.61,9.39,3.13,3,27.7,8.27,10,0
2025-01-15 06:26:08.000+05:30,62.67,746.33,21.58,6.8,4.27,29,27.8,8.11,10,0
2025-01-15 06:26:09.000+05:30,54.12,771.85,27.58,10.15,6.08,10,27.5,0.2,10,0
2025-01-15 06:26:10.000+05:30,57.07,363.61,23.87,8.15,3.26,10,27.8,4.81,10,0
2025-01-15 06:26:11.000+05:30,68.16,519.62,31.91,7.08,2,17,27.6,6.16,10,0
2025-01-15 06:26:12.000+05:30,55.42,851.29,24.05,11.03,1.96,1,27.8,11.3,10,0
2025-01-15 06:26:13.000+05:30,35.75,321.76,30.27,9.87,2,-3,27.8,10.95,10,0
2025-01-15 06:26:14.000+05:30,67.78,340.79,22.73,7.12,1.13,-12,27.6,7.71,10,0
2025-01-15 06:26:15.000+05:30,28.9,549.64,26.64,11.46,6.01,-19,27.7,13.6,10,0
2025-01-15 06:26:16.000+05:30,66.3,899.07,22.34,10.56,1.76,16,27.8,0.23,10,0
2025-01-15 06:26:17.000+05:30,40.11,759.16,26.75,7.78,0.77,4,27.6,7.46,10,0
2025-01-15 06:26:18.000+05:30,66.67,599.76,24.49,3.9,1.44,9,27.6,8.88,10,0
2025-01-15 06:26:19.000+05:30,65.63,718.3,26.49,11.6,2.92,-27,27.9,2.83,10,0
2025-01-15 06:26:20.000+05:30,66.78,449.76,30.81,11.75,5.59,-22,27.8,6.55,10,0
2025-01-15 06:26:21.000+05:30,25.9,307.92,28.5,9.01,1.69,8,27.9,10.27,10,0
2025-01-15 06:26:22.000+05:30,10.73,522.64,21.73,10.4,4.86,30,27.9,11.3,10,0
2025-01-15 06:26:23.000+05:30,31.65,362.04,25.03,8.32,1.92,-16,27.9,4.91,10,0
2025-01-15 06:26:24.000+05:30,24.4,831.29,21.48,9.66,5.88,-2,27.6,2.13,10,0
2025-01-15 06:26:25.000+05:30,24.35,469.58,27.64,7.69,3.49,8,27.7,10.8,10,0
2025-01-15 06:26:26.000+05:30,48.61,451.25,21.5,9.69,3.09,18,27.9,0.99,10,0
2025-01-15 06:26:27.000+05:30,28.51,434.15,31.86,6.43,5.58,-1,27.7,1.58,10,0
2025-01-15 06:26:28.000+05:30,17.61,714.25,30.39,7.39,2.16,-25,27.9,7.32,10,0
2025-01-15 06:26:29.000+05:30,45.01,643.39,24.35,10.82,4.29,-3,27.7,11.71,10,0
2025-01-15 06:26:30.000+05:30,47.2,813.71,23.36,9.52,2.07,2,27.6,3.52,10,0
2025-01-15 06:26:31.000+05:30,49.02,420.8,24.28,3.12,4.56,7,27.7,6.8,10,0
2025-01-15 06:26:32.000+05:30,44.24,686,21.25,10.03,4.54,23,27.7,7.85,10,0
2025-01-15 06:26:33.000+05:30,45.22,817.05,28.01,3.38,1.11,11,27.9,11.73,10,0
2025-01-15 06:26:34.000+05:30,43.26,335.18,29.17,6.25,4.33,-4,27.8,12.65,10,0
2025-01-15 06:26:35.000+05:30,52.25,285.51,27.77,6.96,3.13,-28,27.9,12.09,10,0
2025-01-15 06:26:36.000+05:30,58.23,662,29.33,9.02,0.65,-29,27.8,7.94,10,0
2025-01-15 06:26:37.000+05:30,27.72,447.06,24.95,3.26,3.1,-8,27.8,12.47,10,0
2025-01-15 06:26:38.000+05:30,28.68,883.09,22.98,7.01,0.77,10,27.6,6.41,10,0
2025-01-15 06:26:39.000+05:30,57,394,29.25,7.93,2.33,-8,27.8,5.62,10,0
2025-01-15 06:26:40.000+05:30,17.84,579.9,21.07,6.17,3.57,-16,27.6,11.27,10,0
2025-01-15 06:26:41.000+05:30,26.27,845.07,21.09,6.65,4.04,18,27.7,8.95,10,0
2025-01-15 06:26:42.000+05:30,23.67,712.73,24.21,10.25,5.61,-20,27.6,10.57,10,0
2025-01-15 06:26:43.000+05:30,14.02,632.38,30.91,9.3,3.69,4,27.6,10.59,10,0
2025-01-15 06:26:44.000+05:30,45.96,308.6,21.12,9.4,5.71,24,27.6,9.28,10,0
2025-01-15 06:26:45.000+05:30,52.1,601.01,24.76,11.29,1.09,22,27.9,13.39,10,0
2025-01-15 06:26:46.000+05:30,57.3,652.59,31.65,5.91,1.78,-15,27.7,11.57,10,0
2025-01-15 06:26:47.000+05:30,49.05,435.22,25.93,10.5,6.1,-16,27.7,3.43,10,0
2025-01-15 06:26:48.000+05:30,58.13,353.04,23.56,11.68,5.39,-2,27.7,6.77,10,0
2025-01-15 06:26:49.000+05:30,41.73,623.57,24.95,10.63,3.81,26,27.9,8.78,10,0
2025-01-15 06:26:50.000+05:30,31.39,427.36,29.56,6.28,5.07,-7,27.9,6.04,10,0
2025-01-15 06:26:51.000+05:30,66.03,464.9,24.28,11.62,1.27,14,27.6,12.04,10,0
2025-01-15 06:26:52.000+05:30,40.91,342.41,31.77,10.06,3.39,-10,27.5,6.66,10,0
2025-01-15 06:26:53.000+05:30,59.06,405.81,24.18,9.32,6.07,-16,27.7,11.5,10,0
2025-01-15 06:26:54.000+05:30,43.18,294.05,27.43,7.47,2.99,-20,27.5,13.34,10,0
2025-01-15 06:26:55.000+05:30,35.25,676.18,30.75,7.29,4.53,-8,27.5,0.89,10,0
2025-01-15 06:26:56.000+05:30,52.29,624.64,31.37,9.55,4.57,15,27.8,6.87,10,0
2025-01-15 06:26:57.000+05:30,15.4,513.6,27.94,5.79,4.47,-16,27.7,4.27,10,0
2025-01-15 06:26:58.000+05:30,62.19,865.61,21.73,7.86,4.38,-30,27.9,4.4,10,0
2025-01-15 06:26:59.000+05:30,10.34,742.86,27.05,9.97,0.9,-4,27.8,0.89,10,0
2025-01-15 06:27:00.000+05:30,53.15,419.23,27.22,9.83,1.52,11,27.9,2.54,10,0
2025-01-15 06:27:01.000+05:30,52.91,472.35,21.13,6.63,4.5,21,27.7,9.59,10,0
2025-01-15 06:27:02.000+05:30,50.87,348.65,24.12,3.86,2.52,26,27.6,9.9,10,0
2025-01-15 06:27:03.000+05:30,12.72,426.72,22.41,6.16,4.19,-2,27.8,1.14,10,0
2025-01-15 06:27:04.000+05:30,40,273.06,27.27,11.84,0.84,-20,27.5,5.22,10,0
2025-01-15 06:27:05.000+05:30,69.06,268.05,23.92,5.76,5.06,-7,27.8,7.95,10,0
2025-01-15 06:27:06.000+05:30,67.21,380.63,27.45,4.64,1.74,25,27.8,4.83,10,0
2025-01-15 06:27:07.000+05:30,16.74,499.47,22.12,6.97,5.32,2,27.6,10.81,10,0
2025-01-15 06:27:08.000+05:30,58.6,279.42,20.47,7.84,5.96,21,27.9,13.17,10,0
2025-01-15 06:27:09.000+05:30,65.91,328.98,28.2,8.31,1.45,-18,27.7,1.4,10,0
2025-01-15 06:27:10.000+05:30,69.83,848.8,31.25,11.36,3.62,-2,27.9,5.44,10,0
2025-01-15 06:27:11.000+05:30,49.13,301.9,22.95,4.27,5.97,20,27.7,6.87,10,0
2025-01-15 06:27:12.000+05:30,29.57,846.63,31.05,10.3,5.69,23,27.7,9.91,10,0
2025-01-15 06:27:13.000+05:30,60.41,318.21,27.86,11.21,3.71,3,27.7,9.83,10,0
2025-01-15 06:27:14.000+05:30,41.42,388.6,23.84,7.03,1.63,-3,27.7,13.22,10,0
2025-01-15 06:27:15.000+05:30,30.76,573.9,25.89,5.89,3.26,1,27.9,5.44,10,0
2025-01-15 06:27:16.000+05:30,55.56,753.34,28.39,7.75,0.74,-11,27.9,13.25,10,0
2025-01-15 06:27:17.000+05:30,54.11,625.62,22.08,5.82,0.77,-11,27.7,0.39,10,0
2025-01-15 06:27:18.000+05:30,29.16,604.17,29.88,9.16,2.97,24,27.6,7.12,10,0
2025-01-15 06:27:19.000+05:30,30.36,707.48,30.93,3.89,5.91,15,27.6,12.49,10,0
2025-01-15 06:27:20.000+05:30,51.98,576.98,26.85,8.52,0.76,27,27.8,5.34,10,0
2025-01-15 06:27:21.000+05:30,65.23,263.03,22.88,10.32,5.24,-6,27.8,13.78,10,0
2025-01-15 06:27:22.000+05:30,30.42,796.18,20.54,4.28,1.9,26,27.9,9.36,10,0
2025-01-15 06:27:23.000+05:30,49.86,714.51,30.83,5.79,5.86,28,27.6,9.15,10,0
2025-01-15 06:27:24.000+05:30,50.49,526.17,24.96,5.5,5.64,1,27.6,11.43,10,0
2025-01-15 06:27:25.000+05:30,7.66,703.21,20.5,9.9,1.23,-26,27.8,9.65,10,0
2025-01-15 06:27:26.000+05:30,14.26,837.42,25.86,4.65,2.37,-14,27.9,13.21,10,0
2025-01-15 06:27:27.000+05:30,52.05,704.81,23.42,5.58,5.38,18,27.5,3.66,10,0
2025-01-15 06:27:28.000+05:30,58.84,825.78,31.4,7.99,3.34,-28,27.7,1.78,10,0
2025-01-15 06:27:29.000+05:30,13.89,406.33,30,4.66,4.85,-15,27.7,11.29,10,0
2025-01-15 06:27:30.000+05:30,30.37,732.54,25.3,9.92,4.28,-18,27.8,7.05,10,0
2025-01-15 06:27:31.000+05:30,52.67,288.01,20.17,4.37,5.4,-19,27.6,3.51,10,0
2025-01-15 06:27:32.000+05:30,19.64,672.25,24.7,4.38,2.16,-19,27.8,0.89,10,0
2025-01-15 06:27:33.000+05:30,28.16,721.56,20.3,6.96,5.31,-12,27.7,8.42,10,0
2025-01-15 06:27:34.000+05:30,16.03,877.07,20.68,9.16,2.84,9,27.8,7.48,10,0
2025-01-15 06:27:35.000+05:30,52.62,465.86,20.46,11.11,4.4,-30,27.7,0.08,10,0
2025-01-15 06:27:36.000+05:30,58.26,751.97,21.44,5.02,4.08,-26,27.5,7.89,10,0
2025-01-15 06:27:37.000+05:30,58.91,564.91,26.86,6.47,4.41,28,27.8,5.41,10,0
2025-01-15 06:27:38.000+05:30,50.02,652.07,24.14,11.89,3.09,-21,27.7,12.87,10,0
2025-01-15 06:27:39.000+05:30,62.4,403.26,23.44,9.58,5.99,-14,27.9,5.44,10,0
2025-01-15 06:27:40.000+05:30,30.19,273.4,29.67,4.3,3.12,4,27.8,9.95,10,0
2025-01-15 06:27:41.000+05:30,69.21,340.02,27.52,4.87,2.81,-1,27.8,12.37,10,0
2025-01-15 06:27:42.000+05:30,34.97,508.6,24.36,5.93,2.77,-17,27.6,10.13,10,0
2025-01-15 06:27:43.000+05:30,51.89,623.77,31.38,9.56,4.97,-1,27.7,5.09,10,0
2025-01-15 06:27:44.000+05:30,55.13,521.25,27.73,4.92,1.31,11,27.7,1.52,10,0
2025-01-15 06:27:45.000+05:30,63.99,871.67,30.44,6.71,1.64,26,27.6,4.73,10,0
2025-01-15 06:27:46.000+05:30,31.21,591.2,22.16,6.99,4.46,12,27.6,5.4,10,0
2025-01-15 06:27:47.000+05:30,68.97,695.6,29.23,8.77,3.78,-21,27.7,11.21,10,0
2025-01-15 06:27:48.000+05:30,36.52,815.54,21.57,11.38,2.3,9,27.7,13.06,10,0
2025-01-15 06:27:49.000+05:30,46.57,282.59,21.16,3.59,0.62,25,27.5,12.88,10,0
2025-01-15 06:27:50.000+05:30,60.71,460.51,30.82,4.83,1.36,23,27.5,2.98,10,0
2025-01-15 06:27:51.000+05:30,46.26,461.92,30.85,7.02,2.43,-11,27.5,2.45,10,0
2025-01-15 06:27:52.000+05:30,42.4,836.52,21.82,6.74,3.53,-20,27.7,8.66,10,0
2025-01-15 06:27:53.000+05:30,46.61,707.91,23.37,10.63,1.92,30,27.6,1.59,10,0
2025-01-15 06:27:54.000+05:30,35.03,743.63,21.63,6.43,2.66,-29,27.7,2.39,10,0
2025-01-15 06:27:55.000+05:30,69.23,491.93,25.29,8.15,3.05,1,27.9,0.28,10,0
2025-01-15 06:27:56.000+05:30,42.71,826.79,31.85,10.98,0.89,-11,27.8,1.89,10,0
2025-01-15 06:27:57.000+05:30,64.76,331.02,31.22,11.64,1.62,-12,27.8,8.88,10,0
2025-01-15 06:27:58.000+05:30,66.77,313.17,27.23,10.19,0.59,-4,27.9,12.47,10,0
2025-01-15 06:27:59.000+05:30,30.01,421.74,26.16,11.84,5.65,-10,27.9,0.33,10,0
2025-01-15 06:28:00.000+05:30,10.28,412.83,23.68,7.04,2.97,17,27.9,0.57,10,0
2025-01-15 06:28:01.000+05:30,48.37,682.02,24,3.28,5.47,-30,27.8,12.97,10,0
2025-01-15 06:28:02.000+05:30,8.21,503.63,30.85,6.42,0.71,14,27.7,9.41,10,0
2025-01-15 06:28:03.000+05:30,30.11,588.05,31.92,6.82,4.53,-8,27.8,1.85,10,0
2025-01-15 06:28:04.000+05:30,41.8,572.85,23.2,11.22,5.74,12,27.9,1.19,10,0
2025-01-15 06:28:05.000+05:30,61.27,833.32,20.28,4.16,4.84,-19,27.6,3.4,10,0
2025-01-15 06:28:06.000+05:30,16.7,772.93,29.35,10.77,0.55,21,27.6,0.19,10,0
2025-01-15 06:28:07.000+05:30,64.26,305.04,26.99,11.69,6.02,-9,27.8,8.83,10,0
2025-01-15 06:28:08.000+05:30,13.67,338.07,28.45,4.8,4.75,-25,27.8,1.14,10,0
2025-01-15 06:28:09.000+05:30,12.77,537.1,28.23,4.89,4.59,10,27.7,5.42,10,0
2025-01-15 06:28:10.000+05:30,36.99,386.27,31.86,8.45,1.56,13,27.7,4.03,10,0
2025-01-15 06:28:11.000+05:30,61.24,543.21,26.09,3.72,6.05,26,27.7,3.69,10,0
2025-01-15 06:28:12.000+05:30,68.28,707.98,28.43,3.68,1.57,-16,27.6,4.5,10,0
2025-01-15 06:28:13.000+05:30,47.02,639.08,27.22,7.56,2.13,22,27.6,5.97,10,0
2025-01-15 06:28:14.000+05:30,22.17,264.47,30.69,9.15,2.1,-27,27.5,2.26,10,0
2025-01-15 06:28:15.000+05:30,28.69,729.07,27.44,10.36,0.96,15,27.7,10.7,10,0
2025-01-15 06:28:16.000+05:30,68.56,691.68,23.82,9.94,5.71,8,27.8,9.77,10,0
2025-01-15 06:28:17.000+05:30,11.15,427.96,30.08,7.06,4.73,1,27.6,6.73,10,0
2025-01-15 06:28:18.000+05:30,37.81,609.39,28.94,5.05,1.47,-4,27.7,9.67,10,0
2025-01-15 06:28:19.000+05:30,36.08,851.01,30.16,11.75,3.14,-2,27.6,12.59,10,0
2025-01-15 06:28:20.000+05:30,53.49,506.76,31.4,10.86,4.99,25,27.8,5.34,10,0
2025-01-15 06:28:21.000+05:30,32.16,268.93,29.5,8.96,1.48,-19,27.6,8.3,10,0
2025-01-15 06:28:22.000+05:30,8.03,562.26,23.25,4.78,3.33,23,27.9,2.22,10,0
2025-01-15 06:28:23.000+05:30,41.61,405.75,25.84,9.51,2.97,-20,27.7,13.26,10,0
2025-01-15 06:28:24.000+05:30,48.94,486.16,21.27,11.58,4.52,-21,27.6,8.51,10,0
2025-01-15 06:28:25.000+05:30,66.43,774.32,25,3.12,2.26,10,27.6,2.22,10,0
2025-01-15 06:28:26.000+05:30,45.96,651.44,27.19,7.77,2.44,14,27.8,5.23,10,0
2025-01-15 06:28:27.000+05:30,30.28,881.08,20.76,7.02,2.88,-10,27.8,2.93,10,0
2025-01-15 06:28:28.000+05:30,64.34,837.63,27.61,11.12,3.21,-9,27.7,3.93,10,0
2025-01-15 06:28:29.000+05:30,27.86,384.4,21.53,5.9,4.11,-16,27.8,13.6,10,0
2025-01-15 06:28:30.000+05:30,45.39,780.53,22.99,8.07,5.58,26,27.5,4.39,10,0
2025-01-15 06:28:31.000+05:30,54.26,659.11,20.98,7.42,3.93,16,27.6,12.47,10,0
2025-01-15 06:28:32.000+05:30,35.32,757.56,29.5,5.49,1.32,-27,27.7,11.87,10,0
2025-01-15 06:28:33.000+05:30,21.07,261.95,24.27,8.59,3.7,-10,27.7,10.97,10,0
2025-01-15 06:28:34.000+05:30,26.79,825.26,22.4,10.3,1.57,8,27.5,12.93,10,0
2025-01-15 06:28:35.000+05:30,53.21,730.72,22.34,10.19,2.11,-3,27.8,11.07,10,0
2025-01-15 06:28:36.000+05:30,60.72,450.83,22.45,5.66,0.66,-4,27.5,9.02,10,0
2025-01-15 06:28:37.000+05:30,36.29,842.28,21.77,8.63,3.67,18,27.6,8.31,10,0
2025-01-15 06:28:38.000+05:30,66.02,551.8,22.37,8.46,2.12,-10,27.9,8.21,10,0
2025-01-15 06:28:39.000+05:30,14.81,815.35,26.63,6.32,2.3,5,27.5,10.09,10,0
2025-01-15 06:28:40.000+05:30,34.36,467.29,22.14,8.52,4.84,-10,27.7,9.01,10,0
2025-01-15 06:28:41.000+05:30,42.82,825.29,20.67,9.46,1.25,-26,27.6,0.89,10,0
2025-01-15 06:28:42.000+05:30,13.44,364.56,28.57,3.83,2.55,-25,27.7,5,10,0
2025-01-15 06:28:43.000+05:30,54.3,575.17,26.54,7.72,4.16,-21,27.7,5.54,10,0
2025-01-15 06:28:44.000+05:30,12.64,392.64,21.91,9.86,5.45,-27,27.8,3.18,10,0
2025-01-15 06:28:45.000+05:30,42.13,293.59,30.11,5.03,0.74,-16,27.9,3.07,10,0
2025-01-15 06:28:46.000+05:30,67.13,348.11,23.83,6.49,4.12,2,27.8,5.54,10,0
2025-01-15 06:28:47.000+05:30,38.01,688.57,28.37,7.95,0.73,-17,27.6,8.26,10,0
2025-01-15 06:28:48.000+05:30,37.96,483.6,20.97,10.93,3.4,-5,27.6,11.61,10,0
2025-01-15 06:28:49.000+05:30,40.78,845.73,28.93,5.53,3.67,-20,27.8,7.15,10,0
2025-01-15 06:28:50.000+05:30,54.51,424.02,22.35,11.08,2.74,-2,27.5,9.11,10,0
2025-01-15 06:28:51.000+05:30,45.01,676.9,26.14,6.65,1.55,21,27.5,0.58,10,0
2025-01-15 06:28:52.000+05:30,65.78,391.57,29.12,9.62,2.2,-17,27.9,9.66,10,0
2025-01-15 06:28:53.000+05:30,58.53,491,20.65,8.64,3.73,-14,27.6,12.38,10,0
2025-01-15 06:28:54.000+05:30,8.5,267.91,29.96,10.74,1.68,-6,27.8,13.26,10,0
2025-01-15 06:28:55.000+05:30,35.85,510.08,29.05,11.29,3.24,20,27.9,8.35,10,0
2025-01-15 06:28:56.000+05:30,61.01,419.05,27.4,10.96,5.36,24,27.5,8.67,10,0
2025-01-15 06:28:57.000+05:30,24.28,260.01,25.34,9.56,5.98,-7,27.6,1.36,10,0
2025-01-15 06:28:58.000+05:30,19.02,530.83,30.52,3.68,2.88,19,27.5,0.31,10,0
2025-01-15 06:28:59.000+05:30,14.56,350.78,25.48,11.39,6.1,-23,27.9,12.8,10,0
2025-01-15 06:29:00.000+05:30,53.89,696.37,20.36,11.38,3.22,-25,27.8,0.2,10,0
2025-01-15 06:29:01.000+05:30,35.68,827.32,28.34,5.46,0.63,-26,27.8,7.89,10,0
2025-01-15 06:29:02.000+05:30,16.66,301.7,28.14,3.27,3.34,-4,27.6,11.63,10,0
2025-01-15 06:29:03.000+05:30,7.84,834.34,27.88,11.63,5.5,16,27.7,9.94,10,0
2025-01-15 06:29:04.000+05:30,57.52,275.62,23.26,10.85,1.84,-30,27.9,6.27,10,0
2025-01-15 06:29:05.000+05:30,9.78,620.46,30.28,8.03,4.51,15,27.8,11.09,10,0
2025-01-15 06:29:06.000+05:30,9.98,492.98,27.18,7.11,3.19,12,27.9,2.29,10,0
2025-01-15 06:29:07.000+05:30,52.75,606.09,23.85,8.75,2.82,-7,27.7,8.12,10,0
2025-01-15 06:29:08.000+05:30,28.89,447.17,29.77,9.76,3.32,-7,27.9,7.59,10,0
2025-01-15 06:29:09.000+05:30,12.45,422.05,21.65,11.32,4.18,4,27.8,6.31,10,0
2025-01-15 06:29:10.000+05:30,17.35,287.36,26.08,10.74,4.06,4,27.8,8.38,10,0
2025-01-15 06:29:11.000+05:30,53.92,804.7,26.88,11.8,5.02,-5,27.5,11.55,10,0
2025-01-15 06:29:12.000+05:30,33.4,331.6,26.02,3.38,1.09,29,27.7,0.06,10,0
2025-01-15 06:29:13.000+05:30,66.36,733.42,28.21,10.09,3.29,23,27.8,4.56,10,0
2025-01-15 06:29:14.000+05:30,41.55,512.77,27.88,6.54,3.79,14,27.8,10.5,10,0
2025-01-15 06:29:15.000+05:30,13.7,669.9,25.44,10.51,5.6,-30,27.9,2.64,10,0
2025-01-15 06:29:16.000+05:30,68.06,771.96,25.94,11.24,4.46,18,27.7,4.29,10,0
2025-01-15 06:29:17.000+05:30,58.99,606.86,21.16,10.33,0.63,-23,27.6,0.44,10,0
2025-01-15 06:29:18.000+05:30,59.14,695.51,20.8,7.07,1.18,12,27.7,13.23,10,0
2025-01-15 06:29:19.000+05:30,50.96,452.14,24.65,4.88,2.94,0,27.8,8.26,10,0
2025-01-15 06:29:20.000+05:30,44.38,694.64,31.72,7.5,2.5,0,27.8,3.58,10,0
2025-01-15 06:29:21.000+05:30,31.18,604.97,21.18,9.2,4.04,13,27.7,4.91,10,0
2025-01-15 06:29:22.000+05:30,8.72,284.75,25.85,11.15,3.21,-25,27.6,7.61,10,0
2025-01-15 06:29:23.000+05:30,59.33,664.03,21.13,6.42,2.42,0,27.5,8.45,10,0
2025-01-15 06:29:24.000+05:30,26.52,757.38,30.26,4.95,2.84,-22,27.7,0.14,10,0
2025-01-15 06:29:25.000+05:30,49.54,278.07,26.08,3.62,1.53,6,27.7,3.85,10,0
2025-01-15 06:29:26.000+05:30,65.27,678.37,20.58,8.27,4.48,27,27.7,6.88,10,0
2025-01-15 06:29:27.000+05:30,60.77,285.48,27.21,6.84,4.41,-26,27.6,13.56,10,0
2025-01-15 06:29:28.000+05:30,37.63,263.64,29.31,10.26,5.66,-28,27.6,10.81,10,0
2025-01-15 06:29:29.000+05:30,21.08,813.96,27,7.44,4.57,30,27.9,11.32,10,0
2025-01-15 06:29:30.000+05:30,13.4,349.09,28.88,11.52,3.71,-7,27.8,6.13,10,0
2025-01-15 06:29:31.000+05:30,34.09,713.38,30.77,6.31,3.6,-28,27.6,5.86,10,0
2025-01-15 06:29:32.000+05:30,42.11,530.24,20.78,5.36,5.91,-5,27.7,5.01,10,0
2025-01-15 06:29:33.000+05:30,22.32,853.84,21.65,3.22,0.99,-18,27.7,2.62,10,0
2025-01-15 06:29:34.000+05:30,69.78,498.92,23.16,3.6,5,-4,27.5,2.6,10,0
2025-01-15 06:29:35.000+05:30,9.5,389.57,23.6,9.72,2.73,2,27.8,5.21,10,0
2025-01-15 06:29:36.000+05:30,14.1,686.18,27.03,3.08,5.52,28,27.6,1.92,10,0
2025-01-15 06:29:37.000+05:30,37.26,396.68,27.97,7.3,1.72,5,27.8,2.41,10,0
2025-01-15 06:29:38.000+05:30,41.11,774.48,21.75,4.14,3.41,-26,27.7,12.06,10,0
2025-01-15 06:29:39.000+05:30,69.36,306.46,21.98,8.64,2.86,30,27.6,8.76,10,0
2025-01-15 06:29:40.000+05:30,23.54,298.19,25.18,10.84,4.95,12,27.8,0.39,10,0
2025-01-15 06:29:41.000+05:30,30.54,547.89,30.04,5.02,5.67,30,27.8,6.71,10,0
2025-01-15 06:29:42.000+05:30,62.99,673.47,29.07,4.42,3.91,19,27.5,4.03,10,0
2025-01-15 06:29:43.000+05:30,44.79,527.08,26.74,9.34,4.93,-28,27.6,10.82,10,0
2025-01-15 06:29:44.000+05:30,31.78,557.28,29.68,11.25,2.23,-10,27.9,7.49,10,0
2025-01-15 06:29:45.000+05:30,60.89,560.74,25.85,9.82,5.29,5,27.9,8.25,10,0
2025-01-15 06:29:46.000+05:30,45.13,683.05,26.89,7.22,1.02,-9,27.7,6.86,10,0
2025-01-15 06:29:47.000+05:30,45.83,300.28,27.55,11.41,5.49,-16,27.6,8.32,10,0
2025-01-15 06:29:48.000+05:30,64.07,840.62,26.79,6.14,2.25,3,27.8,11.56,10,0
2025-01-15 06:29:49.000+05:30,24.55,642.57,28.04,4.7,3.99,21,27.8,11.02,10,0
2025-01-15 06:29:50.000+05:30,25.59,699.75,24.34,7.88,2.33,7,27.7,11.17,10,0
2025-01-15 06:29:51.000+05:30,14.38,722.56,23.5,5.22,3.91,-9,27.6,8.87,10,0
2025-01-15 06:29:52.000+05:30,47.79,578.05,22.95,7.36,2.04,4,27.6,7.95,10,0
2025-01-15 06:29:53.000+05:30,23.05,306.11,21.49,6.39,3.64,-26,27.6,5.5,10,0
2025-01-15 06:29:54.000+05:30,65.85,853.8,25.46,11.92,3.83,6,27.7,3.88,10,0
2025-01-15 06:29:55.000+05:30,23.74,888.21,27.54,7.41,1.12,-10,27.5,6.12,10,0
2025-01-15 06:29:56.000+05:30,18.41,491.25,29.62,3.49,5.33,5,27.7,3.88,10,0
2025-01-15 06:29:57.000+05:30,15.03,321.37,28.92,6.81,0.73,-27,27.5,9.24,10,0
2025-01-15 06:29:58.000+05:30,28.27,659.59,23.33,6.87,1.81,6,27.8,8.66,10,0
2025-01-15 06:29:59.000+05:30,65.45,486.27,22.84,3.21,3.83,-20,27.8,10.67,10,0
2025-01-15 06:30:00.000+05:30,58.98,390.01,27.4,11.59,1.02,-13,27.8,10.37,10,0
2025-01-15 06:30:01.000+05:30,14.85,417.56,24.88,5.18,3.97,28,27.6,12.49,10,0
2025-01-15 06:30:02.000+05:30,13.77,412.81,23.7,8.22,3.92,-17,27.6,5.41,10,0
2025-01-15 06:30:03.000+05:30,60.38,521.46,25.33,4.35,5.56,18,27.7,11.91,10,0
2025-01-15 06:30:04.000+05:30,41.1,433.9,30.58,7.42,5,-10,27.5,7.34,10,0
2025-01-15 06:30:05.000+05:30,38.98,508.26,25.31,4.85,1.32,23,27.8,1.08,10,0
2025-01-15 06:30:06.000+05:30,30.79,764.36,22.49,5.83,2.81,-12,27.9,3.48,10,0
2025-01-15 06:30:07.000+05:30,30.9,821.75,31.53,9.18,3.71,-26,27.7,9.04,10,0
2025-01-15 06:30:08.000+05:30,57.41,508.88,24.14,6.43,3.3,28,27.7,10.14,10,0
2025-01-15 06:30:09.000+05:30,34.55,482.87,23.23,11.2,1.98,-16,27.8,2.21,10,0
2025-01-15 06:30:10.000+05:30,47.64,643.43,29.72,10.61,6.08,18,27.6,5.1,10,0
2025-01-15 06:30:11.000+05:30,51.55,361.6,27.39,7.98,1.93,-14,27.7,7.35,10,0
2025-01-15 06:30:12.000+05:30,25.47,809.44,23.34,11.24,1.81,3,27.5,4.36,10,0
2025-01-15 06:30:13.000+05:30,61.92,657.4,26.87,10.05,5.47,17,27.6,12.14,10,0
2025-01-15 06:30:14.000+05:30,41.52,862.89,30.74,5.13,5.1,15,27.5,2.74,10,0
2025-01-15 06:30:15.000+05:30,55.69,432.19,29.4,7.81,4.94,-7,27.8,7.75,10,0
2025-01-15 06:30:16.000+05:30,16.62,856.58,22.95,3.08,5.38,2,27.8,10.73,10,0
2025-01-15 06:30:17.000+05:30,38.56,832.7,24.73,4.5,3.17,-15,27.8,11.85,10,0
2025-01-15 06:30:18.000+05:30,59.56,627.27,23.35,5.21,1.5,-15,27.6,1.54,10,0
2025-01-15 06:30:19.000+05:30,45.18,287.06,31.79,4.22,2.14,1,27.8,7.4,10,0
2025-01-15 06:30:20.000+05:30,31.89,606.54,24.85,7.73,5.98,-8,27.8,13.21,10,0
2025-01-15 06:30:21.000+05:30,43.38,796.08,24.86,5.26,5.84,24,27.7,2.34,10,0
2025-01-15 06:30:22.000+05:30,57.7,392.41,27.2,6.31,2.2,-4,27.7,8.46,10,0
2025-01-15 06:30:23.000+05:30,25.87,275.28,25.85,9.75,1.73,18,27.6,10.85,10,0
2025-01-15 06:30:24.000+05:30,61.51,765.94,28.99,8.84,2.22,-29,27.9,3.42,10,0
2025-01-15 06:30:25.000+05:30,63.93,421.87,24.79,9.42,2.62,-22,27.7,2.87,10,0
2025-01-15 06:30:26.000+05:30,10.23,866.54,30.76,11.3,2.18,-1,27.9,0.74,10,0
2025-01-15 06:30:27.000+05:30,62.88,818.15,20.94,5.65,5.18,-28,27.9,7.72,10,0
2025-01-15 06:30:28.000+05:30,61.72,566.85,24.23,4.74,5.76,-24,27.6,2.32,10,0
2025-01-15 06:30:29.000+05:30,51.8,432.55,20.3,4.97,3.47,-5,27.6,0.34,10,0
2025-01-15 06:30:30.000+05:30,45.61,482.03,23.92,6.31,5.07,26,27.7,8.2,10,0
2025-01-15 06:30:31.000+05:30,37.71,748.73,20.43,10.01,4.65,-26,27.9,7.93,10,0
2025-01-15 06:30:32.000+05:30,16.66,787.82,23.96,9.43,4.67,-21,27.6,8.89,10,0
2025-01-15 06:30:33.000+05:30,64.64,319.64,24.61,6.55,0.74,-22,27.6,4.24,10,0
2025-01-15 06:30:34.000+05:30,42.87,527.26,29.91,4.36,3.62,28,27.6,3.57,10,0
2025-01-15 06:30:35.000+05:30,69.43,364.57,20.45,9.55,4.99,28,27.9,3.07,10,0
2025-01-15 06:30:36.000+05:30,65.26,575.83,20.96,7.14,5.63,-7,27.8,8.64,10,0
2025-01-15 06:30:37.000+05:30,67.21,425.17,26.7,11,5.14,12,27.6,4.63,10,0
2025-01-15 06:30:38.000+05:30,16.8,696.45,28.6,7.68,2.09,27,27.6,8.31,10,0
2025-01-15 06:30:39.000+05:30,58.34,537.68,23.27,11.46,2.21,-5,27.5,13.62,10,0
2025-01-15 06:30:40.000+05:30,44.28,773.07,23.09,10.42,3.66,-16,27.9,11.82,10,0
2025-01-15 06:30:41.000+05:30,22.67,839.31,31.11,9.28,3.38,-5,27.7,5.78,10,0
2025-01-15 06:30:42.000+05:30,27.87,311.92,21.95,7.33,5.79,-10,27.9,0.93,10,0
2025-01-15 06:30:43.000+05:30,10.58,519.79,25.19,6.73,6.08,-7,27.5,4.67,10,0
2025-01-15 06:30:44.000+05:30,21.85,822.63,25.9,11.62,3.85,24,27.6,5.67,10,0
2025-01-15 06:30:45.000+05:30,22.32,774.9,24.03,8.38,3.88,-24,27.5,11.94,10,0
2025-01-15 06:30:46.000+05:30,57.16,265.43,26.48,7.43,1.03,21,27.8,13.58,10,0
2025-01-15 06:30:47.000+05:30,16.57,292.87,25.65,3.29,2.16,13,27.8,11.81,10,0
2025-01-15 06:30:48.000+05:30,59.09,488.64,26.86,3.36,5.59,-28,27.9,4.62,10,0
2025-01-15 06:30:49.000+05:30,12.19,285.29,20,11.3,5,22,27.9,12.56,10,0
2025-01-15 06:30:50.000+05:30,13.77,639.76,27.39,7.73,5.24,-26,27.7,3.98,10,0
2025-01-15 06:30:51.000+05:30,60.7,360.73,29.31,7.63,3.33,-12,27.5,3.13,10,0
2025-01-15 06:30:52.000+05:30,60.69,685.61,28.34,10.29,2.54,-12,27.8,7.12,10,0
2025-01-15 06:30:53.000+05:30,58.32,527.5,31.17,10.15,5.33,-17,27.6,9.33,10,0
2025-01-15 06:30:54.000+05:30,16.37,359.34,20.95,8.29,1.17,-2,27.6,1.51,10,0
2025-01-15 06:30:55.000+05:30,52.53,440.78,23.99,5.88,1.86,-4,27.5,6.74,10,0
2025-01-15 06:30:56.000+05:30,47.59,863.25,26.63,8.29,5.84,0,27.8,2.94,10,0
2025-01-15 06:30:57.000+05:30,29.95,510.11,24.14,3.44,5.29,-6,27.6,11.25,10,0
2025-01-15 06:30:58.000+05:30,38.35,681.33,24.77,9.38,2.34,-10,27.8,1.86,10,0
2025-01-15 06:30:59.000+05:30,51.57,681.38,31.5,9.76,5.45,25,27.8,2.58,10,0
2025-01-15 06:31:00.000+05:30,67.12,526.11,25.84,11.9,1.34,-15,27.7,12.38,10,0
2025-01-15 06:31:01.000+05:30,38.21,437.83,22.43,4.62,0.72,-7,27.8,0.13,10,0
2025-01-15 06:31:02.000+05:30,57.41,498.74,20.03,7.35,5.2,-17,27.6,7.02,10,0
2025-01-15 06:31:03.000+05:30,49.86,808.98,28.93,5.46,2.73,7,27.7,7.4,10,0
2025-01-15 06:31:04.000+05:30,45.57,538.36,31.4,10.2,3.09,5,27.6,10.07,10,0
2025-01-15 06:31:05.000+05:30,69.8,552.12,23.41,3.16,3.86,-26,27.7,13.51,10,0
2025-01-15 06:31:06.000+05:30,62.33,854.59,30.97,8.48,1.82,7,27.6,4.41,10,0
2025-01-15 06:31:07.000+05:30,23.68,830.57,30.23,10.35,4.31,-5,27.6,8.11,10,0
2025-01-15 06:31:08.000+05:30,40.44,285.95,31.42,7.04,2.76,-26,27.8,6.02,10,0
2025-01-15 06:31:09.000+05:30,24.24,781.23,26.56,6.75,3.36,20,27.8,13.34,10,0
2025-01-15 06:31:10.000+05:30,56.64,752.1,27.96,7.47,3.81,5,27.6,7.48,10,0
2025-01-15 06:31:11.000+05:30,14.3,410.29,31.87,8.05,2.37,-18,27.5,7.63,10,0
2025-01-15 06:31:12.000+05:30,34.06,470.42,22.95,7.32,1.07,16,27.6,13.04,10,0
2025-01-15 06:31:13.000+05:30,48.42,689.96,24.99,11.15,1.66,-24,27.8,2.29,10,0
2025-01-15 06:31:14.000+05:30,25.19,898.65,28.3,8.75,0.93,-23,27.8,2.18,10,0
2025-01-15 06:31:15.000+05:30,7.21,413.31,29.34,10.15,5.88,-23,27.8,13.51,10,0
2025-01-15 06:31:16.000+05:30,28.26,580.3,30.02,7.81,3.41,9,27.6,6.74,10,0
2025-01-15 06:31:17.000+05:30,12.25,764.96,24.24,6.49,1.58,16,27.5,13.23,10,0
2025-01-15 06:31:18.000+05:30,64.57,774.8,29.52,3.78,0.86,-20,27.7,2.04,10,0
2025-01-15 06:31:19.000+05:30,50.44,384.27,31.89,9.82,2.5,-6,27.8,4.76,10,0
2025-01-15 06:31:20.000+05:30,34.24,776.66,29.31,6.62,1.45,0,27.8,8.7,10,0
2025-01-15 06:31:21.000+05:30,54.11,302.82,31.92,5.04,4.25,1,27.7,12.78,10,0
2025-01-15 06:31:22.000+05:30,35.84,466.22,24.43,11.1,0.71,6,27.6,2.63,10,0
2025-01-15 06:31:23.000+05:30,69.22,857.71,27.78,6.74,5.27,25,27.7,13.57,10,0
2025-01-15 06:31:24.000+05:30,15.45,321.43,26.25,9.9,3.88,5,27.9,6.63,10,0
2025-01-15 06:31:25.000+05:30,52.73,478.05,27.5,3.29,5.26,-11,27.7,4.44,10,0
2025-01-15 06:31:26.000+05:30,33.82,284.92,21.28,11.45,4.29,14,27.6,13.98,10,0
2025-01-15 06:31:27.000+05:30,30.91,357.94,24.08,6.71,0.92,-26,27.7,7.43,10,0
2025-01-15 06:31:28.000+05:30,53.53,520.4,20.31,5.57,1.55,-22,27.9,1.3,10,0
2025-01-15 06:31:29.000+05:30,44.98,805,24.35,3.86,2.01,26,27.5,4.67,10,0
2025-01-15 06:31:30.000+05:30,43.31,632.63,20.95,3.44,2.28,18,27.7,10.65,10,0
2025-01-15 06:31:31.000+05:30,61.13,779.41,26.59,8.2,4.44,5,27.8,4.16,10,0
2025-01-15 06:31:32.000+05:30,13.33,518.34,31.17,5.81,5.5,-9,27.6,1.3,10,0
2025-01-15 06:31:33.000+05:30,10.28,304,31.39,8.29,1.11,0,27.8,6.68,10,0
2025-01-15 06:31:34.000+05:30,32.58,328.41,21.91,11.46,5.6,-9,27.6,3.47,10,0
2025-01-15 06:31:35.000+05:30,47.85,624.17,30.4,8.68,0.6,15,27.6,3.06,10,0
2025-01-15 06:31:36.000+05:30,53.49,786.19,28.19,5.15,2.83,26,27.6,9.54,10,0
2025-01-15 06:31:37.000+05:30,57.06,756.81,22.25,7.93,0.84,12,27.7,2.95,10,0
2025-01-15 06:31:38.000+05:30,58.98,447.33,21.63,11.76,2.85,-13,27.6,8.1,10,0
2025-01-15 06:31:39.000+05:30,60.94,339.78,25.04,8.84,3.34,-5,27.7,13.69,10,0
2025-01-15 06:31:40.000+05:30,54.05,702.43,26.92,10.33,3.81,-15,27.6,13.54,10,0
2025-01-15 06:31:41.000+05:30,9.53,898.81,28.94,9.58,4.4,-17,27.6,1.86,10,0
2025-01-15 06:31:42.000+05:30,14.09,261.8,22.52,4,4.47,-9,27.6,5.79,10,0
2025-01-15 06:31:43.000+05:30,16.1,723.56,29.43,10.82,2.35,12,27.7,5.76,10,0
2025-01-15 06:31:44.000+05:30,24.33,684.4,30.29,4.31,2.72,12,27.8,2.63,10,0
2025-01-15 06:31:45.000+05:30,48.73,573.54,31.39,6.94,1.94,-20,27.5,6.07,10,0
2025-01-15 06:31:46.000+05:30,63,298.14,25.5,5.6,2.86,-21,27.6,12.34,10,0
2025-01-15 06:31:47.000+05:30,18.15,752.19,25.68,9.86,0.87,-11,27.8,6.36,10,0
2025-01-15 06:31:48.000+05:30,35.31,700.6,23.31,7.29,2.73,-16,27.7,2.25,10,0
2025-01-15 06:31:49.000+05:30,15.41,759.85,27.74,6.46,6.12,11,27.9,7.72,10,0
2025-01-15 06:31:50.000+05:30,13.92,721.6,26.26,9.21,2.05,21,27.6,9.22,10,0
2025-01-15 06:31:51.000+05:30,32.43,300.3,31.49,3.96,5.62,-15,27.8,3.53,10,0
2025-01-15 06:31:52.000+05:30,49.11,615.81,27.36,10.19,3.52,1,27.9,2.56,10,0
2025-01-15 06:31:53.000+05:30,7.21,873.52,23.93,9.21,3.66,-30,27.7,7.95,10,0
2025-01-15 06:31:54.000+05:30,18.8,728.88,28.65,6.82,4.47,-18,27.8,3.81,10,0
2025-01-15 06:31:55.000+05:30,49.2,874.82,26.78,6.21,2.67,26,27.6,8.74,10,0
2025-01-15 06:31:56.000+05:30,9.89,475.13,25.66,5.17,2.4,5,27.5,3.19,10,0
2025-01-15 06:31:57.000+05:30,11.8,621.7,21.64,6.7,0.75,4,27.9,6.54,10,0
2025-01-15 06:31:58.000+05:30,11.57,695.81,31.71,6.97,1.27,-17,27.6,10.33,10,0
2025-01-15 06:31:59.000+05:30,9.31,267.49,27.05,4.08,2.1,-2,27.9,8.24,10,0
2025-01-15 06:32:00.000+05:30,12.89,851.08,27.34,3.84,1.93,17,27.8,8.38,10,0
2025-01-15 06:32:01.000+05:30,54.94,288.27,28.27,7.87,4.25,-30,27.9,9.74,10,0
2025-01-15 06:32:02.000+05:30,37.84,895.04,29.55,10.99,1.07,-16,27.9,7.05,10,0
2025-01-15 06:32:03.000+05:30,24.49,533.35,24.19,6.21,3.08,-29,27.8,9.74,10,0
2025-01-15 06:32:04.000+05:30,68.78,625.89,28.01,4.73,5.19,-28,27.8,3.28,10,0
2025-01-15 06:32:05.000+05:30,19.34,393.81,21.59,7.15,4.27,-22,27.5,3.16,10,0
2025-01-15 06:32:06.000+05:30,52.72,723.4,24.4,9.81,4.84,-3,27.6,11.69,10,0
2025-01-15 06:32:07.000+05:30,10.99,836.74,25.68,3.07,2.63,13,27.8,7.46,10,0
2025-01-15 06:32:08.000+05:30,33.48,314.29,21.89,3.66,2.87,14,27.8,6.08,10,0
2025-01-15 06:32:09.000+05:30,23.77,592.97,26.66,9.09,5.91,27,27.9,13.05,10,0
2025-01-15 06:32:10.000+05:30,43.89,471.23,25.44,10.46,3.89,-17,27.9,9.25,10,0
2025-01-15 06:32:11.000+05:30,33.77,651.01,29.54,5.51,1.98,16,27.8,3,10,0
2025-01-15 06:32:12.000+05:30,59.64,385.61,23.55,9.95,3.15,7,27.5,1.27,10,0
2025-01-15 06:32:13.000+05:30,50.75,836.53,22.76,9.3,5.91,0,27.7,1.58,10,0
2025-01-15 06:32:14.000+05:30,47.93,715.97,29.8,3.48,1.52,21,27.6,12.26,10,0
2025-01-15 06:32:15.000+05:30,64.2,585.39,27.28,10.96,1.88,-9,27.7,7.73,10,0
2025-01-15 06:32:16.000+05:30,12.89,427.13,26.59,10.45,0.75,23,27.6,6.87,10,0
2025-01-15 06:32:17.000+05:30,57.58,401.13,27.63,7.66,4.06,16,27.8,1,10,0
2025-01-15 06:32:18.000+05:30,12.05,746.49,25.53,9.13,6.16,-28,27.8,4.73,10,0
2025-01-15 06:32:19.000+05:30,56.14,756.19,28.29,10.77,4.62,-20,27.8,1.17,10,0
2025-01-15 06:32:20.000+05:30,57.9,634.94,20.99,4.71,5.93,20,27.9,1.38,10,0
2025-01-15 06:32:21.000+05:30,47.8,296.64,27.57,11.72,0.65,-8,27.6,2.1,10,0
2025-01-15 06:32:22.000+05:30,49.35,768.6,26.05,5.61,2.17,4,27.8,2.23,10,0
2025-01-15 06:32:23.000+05:30,44.82,628.89,25.72,7.42,5.69,-19,27.8,1.07,10,0
2025-01-15 06:32:24.000+05:30,25.21,657.86,20.51,6.42,0.73,-29,27.5,6.09,10,0
2025-01-15 06:32:25.000+05:30,10.08,683.7,30.63,6.4,4.13,16,27.7,1.24,10,0
2025-01-15 06:32:26.000+05:30,40.39,519.32,26.76,5.12,1.35,-16,27.9,3.77,10,0
2025-01-15 06:32:27.000+05:30,30.28,291.36,23.72,4.53,3.79,5,27.8,10.21,10,0
2025-01-15 06:32:28.000+05:30,46.38,293.94,22.49,6.69,5.38,9,27.6,7.82,10,0
2025-01-15 06:32:29.000+05:30,69.92,754.31,29.34,11.58,5.38,-22,27.5,7.36,10,0
2025-01-15 06:32:30.000+05:30,23.87,290.07,21.47,6.53,5.26,5,27.9,1.74,10,0
2025-01-15 06:32:31.000+05:30,53.53,427.43,28.8,11.66,4.17,0,27.7,7.66,10,0
2025-01-15 06:32:32.000+05:30,65.65,590.02,24.54,9.87,3.51,-13,27.6,0.9,10,0
2025-01-15 06:32:33.000+05:30,49.4,350.56,24.8,9.1,4.64,11,27.8,7.3,10,0
2025-01-15 06:32:34.000+05:30,53.02,520.89,21.9,5.18,2.89,-7,27.8,10.04,10,0
2025-01-15 06:32:35.000+05:30,60.24,535.77,21.25,11.65,1.94,-28,27.8,6.47,10,0
2025-01-15 06:32:36.000+05:30,25.37,888.61,24.68,6.19,4.78,25,27.8,10.61,10,0
2025-01-15 06:32:37.000+05:30,18.76,764.74,28.65,6.32,3.6,-18,27.9,2.62,10,0
2025-01-15 06:32:38.000+05:30,64.42,274.89,21.02,6.4,2.84,-12,27.7,3.92,10,0
2025-01-15 06:32:39.000+05:30,67.48,599.43,31,3.2,1.79,-15,27.7,1.53,10,0
2025-01-15 06:32:40.000+05:30,38.56,374.21,31.79,5.98,6.04,23,27.8,6.52,10,0
2025-01-15 06:32:41.000+05:30,49.44,477.55,23.48,8.75,6.16,-17,27.9,4.08,10,0
2025-01-15 06:32:42.000+05:30,20.16,749.63,24.26,10.46,1.97,15,27.5,4.41,10,0
2025-01-15 06:32:43.000+05:30,52.89,776.29,29.67,3.81,4.55,-1,27.8,6.37,10,0
2025-01-15 06:32:44.000+05:30,56.6,608.4,27.28,4.79,3.88,-18,27.7,8.83,10,0
2025-01-15 06:32:45.000+05:30,15.49,672.18,31.99,3.35,2.82,-26,27.9,0.49,10,0
2025-01-15 06:32:46.000+05:30,64.84,651.6,26.06,9.83,2.37,-1,27.9,5.45,10,0
2025-01-15 06:32:47.000+05:30,61.08,758.5,28.64,7.72,0.55,-17,27.8,12.76,10,0
2025-01-15 06:32:48.000+05:30,69.83,278.81,21.28,10.01,1.14,8,27.7,1.79,10,0
2025-01-15 06:32:49.000+05:30,7.83,700.57,24.01,8.73,3.33,22,27.9,10.21,10,0
2025-01-15 06:32:50.000+05:30,14.54,723.86,24.99,3.03,4.04,-7,27.7,2.99,10,0
2025-01-15 06:32:51.000+05:30,28.78,826.97,20.92,8.43,5.11,10,27.8,12.19,10,0
2025-01-15 06:32:52.000+05:30,25.07,605.11,22.71,6.57,3.22,7,27.6,11.73,10,0
2025-01-15 06:32:53.000+05:30,69.81,384.61,29.78,4.42,1.73,-21,27.5,8.43,10,0
2025-01-15 06:32:54.000+05:30,35.43,474.52,25.02,3.83,5.82,24,27.8,9.74,10,0
2025-01-15 06:32:55.000+05:30,15.19,603.11,31.29,3.39,2.59,20,27.6,0.3,10,0
2025-01-15 06:32:56.000+05:30,38.02,513.12,25.22,10.12,0.76,-23,27.8,9.71,10,0
2025-01-15 06:32:57.000+05:30,33.87,801.78,31.27,11.49,5.49,26,27.6,0.78,10,0
2025-01-15 06:32:58.000+05:30,31.61,826.11,21.06,10.84,0.66,-1,27.5,2.16,10,0
2025-01-15 06:32:59.000+05:30,66.24,396.23,31.43,9.91,1.95,-27,27.8,4.77,10,0
2025-01-15 06:33:00.000+05:30,39.07,377.38,26.86,7.37,5.33,5,27.8,5.94,10,0
2025-01-15 06:33:01.000+05:30,15.98,394.95,26.29,5.37,4.77,-15,27.6,0.56,10,0
2025-01-15 06:33:02.000+05:30,41.94,768.04,31.82,10.02,2.45,25,27.8,3.32,10,0
2025-01-15 06:33:03.000+05:30,41.67,831.98,21.64,3.42,1.83,16,27.5,5.24,10,0
2025-01-15 06:33:04.000+05:30,13.46,497.16,28.29,3.16,5.19,6,27.7,7.1,10,0
2025-01-15 06:33:05.000+05:30,11.08,445.18,26.89,11.41,4.57,-14,27.7,6.34,10,0
2025-01-15 06:33:06.000+05:30,17.43,743.98,28.47,8.61,4.07,6,27.8,10.73,10,0
2025-01-15 06:33:07.000+05:30,61.78,680.33,29.96,8.78,4.83,13,27.8,10.44,10,0
2025-01-15 06:33:08.000+05:30,68.82,551.97,30.67,5.66,3.55,-6,27.8,5.13,10,0
2025-01-15 06:33:09.000+05:30,42.83,354.04,26.78,5.65,4.9,6,27.7,12.42,10,0
2025-01-15 06:33:10.000+05:30,68.42,384.45,22.1,4.71,1.55,22,27.6,10.92,10,0
2025-01-15 06:33:11.000+05:30,56.17,756.81,25.16,8.08,5.98,9,27.8,0.77,10,0
2025-01-15 06:33:12.000+05:30,69.37,562.71,24.78,4.06,4.85,-29,27.8,13.61,10,0
2025-01-15 06:33:13.000+05:30,17.96,398.18,26.74,11.95,1.8,-10,27.8,8.49,10,0
2025-01-15 06:33:14.000+05:30,44.95,491.55,22.93,11.55,1.29,18,27.5,12.56,10,0
2025-01-15 06:33:15.000+05:30,58.58,442.21,20.04,6.1,2.82,-21,27.9,9.29,10,0
2025-01-15 06:33:16.000+05:30,42.67,537.85,20.36,10.24,4.97,18,27.6,5.69,10,0
2025-01-15 06:33:17.000+05:30,49.62,537.85,23.19,10.05,2.68,-4,27.8,5.3,10,0
2025-01-15 06:33:18.000+05:30,65.18,398.64,26.74,10.28,1.06,26,27.6,11.63,10,0
2025-01-15 06:33:19.000+05:30,18.99,598.24,26.86,11.82,4.78,-18,27.8,3.53,10,0
2025-01-15 06:33:20.000+05:30,32.12,355.33,27.05,9.96,5.34,27,27.5,3.81,10,0
2025-01-15 06:33:21.000+05:30,8.86,873.9,25.74,5.01,0.54,-3,27.7,11.93,10,0
2025-01-15 06:33:22.000+05:30,64.16,509.14,31.98,4.05,6.08,-18,27.5,5.42,10,0
2025-01-15 06:33:23.000+05:30,49.1,781.16,24.02,11.73,5.37,-26,27.7,0.67,10,0
2025-01-15 06:33:24.000+05:30,10.53,674.9,20.96,8.67,0.92,-27,27.7,10.33,10,0
2025-01-15 06:33:25.000+05:30,55.74,812.26,26.26,10.85,5.91,10,27.6,8.99,10,0
2025-01-15 06:33:26.000+05:30,52.99,401.13,23.36,3.15,3.32,-12,27.7,6.2,10,0
2025-01-15 06:33:27.000+05:30,10.67,863.48,30.63,9.53,4.85,-22,27.7,5.76,10,0
2025-01-15 06:33:28.000+05:30,28.71,615.5,21.1,10.85,4.63,29,27.7,11.56,10,0
2025-01-15 06:33:29.000+05:30,10,363.02,28.39,8.42,4.88,-5,27.9,3.69,10,0
2025-01-15 06:33:30.000+05:30,49.5,428.19,31.64,4.79,3.09,-22,27.9,1.25,10,0
2025-01-15 06:33:31.000+05:30,26.79,717.55,22.05,6.1,5.98,4,27.9,1.52,10,0
2025-01-15 06:33:32.000+05:30,36.25,391.15,31.95,11.17,4.36,-20,27.5,1.1,10,0
2025-01-15 06:33:33.000+05:30,14.1,740.22,22.86,7.62,4.32,1,27.7,1.85,10,0
2025-01-15 06:33:34.000+05:30,68.52,500.63,22.28,7.03,5.58,-11,27.6,7.63,10,0
2025-01-15 06:33:35.000+05:30,10.1,875.19,30.37,5.91,1.3,2,27.5,5.54,10,0
2025-01-15 06:33:36.000+05:30,58.5,535.94,23.42,3.48,3.07,23,27.5,9.55,10,0
2025-01-15 06:33:37.000+05:30,36.64,329.3,21.7,7.17,5.01,-20,27.9,9.34,10,0
2025-01-15 06:33:38.000+05:30,11.74,793.73,27.67,10.9,5.6,22,27.6,8.25,10,0
2025-01-15 06:33:39.000+05:30,46.58,427.1,31.17,6.78,3.76,23,27.7,4.76,10,0
2025-01-15 06:33:40.000+05:30,53.07,648.16,22.81,6.83,5.21,4,27.6,12.25,10,0
2025-01-15 06:33:41.000+05:30,14.24,589.79,26.52,11.96,2.83,6,27.8,4.74,10,0
2025-01-15 06:33:42.000+05:30,67.47,274.67,29.43,8.3,4.6,13,27.9,6,10,0
2025-01-15 06:33:43.000+05:30,14.5,566.13,20.73,10.75,3.33,3,27.8,12.6,10,0
2025-01-15 06:33:44.000+05:30,16.23,767.14,24.38,3.02,3.58,23,27.6,1.18,10,0
2025-01-15 06:33:45.000+05:30,21.11,483.55,28.09,3.78,2.74,-7,27.5,12.23,10,0
2025-01-15 06:33:46.000+05:30,28.11,892.88,31.24,9.18,2.81,-26,27.7,2.1,10,0
2025-01-15 06:33:47.000+05:30,55.52,371.5,31.78,4.25,3.74,18,27.7,13.56,10,0
2025-01-15 06:33:48.000+05:30,9.48,638,29.27,5.42,2.95,-12,27.8,8.53,10,0
2025-01-15 06:33:49.000+05:30,61.69,869.98,21.52,11.27,5.35,30,27.7,11.18,10,0
2025-01-15 06:33:50.000+05:30,52.97,683.88,26.51,11.78,3.91,2,27.9,9.68,10,0
2025-01-15 06:33:51.000+05:30,47.85,450.81,27.27,10.62,3.98,-26,27.8,7.75,10,0
2025-01-15 06:33:52.000+05:30,24.86,549.19,26.55,7.12,5.12,14,27.8,12.78,10,0
2025-01-15 06:33:53.000+05:30,12.77,851.14,22.82,7.9,3.05,4,27.8,6.69,10,0
2025-01-15 06:33:54.000+05:30,48.37,276.78,27.39,5.47,4.95,-26,27.8,13.49,10,0
2025-01-15 06:33:55.000+05:30,48.81,555.3,27.33,7.43,3.59,6,27.9,12,10,0
2025-01-15 06:33:56.000+05:30,38.87,719.87,21.85,10.51,2.32,1,27.9,8.08,10,0
2025-01-15 06:33:57.000+05:30,9.41,671.72,23.82,7.72,2.77,10,27.8,2.61,10,0
2025-01-15 06:33:58.000+05:30,30.23,705.12,30.6,8.97,5.45,-6,27.7,10.58,10,0
2025-01-15 06:33:59.000+05:30,46.03,698.79,26.83,3.28,1.21,4,27.6,3.91,10,0
2025-01-15 06:34:00.000+05:30,54.03,805.59,23.22,4.64,3.48,-5,27.6,6.45,10,0
2025-01-15 06:34:01.000+05:30,29.24,781.75,23.53,8.74,4.11,4,27.8,1.86,10,0
2025-01-15 06:34:02.000+05:30,60.34,765.3,29.96,5,5.86,27,27.9,7.65,10,0
2025-01-15 06:34:03.000+05:30,65.88,477.72,21.97,3.72,4.38,4,27.8,4.59,10,0
2025-01-15 06:34:04.000+05:30,52.51,856.58,22.13,11.51,2.72,-20,27.7,13.56,10,0
2025-01-15 06:34:05.000+05:30,44.11,815.73,22.67,7.77,4.96,-16,27.8,5.18,10,0
2025-01-15 06:34:06.000+05:30,66.19,327.97,28.53,6.32,0.65,3,27.6,9.04,10,0
2025-01-15 06:34:07.000+05:30,31.34,804.08,23.89,8.49,4.81,-12,27.8,10.82,10,0
2025-01-15 06:34:08.000+05:30,21.13,384.26,27.54,4.08,4.35,6,27.5,7.17,10,0
2025-01-15 06:34:09.000+05:30,59.44,844.88,27.19,4.48,1.64,-9,27.7,11.66,10,0
2025-01-15 06:34:10.000+05:30,23.96,284.12,30.06,4.89,2.25,-1,27.5,4.55,10,0
2025-01-15 06:34:11.000+05:30,59.14,389.47,22.6,4.56,4.03,-4,27.7,3,10,0
2025-01-15 06:34:12.000+05:30,60.29,595.7,22.86,6.84,5.35,9,27.6,0.64,10,0
2025-01-15 06:34:13.000+05:30,60.34,706.16,27.72,3.98,5.92,-28,27.8,11.09,10,0
2025-01-15 06:34:14.000+05:30,18.17,505.08,26.35,11.98,4.47,5,27.5,7.33,10,0
2025-01-15 06:34:15.000+05:30,53.15,344.25,25.74,5.45,1.24,3,27.7,11.83,10,0
2025-01-15 06:34:16.000+05:30,55.32,517.4,30.68,11.42,3.68,19,27.7,12.78,10,0
2025-01-15 06:34:17.000+05:30,10.68,467.65,29.28,7.56,5.02,-2,27.6,6.3,10,0
2025-01-15 06:34:18.000+05:30,61.34,348.46,28.47,7.59,6.1,-13,27.7,12.5,10,0
2025-01-15 06:34:19.000+05:30,28.39,636.53,31.57,10.17,2.31,9,27.6,9.98,10,0
2025-01-15 06:34:20.000+05:30,38.63,454.91,27.37,4.07,0.97,-9,27.5,9.7,10,0
2025-01-15 06:34:21.000+05:30,65.75,264,20.47,4.4,2.25,7,27.8,8.95,10,0
2025-01-15 06:34:22.000+05:30,21.62,873.42,21.57,10.9,5.53,21,27.6,11.58,10,0
2025-01-15 06:34:23.000+05:30,26.99,393.34,23.89,7.32,3.47,-3,27.7,8.87,10,0
2025-01-15 06:34:24.000+05:30,18.48,324.24,23.64,10.66,3.49,7,27.7,5.36,10,0
2025-01-15 06:34:25.000+05:30,52.15,352.21,31.56,9.21,5.84,27,27.8,5.92,10,0
2025-01-15 06:34:26.000+05:30,34.79,867.65,27.72,4.35,0.54,2,27.9,5.13,10,0
2025-01-15 06:34:27.000+05:30,51.33,848.31,23.45,11.55,0.9,22,27.6,3.06,10,0
2025-01-15 06:34:28.000+05:30,41.23,782.47,28.84,4.71,0.86,-21,27.9,2.8,10,0
2025-01-15 06:34:29.000+05:30,47.64,661.22,27.49,3.53,4.71,3,27.6,12.4,10,0
2025-01-15 06:34:30.000+05:30,23.53,362.5,28.61,7.17,0.64,0,27.7,2.31,10,0
2025-01-15 06:34:31.000+05:30,51.49,685.7,22.12,4.63,2.5,-14,27.8,6.5,10,0
2025-01-15 06:34:32.000+05:30,29.88,661.75,25.81,6.41,5.42,-10,27.6,13.19,10,0
2025-01-15 06:34:33.000+05:30,12.68,782.67,30.26,9.68,2.68,-15,27.8,9.21,10,0
2025-01-15 06:34:34.000+05:30,31.73,611.6,22.18,6.96,1.19,-26,27.7,6.56,10,0
2025-01-15 06:34:35.000+05:30,20.55,543.45,28.61,4.96,3.72,-19,27.9,8.16,10,0
2025-01-15 06:34:36.000+05:30,65.34,468.53,22.07,8.19,3.73,17,27.7,8.61,10,0
2025-01-15 06:34:37.000+05:30,17.79,324.52,25.13,5.94,5.37,-11,27.6,1.06,10,0
2025-01-15 06:34:38.000+05:30,41.69,411.33,22,8.88,4.5,6,27.8,3.42,10,0
2025-01-15 06:34:39.000+05:30,41.03,464.93,31.28,5.4,1.2,-1,27.8,10.15,10,0
2025-01-15 06:34:40.000+05:30,62.6,400.07,29.7,5.61,5.87,-14,27.8,7.99,10,0
2025-01-15 06:34:41.000+05:30,43.39,869.97,25.98,9.44,1.16,8,27.8,12.51,10,0
2025-01-15 06:34:42.000+05:30,61.22,540.83,22.24,4.57,0.9,-15,27.8,0.78,10,0
2025-01-15 06:34:43.000+05:30,44.54,746.24,30.93,9.47,1.72,22,27.6,9.91,10,0
2025-01-15 06:34:44.000+05:30,43.51,617.32,30.98,5.19,1.35,18,27.9,11.37,10,0
2025-01-15 06:34:45.000+05:30,15.49,493.16,28.75,9.53,0.81,-28,27.9,2.64,10,0
2025-01-15 06:34:46.000+05:30,23.71,614.69,27.28,11.46,5.54,2,27.8,7.26,10,0
2025-01-15 06:34:47.000+05:30,34.62,697.5,28.32,9.5,5.51,-8,27.6,9.34,10,0
2025-01-15 06:34:48.000+05:30,47.16,512.38,20.73,10.54,4.78,19,27.5,13.97,10,0
2025-01-15 06:34:49.000+05:30,8.09,885.91,22.84,6.49,0.97,20,27.7,8.02,10,0
2025-01-15 06:34:50.000+05:30,13.9,302.5,30.02,4.47,1.7,27,27.9,10.19,10,0
2025-01-15 06:34:51.000+05:30,12.89,758.52,27.71,4.51,5.78,17,27.6,13.19,10,0
2025-01-15 06:34:52.000+05:30,8.51,453.79,25.74,8.88,4.69,9,27.8,2.7,10,0
2025-01-15 06:34:53.000+05:30,64.43,628.99,31.91,3.74,4.41,8,27.9,7,10,0
2025-01-15 06:34:54.000+05:30,16.15,290.99,21.81,4.37,1.68,13,27.9,1.65,10,0
2025-01-15 06:34:55.000+05:30,67.49,522.47,29.03,4.26,1.16,13,27.5,10.8,10,0
2025-01-15 06:34:56.000+05:30,14.1,517.73,21.55,4.63,1.19,-2,27.6,10.1,10,0
2025-01-15 06:34:57.000+05:30,28.61,735.25,26.35,6.94,1.92,17,27.8,12.96,10,0
2025-01-15 06:34:58.000+05:30,9.33,626.01,25.18,6.04,3.56,-1,27.8,9.24,10,0
2025-01-15 06:34:59.000+05:30,48.9,452.94,26.25,4.35,4.97,-25,27.6,2.47,10,0
2025-01-15 06:35:00.000+05:30,56.76,697.15,27.5,4.27,2.42,12,27.6,0.12,10,0
2025-01-15 06:35:01.000+05:30,15.48,641.65,24.51,3.15,5.19,24,27.6,2.71,10,0
2025-01-15 06:35:02.000+05:30,67.96,721.81,30.08,3.59,4.73,21,27.9,9.17,10,0
2025-01-15 06:35:03.000+05:30,52.09,624.08,24.14,10.01,3.83,19,27.5,11.53,10,0
2025-01-15 06:35:04.000+05:30,68.04,335.94,23.31,6.81,2.55,-7,27.7,4.57,10,0
2025-01-15 06:35:05.000+05:30,55.04,343.41,30.16,5.33,0.93,-21,27.5,10.4,10,0
2025-01-15 06:35:06.000+05:30,69.38,855.32,25.07,6.26,1.42,1,27.6,3.23,10,0
2025-01-15 06:35:07.000+05:30,17.48,656.43,25.32,9.49,0.99,7,27.5,5.97,10,0
2025-01-15 06:35:08.000+05:30,21.38,340.95,23.38,8.85,5.64,-14,27.9,4.79,10,0
2025-01-15 06:35:09.000+05:30,16.99,822.3,27.58,3.07,4.5,-28,27.6,12.13,10,0
2025-01-15 06:35:10.000+05:30,14.86,654.33,30.9,6.65,3.33,10,27.7,12.8,10,0
2025-01-15 06:35:11.000+05:30,33.66,763.58,27.47,6.34,3.86,-8,27.6,10.9,10,0
2025-01-15 06:35:12.000+05:30,33.79,370.39,22.95,7.32,1.11,-14,27.7,11.71,10,0
2025-01-15 06:35:13.000+05:30,7.17,288.24,20.71,4.07,4.97,-17,27.5,1.72,10,0
2025-01-15 06:35:14.000+05:30,64.42,767.22,26.65,3.9,2.77,-25,27.7,10.69,10,0
2025-01-15 06:35:15.000+05:30,33.7,287.28,20.16,3.88,4.64,-24,27.6,5.13,10,0
2025-01-15 06:35:16.000+05:30,8.92,720.67,31.69,9.34,3.14,-28,27.7,2.74,10,0
2025-01-15 06:35:17.000+05:30,13.4,294.49,28.55,5.99,6.02,-12,27.6,11.38,10,0
2025-01-15 06:35:18.000+05:30,40.43,436.35,23.6,10.21,1.5,-29,27.5,9.86,10,0
2025-01-15 06:35:19.000+05:30,34.41,483.32,30.31,9.09,3.05,8,27.6,9.85,10,0
2025-01-15 06:35:20.000+05:30,8.87,337.12,20.07,4.79,4.32,-18,27.7,12.21,10,0
2025-01-15 06:35:21.000+05:30,16.86,778.31,31.26,11.3,5.28,-3,27.8,12.45,10,0
2025-01-15 06:35:22.000+05:30,11.97,634.49,26.3,10.48,4.49,-28,27.5,6.65,10,0
2025-01-15 06:35:23.000+05:30,23.76,525.47,21.2,11.69,4.07,-26,27.8,0.35,10,0
2025-01-15 06:35:24.000+05:30,10.19,636.65,28,4.12,1.94,11,27.6,0.28,10,0
2025-01-15 06:35:25.000+05:30,21.86,751.69,26.62,10.38,3.71,15,27.8,9.8,10,0
2025-01-15 06:35:26.000+05:30,23.98,261.94,22.99,11.98,0.87,-28,27.6,10.98,10,0
2025-01-15 06:35:27.000+05:30,45.36,284.25,27.08,8.82,3.91,28,27.7,6.96,10,0
2025-01-15 06:35:28.000+05:30,45.18,893.41,27.67,8.83,1.63,13,27.5,8.26,10,0
2025-01-15 06:35:29.000+05:30,33.12,645.91,29,3.92,5.68,-21,27.6,13.38,10,0
2025-01-15 06:35:30.000+05:30,25.06,291.43,25.76,5.4,1.83,-10,27.7,2.44,10,0
2025-01-15 06:35:31.000+05:30,20.29,700.89,26.18,8.32,2.15,-23,27.9,7.96,10,0
2025-01-15 06:35:32.000+05:30,35.1,269.38,28.54,11.2,1.44,12,27.6,6.03,10,0
2025-01-15 06:35:33.000+05:30,20.5,292.63,25.53,11.14,5.31,-4,27.5,1.48,10,0
2025-01-15 06:35:34.000+05:30,16.98,685.83,20.33,10.23,4.08,29,27.9,1.33,10,0
2025-01-15 06:35:35.000+05:30,41.38,882.87,21,6.32,4.5,2,27.7,8.61,10,0
2025-01-15 06:35:36.000+05:30,62.75,759.23,25.38,4.32,1.14,-29,27.8,13.66,10,0
2025-01-15 06:35:37.000+05:30,40.86,660.61,31.57,11.35,3.4,24,27.5,11.41,10,0
2025-01-15 06:35:38.000+05:30,41.44,515.36,23.12,7.82,1.42,30,27.9,1.68,10,0
2025-01-15 06:35:39.000+05:30,29.43,588.41,31.13,8.14,3.01,-2,27.9,7.1,10,0
2025-01-15 06:35:40.000+05:30,40.96,299.5,20.31,7.86,2.89,12,27.5,4.48,10,0
2025-01-15 06:35:41.000+05:30,60.08,798.96,24.56,3.77,3.9,11,27.8,1.28,10,0
2025-01-15 06:35:42.000+05:30,65.85,586.97,26,10.35,2.04,12,27.7,2.31,10,0
2025-01-15 06:35:43.000+05:30,63.94,356.28,28.71,6.53,5.88,24,27.7,9.38,10,0
2025-01-15 06:35:44.000+05:30,47.03,430.97,27.07,5.06,1.17,-25,27.8,12.67,10,0
2025-01-15 06:35:45.000+05:30,33.68,486.95,20.53,11.1,4.16,-12,27.8,2.48,10,0
2025-01-15 06:35:46.000+05:30,57.93,614.06,22.69,9.51,2.52,-1,27.7,10.91,10,0
2025-01-15 06:35:47.000+05:30,61.12,681.52,27.69,4.64,4.15,29,27.7,12.39,10,0
2025-01-15 06:35:48.000+05:30,47.3,794.46,24.52,7.92,4.61,-3,27.5,13.1,10,0
2025-01-15 06:35:49.000+05:30,35.54,459.93,20.78,3.1,3.7,-21,27.6,1.43,10,0
2025-01-15 06:35:50.000+05:30,65.81,631.2,22.92,8.67,2.07,-30,27.7,7.65,10,0
2025-01-15 06:35:51.000+05:30,43.15,765.18,22.66,7.81,3.54,9,27.5,7.03,10,0
2025-01-15 06:35:52.000+05:30,34.46,890.41,24.74,4.36,6.13,8,27.7,7.38,10,0
2025-01-15 06:35:53.000+05:30,33.77,658.87,20.76,5.7,1.72,7,27.9,11.62,10,0
2025-01-15 06:35:54.000+05:30,69.64,418.9,27.93,11.88,4.15,22,27.8,2.29,10,0
2025-01-15 06:35:55.000+05:30,52.03,329.09,22.56,9.48,5.6,-15,27.5,4.78,10,0
2025-01-15 06:35:56.000+05:30,23.03,616.03,21.13,5.99,5.23,-20,27.6,0.31,10,0
2025-01-15 06:35:57.000+05:30,67.24,740.3,25.95,5.36,4.01,11,27.5,6,10,0
2025-01-15 06:35:58.000+05:30,19.17,445.06,20.34,8.1,2.79,18,27.8,0.88,10,0
2025-01-15 06:35:59.000+05:30,63.48,856.07,20.78,7.64,4.49,6,27.8,8.32,10,0
2025-01-15 06:36:00.000+05:30,46.72,609.89,31.48,9.57,5.44,5,27.6,6.46,10,0
2025-01-15 06:36:01.000+05:30,24.1,543.42,24.96,10.63,1.1,-10,27.7,3.17,10,0
2025-01-15 06:36:02.000+05:30,64.9,661.02,31.37,7.91,4.01,21,27.9,7.54,10,0
2025-01-15 06:36:03.000+05:30,51.03,632.33,28.36,7.95,2.28,6,27.6,7.09,10,0
2025-01-15 06:36:04.000+05:30,63.23,317.79,24.08,5.35,2.29,-23,27.5,9.24,10,0
2025-01-15 06:36:05.000+05:30,15.49,643.43,22.17,10.6,4.95,-15,27.8,13.93,10,0
2025-01-15 06:36:06.000+05:30,31.03,704.65,24.22,3.63,0.95,-27,27.6,9.56,10,0
2025-01-15 06:36:07.000+05:30,44.55,741.73,26.66,6.55,2.9,15,27.8,3.48,10,0
2025-01-15 06:36:08.000+05:30,13.3,630.73,23.93,8.4,2.66,-29,27.7,0.11,10,0
2025-01-15 06:36:09.000+05:30,48.03,452.72,21.63,7.77,3.81,-12,27.9,2.5,10,0
2025-01-15 06:36:10.000+05:30,69.91,696.74,23.29,11.13,5.41,-3,27.7,8.59,10,0
2025-01-15 06:36:11.000+05:30,10.15,765.07,23.15,3.13,5.01,-3,27.8,4.35,10,0
2025-01-15 06:36:12.000+05:30,37.87,543.58,26.45,3.26,3.07,19,27.6,13.34,10,0
2025-01-15 06:36:13.000+05:30,20.91,760.01,29.66,3.26,1.25,-7,27.6,12,10,0
2025-01-15 06:36:14.000+05:30,32.48,504.01,21.57,8.7,4.89,-12,27.5,4.71,10,0
2025-01-15 06:36:15.000+05:30,31.98,473.76,27.3,5.06,0.81,13,27.7,9.73,10,0
2025-01-15 06:36:16.000+05:30,60.9,335.79,21.83,4.63,4.84,26,27.7,6.33,10,0
2025-01-15 06:36:17.000+05:30,48.37,458.79,21.61,5.84,0.88,-25,27.6,0.39,10,0
2025-01-15 06:36:18.000+05:30,51.68,323.95,24.47,11.75,3.37,4,27.8,13.39,10,0
2025-01-15 06:36:19.000+05:30,47.28,895.76,20.07,11.14,3.56,7,27.7,1.52,10,0
2025-01-15 06:36:20.000+05:30,31.95,715.02,31.9,4.15,5.49,8,27.9,2.42,10,0
2025-01-15 06:36:21.000+05:30,29.58,855.66,30.77,11.38,2.06,15,27.7,1.89,10,0
2025-01-15 06:36:22.000+05:30,23.58,365.03,29.74,3.69,4.66,-27,27.6,12.87,10,0
2025-01-15 06:36:23.000+05:30,22.83,730.67,30.61,6.08,2.95,16,27.7,9.75,10,0
2025-01-15 06:36:24.000+05:30,54.41,290.78,26.65,11.76,4.12,-14,27.9,5.16,10,0
2025-01-15 06:36:25.000+05:30,18.01,341.87,28.06,9.25,1.83,-14,27.6,4.54,10,0
2025-01-15 06:36:26.000+05:30,54.4,868.02,20.57,9.08,2.95,-7,27.6,4.28,10,0
2025-01-15 06:36:27.000+05:30,36.44,733.45,30.44,10.61,0.94,-18,27.6,1.96,10,0
2025-01-15 06:36:28.000+05:30,51.91,546.37,29.24,8.53,4.7,13,27.9,13.68,10,0
2025-01-15 06:36:29.000+05:30,53.21,889.31,25.41,11.11,2.77,12,27.6,2.89,10,0
2025-01-15 06:36:30.000+05:30,47.42,735.05,25.87,3.28,5.45,-6,27.8,7.77,10,0
2025-01-15 06:36:31.000+05:30,58.64,834.55,24.24,3.11,3.59,-26,27.7,11.22,10,0
2025-01-15 06:36:32.000+05:30,31.38,418.04,20.5,5.96,4.12,8,27.9,0.46,10,0
2025-01-15 06:36:33.000+05:30,68.67,468,26.54,10.47,2.02,-9,27.8,12.51,10,0
2025-01-15 06:36:34.000+05:30,62.51,267.56,30.29,10.77,4.99,2,27.5,10.36,10,0
2025-01-15 06:36:35.000+05:30,61.97,541.95,26.06,7.63,0.88,-19,27.6,5.95,10,0
2025-01-15 06:36:36.000+05:30,23.03,688.82,24.31,5.36,0.8,22,27.7,7.44,10,0
2025-01-15 06:36:37.000+05:30,29.78,302.21,27.23,4.96,4.52,-30,27.8,7.73,10,0
2025-01-15 06:36:38.000+05:30,48.01,842.62,28.71,5.88,4.17,4,27.7,1.73,10,0
2025-01-15 06:36:39.000+05:30,38.65,683.09,30.49,9.62,5.08,-3,27.9,7.95,10,0
2025-01-15 06:36:40.000+05:30,40.24,756.9,30.62,9.88,3.91,-10,27.7,4.29,10,0
2025-01-15 06:36:41.000+05:30,51.29,796.01,21.26,10.56,4.38,-16,27.5,3.55,10,0
2025-01-15 06:36:42.000+05:30,12.64,726.5,27.18,9.73,2.67,-13,27.6,3.54,10,0
2025-01-15 06:36:43.000+05:30,19.84,616.32,22.72,7.05,3.47,20,27.5,3.34,10,0
2025-01-15 06:36:44.000+05:30,68.47,890.61,27.91,7.5,2.73,30,27.9,11.44,10,0
2025-01-15 06:36:45.000+05:30,20.24,370.34,30.4,11.32,4.56,-17,27.6,7.8,10,0
2025-01-15 06:36:46.000+05:30,14.63,782.38,20.18,5.07,5.57,14,27.7,0.23,10,0
2025-01-15 06:36:47.000+05:30,36.06,502.82,20.54,3.27,5.3,25,27.7,8.36,10,0
2025-01-15 06:36:48.000+05:30,57.53,567.74,24.63,3.1,0.98,-7,27.7,4.14,10,0
2025-01-15 06:36:49.000+05:30,12.86,299.5,28.69,11.08,2.15,-15,27.8,4.47,10,0
2025-01-15 06:36:50.000+05:30,12.36,586.61,20.57,7.34,2.9,24,27.7,10.52,10,0
2025-01-15 06:36:51.000+05:30,15.71,461.51,24.9,11.84,2.3,-24,27.5,9.47,10,0
2025-01-15 06:36:52.000+05:30,19.51,754.78,20.2,10.52,2.8,-7,27.8,2.55,10,0
2025-01-15 06:36:53.000+05:30,24.57,470.83,28.91,6.41,5.25,27,27.8,4.64,10,0
2025-01-15 06:36:54.000+05:30,34.46,882.36,28.02,6.8,1.02,11,27.7,0.18,10,0
2025-01-15 06:36:55.000+05:30,30.37,815.2,28.51,9.34,5.58,-12,27.5,13.2,10,0
2025-01-15 06:36:56.000+05:30,35.16,467.32,24.79,10.36,5.72,9,27.7,3.76,10,0
2025-01-15 06:36:57.000+05:30,39.94,269.63,29.28,9.84,2.95,-12,27.7,7.68,10,0
2025-01-15 06:36:58.000+05:30,30.81,724.39,26.78,6.65,2.71,-30,27.7,6.43,10,0
2025-01-15 06:36:59.000+05:30,41.02,617.14,26.24,8.72,1.17,13,27.8,7.41,10,0
2025-01-15 06:37:00.000+05:30,37.57,653.19,24.37,6.34,3.87,-1,27.8,2.53,10,0
2025-01-15 06:37:01.000+05:30,42.87,833.95,20.28,8.35,1.22,-22,27.7,13.21,10,0
2025-01-15 06:37:02.000+05:30,51.2,892.48,25.45,11.67,3.48,25,27.6,7.83,10,0
2025-01-15 06:37:03.000+05:30,7.93,885.78,26.64,3.05,5.88,-7,27.9,12.56,10,0
2025-01-15 06:37:04.000+05:30,66.27,761.74,24.33,7.59,6.04,1,27.7,1.65,10,0
2025-01-15 06:37:05.000+05:30,51.48,689.42,21.66,5.67,3.93,-24,27.7,10.98,10,0
2025-01-15 06:37:06.000+05:30,57.23,672.79,21.74,3.83,4.56,-22,27.7,5.64,10,0
2025-01-15 06:37:07.000+05:30,18.15,350.18,31.32,6.01,3.85,21,27.8,6.29,10,0
2025-01-15 06:37:08.000+05:30,69.73,825.68,28.65,6.3,5.72,5,27.6,1.47,10,0
2025-01-15 06:37:09.000+05:30,25.5,571.11,30.02,5.87,4.94,24,27.7,1.77,10,0
2025-01-15 06:37:10.000+05:30,14.96,816.57,25.96,3,3.77,-27,27.5,13.13,10,0
2025-01-15 06:37:11.000+05:30,32.16,852.22,30.78,6.69,5.92,-17,27.8,6.43,10,0
2025-01-15 06:37:12.000+05:30,24.54,813.29,31.9,7.53,5.74,26,27.8,8.55,10,0
2025-01-15 06:37:13.000+05:30,56.62,263.24,21.07,7.68,5.89,-19,27.6,11.44,10,0
2025-01-15 06:37:14.000+05:30,23.49,549.68,21.08,11.94,0.91,4,27.9,13.18,10,0
2025-01-15 06:37:15.000+05:30,57.08,498.81,25.78,3.53,2.5,14,27.8,7.87,10,0
2025-01-15 06:37:16.000+05:30,10.72,334.35,24.46,3.01,1.51,21,27.5,6.49,10,0
2025-01-15 06:37:17.000+05:30,58.43,315.15,22.23,3.73,5.52,-16,27.9,10.41,10,0
2025-01-15 06:37:18.000+05:30,61.32,541.98,29.85,4.23,0.75,21,27.7,6.47,10,0
2025-01-15 06:37:19.000+05:30,26.78,269.41,31.48,5.31,4.49,-25,27.9,13.83,10,0
2025-01-15 06:37:20.000+05:30,43.16,459.85,28.54,9.29,1.79,21,27.7,9.04,10,0
2025-01-15 06:37:21.000+05:30,36.5,639.58,26.88,10.79,2.85,-14,27.6,1.84,10,0
2025-01-15 06:37:22.000+05:30,36.75,333.96,30.04,3.79,4.06,29,27.6,10.09,10,0
2025-01-15 06:37:23.000+05:30,36.87,775.06,29.73,3.74,5.64,-26,27.5,10.15,10,0
2025-01-15 06:37:24.000+05:30,27.93,358.39,29.3,8.98,2.8,-26,27.7,9.58,10,0
2025-01-15 06:37:25.000+05:30,25.7,881.32,29.4,9.56,3,26,27.8,7.34,10,0
2025-01-15 06:37:26.000+05:30,28.26,847.77,25.05,3.54,5.41,-3,27.5,13.71,10,0
2025-01-15 06:37:27.000+05:30,34.04,384,26.58,11.91,6.18,29,27.7,12.47,10,0
2025-01-15 06:37:28.000+05:30,19.3,454.33,22.12,10.2,2.68,28,27.8,13.74,10,0
2025-01-15 06:37:29.000+05:30,60.54,519.77,21.65,3.43,2.4,-2,27.9,6.24,10,0
2025-01-15 06:37:30.000+05:30,51.4,511.82,25.39,6.02,0.96,-20,27.6,13.45,10,0
2025-01-15 06:37:31.000+05:30,18.51,787.78,27.13,7.87,2.4,-24,27.5,10.72,10,0
2025-01-15 06:37:32.000+05:30,46.62,458.06,20.33,11.91,1.08,30,27.5,3.27,10,0
2025-01-15 06:37:33.000+05:30,13.31,758.5,31.3,3.85,6.12,-9,27.8,0.27,10,0
2025-01-15 06:37:34.000+05:30,51.36,544.92,24.67,9.18,1.51,-5,27.8,8.87,10,0
2025-01-15 06:37:35.000+05:30,30.37,409.64,29.81,11.39,4.48,-19,27.9,1.16,10,0
2025-01-15 06:37:36.000+05:30,63.26,686.79,22.19,11.11,4.97,-8,27.8,12.6,10,0
2025-01-15 06:37:37.000+05:30,10.75,361.06,25.01,10.31,5.74,-23,27.6,1.11,10,0
2025-01-15 06:37:38.000+05:30,61.36,855.52,30.88,6.12,5.05,7,27.6,9.61,10,0
2025-01-15 06:37:39.000+05:30,46.92,655.29,20.38,5.54,5.95,18,27.7,6.89,10,0
2025-01-15 06:37:40.000+05:30,19.05,342.65,27.14,3.45,2.52,13,27.6,10.4,10,0
2025-01-15 06:37:41.000+05:30,8.77,407.58,29.01,3.59,0.56,13,27.7,5.5,10,0
2025-01-15 06:37:42.000+05:30,68.1,754.63,20.15,9.21,3.8,-8,27.6,0.04,10,0
2025-01-15 06:37:43.000+05:30,8.98,397.29,20.55,8.5,6.04,-26,27.7,3.98,10,0
2025-01-15 06:37:44.000+05:30,46.49,842.31,31.46,11.91,2.42,27,27.6,8.62,10,0
2025-01-15 06:37:45.000+05:30,41.36,481.51,29,11.18,4.41,-28,27.6,4.77,10,0
2025-01-15 06:37:46.000+05:30,11.45,297.97,31.57,8.12,3.79,-5,27.7,9.02,10,0
2025-01-15 06:37:47.000+05:30,66.4,841.65,26.57,3.66,2.71,-14,27.5,6.15,10,0
2025-01-15 06:37:48.000+05:30,50.81,414.65,25.75,5.4,4.38,-17,27.8,10.03,10,0
2025-01-15 06:37:49.000+05:30,42.93,444.94,26.97,11.67,2.64,-30,27.7,3.15,10,0
2025-01-15 06:37:50.000+05:30,35.88,745.61,30.16,6.01,0.55,-8,27.8,2.25,10,0
2025-01-15 06:37:51.000+05:30,11.59,396.01,24.55,5.3,5.62,-24,27.7,2.57,10,0
2025-01-15 06:37:52.000+05:30,23.05,632.55,27.53,8.95,3.76,-16,27.8,10.91,10,0
2025-01-15 06:37:53.000+05:30,26.39,807.85,20.84,9.64,0.68,27,27.9,0.56,10,0
2025-01-15 06:37:54.000+05:30,59.85,289.69,22.93,8.73,5.97,-4,27.7,7.78,10,0
2025-01-15 06:37:55.000+05:30,22.31,356.94,30.83,3.8,2.74,-22,27.7,3.08,10,0
2025-01-15 06:37:56.000+05:30,7.41,833.69,24.01,11.78,5.7,26,27.9,4.68,10,0
2025-01-15 06:37:57.000+05:30,42.06,888.49,25.41,10.71,5.41,7,27.8,1.23,10,0
2025-01-15 06:37:58.000+05:30,55.58,459.48,24.74,5.08,5.31,21,27.9,5.87,10,0
2025-01-15 06:37:59.000+05:30,57.23,826.24,21.7,6.33,3.47,-1,27.9,1.09,10,0
2025-01-15 06:38:00.000+05:30,63.07,704.74,21.51,11.17,1.15,23,27.6,11.22,10,0
2025-01-15 06:38:01.000+05:30,51.96,612.47,22.17,6.88,5.96,20,27.7,1.39,10,0
2025-01-15 06:38:02.000+05:30,48.6,303.22,30.88,7.72,1.21,1,27.8,8.02,10,0
2025-01-15 06:38:03.000+05:30,50.24,621.95,25.2,9.96,3.37,-7,27.6,2.96,10,0
2025-01-15 06:38:04.000+05:30,41.69,727.41,30.57,8.12,3.14,-20,27.8,13.62,10,0
2025-01-15 06:38:05.000+05:30,12.93,615.85,20.53,3.45,6.16,-15,27.7,4.76,10,0
2025-01-15 06:38:06.000+05:30,55.23,707.59,30.3,3.6,6.08,-21,27.7,8.52,10,0
2025-01-15 06:38:07.000+05:30,43.66,835.5,29.64,5.48,5.98,-27,27.8,4.35,10,0
2025-01-15 06:38:08.000+05:30,69.71,348.39,28.67,7.29,0.51,-17,27.7,2.49,10,0
2025-01-15 06:38:09.000+05:30,40.81,660.17,30.06,5.06,4.28,-14,27.5,2.18,10,0
2025-01-15 06:38:10.000+05:30,24.56,891.94,27.86,9.58,5.77,17,27.5,12.04,10,0
2025-01-15 06:38:11.000+05:30,33.55,870.23,24.32,8.42,1.62,-22,27.8,0.14,10,0
2025-01-15 06:38:12.000+05:30,53.29,341.65,27.61,11.81,2.08,-21,27.6,10,10,0
2025-01-15 06:38:13.000+05:30,15.27,718.84,25.98,10.65,1.22,-15,27.6,12.26,10,0
2025-01-15 06:38:14.000+05:30,19.22,835.05,29.11,7.53,2.88,-4,27.6,12.41,10,0
2025-01-15 06:38:15.000+05:30,19.41,696.6,29.9,6.1,5.02,23,27.7,3.23,10,0
2025-01-15 06:38:16.000+05:30,35.95,514.65,27.01,8.5,1.78,13,27.5,10.75,10,0
2025-01-15 06:38:17.000+05:30,17.2,642.86,24.99,10.95,4.41,0,27.6,10.39,10,0
2025-01-15 06:38:18.000+05:30,61.51,286.16,31.34,8.24,5.95,30,27.8,3.05,10,0
2025-01-15 06:38:19.000+05:30,23.61,798.97,28.9,10.39,0.88,-20,27.6,5.42,10,0
2025-01-15 06:38:20.000+05:30,12.11,815.93,31.27,6.78,0.58,-5,27.7,0.78,10,0
2025-01-15 06:38:21.000+05:30,30.22,798.39,30.1,11.17,3.12,27,27.5,10.54,10,0
2025-01-15 06:38:22.000+05:30,21.73,512.16,21.84,8.13,5.08,-27,27.6,5.07,10,0
2025-01-15 06:38:23.000+05:30,25.08,748.36,23.06,8.9,3.01,-18,27.8,6.04,10,0
2025-01-15 06:38:24.000+05:30,45.09,380.68,22.7,6.75,0.55,-6,27.6,9.06,10,0
2025-01-15 06:38:25.000+05:30,18.96,801.77,24.62,6.9,5.25,-21,27.6,1.24,10,0
2025-01-15 06:38:26.000+05:30,56.51,685.9,31.04,9.65,5.86,-10,27.6,7.77,10,0
2025-01-15 06:38:27.000+05:30,16.53,694.67,30.2,8.73,5.94,1,27.9,7.47,10,0
2025-01-15 06:38:28.000+05:30,44.43,699.84,21.18,8.6,2.82,16,27.6,8.95,10,0
2025-01-15 06:38:29.000+05:30,58.7,314.17,27.21,9.14,2,-9,27.8,2.81,10,0
2025-01-15 06:38:30.000+05:30,62.9,720.91,31.55,5.54,3.13,26,27.6,13.41,10,0
2025-01-15 06:38:31.000+05:30,10.63,600.24,22.7,5.35,1.65,21,27.8,11.41,10,0
2025-01-15 06:38:32.000+05:30,11.89,712.1,24.39,9.02,3.35,16,27.6,0.39,10,0
2025-01-15 06:38:33.000+05:30,61.4,758.15,24.68,9.21,4.35,20,27.7,6.99,10,0
2025-01-15 06:38:34.000+05:30,43.97,832.75,29.57,5.41,4.9,10,27.6,12.62,10,0
2025-01-15 06:38:35.000+05:30,19.56,878.91,25.24,8.08,6.15,-6,27.9,3.79,10,0
2025-01-15 06:38:36.000+05:30,44.46,581.79,31.55,3.57,1.69,-25,27.6,3.93,10,0
2025-01-15 06:38:37.000+05:30,24.99,274.16,28.37,3.07,2.39,9,27.9,11.74,10,0
2025-01-15 06:38:38.000+05:30,26.3,316.02,24.1,9.84,3.9,30,27.6,4.52,10,0
2025-01-15 06:38:39.000+05:30,31.02,453.34,25.36,4.02,5.76,25,27.9,0.19,10,0
2025-01-15 06:38:40.000+05:30,15.61,495.48,28.61,11.89,2.01,29,27.8,5.39,10,0
2025-01-15 06:38:41.000+05:30,10.32,687.33,23.18,7.9,1.61,-20,27.9,11.1,10,0
2025-01-15 06:38:42.000+05:30,58.44,452.64,23.8,5.78,4.59,6,27.7,0.78,10,0
2025-01-15 06:38:43.000+05:30,48.44,553.05,21.25,11.17,5.65,11,27.8,0.42,10,0
2025-01-15 06:38:44.000+05:30,14.68,861.69,29.86,11.28,1.31,-7,27.8,1.68,10,0
2025-01-15 06:38:45.000+05:30,35.14,846.34,26.68,5.87,1.69,12,27.6,11.42,10,0
2025-01-15 06:38:46.000+05:30,63.46,537.09,30.87,10.18,1.98,11,27.9,11.82,10,0
2025-01-15 06:38:47.000+05:30,38.38,331.95,22.33,11.68,5.46,13,27.5,13.07,10,0
2025-01-15 06:38:48.000+05:30,40.33,769.84,30.5,10.38,1.77,-2,27.6,6.23,10,0
2025-01-15 06:38:49.000+05:30,34.09,696.46,24.88,4.75,0.52,-27,27.8,3.9,10,0
2025-01-15 06:38:50.000+05:30,9.94,748.44,28.4,10.34,5.14,-26,27.5,13.05,10,0
2025-01-15 06:38:51.000+05:30,65.97,468.31,26.23,11.86,0.71,0,27.8,12.89,10,0
2025-01-15 06:38:52.000+05:30,18.23,341.94,23.71,5.88,4.28,-23,27.7,13.24,10,0
2025-01-15 06:38:53.000+05:30,45.07,405.09,26.88,10.13,4.88,-5,27.7,3.05,10,0
2025-01-15 06:38:54.000+05:30,46.54,315.58,31.92,11.18,1.63,9,27.6,2.77,10,0
2025-01-15 06:38:55.000+05:30,51.68,591.58,24.69,11.16,0.65,6,27.8,9.03,10,0
2025-01-15 06:38:56.000+05:30,60.92,761.82,24.13,9.47,6.01,27,27.8,4.93,10,0
2025-01-15 06:38:57.000+05:30,50.02,842.11,21.78,4.36,4.45,-16,27.8,11.41,10,0
2025-01-15 06:38:58.000+05:30,18.98,594.22,27.3,3.01,2.57,14,27.8,6.63,10,0
2025-01-15 06:38:59.000+05:30,56.25,402.12,24.25,4.16,2.91,-8,27.9,1.22,10,0
2025-01-15 06:39:00.000+05:30,36.58,318.65,20.59,11.79,0.76,8,27.7,2.62,10,0
2025-01-15 06:39:01.000+05:30,67.46,749.27,29.68,10.47,1.64,-30,27.7,0.54,10,0
2025-01-15 06:39:02.000+05:30,16.83,323.86,27.74,11.57,6.09,5,27.8,3.11,10,0
2025-01-15 06:39:03.000+05:30,46.82,377.05,21.08,10.73,4.3,-3,27.9,11.79,10,0
2025-01-15 06:39:04.000+05:30,55.01,601.84,23.1,6.62,1.64,-14,27.6,6.2,10,0
2025-01-15 06:39:05.000+05:30,20.22,880.71,22.6,9.22,1.37,28,27.8,13.33,10,0
2025-01-15 06:39:06.000+05:30,8.06,327.92,27.29,5.28,1.38,12,27.8,7.84,10,0
2025-01-15 06:39:07.000+05:30,42.66,719.11,27.98,9.17,5.4,-8,27.7,2.5,10,0
2025-01-15 06:39:08.000+05:30,30.75,785.47,27.42,11.94,1.7,27,27.7,9.19,10,0
2025-01-15 06:39:09.000+05:30,59.49,666.68,28.66,10.78,1.89,-23,27.7,11.97,10,0
2025-01-15 06:39:10.000+05:30,24.11,697.55,25.9,3.94,1.85,-10,27.6,6.8,10,0
2025-01-15 06:39:11.000+05:30,42.21,455.13,21.46,8.06,1.35,-26,27.6,12.44,10,0
2025-01-15 06:39:12.000+05:30,31.28,516.83,20.69,10.06,4.28,23,27.8,3.21,10,0
2025-01-15 06:39:13.000+05:30,48.38,507.11,23.77,5.49,3.21,-14,27.7,5.06,10,0
2025-01-15 06:39:14.000+05:30,57.35,859.54,27.92,6.31,2.94,-26,27.5,10.09,10,0
2025-01-15 06:39:15.000+05:30,55.28,690.87,23.96,5.44,3.75,6,27.8,9.39,10,0
2025-01-15 06:39:16.000+05:30,44.32,395.37,23.85,7.92,2.54,0,27.8,2.59,10,0
2025-01-15 06:39:17.000+05:30,58.11,271.62,22.02,11.79,4.3,25,27.8,1,10,0
2025-01-15 06:39:18.000+05:30,13.05,726.54,21.08,5.77,5.86,18,27.8,8,10,0
2025-01-15 06:39:19.000+05:30,64.07,656.99,25.55,8.1,3.09,3,27.7,0.51,10,0
2025-01-15 06:39:20.000+05:30,11.67,532.87,30.72,5.08,5.05,-19,27.6,13.79,10,0
2025-01-15 06:39:21.000+05:30,48.08,691.97,20.34,11.63,4.46,4,27.7,13.49,10,0
2025-01-15 06:39:22.000+05:30,47.87,529.03,22.85,8.74,1.69,6,27.9,8.83,10,0
2025-01-15 06:39:23.000+05:30,50.99,457.61,21.38,3.83,4.89,-18,27.5,4.6,10,0
2025-01-15 06:39:24.000+05:30,39.29,724.05,26.94,6.01,1.83,-20,27.5,2.03,10,0
2025-01-15 06:39:25.000+05:30,11.36,798.99,29.3,7.38,2.66,6,27.8,13.9,10,0
2025-01-15 06:39:26.000+05:30,57.37,441.82,20.08,3.45,1.3,-1,27.7,13.55,10,0
2025-01-15 06:39:27.000+05:30,26.48,685.84,25.22,6.61,3.76,29,27.6,8.3,10,0
2025-01-15 06:39:28.000+05:30,66.28,528.67,22.42,11.01,2.93,-14,27.8,13.87,10,0
2025-01-15 06:39:29.000+05:30,9.08,520.29,24.24,9.29,3.18,17,27.7,0.53,10,0
2025-01-15 06:39:30.000+05:30,24.16,533.04,22.24,7.18,0.95,6,27.8,12.36,10,0
2025-01-15 06:39:31.000+05:30,15.65,705.41,22.67,4.85,4.46,16,27.5,8.31,10,0
2025-01-15 06:39:32.000+05:30,30.18,330.48,26.35,7.16,4.34,-15,27.9,5.97,10,0
2025-01-15 06:39:33.000+05:30,60.76,653.01,30.99,8.59,3.69,-9,27.7,7.98,10,0
2025-01-15 06:39:34.000+05:30,28.97,440.28,27.89,5.23,6.04,25,27.9,10.55,10,0
2025-01-15 06:39:35.000+05:30,65.17,737.01,23.69,5.32,0.92,9,27.5,12.55,10,0
2025-01-15 06:39:36.000+05:30,42.87,646.23,22.94,8.47,5.25,-14,27.6,13.23,10,0
2025-01-15 06:39:37.000+05:30,35.41,404.91,30.57,10.89,2,13,27.8,7.36,10,0
2025-01-15 06:39:38.000+05:30,51.08,369.66,22.69,8.34,3.35,16,27.7,1.8,10,0
2025-01-15 06:39:39.000+05:30,65.92,892.53,28.03,7.8,4.89,24,27.9,7.31,10,0
2025-01-15 06:39:40.000+05:30,13.28,360.92,31.61,11.98,4.83,-27,27.8,6.24,10,0
2025-01-15 06:39:41.000+05:30,14.25,566.39,20.52,5.94,5.63,-18,27.6,7.26,10,0
2025-01-15 06:39:42.000+05:30,51.71,524.19,24.04,10.2,1.25,-28,27.6,10.89,10,0
2025-01-15 06:39:43.000+05:30,9.7,438.01,25.19,5.74,5.79,9,27.6,2.08,10,0
2025-01-15 06:39:44.000+05:30,10.44,277.53,30.77,10.87,1.11,-17,27.8,10.9,10,0
2025-01-15 06:39:45.000+05:30,36.07,809.42,30.37,7.76,3.89,7,27.6,2.66,10,0
2025-01-15 06:39:46.000+05:30,49.69,561.67,20.03,11.46,6.03,6,27.7,1.1,10,0
2025-01-15 06:39:47.000+05:30,66.5,427.1,24.33,5.69,1.98,-6,27.6,4.58,10,0
2025-01-15 06:39:48.000+05:30,11.57,858.11,26.61,3.43,1.67,-18,27.8,12.46,10,0
2025-01-15 06:39:49.000+05:30,16.93,689.28,21.63,10.72,1.61,-19,27.6,6.41,10,0
2025-01-15 06:39:50.000+05:30,20.1,328.98,23.62,8.97,4.57,17,27.8,5.82,10,0
2025-01-15 06:39:51.000+05:30,57.46,513.6,29.86,10.48,0.69,30,27.8,11.08,10,0
2025-01-15 06:39:52.000+05:30,51.78,834.2,26.83,5.53,4.79,-21,27.9,13.43,10,0
2025-01-15 06:39:53.000+05:30,48.19,673.85,31.67,6.94,2.13,-18,27.9,6.52,10,0
2025-01-15 06:39:54.000+05:30,26.03,798.54,20.7,5.06,5.03,30,27.5,11.69,10,0
2025-01-15 06:39:55.000+05:30,17.21,617.81,31.33,6.8,2.43,-9,27.8,6.28,10,0
2025-01-15 06:39:56.000+05:30,54.5,745.62,22.39,4.2,6.17,-16,27.5,8.73,10,0
2025-01-15 06:39:57.000+05:30,8.02,471.32,26.88,3.97,1.67,-29,27.6,0.14,10,0
2025-01-15 06:39:58.000+05:30,22.98,559.81,20.81,9.23,4.32,-1,27.6,5.99,10,0
2025-01-15 06:39:59.000+05:30,58.39,540.03,25.12,9.98,3.98,22,27.6,4.86,10,0
2025-01-15 06:40:00.000+05:30,63.61,296.27,23.34,6.33,0.82,-19,27.9,13.18,10,0
2025-01-15 06:40:01.000+05:30,53.29,615.92,23.1,7.39,1.84,15,27.9,3.03,10,0
2025-01-15 06:40:02.000+05:30,56.92,289.87,26.48,7.13,5.9,21,27.8,11.19,10,0
2025-01-15 06:40:03.000+05:30,69.96,753.17,21.09,9.46,5.96,-22,27.6,9.27,10,0
2025-01-15 06:40:04.000+05:30,62.51,297.43,29.77,9.5,5.72,26,27.7,3.63,10,0
2025-01-15 06:40:05.000+05:30,52.97,873.4,29.98,7.29,4.13,22,27.6,6.93,10,0
2025-01-15 06:40:06.000+05:30,13.67,763.46,27.21,10.76,5.78,-7,27.8,0.7,10,0
2025-01-15 06:40:07.000+05:30,21.33,818.33,25.29,10.1,3.17,2,27.8,2.08,10,0
2025-01-15 06:40:08.000+05:30,11.04,359.55,27.19,10.22,3.83,-6,27.7,9.63,10,0
2025-01-15 06:40:09.000+05:30,40.63,716.07,30.98,9.52,1.34,-15,27.8,3.46,10,0
2025-01-15 06:40:10.000+05:30,35.44,752.43,20.92,4.68,1.24,-27,27.5,1.2,10,0
2025-01-15 06:40:11.000+05:30,35.85,588.65,22.83,6.12,4.42,28,27.8,5.82,10,0
2025-01-15 06:40:12.000+05:30,10.15,846.45,31.71,3.67,5.37,1,27.6,12.08,10,0
2025-01-15 06:40:13.000+05:30,9.27,662.74,22.71,4.36,1.09,9,27.6,13.6,10,0
2025-01-15 06:40:14.000+05:30,29.36,642.83,28.82,11.08,1.12,-19,27.6,1.43,10,0
2025-01-15 06:40:15.000+05:30,38.01,508.2,23.05,4.98,3.09,-7,27.8,2.29,10,0
2025-01-15 06:40:16.000+05:30,16.43,332.31,22.11,9.11,4.41,26,27.8,3.65,10,0
2025-01-15 06:40:17.000+05:30,60.55,383.11,22.34,9.62,4.45,-18,27.9,11.43,10,0
2025-01-15 06:40:18.000+05:30,25.55,543.4,30.86,3.17,3.36,2,27.7,7.26,10,0
2025-01-15 06:40:19.000+05:30,65.11,267.52,25.58,10.24,0.56,13,27.7,5.24,10,0
2025-01-15 06:40:20.000+05:30,38.97,483.59,27.34,10.87,1.58,1,27.6,9.55,10,0
2025-01-15 06:40:21.000+05:30,51.23,376.26,25.13,8.92,1.41,17,27.6,12.29,10,0
2025-01-15 06:40:22.000+05:30,21.69,378.39,31.06,7.27,5.03,-8,27.7,2.24,10,0
2025-01-15 06:40:23.000+05:30,8.1,311.55,24.79,7.88,1.31,-29,27.8,8.46,10,0
2025-01-15 06:40:24.000+05:30,43.08,853.57,21.81,5.57,0.91,29,27.8,12.94,10,0
2025-01-15 06:40:25.000+05:30,20.76,357.05,23.81,9.82,4.5,-3,27.6,5.63,10,0
2025-01-15 06:40:26.000+05:30,49.11,779.91,27.75,4.55,4.05,18,27.9,4.15,10,0
2025-01-15 06:40:27.000+05:30,9.69,501.27,24.02,5.33,3.43,5,27.6,9.05,10,0
2025-01-15 06:40:28.000+05:30,19.26,723.26,22.68,7.84,5.35,6,27.7,0.61,10,0
2025-01-15 06:40:29.000+05:30,60.61,710.8,21.88,10.37,0.98,-24,27.9,11.91,10,0
2025-01-15 06:40:30.000+05:30,17.89,308.81,28.99,7.6,5.7,-7,27.7,1.58,10,0
2025-01-15 06:40:31.000+05:30,61.79,607.8,26.43,11.92,2.2,18,27.7,0.12,10,0
2025-01-15 06:40:32.000+05:30,40.44,427.77,26.45,6.51,6.14,23,27.8,10.5,10,0
2025-01-15 06:40:33.000+05:30,7.06,768.55,22.13,11.35,5.72,10,27.7,6.97,10,0
2025-01-15 06:40:34.000+05:30,22.41,460.75,23.93,9.63,2.71,30,27.8,5.62,10,0
2025-01-15 06:40:35.000+05:30,54.18,756.05,21.43,6.92,1.24,-19,27.5,4.15,10,0
2025-01-15 06:40:36.000+05:30,15.88,855.3,29.7,4.61,1.6,14,27.5,0.24,10,0
2025-01-15 06:40:37.000+05:30,24.91,651.51,26.38,10.16,1.14,30,27.7,10.26,10,0
2025-01-15 06:40:38.000+05:30,62.44,754.39,28.4,4.01,3.19,-21,27.8,8.61,10,0
2025-01-15 06:40:39.000+05:30,32.59,650.02,31.72,5.5,4.44,-20,27.7,1.35,10,0
2025-01-15 06:40:40.000+05:30,19.55,730.63,20.24,4.97,2.96,17,27.8,5.74,10,0
2025-01-15 06:40:41.000+05:30,17.59,261.36,20.06,11.43,4.76,-18,27.7,7.55,10,0
2025-01-15 06:40:42.000+05:30,18.88,321.67,23.86,3.42,5.11,26,27.7,3.78,10,0
2025-01-15 06:40:43.000+05:30,21.8,714.26,31.22,7.98,1.42,21,27.7,5.85,10,0
2025-01-15 06:40:44.000+05:30,48.58,621.32,27.34,3.54,2.77,-20,27.8,9.77,10,0
2025-01-15 06:40:45.000+05:30,54.65,857.48,30.29,4.6,3.67,26,27.8,12.45,10,0
2025-01-15 06:40:46.000+05:30,45.39,506.63,29.48,11.64,1.72,27,27.8,6.77,10,0
2025-01-15 06:40:47.000+05:30,38.86,666.4,30.6,11.67,5.7,19,27.7,10.5,10,0
2025-01-15 06:40:48.000+05:30,32.05,327.04,25.21,5.74,4.93,-26,27.6,0.01,10,0
2025-01-15 06:40:49.000+05:30,48.82,766.31,22.41,5.03,3.97,4,27.8,1.39,10,0
2025-01-15 06:40:50.000+05:30,53.06,403.24,30.77,7.15,3.92,3,27.7,11.99,10,0
2025-01-15 06:40:51.000+05:30,51.62,749.12,31.29,3.18,5.93,-6,27.5,6.75,10,0
2025-01-15 06:40:52.000+05:30,9.74,743.53,28.68,10.43,1.45,29,27.7,8.89,10,0
2025-01-15 06:40:53.000+05:30,13.33,678.68,23.2,9.93,4.04,-2,27.9,6.54,10,0
2025-01-15 06:40:54.000+05:30,14.36,847.66,28.34,6.17,3.88,4,27.8,8.11,10,0
2025-01-15 06:40:55.000+05:30,41.08,451.3,27.93,4.6,4.35,22,27.8,13.87,10,0
2025-01-15 06:40:56.000+05:30,51.19,501.2,28.35,10.4,3.54,9,27.8,10.69,10,0
2025-01-15 06:40:57.000+05:30,43.21,320.29,23.88,4.84,4.02,27,27.9,8.3,10,0
2025-01-15 06:40:58.000+05:30,28.64,403.05,23.27,6.92,4.13,17,27.6,10.7,10,0
2025-01-15 06:40:59.000+05:30,15.6,811.46,20.27,5.41,3.21,-4,27.7,10.71,10,0
2025-01-15 06:41:00.000+05:30,69.27,454.89,29.17,8.17,2.76,-30,27.7,0.3,10,0
2025-01-15 06:41:01.000+05:30,44.5,456.48,28.16,5.29,2.51,6,27.6,8.65,10,0
2025-01-15 06:41:02.000+05:30,24.38,870.31,22.32,8.47,3.37,-4,27.7,4.23,10,0
2025-01-15 06:41:03.000+05:30,25.21,553.33,31.32,6.09,2.77,21,27.7,8.14,10,0
2025-01-15 06:41:04.000+05:30,69.83,447.5,27.01,3.25,2.15,8,27.6,0.14,10,0
2025-01-15 06:41:05.000+05:30,47.32,775.97,30.51,5.94,1.47,-28,27.6,11.7,10,0
2025-01-15 06:41:06.000+05:30,15.79,553.56,24.76,5.61,3.93,23,27.7,0.86,10,0
2025-01-15 06:41:07.000+05:30,24.05,793.48,24.3,3.94,1.76,4,27.7,7.79,10,0
2025-01-15 06:41:08.000+05:30,18.97,686.06,20.49,7.34,4.3,-15,27.7,7.57,10,0
2025-01-15 06:41:09.000+05:30,53.42,427.62,30.26,11.95,3.65,25,27.6,5.82,10,0
2025-01-15 06:41:10.000+05:30,16.41,874.48,29.46,11.24,0.77,13,27.6,2.98,10,0
2025-01-15 06:41:11.000+05:30,31.59,694.45,21.22,11,4.94,-17,27.5,4.98,10,0
2025-01-15 06:41:12.000+05:30,68,488.76,23.51,8.02,4.87,-2,27.9,2.68,10,0
2025-01-15 06:41:13.000+05:30,48.89,834.21,23.53,7.04,0.8,28,27.8,10.66,10,0
2025-01-15 06:41:14.000+05:30,8.23,335.72,25.67,6.73,4.16,-23,27.8,0.49,10,0
2025-01-15 06:41:15.000+05:30,19.85,498.31,28.26,3.43,2.05,30,27.9,4.14,10,0
2025-01-15 06:41:16.000+05:30,15.29,641,20.52,7.36,4.29,5,27.9,13.37,10,0
2025-01-15 06:41:17.000+05:30,32.25,846.59,21.98,11.46,2.65,-22,27.5,11.02,10,0
2025-01-15 06:41:18.000+05:30,64.34,651.22,25.23,7.3,2.3,-19,27.6,5.96,10,0
2025-01-15 06:41:19.000+05:30,60.87,339.93,20.09,5.12,5.81,-12,27.7,9.07,10,0
2025-01-15 06:41:20.000+05:30,8.85,579.3,25.76,6.5,3.58,-10,27.6,9.59,10,0
2025-01-15 06:41:21.000+05:30,21.04,539.73,22.05,10.63,5.16,-10,27.5,7.48,10,0
2025-01-15 06:41:22.000+05:30,59.32,880.45,23.45,9.56,1.74,23,27.8,2.33,10,0
2025-01-15 06:41:23.000+05:30,44.54,262.13,22.99,4.15,1.55,25,27.5,1.28,10,0
2025-01-15 06:41:24.000+05:30,52.18,562.27,31.08,8.76,4.11,-20,27.7,6.49,10,0
2025-01-15 06:41:25.000+05:30,24.05,671.22,28.78,8.56,3.67,-10,27.7,9.97,10,0
2025-01-15 06:41:26.000+05:30,17.77,634.05,23.66,9.13,2.47,-10,27.5,9.98,10,0
2025-01-15 06:41:27.000+05:30,14.29,581.51,25.87,8.53,3.06,28,27.5,0.77,10,0
2025-01-15 06:41:28.000+05:30,60.66,290.18,23.7,3.83,3.05,0,27.6,4.3,10,0
2025-01-15 06:41:29.000+05:30,30.07,397.49,29.27,5.68,5.48,24,27.8,10.25,10,0
2025-01-15 06:41:30.000+05:30,14.06,765.26,25.53,6.21,2.21,6,27.7,11.28,10,0
2025-01-15 06:41:31.000+05:30,23.38,802.34,27.24,3.33,1.82,-29,27.6,7.15,10,0
2025-01-15 06:41:32.000+05:30,14.86,399.37,21,10.09,4.42,11,27.7,3.36,10,0
2025-01-15 06:41:33.000+05:30,44.86,376.62,31.24,7.62,3.38,21,27.9,12.45,10,0
2025-01-15 06:41:34.000+05:30,11.3,768.42,25.76,7.28,0.55,-3,27.6,11.58,10,0
2025-01-15 06:41:35.000+05:30,50.11,460.61,21.47,9.22,2.83,-17,27.9,11.64,10,0
2025-01-15 06:41:36.000+05:30,52.92,568.88,29.67,7.61,1.08,-24,27.6,7.9,10,0
2025-01-15 06:41:37.000+05:30,50.19,380.31,23.35,6.43,1,17,27.7,6.71,10,0
2025-01-15 06:41:38.000+05:30,17.24,777.81,27.07,3.59,2.27,-5,27.6,2.94,10,0
2025-01-15 06:41:39.000+05:30,45.09,424.45,24.51,10.14,1.99,-27,27.7,12.68,10,0
2025-01-15 06:41:40.000+05:30,43.23,765.79,28.27,4.01,3.53,0,27.6,7.76,10,0
2025-01-15 06:41:41.000+05:30,8.07,839.79,29.99,9.15,2.44,-25,27.7,1.33,10,0
2025-01-15 06:41:42.000+05:30,32.8,594.12,30.86,4.53,2.18,30,27.7,3.88,10,0
2025-01-15 06:41:43.000+05:30,39.55,656.32,31.27,10.55,4.01,-7,27.7,6.41,10,0
2025-01-15 06:41:44.000+05:30,42.35,821.18,29.89,11.01,2.37,-8,27.8,9.94,10,0
2025-01-15 06:41:45.000+05:30,14.96,591.72,21.33,8.33,1.52,17,27.7,1,10,0
2025-01-15 06:41:46.000+05:30,53.06,649.89,30.77,10.61,5.28,-11,27.7,11.48,10,0
2025-01-15 06:41:47.000+05:30,18.81,649.4,30.32,11.09,3.13,18,27.7,12.97,10,0
2025-01-15 06:41:48.000+05:30,25.85,877.91,31.11,10.3,5,-17,27.7,11.13,10,0
2025-01-15 06:41:49.000+05:30,54.91,362.32,31.94,11.84,1.1,-17,27.8,2.55,10,0
2025-01-15 06:41:50.000+05:30,20.22,581.78,29.02,10.64,1.15,-15,27.7,1.15,10,0
2025-01-15 06:41:51.000+05:30,69.11,793.95,20.96,11.51,2.42,22,27.5,0.16,10,0
2025-01-15 06:41:52.000+05:30,57.08,680.28,30.4,10.59,3.77,23,27.5,11.84,10,0
2025-01-15 06:41:53.000+05:30,36.48,290.08,23.79,8.04,2.92,-17,27.6,5.92,10,0
2025-01-15 06:41:54.000+05:30,56.73,317.24,29.95,5.82,3.38,18,27.8,10.51,10,0
2025-01-15 06:41:55.000+05:30,67.55,267.61,30.03,5.87,1.22,17,27.8,5.52,10,0
2025-01-15 06:41:56.000+05:30,14.68,414.32,27.01,3.09,5.96,24,27.7,7.46,10,0
2025-01-15 06:41:57.000+05:30,36.88,346.02,30.39,6.15,1.89,6,27.5,5.97,10,0
2025-01-15 06:41:58.000+05:30,40.46,788.87,29.57,10.7,4.59,-10,27.5,0.6,10,0
2025-01-15 06:41:59.000+05:30,15.54,395.79,25.53,6.6,5.66,20,27.8,13.06,10,0
2025-01-15 06:42:00.000+05:30,38.26,502.63,24.82,11.24,0.95,2,27.8,9.66,10,0
2025-01-15 06:42:01.000+05:30,32.26,417.02,24.24,10.19,0.84,-9,27.7,0.1,10,0
2025-01-15 06:42:02.000+05:30,68.45,885.01,30.1,6.87,2.59,-2,27.8,13.38,10,0
2025-01-15 06:42:03.000+05:30,12.41,473.96,24.63,6.38,3.83,-8,27.6,7.95,10,0
2025-01-15 06:42:04.000+05:30,62.26,324.81,23.48,6.54,4.37,-22,27.8,0.6,10,0
2025-01-15 06:42:05.000+05:30,64.39,561.78,22.18,3.25,1.4,19,27.8,8.32,10,0
2025-01-15 06:42:06.000+05:30,32.82,479.59,22.99,4.59,0.97,-14,27.5,11.3,10,0
2025-01-15 06:42:07.000+05:30,51.4,523.81,20.42,3.94,6.2,30,27.6,6.47,10,0
2025-01-15 06:42:08.000+05:30,63.17,474.25,30.47,8.71,2.21,-28,27.9,11.6,10,0
2025-01-15 06:42:09.000+05:30,67.69,283.98,28.03,7.92,1.27,-30,27.6,13.72,10,0
2025-01-15 06:42:10.000+05:30,37.66,393.46,21.61,10.71,5.47,-14,27.8,3.69,10,0
2025-01-15 06:42:11.000+05:30,35.56,598.48,26.95,8.33,5.03,6,27.7,12.97,10,0
2025-01-15 06:42:12.000+05:30,57.23,527.77,24.83,9.26,5.41,8,27.8,9.23,10,0
2025-01-15 06:42:13.000+05:30,50.6,262.3,22.08,7.55,4.85,9,27.7,3.9,10,0
2025-01-15 06:42:14.000+05:30,55.21,817.55,29.05,6.16,5.38,23,27.8,3.32,10,0
2025-01-15 06:42:15.000+05:30,40.87,831.36,21.63,7.42,3.09,-29,27.8,12.44,10,0
2025-01-15 06:42:16.000+05:30,33.76,613.79,26.72,4.08,1.1,23,27.8,5.37,10,0
2025-01-15 06:42:17.000+05:30,55.87,750.03,20.42,5.75,1.69,3,27.9,7.05,10,0
2025-01-15 06:42:18.000+05:30,38.96,391.55,25.64,8.87,2.55,16,27.6,7.17,10,0
2025-01-15 06:42:19.000+05:30,32.5,747.03,25.39,10.46,1.04,8,27.5,10.04,10,0
2025-01-15 06:42:20.000+05:30,64.53,862.93,24.19,7.61,4.13,-29,27.6,5.87,10,0
2025-01-15 06:42:21.000+05:30,15.05,345.27,23.17,4.5,0.73,11,27.8,3.67,10,0
2025-01-15 06:42:22.000+05:30,61.33,408.89,21.02,3.31,4.22,-22,27.5,6.3,10,0
2025-01-15 06:42:23.000+05:30,54.75,302.42,20.68,9.21,4.43,-13,27.5,11.74,10,0
2025-01-15 06:42:24.000+05:30,20.55,433.26,31.97,5.16,3.64,9,27.7,1.05,10,0
2025-01-15 06:42:25.000+05:30,45.82,323.23,27.61,4.3,4.78,-1,27.5,7.62,10,0
2025-01-15 06:42:26.000+05:30,53,617.13,21.81,6.51,1.96,-4,27.6,13.07,10,0
2025-01-15 06:42:27.000+05:30,18.18,310,25.95,5.69,1.32,-14,27.8,4.05,10,0
2025-01-15 06:42:28.000+05:30,50.72,691.01,22.07,3.9,3.54,-28,27.6,8.71,10,0
2025-01-15 06:42:29.000+05:30,31.1,536.24,28.25,4.94,3.21,-5,27.7,2.09,10,0
2025-01-15 06:42:30.000+05:30,48.13,295.9,31.16,10.01,0.68,20,27.6,4.69,10,0
2025-01-15 06:42:31.000+05:30,63.28,525.03,21.63,8.14,1.62,7,27.5,13.42,10,0
2025-01-15 06:42:32.000+05:30,28.35,564.51,23.76,3.54,3.32,21,27.7,1.91,10,0
2025-01-15 06:42:33.000+05:30,7.78,771.06,22.59,7.15,1.58,11,27.7,10.9,10,0
2025-01-15 06:42:34.000+05:30,17.1,329.86,26.49,6.43,0.74,26,27.5,7.13,10,0
2025-01-15 06:42:35.000+05:30,31.56,351.22,21.44,10.24,1.95,15,27.8,12.18,10,0
2025-01-15 06:42:36.000+05:30,53.84,767.1,31.99,4,1.45,-26,27.7,11.31,10,0
2025-01-15 06:42:37.000+05:30,7.4,424.37,22.94,3.48,6.08,18,27.6,11.55,10,0
2025-01-15 06:42:38.000+05:30,60.98,855.63,21.58,6.24,1.03,-21,27.6,5.56,10,0
2025-01-15 06:42:39.000+05:30,20.52,636.14,29.06,4.28,4.68,16,27.5,13.11,10,0
2025-01-15 06:42:40.000+05:30,24.11,734.82,25.35,10.58,5.53,-29,27.6,5.26,10,0
2025-01-15 06:42:41.000+05:30,18.51,670.59,24.24,3.85,5.76,-25,27.8,6.58,10,0
2025-01-15 06:42:42.000+05:30,44.97,452.07,26.69,11.73,4.36,-8,27.8,3.78,10,0
2025-01-15 06:42:43.000+05:30,29.62,605.63,21.34,3.33,1.1,-23,27.6,8.05,10,0
2025-01-15 06:42:44.000+05:30,65.6,632.12,30.1,4.54,2.95,18,27.8,12.33,10,0
2025-01-15 06:42:45.000+05:30,53.15,773.49,30.62,5.3,3.67,28,27.9,11.08,10,0
2025-01-15 06:42:46.000+05:30,49.49,341.22,25.56,11.99,5.67,-13,27.6,7,10,0
2025-01-15 06:42:47.000+05:30,23.31,587.15,22.77,10.39,3.68,6,27.5,1.24,10,0
2025-01-15 06:42:48.000+05:30,9.05,446.61,30.16,4.18,2.99,-5,27.7,0.61,10,0
2025-01-15 06:42:49.000+05:30,52.74,598.62,29.89,11.04,6.05,16,27.8,5.5,10,0
2025-01-15 06:42:50.000+05:30,59.52,762.67,31.76,5.51,2.03,-2,27.9,6.12,10,0
2025-01-15 06:42:51.000+05:30,9.46,360.94,22.69,11.69,2.84,-19,27.6,3.84,10,0
2025-01-15 06:42:52.000+05:30,60.91,367.63,31.97,4.79,4.64,17,27.6,9.61,10,0
2025-01-15 06:42:53.000+05:30,7.92,837.7,20.02,4.87,1.74,-29,27.7,0.85,10,0
2025-01-15 06:42:54.000+05:30,30.74,767.7,28.93,11.95,3.08,9,27.5,8.31,10,0
2025-01-15 06:42:55.000+05:30,39.52,625.91,29.34,11.99,1.19,21,27.5,1.67,10,0
2025-01-15 06:42:56.000+05:30,43.52,807.76,21.11,8.11,4.73,-15,27.6,2.13,10,0
2025-01-15 06:42:57.000+05:30,38.15,857.64,28.91,8.24,3.53,16,27.7,10.83,10,0
2025-01-15 06:42:58.000+05:30,52.13,288.63,20.11,10.16,2.42,23,27.9,7.61,10,0
2025-01-15 06:42:59.000+05:30,66.4,814.62,26.57,7.32,1.97,-27,27.5,3.43,10,0
2025-01-15 06:43:00.000+05:30,44.59,798.34,27.07,5.5,1.75,26,27.5,6.08,10,0
2025-01-15 06:43:01.000+05:30,59.61,869.98,20.99,3.87,5.53,12,27.7,4.46,10,0
2025-01-15 06:43:02.000+05:30,47.68,704.35,23.96,4.27,3.77,-21,27.9,11.27,10,0
2025-01-15 06:43:03.000+05:30,18.91,426.26,30.17,3.11,2.57,-15,27.6,4.54,10,0
2025-01-15 06:43:04.000+05:30,32.9,545.75,24.5,8.17,3.9,26,27.8,3.97,10,0
2025-01-15 06:43:05.000+05:30,61.38,536.44,21.78,3.48,0.83,26,27.8,1.93,10,0
2025-01-15 06:43:06.000+05:30,8.01,349.14,29.24,11.19,4.43,-22,27.8,2.13,10,0
2025-01-15 06:43:07.000+05:30,39.34,641.74,29.2,11.71,1.35,-21,27.5,12.47,10,0
2025-01-15 06:43:08.000+05:30,28.84,827.84,25.96,9.2,5.66,20,27.9,6.55,10,0
2025-01-15 06:43:09.000+05:30,47.14,383.3,23.74,11.56,1.77,-29,27.5,13.94,10,0
2025-01-15 06:43:10.000+05:30,12.49,656.64,31.91,8.04,1.3,-24,27.7,9.82,10,0
2025-01-15 06:43:11.000+05:30,50.26,860.49,27.54,10.08,6.05,-29,27.6,4.84,10,0
2025-01-15 06:43:12.000+05:30,61.58,514.45,30.6,3.55,3.93,-14,27.7,3.07,10,0
2025-01-15 06:43:13.000+05:30,8.48,314.56,26.74,7.7,3.11,16,27.9,0.41,10,0
2025-01-15 06:43:14.000+05:30,64.16,388.32,30.85,8.11,6.14,-26,27.6,8.78,10,0
2025-01-15 06:43:15.000+05:30,14.88,679.11,23.17,7.79,2.63,-3,27.7,6.97,10,0
2025-01-15 06:43:16.000+05:30,27.48,871.66,29.26,9.57,6.05,-6,27.8,3.62,10,0
2025-01-15 06:43:17.000+05:30,68.15,455.5,22.13,4.3,3.01,24,27.8,13.83,10,0
2025-01-15 06:43:18.000+05:30,31.12,878.49,21.28,3.79,1.85,16,27.8,5.12,10,0
2025-01-15 06:43:19.000+05:30,46.43,391.17,28.78,7.43,1.35,5,27.9,3.29,10,0
2025-01-15 06:43:20.000+05:30,12.23,899.47,26.42,4.47,2.31,13,27.6,1.42,10,0
2025-01-15 06:43:21.000+05:30,35.91,869.74,24.73,11.88,3.4,15,27.8,11.86,10,0
2025-01-15 06:43:22.000+05:30,65.9,856.4,29.4,11.57,5.38,-26,27.9,3.86,10,0
2025-01-15 06:43:23.000+05:30,46.15,542.84,31.97,10.67,3.02,-13,27.8,11.99,10,0
2025-01-15 06:43:24.000+05:30,25.49,558.93,20.97,4.44,0.84,-30,27.5,2.91,10,0
2025-01-15 06:43:25.000+05:30,68.42,329.67,26.12,7.51,3.26,-21,27.6,4.22,10,0
2025-01-15 06:43:26.000+05:30,26.73,434,22.51,3.48,4.64,18,27.7,12.3,10,0
2025-01-15 06:43:27.000+05:30,16.6,330.7,21.04,10.12,2.97,17,27.8,3.54,10,0
2025-01-15 06:43:28.000+05:30,17.31,424.34,29.43,3.15,2.78,21,27.6,9.67,10,0
2025-01-15 06:43:29.000+05:30,58.56,750.51,21.21,9.39,3.31,5,27.5,2.74,10,0
2025-01-15 06:43:30.000+05:30,16.25,419.41,30.29,6.86,2.25,7,27.8,4.72,10,0
2025-01-15 06:43:31.000+05:30,38.53,812.96,29.68,9.52,3.51,21,27.7,3.88,10,0
2025-01-15 06:43:32.000+05:30,8.46,519.3,23.12,9.97,2.48,-24,27.9,1.38,10,0
2025-01-15 06:43:33.000+05:30,18.45,363.04,30.54,5.8,4.24,21,27.8,3.91,10,0
2025-01-15 06:43:34.000+05:30,22.57,278.76,28.5,3.46,3.98,-3,27.5,13.31,10,0
2025-01-15 06:43:35.000+05:30,66.6,577.87,21.21,9.57,5.47,-27,27.6,5.39,10,0
2025-01-15 06:43:36.000+05:30,10.94,707.28,21.26,7.02,5.22,28,27.9,8.72,10,0
2025-01-15 06:43:37.000+05:30,12.05,776.86,20.39,3.12,2.2,22,27.5,13.12,10,0
2025-01-15 06:43:38.000+05:30,13.74,701.51,28.97,8.31,3.16,-4,27.5,9.13,10,0
2025-01-15 06:43:39.000+05:30,54.2,826.16,29.09,10.96,1.39,-8,27.8,13.83,10,0
2025-01-15 06:43:40.000+05:30,45.86,740.8,20.61,7.57,1.06,24,27.9,9.07,10,0
2025-01-15 06:43:41.000+05:30,36.4,595.29,30.41,11.29,4.08,-2,27.6,1.08,10,0
2025-01-15 06:43:42.000+05:30,28.27,366.02,21.43,7.25,1.45,25,27.8,7.4,10,0
2025-01-15 06:43:43.000+05:30,39.92,262.22,21.65,7.21,4.83,-1,27.5,10.01,10,0
2025-01-15 06:43:44.000+05:30,33.18,533.12,26.63,7.61,4.94,23,27.6,6.58,10,0
2025-01-15 06:43:45.000+05:30,63.31,693.18,30.55,8.29,6.13,1,27.8,3.52,10,0
2025-01-15 06:43:46.000+05:30,40.73,570.51,30.05,3.36,5.51,-24,27.9,7.84,10,0
2025-01-15 06:43:47.000+05:30,7.44,770.89,26.56,9.06,4.58,-8,27.7,5.13,10,0
2025-01-15 06:43:48.000+05:30,68.13,280.15,22.04,5.31,5.45,19,27.6,2.72,10,0
2025-01-15 06:43:49.000+05:30,62.21,876.97,21.95,10.42,2.73,-6,27.7,0.53,10,0
2025-01-15 06:43:50.000+05:30,55.1,612.95,30.16,5.34,4.3,21,27.7,0.28,10,0
2025-01-15 06:43:51.000+05:30,50.01,302.43,27.44,4.07,3.79,29,27.6,13.76,10,0
2025-01-15 06:43:52.000+05:30,54.16,821.58,21.7,5.9,4.69,27,27.6,11.74,10,0
2025-01-15 06:43:53.000+05:30,16.15,306.53,25.76,3.09,1.63,30,27.9,0.65,10,0
2025-01-15 06:43:54.000+05:30,47.87,750.78,30.71,4.41,5.34,14,27.5,9.84,10,0
2025-01-15 06:43:55.000+05:30,40.91,402.16,21.64,7.88,2.17,-29,27.5,0.92,10,0
2025-01-15 06:43:56.000+05:30,64.51,732.7,27.21,10.29,5.14,-16,27.5,4.43,10,0
2025-01-15 06:43:57.000+05:30,13.36,843.42,24.52,9.48,4.85,-6,27.8,10,10,0
2025-01-15 06:43:58.000+05:30,32.47,768.28,22.77,10.81,4,-11,27.7,4.62,10,0
2025-01-15 06:43:59.000+05:30,12.89,468.55,29.84,10.92,2.07,-14,27.8,6.98,10,0
2025-01-15 06:44:00.000+05:30,16.79,583.56,29.7,10.09,5.38,0,27.6,1.71,10,0
2025-01-15 06:44:01.000+05:30,28.23,736.45,30.97,4,3.61,-2,27.9,1.07,10,0
2025-01-15 06:44:02.000+05:30,27.76,323.03,22.81,6.35,3.71,-9,27.6,7.09,10,0
2025-01-15 06:44:03.000+05:30,16.75,806.61,27.67,9.86,5.13,-16,27.8,6.47,10,0
2025-01-15 06:44:04.000+05:30,8.19,449.21,23.51,9.83,5.3,-13,27.7,5.18,10,0
2025-01-15 06:44:05.000+05:30,36.14,350.46,24.3,6.97,0.66,22,27.7,2.85,10,0
2025-01-15 06:44:06.000+05:30,14.72,505.94,23.16,8.87,3.53,-16,27.7,8.98,10,0
2025-01-15 06:44:07.000+05:30,52.53,398.57,25.84,5.76,1.8,-19,27.9,0.22,10,0
2025-01-15 06:44:08.000+05:30,25.68,306.65,23.62,10.62,4.52,-6,27.5,9.4,10,0
2025-01-15 06:44:09.000+05:30,42.45,472.69,29.25,6.55,3.51,27,27.7,13.74,10,0
2025-01-15 06:44:10.000+05:30,41.97,793.7,31.96,7.04,2.94,-2,27.8,1.91,10,0
2025-01-15 06:44:11.000+05:30,30.77,392.4,25.74,3.61,5.26,-9,27.6,2.89,10,0
2025-01-15 06:44:12.000+05:30,41.55,849.34,25.71,9.22,2.54,27,27.7,1.76,10,0
2025-01-15 06:44:13.000+05:30,52.49,794.97,27.29,6.66,4.33,-14,27.7,0.42,10,0
2025-01-15 06:44:14.000+05:30,65.98,895.93,27.1,5.1,0.83,-7,27.8,4.68,10,0
2025-01-15 06:44:15.000+05:30,23.36,481.99,20.3,7.72,5.26,0,27.6,10.81,10,0
2025-01-15 06:44:16.000+05:30,33.34,313.64,30.86,8.37,3.06,19,27.5,13.32,10,0
2025-01-15 06:44:17.000+05:30,19.09,679.99,23.86,7.05,4.7,26,27.7,7,10,0
2025-01-15 06:44:18.000+05:30,51.77,480.33,21.91,10.65,3.84,-15,27.8,12.08,10,0
2025-01-15 06:44:19.000+05:30,40.2,354.18,22.17,4.89,2.79,-1,27.8,11.72,10,0
2025-01-15 06:44:20.000+05:30,18.36,711.95,22.11,8.79,3.25,-26,27.8,1.49,10,0
2025-01-15 06:44:21.000+05:30,59.3,676.8,25.88,8.46,6.02,-20,27.5,1.49,10,0
2025-01-15 06:44:22.000+05:30,25.56,654.74,26.52,4.03,2.03,6,27.7,7.73,10,0
2025-01-15 06:44:23.000+05:30,9.04,372.46,21.24,6.82,3.8,24,27.8,2.9,10,0
2025-01-15 06:44:24.000+05:30,18.79,835.03,28.96,11.95,6.11,-30,27.5,11.13,10,0
2025-01-15 06:44:25.000+05:30,68.7,430.33,28.14,5.42,5.22,4,27.5,0.85,10,0
2025-01-15 06:44:26.000+05:30,11.5,557.31,30.64,3.17,1.73,-5,27.9,13.97,10,0
2025-01-15 06:44:27.000+05:30,35.08,758.26,30.66,9.17,5.87,-18,27.6,4.08,10,0
2025-01-15 06:44:28.000+05:30,33.04,553.66,23.05,5.52,3.79,25,27.8,11.94,10,0
2025-01-15 06:44:29.000+05:30,17.07,438.33,25.32,11.81,5.72,-16,27.9,0.07,10,0
2025-01-15 06:44:30.000+05:30,9.05,514.53,31.16,5.34,1.39,16,27.7,4.9,10,0
2025-01-15 06:44:31.000+05:30,69.16,468.03,28.39,4.97,3.95,14,27.6,1.78,10,0
2025-01-15 06:44:32.000+05:30,54.76,375.32,30.33,4.44,3.76,-16,27.6,11.51,10,0
2025-01-15 06:44:33.000+05:30,10.01,883.96,26.76,6.86,1.22,-4,27.7,6.03,10,0
2025-01-15 06:44:34.000+05:30,47.69,787.4,25.44,4.5,4.17,-17,27.7,4.98,10,0
2025-01-15 06:44:35.000+05:30,23.68,739.31,27.04,3.21,4.62,4,27.7,7.08,10,0
2025-01-15 06:44:36.000+05:30,58.41,527.97,25.94,6.27,2.85,-20,27.5,12.19,10,0
2025-01-15 06:44:37.000+05:30,7.64,717.52,21.24,11.64,5.31,-20,27.6,8.33,10,0
2025-01-15 06:44:38.000+05:30,11.9,497.7,29.9,5.69,5.14,-13,27.6,8.68,10,0
2025-01-15 06:44:39.000+05:30,43.06,282.14,22.7,11.09,2.49,-17,27.6,2.69,10,0
2025-01-15 06:44:40.000+05:30,67.32,416.59,20.81,4.39,2.63,-9,27.6,9.13,10,0
2025-01-15 06:44:41.000+05:30,68.33,332.65,30.62,5.04,2.42,15,27.8,4.6,10,0
2025-01-15 06:44:42.000+05:30,9.1,807.4,26.97,10.32,5.11,20,27.6,3.99,10,0
2025-01-15 06:44:43.000+05:30,19.2,756.49,22.31,4.46,5.34,-20,27.7,5.52,10,0
2025-01-15 06:44:44.000+05:30,15.33,779.58,20.32,8.08,4.72,-16,27.5,14,10,0
2025-01-15 06:44:45.000+05:30,59.39,764.74,29.03,3.81,5.51,19,27.6,0.81,10,0
2025-01-15 06:44:46.000+05:30,44.7,460.36,30.49,8.41,1.26,-21,27.6,0.79,10,0
2025-01-15 06:44:47.000+05:30,38.27,386.78,25.77,5.78,2.62,28,27.5,2.24,10,0
2025-01-15 06:44:48.000+05:30,18.48,755.92,23.22,3.84,1.66,9,27.9,6.27,10,0
2025-01-15 06:44:49.000+05:30,13.16,344.76,24.75,3.68,1.81,-16,27.8,6.74,10,0
2025-01-15 06:44:50.000+05:30,15.07,531.07,31.41,7.26,1.36,10,27.9,11.94,10,0
2025-01-15 06:44:51.000+05:30,22.87,325.85,30.87,9.31,5.58,-2,27.8,5.96,10,0
2025-01-15 06:44:52.000+05:30,21.4,262.89,27.12,8.94,5.51,-10,27.8,12.63,10,0
2025-01-15 06:44:53.000+05:30,24.04,382.27,28.46,3.57,4.44,-8,27.5,12.04,10,0
2025-01-15 06:44:54.000+05:30,12.93,394.33,29.26,3.9,4.15,12,27.8,4.19,10,0
2025-01-15 06:44:55.000+05:30,39.6,542.63,31.01,7.15,1.3,-22,27.6,6.53,10,0
2025-01-15 06:44:56.000+05:30,53.7,810.38,21.84,3.84,3.61,-14,27.8,9.91,10,0
2025-01-15 06:44:57.000+05:30,49.55,708.26,26.48,3.99,1.53,-30,27.6,12.99,10,0
2025-01-15 06:44:58.000+05:30,41.19,575.29,25.18,8.71,5.23,-17,27.9,2.78,10,0
2025-01-15 06:44:59.000+05:30,54.73,636.9,31.83,6.87,1.04,30,27.5,12.22,10,0
2025-01-15 06:45:00.000+05:30,28.44,718.5,27.99,11.64,2.07,-9,27.8,12.37,10,0
2025-01-15 06:45:01.000+05:30,56.49,489.94,26.33,4.73,4.71,19,27.6,2.41,10,0
2025-01-15 06:45:02.000+05:30,34.55,767.99,21.62,10.1,0.6,-5,27.7,7.11,10,0
2025-01-15 06:45:03.000+05:30,48.48,758.51,24.35,11.32,5.41,-10,27.8,8.93,10,0
2025-01-15 06:45:04.000+05:30,12.05,634.79,22.03,4.43,1.55,18,27.5,4.91,10,0
2025-01-15 06:45:05.000+05:30,18.55,726.78,27.96,8.72,1.46,-11,27.7,12.36,10,0
2025-01-15 06:45:06.000+05:30,41.81,380.77,29.13,10.93,4.18,30,27.6,1.27,10,0
2025-01-15 06:45:07.000+05:30,17.24,850.12,21.05,8.13,1.5,-30,27.7,0.16,10,0
2025-01-15 06:45:08.000+05:30,48.27,512.43,29.98,6.99,1.27,-14,27.9,5.58,10,0
2025-01-15 06:45:09.000+05:30,63.19,789.94,20.63,8.23,2.95,0,27.8,2.59,10,0
2025-01-15 06:45:10.000+05:30,47.76,272.01,22.78,3.67,4.7,-16,27.6,1.18,10,0
2025-01-15 06:45:11.000+05:30,55.07,604.8,22.13,4.44,5.27,30,27.7,1.31,10,0
2025-01-15 06:45:12.000+05:30,31.09,263.7,20.56,11.69,5.81,1,27.8,2.01,10,0
2025-01-15 06:45:13.000+05:30,27.18,439.83,21.33,9.17,2.88,0,27.9,11.77,10,0
2025-01-15 06:45:14.000+05:30,61.83,510.19,22.62,7.73,5.85,6,27.6,0.14,10,0
2025-01-15 06:45:15.000+05:30,36.17,387.93,25.08,7,2.93,-16,27.8,2.05,10,0
2025-01-15 06:45:16.000+05:30,19.95,815.1,22.38,6.69,0.57,9,27.6,13.12,10,0
2025-01-15 06:45:17.000+05:30,51.89,877.6,23.6,11.45,4.58,-13,27.9,5.45,10,0
2025-01-15 06:45:18.000+05:30,25.13,845.85,22.36,4.61,3.18,3,27.6,12.53,10,0
2025-01-15 06:45:19.000+05:30,66.91,832.35,29.02,6.8,4.45,8,27.6,11.06,10,0
2025-01-15 06:45:20.000+05:30,46.29,288.8,23.33,6.86,0.9,-9,27.5,4.59,10,0
2025-01-15 06:45:21.000+05:30,41.68,272.65,21.04,10.62,4.03,-19,27.6,7.9,10,0
2025-01-15 06:45:22.000+05:30,18.51,824.61,23.44,4.97,2.25,-26,27.8,10.8,10,0
2025-01-15 06:45:23.000+05:30,17.6,431.95,25.14,6.02,1.62,6,27.6,11.53,10,0
2025-01-15 06:45:24.000+05:30,42.93,898.36,21.99,10.87,4.9,-16,27.7,5.18,10,0
2025-01-15 06:45:25.000+05:30,54.95,527.53,26.81,5.53,3.17,-3,27.8,2.77,10,0
2025-01-15 06:45:26.000+05:30,23.77,677.82,31.75,3.03,2.43,-9,27.8,7.01,10,0
2025-01-15 06:45:27.000+05:30,26.72,734.83,23.22,3.82,4.64,19,27.7,3.28,10,0
2025-01-15 06:45:28.000+05:30,8.01,770.77,26.98,4.98,3.54,-3,27.5,3.67,10,0
2025-01-15 06:45:29.000+05:30,37.79,674.43,24.93,3.84,1.77,28,27.7,7.07,10,0
2025-01-15 06:45:30.000+05:30,24.38,552.5,24.75,6.38,3.59,11,27.9,6.32,10,0
2025-01-15 06:45:31.000+05:30,29.14,526.01,30.75,10.64,1.25,18,27.6,12.28,10,0
2025-01-15 06:45:32.000+05:30,41.87,777.85,31.58,3.6,4.26,-25,27.7,12.35,10,0
2025-01-15 06:45:33.000+05:30,58.44,737.79,26.86,11.45,1.35,14,27.6,6.66,10,0
2025-01-15 06:45:34.000+05:30,60.12,267.1,26.2,6.01,4.48,23,27.7,9.1,10,0
2025-01-15 06:45:35.000+05:30,8.29,884.83,24.36,9.78,2.94,-28,27.6,4.72,10,0
2025-01-15 06:45:36.000+05:30,22.62,430.89,25.1,7.58,1.7,11,27.7,5.55,10,0
2025-01-15 06:45:37.000+05:30,20.29,783.15,25.65,10.12,5.66,-22,27.6,7.67,10,0
2025-01-15 06:45:38.000+05:30,18.55,522.6,30.29,11.2,4.16,9,27.5,10.87,10,0
2025-01-15 06:45:39.000+05:30,39.25,585.17,26.08,5.96,3.36,8,27.8,4.61,10,0
2025-01-15 06:45:40.000+05:30,9.94,561.27,22.46,6.73,2.24,14,27.7,11.38,10,0
2025-01-15 06:45:41.000+05:30,45.93,802.6,29.07,11.89,0.64,21,27.9,11.81,10,0
2025-01-15 06:45:42.000+05:30,27.33,274.02,28.05,5.72,1.29,14,27.7,11.6,10,0
2025-01-15 06:45:43.000+05:30,23.53,808.13,25.07,9.3,0.94,13,27.8,12.1,10,0
2025-01-15 06:45:44.000+05:30,8.87,510.08,22.24,3.55,0.9,6,27.9,10.68,10,0
2025-01-15 06:45:45.000+05:30,49.6,822.98,25.69,11.49,3.81,23,27.7,2.48,10,0
2025-01-15 06:45:46.000+05:30,45.79,690.66,26.8,7.83,1.41,-21,27.7,1.68,10,0
2025-01-15 06:45:47.000+05:30,27.34,825.48,22.45,10.24,3.14,28,27.9,6.41,10,0
2025-01-15 06:45:48.000+05:30,40.64,786.31,23.7,5.36,2.81,-29,27.6,4.09,10,0
2025-01-15 06:45:49.000+05:30,50.81,602.76,31.44,5.11,5.54,-15,27.9,9.44,10,0
2025-01-15 06:45:50.000+05:30,26.06,893.32,27.22,3.17,2.11,9,27.9,10.85,10,0
2025-01-15 06:45:51.000+05:30,35.33,896.09,27.19,3.57,2.44,-18,27.5,7.54,10,0
2025-01-15 06:45:52.000+05:30,23.28,648.65,21.95,11.99,1.82,17,27.8,12.77,10,0
2025-01-15 06:45:53.000+05:30,48.5,417.03,20.65,4.32,5.47,17,27.5,9.5,10,0
2025-01-15 06:45:54.000+05:30,52.65,331.45,25.66,10.74,0.53,11,27.6,8.88,10,0
2025-01-15 06:45:55.000+05:30,20.97,332.89,30.6,7.75,5.42,28,27.5,10.62,10,0
2025-01-15 06:45:56.000+05:30,30.92,804.59,30.59,8.23,4.62,24,27.8,1.99,10,0
2025-01-15 06:45:57.000+05:30,12.87,260.94,31.27,9.97,1.15,8,27.9,0.76,10,0
2025-01-15 06:45:58.000+05:30,32.97,450.94,25.36,3.43,0.68,-28,27.7,8.81,10,0
2025-01-15 06:45:59.000+05:30,63.59,875,20.79,4.43,1.36,30,27.7,2.32,10,0
2025-01-15 06:46:00.000+05:30,17.95,816.88,23.55,5.69,3.5,-29,27.8,10.53,10,0
2025-01-15 06:46:01.000+05:30,8.21,354.28,26.09,8.22,2.43,11,27.8,7.91,10,0
2025-01-15 06:46:02.000+05:30,46.77,316.84,25.03,3.02,5.84,16,27.7,9.6,10,0
2025-01-15 06:46:03.000+05:30,63.34,809.49,22.06,7.25,2.73,-28,27.7,0.22,10,0
2025-01-15 06:46:04.000+05:30,59.96,413.67,21.44,3.51,4.82,29,27.7,2.45,10,0
2025-01-15 06:46:05.000+05:30,49.37,824.71,23.37,4.97,5.08,11,27.6,5.34,10,0
2025-01-15 06:46:06.000+05:30,22.94,898.92,28.17,10.88,5.63,-30,27.8,1.14,10,0
2025-01-15 06:46:07.000+05:30,25.6,683.63,27.89,5.68,4.25,-4,27.7,5.24,10,0
2025-01-15 06:46:08.000+05:30,43.89,860.82,21.87,5.01,2.58,5,27.9,0.13,10,0
2025-01-15 06:46:09.000+05:30,42.9,519.24,29.8,9.34,1.92,18,27.7,5.27,10,0
2025-01-15 06:46:10.000+05:30,15.31,742.7,22.91,5.86,5.31,-11,27.5,12.48,10,0
2025-01-15 06:46:11.000+05:30,29.36,706.98,25.1,7.51,0.95,-2,27.8,7.46,10,0
2025-01-15 06:46:12.000+05:30,56.07,438.16,20.2,5.19,2.78,23,27.9,9.82,10,0
2025-01-15 06:46:13.000+05:30,39.13,354,24.23,9.45,3.08,3,27.6,6.98,10,0
2025-01-15 06:46:14.000+05:30,66.16,516.04,21.83,4.78,1.22,-6,27.7,5.99,10,0
2025-01-15 06:46:15.000+05:30,36.21,756.3,31.64,6.67,3.84,7,27.6,1.81,10,0
2025-01-15 06:46:16.000+05:30,58.45,879.39,30.26,9,1.49,30,27.6,10.48,10,0
2025-01-15 06:46:17.000+05:30,45.1,507.65,21.99,6.7,4.03,-4,27.7,0.16,10,0
2025-01-15 06:46:18.000+05:30,67.89,867.12,26.83,6.67,1.58,9,27.9,4.83,10,0
2025-01-15 06:46:19.000+05:30,64.25,866.71,27.89,4.39,5.71,30,27.8,8.44,10,0
2025-01-15 06:46:20.000+05:30,22.62,465.19,26.63,7.3,6.04,-1,27.8,7.78,10,0
2025-01-15 06:46:21.000+05:30,35.41,379.87,31,6.9,2.22,3,27.6,3.46,10,0
2025-01-15 06:46:22.000+05:30,39.97,814.84,23.02,8.47,1.91,8,27.7,4.58,10,0
2025-01-15 06:46:23.000+05:30,18.94,749.24,21.02,11.92,2.79,27,27.5,0.41,10,0
2025-01-15 06:46:24.000+05:30,25.74,677.52,27.9,7.2,2.77,16,27.8,11.76,10,0
2025-01-15 06:46:25.000+05:30,11.24,767.14,28.89,8.95,5.36,16,27.9,12.19,10,0
2025-01-15 06:46:26.000+05:30,11.46,452.33,20.2,7.65,3.78,27,27.8,4.5,10,0
2025-01-15 06:46:27.000+05:30,41.24,344.73,27.1,7.86,4.17,-6,27.6,11.66,10,0
2025-01-15 06:46:28.000+05:30,53.76,686.96,28.37,5.67,0.56,15,27.8,8.7,10,0
2025-01-15 06:46:29.000+05:30,10.5,376.9,24.04,5.09,3.75,-3,27.7,6.78,10,0
2025-01-15 06:46:30.000+05:30,66.37,325.48,31.32,8.03,4.04,30,27.7,1.75,10,0
2025-01-15 06:46:31.000+05:30,68.54,757.14,31.05,11.81,0.69,-7,27.7,13.83,10,0
2025-01-15 06:46:32.000+05:30,15.3,262.76,25.69,6.28,4.08,9,27.7,0.04,10,0
2025-01-15 06:46:33.000+05:30,13.33,596.76,26.86,11.8,1.37,28,27.8,10.7,10,0
2025-01-15 06:46:34.000+05:30,67.71,445.84,30.16,5.79,5.03,-14,27.5,4.3,10,0
2025-01-15 06:46:35.000+05:30,17.29,404.34,20.87,4.75,4.26,-5,27.5,4.42,10,0
2025-01-15 06:46:36.000+05:30,10.27,573.72,22.36,4.53,3.33,-27,27.6,13.59,10,0
2025-01-15 06:46:37.000+05:30,12.43,628.38,27.96,11.69,1.34,9,27.8,4.67,10,0
2025-01-15 06:46:38.000+05:30,43.78,722.23,27.09,7.64,1.6,-18,27.6,6.43,10,0
2025-01-15 06:46:39.000+05:30,18.58,448.11,31.96,5.48,3.06,-30,27.8,7.7,10,0
2025-01-15 06:46:40.000+05:30,38.08,276.43,29,7.81,5.44,-10,27.9,10.84,10,0
2025-01-15 06:46:41.000+05:30,65.15,826.31,28.3,7.23,2.33,8,27.5,10.88,10,0
2025-01-15 06:46:42.000+05:30,36.69,281.83,31.03,8.02,4.95,0,27.8,5,10,0
2025-01-15 06:46:43.000+05:30,67.54,366.53,26.46,6.12,2.03,-14,27.5,5.37,10,0
2025-01-15 06:46:44.000+05:30,58.28,617.34,24.25,3.01,2.47,16,27.8,10.39,10,0
2025-01-15 06:46:45.000+05:30,13.01,832.93,25.42,5.44,5.06,-7,27.6,5.49,10,0
2025-01-15 06:46:46.000+05:30,48.98,849.97,20.56,7.43,3.19,-30,27.7,0.71,10,0
2025-01-15 06:46:47.000+05:30,63.21,772.74,28.6,5.87,2.28,-29,27.9,7.55,10,0
2025-01-15 06:46:48.000+05:30,22.66,850.8,28.54,4.35,0.96,13,27.6,7.55,10,0
2025-01-15 06:46:49.000+05:30,31.1,752.13,29.21,9.65,0.73,28,27.8,7.19,10,0
2025-01-15 06:46:50.000+05:30,41.95,698.08,23.34,11.75,4.74,4,27.7,9.24,10,0
2025-01-15 06:46:51.000+05:30,16.55,465.89,27.3,6.04,6.03,14,27.7,5.35,10,0
2025-01-15 06:46:52.000+05:30,44.82,814.85,28.67,6.08,2.88,29,27.6,2.8,10,0
2025-01-15 06:46:53.000+05:30,69.08,451.99,30.2,7.53,3.39,19,27.8,0.75,10,0
2025-01-15 06:46:54.000+05:30,37.71,583.58,31.58,8.03,6.16,-20,27.5,0.6,10,0
2025-01-15 06:46:55.000+05:30,49.81,335.19,28.39,3.83,5.28,10,27.9,11.51,10,0
2025-01-15 06:46:56.000+05:30,24.78,402.31,21.1,9.13,5.69,-6,27.5,11.35,10,0
2025-01-15 06:46:57.000+05:30,28.12,436.43,24.06,3.42,1.43,-19,27.8,5.59,10,0
2025-01-15 06:46:58.000+05:30,14.02,679.97,20.39,11.95,5.05,-20,27.6,9.41,10,0
2025-01-15 06:46:59.000+05:30,26.75,644.4,25.64,3.06,3.22,15,27.6,3.82,10,0
2025-01-15 06:47:00.000+05:30,37.26,706.86,29.48,10.77,4.37,-22,27.9,9.5,10,0
2025-01-15 06:47:01.000+05:30,63.41,311.15,29.01,5.6,4.75,6,27.6,11.52,10,0
2025-01-15 06:47:02.000+05:30,22.36,434.27,30.52,7.37,2.71,25,27.7,5.71,10,0
2025-01-15 06:47:03.000+05:30,22.64,710,26.91,11.31,2.57,-22,27.8,13.67,10,0
2025-01-15 06:47:04.000+05:30,11.64,602.16,20.2,6.37,5.13,-30,27.6,12.7,10,0
2025-01-15 06:47:05.000+05:30,31.46,516.82,23.97,10.31,2.74,-5,27.6,0.58,10,0
2025-01-15 06:47:06.000+05:30,59.24,497.42,21.55,7.78,4.15,-3,27.6,9.06,10,0
2025-01-15 06:47:07.000+05:30,7.5,608.81,21.45,10.74,3.84,-20,27.5,8.29,10,0
2025-01-15 06:47:08.000+05:30,53.67,669.02,21.72,4.22,3.97,14,27.6,4.75,10,0
2025-01-15 06:47:09.000+05:30,66.39,744.46,26.82,9.27,2.59,6,27.8,12,10,0
2025-01-15 06:47:10.000+05:30,18.76,511.15,20.59,9.45,2.95,-1,27.6,1.86,10,0
2025-01-15 06:47:11.000+05:30,58.33,575.52,23.54,5.9,5.12,7,27.9,13.74,10,0
2025-01-15 06:47:12.000+05:30,9.76,442.93,26.68,8.44,4.45,-16,27.7,12.96,10,0
2025-01-15 06:47:13.000+05:30,14.83,270.43,26.73,9.47,3.89,-8,27.7,4.87,10,0
2025-01-15 06:47:14.000+05:30,24.85,796.94,23.4,5.97,6.09,-20,27.7,2.2,10,0
2025-01-15 06:47:15.000+05:30,50.21,355.62,25.92,7.46,2.29,-30,27.6,5.7,10,0
2025-01-15 06:47:16.000+05:30,58.13,325.63,25.04,4.26,3.59,-30,27.6,0.43,10,0
2025-01-15 06:47:17.000+05:30,61.41,358.73,25.06,11.29,0.59,21,27.9,2.75,10,0
2025-01-15 06:47:18.000+05:30,30.06,493.71,20.85,11.59,4.38,-16,27.8,0.95,10,0
2025-01-15 06:47:19.000+05:30,46.99,317.71,25.96,3.85,2.91,-2,27.7,4.86,10,0
2025-01-15 06:47:20.000+05:30,30.53,374.72,23.63,4.88,3.87,6,27.6,4.31,10,0
2025-01-15 06:47:21.000+05:30,51.71,879.92,28.78,6.29,1.05,14,27.9,11.36,10,0
2025-01-15 06:47:22.000+05:30,64.83,633.46,23.83,7.14,3.76,18,27.8,10.29,10,0
2025-01-15 06:47:23.000+05:30,40.06,628.37,24.77,11.68,5.84,-5,27.7,11.87,10,0
2025-01-15 06:47:24.000+05:30,34.07,508.54,21.48,5.12,5.52,1,27.6,9.99,10,0
2025-01-15 06:47:25.000+05:30,49.24,554.4,26.56,3.06,4.41,-19,27.9,0.69,10,0
2025-01-15 06:47:26.000+05:30,69.61,704.2,30.17,10.21,1.01,24,27.5,3.72,10,0
2025-01-15 06:47:27.000+05:30,47.47,620.74,21.97,8.43,2.97,-18,27.8,3.39,10,0
2025-01-15 06:47:28.000+05:30,16.05,712.14,28.38,4.91,4.39,25,27.7,2.94,10,0
2025-01-15 06:47:29.000+05:30,23.32,379.07,26.73,4.2,1.87,-5,27.9,2.29,10,0
2025-01-15 06:47:30.000+05:30,63.43,554.52,27.41,8.34,1.56,0,27.9,2.31,10,0
2025-01-15 06:47:31.000+05:30,46.18,713.83,22.69,7.81,2.43,-22,27.6,1.97,10,0
2025-01-15 06:47:32.000+05:30,18.49,628.15,23.02,11.92,0.87,-16,27.8,8.64,10,0
2025-01-15 06:47:33.000+05:30,18.04,438.5,21.66,11.65,3.32,7,27.7,0.99,10,0
2025-01-15 06:47:34.000+05:30,63.04,265.82,28.07,5.98,2.33,23,27.6,1.18,10,0
2025-01-15 06:47:35.000+05:30,28.55,833.89,20.69,11.33,2.34,8,27.7,7.96,10,0
2025-01-15 06:47:36.000+05:30,19.71,874.01,21.49,3.03,5.24,-15,27.6,11.04,10,0
2025-01-15 06:47:37.000+05:30,16.75,755.01,25.19,8.63,4.94,1,27.7,12.79,10,0
2025-01-15 06:47:38.000+05:30,36.41,390.4,20.91,10.98,3.39,-5,27.7,13.44,10,0
2025-01-15 06:47:39.000+05:30,25.82,566.01,31.11,6.99,1.68,-15,27.7,5.06,10,0
2025-01-15 06:47:40.000+05:30,9.18,653.19,22.03,7.53,2.23,-25,27.8,8.82,10,0
2025-01-15 06:47:41.000+05:30,9.37,562.67,28.5,9.55,1.25,-29,27.8,6.94,10,0
2025-01-15 06:47:42.000+05:30,61.72,562.88,29.1,7.56,2.94,-7,27.7,5.88,10,0
2025-01-15 06:47:43.000+05:30,7.15,852.61,29.96,3.12,0.73,-18,27.8,9.89,10,0
2025-01-15 06:47:44.000+05:30,48.73,488.37,30.16,10.29,2.8,-14,27.9,13.37,10,0
2025-01-15 06:47:45.000+05:30,52.92,440.94,25.37,5.84,3.27,-24,27.7,8.21,10,0
2025-01-15 06:47:46.000+05:30,20.71,635.73,29.24,9.11,4.77,15,27.6,11.74,10,0
2025-01-15 06:47:47.000+05:30,69.83,765.34,23.09,11.23,3.38,17,27.7,0.48,10,0
2025-01-15 06:47:48.000+05:30,26.84,460.69,30.4,8.37,5.06,22,27.7,2.91,10,0
2025-01-15 06:47:49.000+05:30,61.96,449.82,21.53,9.71,6.06,-6,27.5,3.6,10,0
2025-01-15 06:47:50.000+05:30,13.35,719.9,27.03,11.41,3.54,12,27.8,9.11,10,0
2025-01-15 06:47:51.000+05:30,13.57,654.19,26.75,6.05,1.93,-26,27.6,0.06,10,0
2025-01-15 06:47:52.000+05:30,35.38,734.44,31.85,10.88,1.28,7,27.9,2.7,10,0
2025-01-15 06:47:53.000+05:30,51.3,454.68,25.97,4.55,5.57,-9,27.7,8.92,10,0
2025-01-15 06:47:54.000+05:30,36.05,582.57,25.9,10.63,4.91,28,27.9,7.37,10,0
2025-01-15 06:47:55.000+05:30,19.92,596.55,26.55,7.35,2.38,24,27.6,7.65,10,0
2025-01-15 06:47:56.000+05:30,31.44,291.66,28.37,11.89,1.64,6,27.8,10.13,10,0
2025-01-15 06:47:57.000+05:30,32.25,559.22,31.75,8.4,6.04,-5,27.5,13.56,10,0
2025-01-15 06:47:58.000+05:30,49.81,589.8,28.24,8.61,3.73,-18,27.9,11.15,10,0
2025-01-15 06:47:59.000+05:30,41.12,881.48,30.28,10.72,3.04,21,27.5,2.82,10,0
2025-01-15 06:48:00.000+05:30,59.88,297.99,30.56,6.75,2.69,-24,27.7,1.85,10,0
2025-01-15 06:48:01.000+05:30,29.45,463.94,25.4,7.56,5.92,12,27.9,4.63,10,0
2025-01-15 06:48:02.000+05:30,66.66,466.38,29.02,6.23,3.31,-19,27.6,1.4,10,0
2025-01-15 06:48:03.000+05:30,34.15,263.66,20.63,7.71,2.42,-4,27.8,11.02,10,0
2025-01-15 06:48:04.000+05:30,60.92,446.35,20.69,3.64,2.68,-24,27.6,3.57,10,0
2025-01-15 06:48:05.000+05:30,63.18,811.41,23.12,9.93,3.86,-12,27.5,6.61,10,0
2025-01-15 06:48:06.000+05:30,57.51,793.24,22.42,6.66,3.55,2,27.8,5.96,10,0
2025-01-15 06:48:07.000+05:30,59.7,785.17,30.41,9.57,3.08,-4,27.6,13.42,10,0
2025-01-15 06:48:08.000+05:30,62.56,450.91,31.24,4.38,1.71,-27,27.6,9,10,0
2025-01-15 06:48:09.000+05:30,57.23,472.98,20.58,8.5,3.55,8,27.8,0.43,10,0
2025-01-15 06:48:10.000+05:30,24.51,304.26,23.23,8.21,3.83,-26,27.8,6.07,10,0
2025-01-15 06:48:11.000+05:30,36.96,570.27,30.14,10.39,3.78,23,27.6,6.82,10,0
2025-01-15 06:48:12.000+05:30,69.37,615.35,21.31,6.26,3.97,-11,27.6,7.37,10,0
2025-01-15 06:48:13.000+05:30,9.66,390.97,29.04,6.4,4.44,2,27.9,4.19,10,0
2025-01-15 06:48:14.000+05:30,7.89,466,27.68,11.58,3.77,26,27.6,9.48,10,0
2025-01-15 06:48:15.000+05:30,59.19,747.21,20.54,8.92,2.96,9,27.6,2.36,10,0
2025-01-15 06:48:16.000+05:30,16.27,818.02,30.28,10.21,6.03,3,27.7,4.95,10,0
2025-01-15 06:48:17.000+05:30,55.05,472.56,23.36,10.57,0.6,-11,27.6,2.68,10,0
2025-01-15 06:48:18.000+05:30,21.32,620.65,25.28,7.14,2.13,-7,27.7,6.12,10,0
2025-01-15 06:48:19.000+05:30,67.21,332.75,23.71,7.62,2.92,28,27.8,3.74,10,0
2025-01-15 06:48:20.000+05:30,52.46,388.94,26.01,9.79,1.24,20,27.8,8.49,10,0
2025-01-15 06:48:21.000+05:30,62.05,705.65,29.67,5.49,3.75,11,27.8,2.23,10,0
2025-01-15 06:48:22.000+05:30,17.6,830.56,20.37,8.79,4.62,9,27.8,5.27,10,0
2025-01-15 06:48:23.000+05:30,17.44,528.79,25.77,11.35,1.7,-2,27.6,11.89,10,0
2025-01-15 06:48:24.000+05:30,7.16,517.83,30.12,4.92,6.01,-25,27.6,12.81,10,0
2025-01-15 06:48:25.000+05:30,68.85,598.96,30.72,9.88,3.17,-12,27.8,7.01,10,0
2025-01-15 06:48:26.000+05:30,62.84,786.93,29.86,8.07,2.86,23,27.5,7.68,10,0
2025-01-15 06:48:27.000+05:30,33.49,357.77,21.6,9.52,1.75,-2,27.7,6.63,10,0
2025-01-15 06:48:28.000+05:30,66.59,277.26,21.82,4.54,3.19,-27,27.5,11.59,10,0
2025-01-15 06:48:29.000+05:30,58.19,748.26,25.14,10.42,5.48,10,27.8,10,10,0
2025-01-15 06:48:30.000+05:30,10.5,828.69,23.37,7.19,3.05,-14,27.5,4.52,10,0
2025-01-15 06:48:31.000+05:30,56.84,529.26,23.77,4.82,3.49,26,27.8,13.84,10,0
2025-01-15 06:48:32.000+05:30,41.07,698.71,30.12,9.74,3.14,7,27.5,0.93,10,0
2025-01-15 06:48:33.000+05:30,38.13,297.17,26.97,6.33,6.13,10,27.7,10.67,10,0
2025-01-15 06:48:34.000+05:30,32.51,611.95,26.07,7.95,3.03,-29,27.8,2.88,10,0
2025-01-15 06:48:35.000+05:30,67.45,698.56,24.78,4.36,3.88,-19,27.5,9.54,10,0
2025-01-15 06:48:36.000+05:30,46.79,687.46,20.33,10.65,4.71,21,27.7,7.66,10,0
2025-01-15 06:48:37.000+05:30,16.75,622.93,29.47,7.71,2.71,18,27.5,9.18,10,0
2025-01-15 06:48:38.000+05:30,55.32,781.91,20.32,10.45,0.54,15,27.8,5.63,10,0
2025-01-15 06:48:39.000+05:30,67.84,283.45,21.42,7.09,1.25,-21,27.7,6.73,10,0
2025-01-15 06:48:40.000+05:30,16.07,614.1,30.72,5.02,5.66,29,27.8,7.16,10,0
2025-01-15 06:48:41.000+05:30,48.67,648.78,25.45,3.42,4.57,1,27.6,0.62,10,0
2025-01-15 06:48:42.000+05:30,39.2,524.81,26.22,9.57,1.78,-9,27.6,13.64,10,0
2025-01-15 06:48:43.000+05:30,35.1,772.23,25.31,9.66,4.87,12,27.9,11.76,10,0
2025-01-15 06:48:44.000+05:30,20.74,466.66,24.08,3.38,5.31,13,27.9,4.46,10,0
2025-01-15 06:48:45.000+05:30,29.52,671.97,26.3,8.56,4.35,3,27.6,10.35,10,0
2025-01-15 06:48:46.000+05:30,58.8,428.58,23.73,11.84,3.56,-26,27.6,1.47,10,0
2025-01-15 06:48:47.000+05:30,26.44,569.37,20.62,11.28,1.08,-16,27.9,2.13,10,0
2025-01-15 06:48:48.000+05:30,56.98,804.53,22.38,7.82,3.03,18,27.7,4.54,10,0
2025-01-15 06:48:49.000+05:30,65.87,601.64,20.9,3.34,4.14,-2,27.7,12.3,10,0
2025-01-15 06:48:50.000+05:30,40.88,819.17,21.71,8.75,2.22,-13,27.6,10.89,10,0
2025-01-15 06:48:51.000+05:30,39.28,428.58,31.72,8.17,2.17,-16,27.8,12.81,10,0
2025-01-15 06:48:52.000+05:30,33.67,807.98,31.45,10.33,0.88,-22,27.7,3.05,10,0
2025-01-15 06:48:53.000+05:30,37.23,745.36,26.07,4.87,1.18,1,27.6,8.15,10,0
2025-01-15 06:48:54.000+05:30,51.5,362.51,30.92,9.02,4.28,2,27.7,3.27,10,0
2025-01-15 06:48:55.000+05:30,42.25,735.55,28.53,4.23,5.23,-7,27.9,4.64,10,0
2025-01-15 06:48:56.000+05:30,48.7,671.22,31.95,5.04,1.5,24,27.9,1.27,10,0
2025-01-15 06:48:57.000+05:30,30.49,611.99,27.52,5.29,1.91,-6,27.5,6.06,10,0
2025-01-15 06:48:58.000+05:30,36.39,392.67,23.5,6.46,3.18,-19,27.8,3.56,10,0
2025-01-15 06:48:59.000+05:30,28.76,664.6,24.28,5.55,0.97,-13,27.8,8.78,10,0
2025-01-15 06:49:00.000+05:30,65.17,650.25,25.1,6.98,2.42,27,27.6,13.28,10,0
2025-01-15 06:49:01.000+05:30,39.36,320.19,26.77,3.65,5.25,-24,27.6,4.01,10,0
2025-01-15 06:49:02.000+05:30,55.08,796.18,28.01,6.48,5.57,-14,27.8,9.87,10,0
2025-01-15 06:49:03.000+05:30,19.81,571.59,25.4,3.23,6.18,16,27.8,8.28,10,0
2025-01-15 06:49:04.000+05:30,40.77,444.71,27.64,5.17,1.65,21,27.6,13.08,10,0
2025-01-15 06:49:05.000+05:30,67.59,666.03,31.63,9.74,3.78,-6,27.8,9.04,10,0
2025-01-15 06:49:06.000+05:30,18.79,617.01,22.26,6.39,3.12,-6,27.9,8.4,10,0
2025-01-15 06:49:07.000+05:30,33.07,869.63,20.02,11.98,4.76,-13,27.6,12.81,10,0
2025-01-15 06:49:08.000+05:30,66.86,280.53,29.52,10.54,1.26,-16,27.6,9.79,10,0
2025-01-15 06:49:09.000+05:30,44.07,285.36,30.8,4.88,2.99,-16,27.9,5.93,10,0
2025-01-15 06:49:10.000+05:30,37.76,655.01,20.19,7.27,3.08,-21,27.8,1.01,10,0
2025-01-15 06:49:11.000+05:30,24.39,518.31,23.29,3.24,1.44,24,27.6,3.43,10,0
2025-01-15 06:49:12.000+05:30,35.85,804.94,30.9,6.91,2.25,-6,27.8,12.16,10,0
2025-01-15 06:49:13.000+05:30,13.93,505.59,25.88,4.15,1.74,20,27.8,7.95,10,0
2025-01-15 06:49:14.000+05:30,53.31,671.42,30.72,8.7,2.53,10,27.6,10.61,10,0
2025-01-15 06:49:15.000+05:30,50.17,500.4,30.57,10.31,2.2,-17,27.9,0.63,10,0
2025-01-15 06:49:16.000+05:30,68.03,848.32,26.57,3.02,1.52,-9,27.5,11.22,10,0
2025-01-15 06:49:17.000+05:30,52.49,393.3,31.24,11.72,4.94,-14,27.9,12.96,10,0
2025-01-15 06:49:18.000+05:30,32.16,350.04,26.4,7.82,3.76,18,27.6,4.21,10,0
2025-01-15 06:49:19.000+05:30,21.71,421.72,24.33,6.4,4.71,13,27.7,1.17,10,0
2025-01-15 06:49:20.000+05:30,43.56,386.7,24.29,4.03,4.47,3,27.7,8.24,10,0
2025-01-15 06:49:21.000+05:30,44.15,462.76,20.76,10.87,0.55,-10,27.6,0.2,10,0
2025-01-15 06:49:22.000+05:30,34.77,676.4,25.1,7.62,0.8,-7,27.7,7.4,10,0
2025-01-15 06:49:23.000+05:30,10.77,722.78,26.43,11.69,0.99,-25,27.6,2.89,10,0
2025-01-15 06:49:24.000+05:30,66.11,420.11,25.2,7.81,1.47,21,27.5,1.45,10,0
2025-01-15 06:49:25.000+05:30,57.3,309.67,25.47,3.41,4.33,-10,27.7,8.83,10,0
2025-01-15 06:49:26.000+05:30,15.12,747.03,30.07,6.66,3.62,-21,27.8,11.73,10,0
2025-01-15 06:49:27.000+05:30,58.78,680.19,22.93,10.28,0.91,-19,27.8,13.19,10,0
2025-01-15 06:49:28.000+05:30,19.36,518.72,20.63,4.76,1.55,25,27.6,7.03,10,0
2025-01-15 06:49:29.000+05:30,47.76,863.12,30.92,3.17,2.36,-20,27.6,11.63,10,0
2025-01-15 06:49:30.000+05:30,13.02,445.14,21.84,6.63,3.24,-26,27.6,1.44,10,0
2025-01-15 06:49:31.000+05:30,53.53,622.49,20.23,11.85,2.79,-17,27.8,12.5,10,0
2025-01-15 06:49:32.000+05:30,39.72,342.38,30.23,5.5,0.68,25,27.9,4.47,10,0
2025-01-15 06:49:33.000+05:30,15.22,685.5,20.57,6.4,4.23,12,27.8,1.34,10,0
2025-01-15 06:49:34.000+05:30,54.72,804.22,21.37,4.87,3.54,6,27.5,2.93,10,0
2025-01-15 06:49:35.000+05:30,21.35,371.56,22.18,6.41,6.05,-20,27.6,11.15,10,0
2025-01-15 06:49:36.000+05:30,44.66,474.74,30.32,9.11,2.4,-19,27.7,3.03,10,0
2025-01-15 06:49:37.000+05:30,25.8,774.66,27.31,6.85,0.53,2,27.7,3.69,10,0
2025-01-15 06:49:38.000+05:30,19.18,371.28,20.65,10.29,5.92,18,27.7,3.47,10,0
2025-01-15 06:49:39.000+05:30,49.21,660.07,30.4,5.18,4.27,10,27.6,7.7,10,0
2025-01-15 06:49:40.000+05:30,46.18,791.44,24.27,10.51,1.03,-6,27.9,9.64,10,0
2025-01-15 06:49:41.000+05:30,32.47,781.01,26.75,3.6,3.28,-20,27.6,12.56,10,0
2025-01-15 06:49:42.000+05:30,22.52,669.33,20.73,11.25,2.87,0,27.8,1.47,10,0
2025-01-15 06:49:43.000+05:30,30.28,419.5,30.19,9.28,1.41,19,27.9,12.29,10,0
2025-01-15 06:49:44.000+05:30,24.06,749.4,25.21,5.86,1.83,7,27.8,2.92,10,0
2025-01-15 06:49:45.000+05:30,51.08,520.94,29.14,10.93,3.79,17,27.6,12.44,10,0
2025-01-15 06:49:46.000+05:30,25.25,821.56,28.48,11.91,3.31,-11,27.5,8.29,10,0
2025-01-15 06:49:47.000+05:30,36.91,360.26,25.49,8.8,5.82,17,27.8,13.31,10,0
2025-01-15 06:49:48.000+05:30,65.67,467.35,22.55,8.93,2.84,17,27.7,4.6,10,0
2025-01-15 06:49:49.000+05:30,49.13,276.73,29.42,6.54,3.57,0,27.7,4.14,10,0
2025-01-15 06:49:50.000+05:30,21.89,649.39,30.67,7.92,4.25,-8,27.8,5.81,10,0
2025-01-15 06:49:51.000+05:30,49.45,580.06,21.22,11.07,3.44,-1,27.5,2.75,10,0
2025-01-15 06:49:52.000+05:30,22.43,578.15,22.5,4.18,0.84,19,27.8,9.68,10,0
2025-01-15 06:49:53.000+05:30,7.26,321.07,26.44,6.81,3.25,15,27.5,7.75,10,0
2025-01-15 06:49:54.000+05:30,63.46,507.42,23.3,4.87,1.25,-12,27.7,1.71,10,0
2025-01-15 06:49:55.000+05:30,19.38,751.66,29.4,6.98,1.55,23,27.6,8.99,10,0
2025-01-15 06:49:56.000+05:30,43.42,792.06,21.97,10.58,2.19,-17,27.9,10.51,10,0
2025-01-15 06:49:57.000+05:30,19.05,329.69,21.66,11.38,5.41,27,27.6,8.24,10,0
2025-01-15 06:49:58.000+05:30,20.56,785.22,23.15,10.62,0.96,-19,27.8,9.35,10,0
2025-01-15 06:49:59.000+05:30,51.26,505.29,23.51,7.14,4.04,13,27.5,6.32,10,0
2025-01-15 06:50:00.000+05:30,49.96,612.45,22.62,4.99,1.13,-6,27.5,1.47,10,0
2025-01-15 06:50:01.000+05:30,29.04,754.95,20.33,6.61,4.59,-13,27.8,7.95,10,0
2025-01-15 06:50:02.000+05:30,9.13,742.78,22.34,5.08,6.04,28,27.8,3.02,10,0
2025-01-15 06:50:03.000+05:30,59.49,680.35,22.46,9.17,3.54,-28,27.8,1.41,10,0
2025-01-15 06:50:04.000+05:30,41.37,702.47,21.06,3.56,0.91,8,27.6,6.08,10,0
2025-01-15 06:50:05.000+05:30,11.66,420.67,26.53,3.93,0.56,11,27.8,3.96,10,0
2025-01-15 06:50:06.000+05:30,48.76,313.14,20.3,10.64,4.24,27,27.9,12.92,10,0
2025-01-15 06:50:07.000+05:30,16.48,619.57,30.58,10.68,5.78,4,27.9,5.66,10,0
2025-01-15 06:50:08.000+05:30,54.12,306.31,27.45,3.36,2.16,24,27.8,1.71,10,0
2025-01-15 06:50:09.000+05:30,23.24,833,31.21,5.72,1.99,-27,27.6,2.18,10,0
2025-01-15 06:50:10.000+05:30,19.44,532.3,28.34,8.09,4.33,30,27.9,6.8,10,0
2025-01-15 06:50:11.000+05:30,13.28,849.3,24.59,3.72,4.99,14,27.9,1.38,10,0
2025-01-15 06:50:12.000+05:30,56.82,334.24,30.52,10.04,1.06,29,27.8,9.55,10,0
2025-01-15 06:50:13.000+05:30,8.02,346.63,30.87,9.02,0.52,3,27.7,13.59,10,0
2025-01-15 06:50:14.000+05:30,48.28,445.17,21.43,10.56,3.12,-10,27.6,8.85,10,0
2025-01-15 06:50:15.000+05:30,37.53,706.21,29.27,8.47,6.03,2,27.6,6.67,10,0
2025-01-15 06:50:16.000+05:30,30.98,810.52,22.25,3.65,3.66,-28,27.9,13.5,10,0
2025-01-15 06:50:17.000+05:30,38.46,653.39,21.33,11.87,1.2,-12,27.6,8.09,10,0
2025-01-15 06:50:18.000+05:30,47.41,336.14,23.41,3.43,4.55,-9,27.6,1.15,10,0
2025-01-15 06:50:19.000+05:30,10.24,641.96,25.2,8.96,2.71,-14,27.8,5.69,10,0
2025-01-15 06:50:20.000+05:30,28.24,898.94,22.11,8.9,4.72,-30,27.6,12.51,10,0
2025-01-15 06:50:21.000+05:30,29.89,571.4,29.7,11.41,3.16,15,27.7,7.6,10,0
2025-01-15 06:50:22.000+05:30,39.8,845.54,24.31,6.51,2.11,30,27.7,7.98,10,0
2025-01-15 06:50:23.000+05:30,68.81,279.6,21.27,11.91,4.49,-2,27.6,4.77,10,0
2025-01-15 06:50:24.000+05:30,48.79,517.21,24.39,10,2.19,-19,27.7,2.04,10,0
2025-01-15 06:50:25.000+05:30,52.64,551.64,24.68,4.2,4.22,-29,27.6,5.67,10,0
2025-01-15 06:50:26.000+05:30,62.06,564.9,27.96,3.75,5.4,-13,27.5,9.15,10,0
2025-01-15 06:50:27.000+05:30,21.02,891.57,24.54,8.83,5.98,-14,27.5,12.06,10,0
2025-01-15 06:50:28.000+05:30,51.13,544.85,29.7,10.89,0.52,22,27.7,8.93,10,0
2025-01-15 06:50:29.000+05:30,41.11,297.76,23.26,11.75,4.83,4,27.6,6.8,10,0
2025-01-15 06:50:30.000+05:30,36.72,367.84,26.02,4,2.5,-20,27.6,11.1,10,0
2025-01-15 06:50:31.000+05:30,16,354.77,22.1,4.4,0.58,-10,27.8,3.89,10,0
2025-01-15 06:50:32.000+05:30,40.14,489.07,27.27,8.36,0.68,-28,27.8,3.82,10,0
2025-01-15 06:50:33.000+05:30,41.92,549.52,29.63,5.05,5.57,-23,27.9,1.42,10,0
2025-01-15 06:50:34.000+05:30,28.86,279.01,30.24,9.97,1.61,30,27.7,13.54,10,0
2025-01-15 06:50:35.000+05:30,16.17,750.33,26.37,4.18,5.21,-3,27.6,11.08,10,0
2025-01-15 06:50:36.000+05:30,47.29,859.05,24.31,7.4,6.09,-1,27.7,8.38,10,0
2025-01-15 06:50:37.000+05:30,8.84,853.05,20.21,3.66,5.6,-12,27.9,1.43,10,0
2025-01-15 06:50:38.000+05:30,51.87,470.83,23.62,8.52,5.47,18,27.7,1.77,10,0
2025-01-15 06:50:39.000+05:30,64.1,855.09,23.15,7.23,2.84,16,27.9,6.36,10,0
2025-01-15 06:50:40.000+05:30,15.12,283.3,21.02,7.59,3.67,-29,27.7,8.54,10,0
2025-01-15 06:50:41.000+05:30,54.63,578.54,30.95,8.78,6.02,-16,27.7,9.43,10,0
2025-01-15 06:50:42.000+05:30,43.87,333.86,21.75,5,4.27,15,27.7,10.16,10,0
2025-01-15 06:50:43.000+05:30,65.66,838.47,29.86,6.62,3.78,-9,27.7,4.47,10,0
2025-01-15 06:50:44.000+05:30,67.34,845.58,29.41,8.33,2.24,4,27.8,10.75,10,0
2025-01-15 06:50:45.000+05:30,18.75,832.67,20.01,6.77,6,-27,27.8,7.93,10,0
2025-01-15 06:50:46.000+05:30,29.64,358.06,27.29,7.89,0.58,-27,27.7,0.93,10,0
2025-01-15 06:50:47.000+05:30,33.48,413.98,25.43,5.46,3.03,-5,27.6,0.61,10,0
2025-01-15 06:50:48.000+05:30,34.98,319.67,22.67,8.97,0.89,5,27.5,8.23,10,0
2025-01-15 06:50:49.000+05:30,29.54,666.41,26.14,4.75,4.62,-20,27.8,8.62,10,0
2025-01-15 06:50:50.000+05:30,60.48,449.29,23.62,9.96,3.34,-10,27.8,12.73,10,0
2025-01-15 06:50:51.000+05:30,58.13,600.16,28.1,5.16,1.3,-17,27.6,3.51,10,0
2025-01-15 06:50:52.000+05:30,7.3,280.42,20.96,9.38,2.25,-9,27.6,10.08,10,0
2025-01-15 06:50:53.000+05:30,62.01,644.23,23.93,6.04,3.11,7,27.9,11.84,10,0
2025-01-15 06:50:54.000+05:30,31.2,793.82,26.76,6.41,1.42,-2,27.5,2.3,10,0
2025-01-15 06:50:55.000+05:30,69.8,396.25,27.89,8.59,2.43,-8,27.6,8.4,10,0
2025-01-15 06:50:56.000+05:30,21,312.84,27.68,11.29,1.29,-28,27.6,5.42,10,0
2025-01-15 06:50:57.000+05:30,64.43,349.49,25.22,4.65,5.53,-25,27.7,8.64,10,0
2025-01-15 06:50:58.000+05:30,13.25,449.11,21.88,4.25,1.25,-4,27.7,4.23,10,0
2025-01-15 06:50:59.000+05:30,65.44,373.17,21.43,9.16,3.86,-6,27.7,12.6,10,0
2025-01-15 06:51:00.000+05:30,36.91,893.93,20.06,4.99,1.22,-28,27.9,4.97,10,0
2025-01-15 06:51:01.000+05:30,14.63,407.6,21.88,3.41,3.53,-8,27.5,13.13,10,0
2025-01-15 06:51:02.000+05:30,16.53,527.51,28.06,3.44,3.79,-17,27.6,9,10,0
2025-01-15 06:51:03.000+05:30,21.22,646.69,21.02,3.56,0.83,15,27.7,0.3,10,0
2025-01-15 06:51:04.000+05:30,28.52,323.65,21.75,10.58,2.65,-13,27.8,10.05,10,0
2025-01-15 06:51:05.000+05:30,11.03,733.58,24.25,8.4,0.51,9,27.8,6.29,10,0
2025-01-15 06:51:06.000+05:30,15.99,260.3,29.53,6.1,5.08,17,27.6,3.04,10,0
2025-01-15 06:51:07.000+05:30,67.63,676.57,25.62,11.24,3.55,-9,27.7,1.06,10,0
2025-01-15 06:51:08.000+05:30,34.79,444.28,22.94,3.12,4.72,30,27.8,8.61,10,0
2025-01-15 06:51:09.000+05:30,19.34,653.14,30.95,11.28,4.32,-3,27.9,13.64,10,0
2025-01-15 06:51:10.000+05:30,51.82,477.59,24.14,8.93,4.19,-26,27.6,10.64,10,0
2025-01-15 06:51:11.000+05:30,56.38,362.48,21.04,9.3,2.33,-4,27.8,7.66,10,0
2025-01-15 06:51:12.000+05:30,57.22,659.97,21.87,5.21,4.35,10,27.7,5.47,10,0
2025-01-15 06:51:13.000+05:30,65.42,275.39,27.55,7.3,2.94,-22,27.6,4.69,10,0
2025-01-15 06:51:14.000+05:30,50.09,338.79,24.27,4.4,5.45,10,27.7,5.3,10,0
2025-01-15 06:51:15.000+05:30,24.92,588.08,24.97,11.2,0.98,-21,27.7,4,10,0
2025-01-15 06:51:16.000+05:30,19.13,285.63,31.27,5.2,5.23,-15,27.7,10.82,10,0
2025-01-15 06:51:17.000+05:30,40.89,841.03,21.78,5.19,4.47,-14,27.7,2.9,10,0
2025-01-15 06:51:18.000+05:30,44.76,660.88,30.22,6.42,1.69,18,27.9,13.59,10,0
2025-01-15 06:51:19.000+05:30,51.96,326.1,27.91,4.82,4.39,6,27.5,5.78,10,0
2025-01-15 06:51:20.000+05:30,69.08,833.13,31.03,4.26,1.04,12,27.8,10.91,10,0
2025-01-15 06:51:21.000+05:30,58.32,774.45,21.96,6.85,2.17,25,27.8,6.04,10,0
2025-01-15 06:51:22.000+05:30,20.88,827.99,20.76,4.3,1.54,30,27.6,3.92,10,0
2025-01-15 06:51:23.000+05:30,67.62,842.14,25.87,10.51,4.33,18,27.7,4.4,10,0
2025-01-15 06:51:24.000+05:30,36.56,522.87,26.35,7.6,3.86,-13,27.8,2.24,10,0
2025-01-15 06:51:25.000+05:30,43.4,713.22,29.97,3.2,2.82,-30,27.9,1.93,10,0
2025-01-15 06:51:26.000+05:30,43.45,881.24,25.03,6.45,5.79,-21,27.8,12.02,10,0
2025-01-15 06:51:27.000+05:30,10.42,529.89,21.52,7.03,2.88,8,27.9,6.89,10,0
2025-01-15 06:51:28.000+05:30,53.6,709.38,27.37,8.26,1.73,-13,27.8,9.59,10,0
2025-01-15 06:51:29.000+05:30,11.6,628.34,23.61,10.82,4.24,-19,27.6,12.61,10,0
2025-01-15 06:51:30.000+05:30,19.34,831.51,25.54,11.86,4.43,12,27.8,11.96,10,0
2025-01-15 06:51:31.000+05:30,7.39,842.85,31.67,9.51,3.14,-7,27.5,12.28,10,0
2025-01-15 06:51:32.000+05:30,39.74,706.79,20.62,3.22,1.81,-22,27.5,8.55,10,0
2025-01-15 06:51:33.000+05:30,35.53,695.61,31.36,11.87,1.32,-2,27.8,3.4,10,0
2025-01-15 06:51:34.000+05:30,62.49,703.79,31.12,9.29,2.04,29,27.7,0.9,10,0
2025-01-15 06:51:35.000+05:30,32.21,727.1,20.14,4.77,4.09,24,27.8,9.39,10,0
2025-01-15 06:51:36.000+05:30,68.71,592.94,22.41,4.02,6.13,22,27.6,12.37,10,0
2025-01-15 06:51:37.000+05:30,58.77,798.25,30.7,9.48,3.45,-13,27.6,7.05,10,0
2025-01-15 06:51:38.000+05:30,58.48,754.87,30.44,4.83,6.16,24,27.7,2.98,10,0
2025-01-15 06:51:39.000+05:30,43.3,274.68,29.48,4.5,6.07,-5,27.7,7.56,10,0
2025-01-15 06:51:40.000+05:30,53.62,314.91,22.48,3.08,2.41,8,27.9,9.48,10,0
2025-01-15 06:51:41.000+05:30,63.11,821.09,27.19,3.22,6.12,-13,27.7,12.84,10,0
2025-01-15 06:51:42.000+05:30,59.54,332.78,22.25,5.35,2.61,28,27.7,12.14,10,0
2025-01-15 06:51:43.000+05:30,20.55,291.95,27.84,11.01,0.51,-9,27.6,1.52,10,0
2025-01-15 06:51:44.000+05:30,13.91,480.79,30.8,9.44,5.6,4,27.9,8.99,10,0
2025-01-15 06:51:45.000+05:30,20.65,595.31,26.11,8.75,4.65,-14,27.8,0.5,10,0
2025-01-15 06:51:46.000+05:30,10.86,299.32,22.9,6.14,2.69,-26,27.8,7.13,10,0
2025-01-15 06:51:47.000+05:30,59.52,382.2,27.61,3.93,3.44,-11,27.7,3.04,10,0
2025-01-15 06:51:48.000+05:30,29.19,291.96,20.5,8.75,1.09,29,27.6,5.65,10,0
2025-01-15 06:51:49.000+05:30,24.76,330.39,30.09,7.06,1.99,29,27.7,1.28,10,0
2025-01-15 06:51:50.000+05:30,16.75,556.06,30.94,3.92,5.62,5,27.8,7.38,10,0
2025-01-15 06:51:51.000+05:30,19.86,709.11,25.23,3.96,3.44,21,27.7,5.45,10,0
2025-01-15 06:51:52.000+05:30,33.61,314.52,26.86,10.44,2.7,17,27.8,4.99,10,0
2025-01-15 06:51:53.000+05:30,19.72,387.49,24.97,7.29,0.74,-29,27.6,4.49,10,0
2025-01-15 06:51:54.000+05:30,68.68,392.72,22.28,6.21,3.57,-3,27.6,8.23,10,0
2025-01-15 06:51:55.000+05:30,51.45,609.08,22.96,11.57,6.13,7,27.8,8.1,10,0
2025-01-15 06:51:56.000+05:30,39.08,440.66,24.65,8.94,1.04,14,27.7,12.68,10,0
2025-01-15 06:51:57.000+05:30,42.25,302.58,23.96,10.33,5.8,1,27.7,5.99,10,0
2025-01-15 06:51:58.000+05:30,20.11,781.46,29.32,3.06,5,-20,27.9,4.77,10,0
2025-01-15 06:51:59.000+05:30,36.11,566.55,24.61,8.33,5.12,-10,27.5,3.11,10,0
2025-01-15 06:52:00.000+05:30,30.37,732.74,20.73,5.88,5.49,-11,27.7,5.19,10,0
2025-01-15 06:52:01.000+05:30,68,262.83,26.53,10.36,5.87,28,27.7,0.11,10,0
2025-01-15 06:52:02.000+05:30,36.73,827.04,30.11,8.75,4.86,25,27.8,3.13,10,0
2025-01-15 06:52:03.000+05:30,17.52,569.62,25.7,7.1,4.76,-23,27.9,10.58,10,0
2025-01-15 06:52:04.000+05:30,38.58,349.73,21.54,9.59,4.22,-18,27.5,12.9,10,0
2025-01-15 06:52:05.000+05:30,44.96,265.52,30.89,4.32,0.77,24,27.6,1.98,10,0
2025-01-15 06:52:06.000+05:30,19.19,692.09,25.87,11,6,12,27.7,4.88,10,0
2025-01-15 06:52:07.000+05:30,58.76,683.82,31.83,3.85,4.03,15,27.9,12.99,10,0
2025-01-15 06:52:08.000+05:30,65.88,693.83,26.99,7.27,2.64,-3,27.6,9.94,10,0
2025-01-15 06:52:09.000+05:30,32.12,752.59,24.88,3.37,3.97,3,27.8,9.54,10,0
2025-01-15 06:52:10.000+05:30,19.27,758.55,20.19,8.53,2.59,22,27.8,2.26,10,0
2025-01-15 06:52:11.000+05:30,66.53,891.3,24.56,9.41,1.62,-18,27.9,6.42,10,0
2025-01-15 06:52:12.000+05:30,18.48,796.18,26.95,9.84,1.89,-30,27.7,8.73,10,0
2025-01-15 06:52:13.000+05:30,29.8,442.09,28.06,6.79,4.84,20,27.8,4.68,10,0
2025-01-15 06:52:14.000+05:30,14.2,841.04,23.95,9.71,1.05,15,27.8,0.97,10,0
2025-01-15 06:52:15.000+05:30,16.54,265.7,26.05,4.21,2.49,-17,27.8,8.01,10,0
2025-01-15 06:52:16.000+05:30,60.22,842.23,27.17,10.77,5.74,-10,27.6,2.85,10,0
2025-01-15 06:52:17.000+05:30,38.52,392.49,25.9,3.8,1.57,-5,27.7,3.97,10,0
2025-01-15 06:52:18.000+05:30,12.75,421.38,22.91,11.07,3.38,10,27.7,5.78,10,0
2025-01-15 06:52:19.000+05:30,24.87,792.32,29.75,3.21,1.68,30,27.7,13.19,10,0
2025-01-15 06:52:20.000+05:30,15.74,680.74,25.08,4.32,3.46,4,27.6,4.35,10,0
2025-01-15 06:52:21.000+05:30,61.07,639.04,22,9.49,4.32,-28,27.8,4.06,10,0
2025-01-15 06:52:22.000+05:30,50.42,730.17,27.89,3.19,2.73,-11,27.8,0.69,10,0
2025-01-15 06:52:23.000+05:30,30.75,271.18,21.03,3.22,4.86,22,27.6,3.92,10,0
2025-01-15 06:52:24.000+05:30,62.28,516.41,27.82,9.57,5.51,-18,27.9,9.75,10,0
2025-01-15 06:52:25.000+05:30,27.18,529.32,27.87,4.95,3.91,27,27.6,10.68,10,0
2025-01-15 06:52:26.000+05:30,7.81,840.53,20.68,3.34,0.8,7,27.6,11.49,10,0
2025-01-15 06:52:27.000+05:30,41.84,593.47,28.73,10.29,2.27,-28,27.6,11.54,10,0
2025-01-15 06:52:28.000+05:30,47.55,866.95,24.03,11.57,0.87,30,27.7,7.61,10,0
2025-01-15 06:52:29.000+05:30,18.32,697.08,27.46,5.07,5.76,10,27.7,9.89,10,0
2025-01-15 06:52:30.000+05:30,33.76,415.16,25.01,4.53,5.72,20,27.8,0.35,10,0
2025-01-15 06:52:31.000+05:30,15.84,347.75,27.62,7.68,2.49,18,27.7,13.78,10,0
2025-01-15 06:52:32.000+05:30,56.13,832.24,31.78,9.92,5.33,28,27.8,12.21,10,0
2025-01-15 06:52:33.000+05:30,11.64,790.05,31.97,3.33,2.49,-17,27.8,7.68,10,0
2025-01-15 06:52:34.000+05:30,53.73,265.35,27.35,7.47,1.66,2,27.6,6.27,10,0
2025-01-15 06:52:35.000+05:30,15.79,616.93,31.85,9.72,1.3,-16,27.7,5.91,10,0
2025-01-15 06:52:36.000+05:30,32.72,812.65,27.77,9.82,1.09,-3,27.7,11.37,10,0
2025-01-15 06:52:37.000+05:30,61.61,585.82,25.74,10.83,1.21,21,27.9,7.43,10,0
2025-01-15 06:52:38.000+05:30,32.78,411.16,26.54,11.15,4.3,16,27.8,0.34,10,0
2025-01-15 06:52:39.000+05:30,62.38,760.68,21.94,11.32,1.48,-3,27.7,2.22,10,0
2025-01-15 06:52:40.000+05:30,34.96,791.71,26.18,8.13,4.42,-5,27.5,6.27,10,0
2025-01-15 06:52:41.000+05:30,31.9,782.89,22.03,7.95,4.15,15,27.7,9.46,10,0
2025-01-15 06:52:42.000+05:30,45.38,556.83,26.97,5.18,2.31,-22,27.6,7.5,10,0
2025-01-15 06:52:43.000+05:30,46.22,567.37,21.83,5.9,3.94,-12,27.5,6.94,10,0
2025-01-15 06:52:44.000+05:30,59.83,843.77,24.43,9.68,0.64,-26,27.9,0.41,10,0
2025-01-15 06:52:45.000+05:30,66.29,446.18,29.28,3.98,5.9,0,27.7,5.43,10,0
2025-01-15 06:52:46.000+05:30,18.87,304.78,29.88,8.31,5.91,-5,27.6,4.93,10,0
2025-01-15 06:52:47.000+05:30,12.85,601.04,20.96,4.03,6.07,-28,27.5,7.36,10,0
2025-01-15 06:52:48.000+05:30,48.04,755.28,20.05,8.43,1.99,10,27.6,8.32,10,0
2025-01-15 06:52:49.000+05:30,66.72,619.15,30.67,6.15,3.14,-16,27.8,0.7,10,0
2025-01-15 06:52:50.000+05:30,55.76,637.38,20.22,3.92,5.5,-30,27.5,4.76,10,0
2025-01-15 06:52:51.000+05:30,38.95,794.79,20.43,5.48,3.76,-5,27.8,13.57,10,0
2025-01-15 06:52:52.000+05:30,44.85,355.51,22.17,5.04,1.58,22,27.5,8.47,10,0
2025-01-15 06:52:53.000+05:30,42.33,506.04,30.64,3.12,5.93,-29,27.9,8.95,10,0
2025-01-15 06:52:54.000+05:30,58.18,762.72,30.86,8.86,2.91,21,27.7,3.63,10,0
2025-01-15 06:52:55.000+05:30,29.9,560.53,29.51,8.72,6.17,-10,27.7,9.76,10,0
2025-01-15 06:52:56.000+05:30,56.26,318.89,27.7,5.49,2.73,8,27.6,9.29,10,0
2025-01-15 06:52:57.000+05:30,32.7,757.26,25.95,3.45,2.67,20,27.6,12.65,10,0
2025-01-15 06:52:58.000+05:30,47.69,422.02,24.47,5.29,4.63,11,27.7,3.93,10,0
2025-01-15 06:52:59.000+05:30,41.59,603.33,29.87,6.19,5.48,17,27.8,2.78,10,0
2025-01-15 06:53:00.000+05:30,38.92,763.39,26.74,10.71,4.27,11,27.7,12.98,10,0
2025-01-15 06:53:01.000+05:30,34.02,362.41,25,7.45,2.97,-11,27.7,5.48,10,0
2025-01-15 06:53:02.000+05:30,22.14,278.75,27.96,7.15,2.58,29,27.7,6.59,10,0
2025-01-15 06:53:03.000+05:30,45.36,415.97,29.28,8.85,4.9,-17,27.8,8.54,10,0
2025-01-15 06:53:04.000+05:30,47.88,452.49,30.46,9.56,6.18,25,27.7,9.67,10,0
2025-01-15 06:53:05.000+05:30,29.43,748.42,29.49,5.87,0.84,-28,27.7,13.92,10,0
2025-01-15 06:53:06.000+05:30,40.52,516.57,21.98,10.4,0.79,-19,27.9,2.76,10,0
2025-01-15 06:53:07.000+05:30,54.76,745.43,26.81,9.27,3.05,1,27.9,12.81,10,0
2025-01-15 06:53:08.000+05:30,60.21,637.79,23.24,10.1,2.47,13,27.5,8.8,10,0
2025-01-15 06:53:09.000+05:30,42.42,278.29,25.06,6.02,6.16,-28,27.8,1.54,10,0
2025-01-15 06:53:10.000+05:30,50.42,667.06,23.6,6.09,4.25,-24,27.6,13.43,10,0
2025-01-15 06:53:11.000+05:30,28.64,826.22,21.67,7.18,2.01,13,27.8,9.57,10,0
2025-01-15 06:53:12.000+05:30,58.93,740.38,27.45,10.49,2.38,16,27.8,1.1,10,0
2025-01-15 06:53:13.000+05:30,13.34,351.03,27.88,8.18,2.07,-5,27.6,12.17,10,0
2025-01-15 06:53:14.000+05:30,62.75,782.95,21.79,6.91,4.35,21,27.8,12.69,10,0
2025-01-15 06:53:15.000+05:30,13.99,292.71,24.36,5.01,1.6,-8,27.6,10.01,10,0
2025-01-15 06:53:16.000+05:30,28.56,311.36,27.58,6.88,0.73,28,27.8,8.45,10,0
2025-01-15 06:53:17.000+05:30,43.83,467.47,20.94,8.99,5.76,-8,27.6,4.82,10,0
2025-01-15 06:53:18.000+05:30,50.11,700.73,28.38,11.31,2.88,4,27.8,6.63,10,0
2025-01-15 06:53:19.000+05:30,33.19,387.87,25.31,6.47,6.19,-25,27.8,1.97,10,0
2025-01-15 06:53:20.000+05:30,59.32,499.71,25.08,9.5,5.46,-3,27.6,2.34,10,0
2025-01-15 06:53:21.000+05:30,13.39,742.08,20.34,5.32,1.18,11,27.7,13.66,10,0
2025-01-15 06:53:22.000+05:30,17.07,637.06,31.19,6.82,1.83,-3,27.6,8.45,10,0
2025-01-15 06:53:23.000+05:30,56.78,410.32,27.42,6.02,0.92,30,27.5,10.43,10,0
2025-01-15 06:53:24.000+05:30,28.14,715.86,28.65,10.39,3.58,-22,27.9,12.85,10,0
2025-01-15 06:53:25.000+05:30,51.35,528.01,22.73,10.23,5.9,-17,27.6,13.33,10,0
2025-01-15 06:53:26.000+05:30,21.44,756.26,31.04,7.78,0.72,24,27.9,7.03,10,0
2025-01-15 06:53:27.000+05:30,48.43,676.14,20.69,6.32,5.15,-7,27.5,5.61,10,0
2025-01-15 06:53:28.000+05:30,49.81,613.91,29.43,5.14,1.9,-7,27.8,1.86,10,0
2025-01-15 06:53:29.000+05:30,34.82,558.6,27.28,3.58,4.59,-29,27.8,4.1,10,0
2025-01-15 06:53:30.000+05:30,46.61,384.21,21.02,10.66,1.66,-3,27.9,4.19,10,0
2025-01-15 06:53:31.000+05:30,30.47,845.82,21.01,3.34,4.22,7,27.7,2.19,10,0
2025-01-15 06:53:32.000+05:30,14.48,671.21,23.85,6.67,4.39,13,27.9,1.61,10,0
2025-01-15 06:53:33.000+05:30,45.11,509.49,29.39,6.06,0.87,24,27.6,6.33,10,0
2025-01-15 06:53:34.000+05:30,14.03,533.51,28.22,3.75,0.81,-16,27.8,7.05,10,0
2025-01-15 06:53:35.000+05:30,16.8,322.69,26.6,6.57,5.63,-2,27.6,11.02,10,0
2025-01-15 06:53:36.000+05:30,36.01,757.93,21.37,3.24,1.28,-2,27.7,7.19,10,0
2025-01-15 06:53:37.000+05:30,34.85,446.89,30.21,9.66,5.29,25,27.6,1.13,10,0
2025-01-15 06:53:38.000+05:30,23.02,463.39,20.12,11.89,0.53,-6,27.8,10.87,10,0
2025-01-15 06:53:39.000+05:30,39.81,618.7,26.66,3.31,1.71,10,27.6,13.16,10,0
2025-01-15 06:53:40.000+05:30,10.48,640.45,26.04,7.07,2.76,19,27.5,3.33,10,0
2025-01-15 06:53:41.000+05:30,7.54,759.76,29.46,5.46,4.4,-8,27.6,6.43,10,0
2025-01-15 06:53:42.000+05:30,11.33,715.03,21.75,10.1,3.59,-26,27.9,1.35,10,0
2025-01-15 06:53:43.000+05:30,59.3,685.62,25.36,3.65,5.47,-15,27.6,4.39,10,0
2025-01-15 06:53:44.000+05:30,30.64,324.35,23.73,4.34,1.06,5,27.6,7.5,10,0
2025-01-15 06:53:45.000+05:30,57.15,371.24,29.25,9.66,4.41,18,27.8,1.08,10,0
2025-01-15 06:53:46.000+05:30,39.95,723.15,27.65,5,5.29,6,27.8,3.33,10,0
2025-01-15 06:53:47.000+05:30,49.85,675.05,28.42,11.91,4.71,-1,27.8,8.4,10,0
2025-01-15 06:53:48.000+05:30,44.33,456,25.83,7.34,0.76,-22,27.5,0.32,10,0
2025-01-15 06:53:49.000+05:30,51.02,323.82,20.6,7.27,0.55,-15,27.6,1.6,10,0
2025-01-15 06:53:50.000+05:30,30.01,768.34,29.53,9.04,5.28,-19,27.6,4.49,10,0
2025-01-15 06:53:51.000+05:30,7.4,497.64,29.18,10.94,3.83,-14,27.8,1.13,10,0
2025-01-15 06:53:52.000+05:30,26.15,426.11,24.36,8.45,1.31,-9,27.7,5.54,10,0
2025-01-15 06:53:53.000+05:30,14.24,379.08,25.13,3.7,3,21,27.5,10.28,10,0
2025-01-15 06:53:54.000+05:30,54.58,580.66,24.98,4.27,2.93,-5,27.5,8.19,10,0
2025-01-15 06:53:55.000+05:30,53.76,749.54,24.58,9.99,3.6,-7,27.6,13.16,10,0
2025-01-15 06:53:56.000+05:30,20.07,323.01,26.53,10.67,3.22,-28,27.6,4.01,10,0
2025-01-15 06:53:57.000+05:30,15.81,699.93,31.13,9.85,2.15,-26,27.6,5.33,10,0
2025-01-15 06:53:58.000+05:30,56.61,826.88,22.11,6.82,4.65,30,27.8,0.01,10,0
2025-01-15 06:53:59.000+05:30,11.51,552.53,29.35,9.16,1.49,-7,27.6,9.39,10,0
2025-01-15 06:54:00.000+05:30,39.22,332.12,24.76,7.79,2.9,-4,27.6,12.42,10,0
2025-01-15 06:54:01.000+05:30,8.71,420.16,23.76,7.85,3.72,27,27.7,8.3,10,0
2025-01-15 06:54:02.000+05:30,8.38,501.54,26.7,11.65,0.52,-16,27.7,3.9,10,0
2025-01-15 06:54:03.000+05:30,45.01,670.05,24.82,5.04,5.3,6,27.9,10.72,10,0
2025-01-15 06:54:04.000+05:30,54.05,352.78,31.46,11.89,3.88,-20,27.7,9.26,10,0
2025-01-15 06:54:05.000+05:30,10.63,471.09,22.68,3.58,5.67,17,27.9,0.7,10,0
2025-01-15 06:54:06.000+05:30,16.14,320.28,26.52,4.53,3.43,-23,27.7,3.93,10,0
2025-01-15 06:54:07.000+05:30,8.29,603.34,25.36,8.25,6.14,-27,27.8,5.61,10,0
2025-01-15 06:54:08.000+05:30,37.27,693.37,26.31,9.56,5.27,-14,27.8,7.29,10,0
2025-01-15 06:54:09.000+05:30,37.06,442.31,27.37,8.62,0.82,25,27.6,2.26,10,0
2025-01-15 06:54:10.000+05:30,37.89,330.64,26.56,6.68,2.41,3,27.8,5.85,10,0
2025-01-15 06:54:11.000+05:30,41.83,602.1,21.22,11.46,6.02,1,27.6,6.06,10,0
2025-01-15 06:54:12.000+05:30,57.45,806.66,30.38,5.82,5.41,-4,27.6,1.33,10,0
2025-01-15 06:54:13.000+05:30,12.93,641.68,31.77,6.3,2.51,17,27.8,11.45,10,0
2025-01-15 06:54:14.000+05:30,33.11,527.87,23.66,6.69,3.28,-26,27.5,7.85,10,0
2025-01-15 06:54:15.000+05:30,59.87,395.21,30.24,9.39,4.2,-27,27.7,12.42,10,0
2025-01-15 06:54:16.000+05:30,68.62,366.68,20.57,9.87,4.17,-26,27.7,0.18,10,0
2025-01-15 06:54:17.000+05:30,38.11,380.66,28.2,4.55,2.72,14,27.6,11.23,10,0
2025-01-15 06:54:18.000+05:30,65.02,773.49,22.9,7.23,5.41,7,27.5,4.61,10,0
2025-01-15 06:54:19.000+05:30,60.42,458.7,27.22,3.51,3.21,-8,27.8,2.29,10,0
2025-01-15 06:54:20.000+05:30,30.41,756.98,26.04,6.08,2.9,25,27.6,13.55,10,0
2025-01-15 06:54:21.000+05:30,44.66,635.04,29.1,4.11,3.25,16,27.6,3.9,10,0
2025-01-15 06:54:22.000+05:30,46.82,353.12,23.87,11.65,2.45,-13,27.5,6.13,10,0
2025-01-15 06:54:23.000+05:30,44.81,733.45,23.87,10.93,0.88,27,27.9,10.35,10,0
2025-01-15 06:54:24.000+05:30,23.01,575.86,25.05,4.62,5.83,-19,27.8,11.46,10,0
2025-01-15 06:54:25.000+05:30,32.57,283.89,28.35,6.56,3.76,-14,27.5,3.66,10,0
2025-01-15 06:54:26.000+05:30,20.1,754.44,23.02,5.1,2.29,-27,27.7,3.05,10,0
2025-01-15 06:54:27.000+05:30,7.55,753.96,25.64,6.6,4.27,9,27.5,4.73,10,0
2025-01-15 06:54:28.000+05:30,43.99,705.29,23.67,10.94,3.8,10,27.6,6.51,10,0
2025-01-15 06:54:29.000+05:30,52.95,619.94,28.99,8.45,1.5,0,27.8,1.51,10,0
2025-01-15 06:54:30.000+05:30,63.2,470.32,31.35,11.33,2.89,-26,27.9,7.12,10,0
2025-01-15 06:54:31.000+05:30,20.59,657.89,22.31,6.86,0.66,-23,27.7,9.69,10,0
2025-01-15 06:54:32.000+05:30,21.26,447.99,20.13,11.28,2.24,11,27.6,9.11,10,0
2025-01-15 06:54:33.000+05:30,60.61,433.04,28.26,7.73,5.01,21,27.8,10.11,10,0
2025-01-15 06:54:34.000+05:30,32.94,843.91,22.22,5.11,2.28,-24,27.9,12.63,10,0
2025-01-15 06:54:35.000+05:30,13.29,766.18,23.48,4.51,4.84,24,27.6,7.74,10,0
2025-01-15 06:54:36.000+05:30,49.17,687.62,21.89,5.52,5.11,-30,27.8,10.56,10,0
2025-01-15 06:54:37.000+05:30,26.38,523.27,28.42,11.44,1.17,-3,27.8,10.3,10,0
2025-01-15 06:54:38.000+05:30,68.73,526.58,23.29,8.51,3.78,1,27.6,1.44,10,0
2025-01-15 06:54:39.000+05:30,46.12,656.83,20.78,4.73,0.72,10,27.6,4.35,10,0
2025-01-15 06:54:40.000+05:30,59.84,893.68,28.21,8.61,3.4,-6,27.8,11.55,10,0
2025-01-15 06:54:41.000+05:30,49.05,785.96,20.85,8.79,2.31,-13,27.6,4.47,10,0
2025-01-15 06:54:42.000+05:30,43.41,893.65,20.42,11.61,1.88,-6,27.7,5.35,10,0
2025-01-15 06:54:43.000+05:30,48.83,899.35,27.2,9.98,3.75,4,27.7,3.27,10,0
2025-01-15 06:54:44.000+05:30,42.83,319.43,20.79,10.4,4.96,13,27.5,2.69,10,0
2025-01-15 06:54:45.000+05:30,46.13,407.52,29.53,4.14,4.23,-12,27.5,12.02,10,0
2025-01-15 06:54:46.000+05:30,33.75,373.71,28.94,5.43,1.59,13,27.7,11.28,10,0
2025-01-15 06:54:47.000+05:30,45.08,869.45,23.09,7.25,1.08,3,27.7,13.4,10,0
2025-01-15 06:54:48.000+05:30,63.86,422.82,20.45,6.91,5.11,-19,27.6,11.37,10,0
2025-01-15 06:54:49.000+05:30,52.83,373.02,31.33,11.5,3.66,-2,27.6,4.81,10,0
2025-01-15 06:54:50.000+05:30,28.42,793.03,26.93,6.13,6.05,10,27.9,11.94,10,0
2025-01-15 06:54:51.000+05:30,39.95,657.74,24.48,5.45,6.12,10,27.8,6.71,10,0
2025-01-15 06:54:52.000+05:30,22.67,533.23,30.85,10.86,2.91,-10,27.7,4.57,10,0
2025-01-15 06:54:53.000+05:30,59.89,561.01,23.94,5.33,1.21,-18,27.5,7.69,10,0
2025-01-15 06:54:54.000+05:30,55.01,770.83,24.08,4.23,3.4,29,27.6,6.37,10,0
2025-01-15 06:54:55.000+05:30,24.94,727.02,27.74,9,3.44,-2,27.7,6.07,10,0
2025-01-15 06:54:56.000+05:30,45.51,425.26,20.2,9.31,3.11,11,27.5,11.95,10,0
2025-01-15 06:54:57.000+05:30,61.39,807.27,27.01,3.77,1.99,-25,27.5,6.16,10,0
2025-01-15 06:54:58.000+05:30,67.69,397.53,26.28,10.17,5.92,-2,27.5,13.05,10,0
2025-01-15 06:54:59.000+05:30,31.71,790.73,25.03,9.55,0.5,4,27.8,4.74,10,0
2025-01-15 06:55:00.000+05:30,33.61,272.8,21.15,7.42,2.17,16,27.8,7.88,10,0
2025-01-15 06:55:01.000+05:30,19.88,704.35,31.64,6.31,5.56,6,27.7,13.77,10,0
2025-01-15 06:55:02.000+05:30,8.17,884.9,31.12,5.92,5.68,20,27.7,9.04,10,0
2025-01-15 06:55:03.000+05:30,60.98,629.03,31.38,7.36,2.27,15,27.8,1.9,10,0
2025-01-15 06:55:04.000+05:30,23.65,373.89,26.73,3.65,5.24,-20,27.9,7.52,10,0
2025-01-15 06:55:05.000+05:30,57.5,339.6,31.51,10.6,2.38,13,27.8,13.72,10,0
2025-01-15 06:55:06.000+05:30,40.95,817.63,31.99,6.85,1.48,23,27.6,5.27,10,0
2025-01-15 06:55:07.000+05:30,69.54,305.66,24.94,9.8,3.45,-15,27.8,4.03,10,0
2025-01-15 06:55:08.000+05:30,32.65,617.94,20.62,6.47,2.34,-29,27.8,4.91,10,0
2025-01-15 06:55:09.000+05:30,12.33,752.66,30.2,4.27,3.63,-9,27.5,5.28,10,0
2025-01-15 06:55:10.000+05:30,57.81,675.05,20.02,5.65,5.75,-21,27.9,12.04,10,0
2025-01-15 06:55:11.000+05:30,63.93,573.42,24.2,6.38,3.21,-6,27.6,12.48,10,0
2025-01-15 06:55:12.000+05:30,16.24,865.03,28.97,4.94,2.23,10,27.7,3.94,10,0
2025-01-15 06:55:13.000+05:30,32.39,759.77,24.53,9.65,1.89,-26,27.8,1.47,10,0
2025-01-15 06:55:14.000+05:30,16.48,402.3,25.28,6.8,3.22,27,27.5,11.79,10,0
2025-01-15 06:55:15.000+05:30,62.62,796.45,30.63,5.71,5.44,26,27.7,6.45,10,0
2025-01-15 06:55:16.000+05:30,49.54,829.72,24.66,11.49,3.03,-28,27.7,4.38,10,0
2025-01-15 06:55:17.000+05:30,63.81,614.73,30.64,7.4,3.33,19,27.8,10.97,10,0
2025-01-15 06:55:18.000+05:30,45.64,697.85,27.8,11.47,5.28,-22,27.7,9.98,10,0
2025-01-15 06:55:19.000+05:30,60.45,545.52,25.52,5.28,5.21,18,27.8,0.38,10,0
2025-01-15 06:55:20.000+05:30,37,558.07,26.69,5.53,2.01,25,27.7,2.1,10,0
2025-01-15 06:55:21.000+05:30,36.44,311.53,27.16,6.16,2.2,18,27.7,1.06,10,0
2025-01-15 06:55:22.000+05:30,20.08,757.25,20.71,8.3,5,-28,27.7,9.01,10,0
2025-01-15 06:55:23.000+05:30,24.5,281.44,24.91,6.59,4.64,17,27.6,2.1,10,0
2025-01-15 06:55:24.000+05:30,23.59,416.27,31.8,10.2,4.23,-15,27.6,5.92,10,0
2025-01-15 06:55:25.000+05:30,18.36,388.18,28.12,11.47,2.95,13,27.9,0.45,10,0
2025-01-15 06:55:26.000+05:30,49.28,268.63,31.5,5.34,0.66,17,27.5,13.99,10,0
2025-01-15 06:55:27.000+05:30,10.78,417.13,23.69,11.91,4.29,-26,27.5,11.54,10,0
2025-01-15 06:55:28.000+05:30,50.43,642.63,26.81,9.62,5.25,-25,27.7,13.91,10,0
2025-01-15 06:55:29.000+05:30,50.02,463.7,22.58,11.65,4.99,-3,27.5,3.87,10,0
2025-01-15 06:55:30.000+05:30,53,561.05,25.1,3.84,4.16,2,27.7,9.07,10,0
2025-01-15 06:55:31.000+05:30,7,721.15,28.8,6.7,4.33,23,27.7,12.02,10,0
2025-01-15 06:55:32.000+05:30,62.78,713.23,20.19,6.36,1.26,8,27.7,5.66,10,0
2025-01-15 06:55:33.000+05:30,8.06,670.82,20.81,9.46,4.5,-30,27.8,9.68,10,0
2025-01-15 06:55:34.000+05:30,43.18,379,25.07,5.57,0.6,0,27.8,3.9,10,0
2025-01-15 06:55:35.000+05:30,46.26,530.29,30.98,3.6,0.81,26,27.5,0.94,10,0
2025-01-15 06:55:36.000+05:30,31.48,280.63,25.81,7.06,1.89,23,27.5,7.72,10,0
2025-01-15 06:55:37.000+05:30,35.59,734.02,24.08,5.35,2.21,-22,27.5,4.23,10,0
2025-01-15 06:55:38.000+05:30,27.62,427.97,21.24,11.37,4.75,28,27.8,9.41,10,0
2025-01-15 06:55:39.000+05:30,56.33,567.74,22.71,6.22,0.97,13,27.8,12.82,10,0
2025-01-15 06:55:40.000+05:30,61.14,524.72,31.11,10.78,3.23,-25,27.9,1.34,10,0
2025-01-15 06:55:41.000+05:30,64.88,308.87,28.09,3.08,2.53,-13,27.9,5.23,10,0
2025-01-15 06:55:42.000+05:30,68.14,754.37,26.41,3.71,1.7,3,27.8,8.71,10,0
2025-01-15 06:55:43.000+05:30,29.97,367.38,21.43,7.95,2.37,21,27.7,12.28,10,0
2025-01-15 06:55:44.000+05:30,57.96,594.41,28.47,9.1,6.05,5,27.9,12.83,10,0
2025-01-15 06:55:45.000+05:30,27.81,776.9,30.07,11.76,1.13,18,27.7,6.45,10,0
2025-01-15 06:55:46.000+05:30,20.55,391.54,30.25,8.29,2.27,6,27.5,10.67,10,0
2025-01-15 06:55:47.000+05:30,63.17,749.87,28.79,11.93,5.97,-14,27.8,0.91,10,0
2025-01-15 06:55:48.000+05:30,18.91,341.37,27.28,10.35,2.28,14,27.7,2.2,10,0
2025-01-15 06:55:49.000+05:30,30.31,556.52,30.09,11.8,5.33,17,27.9,11.77,10,0
2025-01-15 06:55:50.000+05:30,17.92,589.61,21.86,11.14,2.18,-12,27.8,13.86,10,0
2025-01-15 06:55:51.000+05:30,12.55,419.65,23.99,8.77,2.57,30,27.5,11.89,10,0
2025-01-15 06:55:52.000+05:30,21.08,381.48,29.7,5.67,3.06,12,27.8,7.46,10,0
2025-01-15 06:55:53.000+05:30,63.3,654.65,30.66,6.67,4,19,27.6,4.24,10,0
2025-01-15 06:55:54.000+05:30,35.77,734.51,28.5,5.14,5.06,26,27.6,4.56,10,0
2025-01-15 06:55:55.000+05:30,56.33,734.87,22.21,8.32,1.31,24,27.9,13.14,10,0
2025-01-15 06:55:56.000+05:30,23.81,357.73,25,9.16,5.83,21,27.5,12.84,10,0
2025-01-15 06:55:57.000+05:30,33.42,326.97,28.34,6.44,4.15,-25,27.5,9.66,10,0
2025-01-15 06:55:58.000+05:30,63.4,828.44,30.2,9.54,4.13,-14,27.6,2.24,10,0
2025-01-15 06:55:59.000+05:30,53.62,518.88,21.7,10.42,5.77,-25,27.8,2.13,10,0
2025-01-15 06:56:00.000+05:30,38.45,853.84,24.83,8.85,2.67,19,27.7,8.66,10,0
2025-01-15 06:56:01.000+05:30,16.2,598.61,27.58,7.47,5.06,17,27.5,9.92,10,0
2025-01-15 06:56:02.000+05:30,28.75,407.45,27.94,8.71,5.76,-8,27.7,13.26,10,0
2025-01-15 06:56:03.000+05:30,54.88,612.81,25.47,9.33,1.4,11,27.8,0.43,10,0
2025-01-15 06:56:04.000+05:30,64.51,431.09,24.08,7.44,1.23,5,27.7,11.27,10,0
2025-01-15 06:56:05.000+05:30,14.69,650.44,21.06,6.01,5.64,-9,27.8,11.36,10,0
2025-01-15 06:56:06.000+05:30,39.24,852.32,27.71,9.36,1.34,3,27.7,8.84,10,0
2025-01-15 06:56:07.000+05:30,57.78,288.11,26.63,4.56,5.83,-30,27.7,2.55,10,0
2025-01-15 06:56:08.000+05:30,29.59,452.28,25.73,7.06,5.09,8,27.9,9.7,10,0
2025-01-15 06:56:09.000+05:30,9.62,630.93,23.09,3.75,3.37,2,27.6,10.2,10,0
2025-01-15 06:56:10.000+05:30,31.7,700.2,22.45,3.84,2.72,-8,27.7,8.78,10,0
2025-01-15 06:56:11.000+05:30,15.48,589.49,25.91,7.58,3.41,-6,27.6,10.19,10,0
2025-01-15 06:56:12.000+05:30,50.93,843.25,27.36,10.47,0.92,-27,27.7,5.45,10,0
2025-01-15 06:56:13.000+05:30,15.06,853.59,30.12,3.21,1,16,27.8,1.37,10,0
2025-01-15 06:56:14.000+05:30,42.03,265.84,23.35,10.48,2.08,27,27.9,10.55,10,0
2025-01-15 06:56:15.000+05:30,54.48,653.86,22.57,3.15,2.38,16,27.6,10.64,10,0
2025-01-15 06:56:16.000+05:30,69.67,635.59,31.88,5.9,1.9,15,27.7,2.36,10,0
2025-01-15 06:56:17.000+05:30,26.41,637.04,29.04,5.34,5.11,-7,27.6,10.24,10,0
2025-01-15 06:56:18.000+05:30,34.75,618.91,27.06,10.94,5.96,-17,27.8,5.72,10,0
2025-01-15 06:56:19.000+05:30,58.66,472.08,22.65,8.92,2.74,5,27.6,0.11,10,0
2025-01-15 06:56:20.000+05:30,39.16,590.92,29.78,7.76,4.89,-9,27.7,11.69,10,0
2025-01-15 06:56:21.000+05:30,48.63,639.52,22,9.97,5.85,-19,27.8,7.49,10,0
2025-01-15 06:56:22.000+05:30,17.01,839.99,28.6,11.11,4.83,-17,27.6,1.55,10,0
2025-01-15 06:56:23.000+05:30,30.53,286.71,30.78,7.63,2.93,13,27.9,10.18,10,0
2025-01-15 06:56:24.000+05:30,33.61,840.25,27.67,7.52,3.98,-10,27.8,5.59,10,0
2025-01-15 06:56:25.000+05:30,20.79,883.08,28.81,8.17,5.24,-21,27.5,6.65,10,0
2025-01-15 06:56:26.000+05:30,29.52,388.43,31.25,5.9,2.46,-9,27.7,11.02,10,0
2025-01-15 06:56:27.000+05:30,16.99,581.89,27.47,5.47,4.54,-25,27.9,13.52,10,0
2025-01-15 06:56:28.000+05:30,11.06,667.11,31.65,6.47,5.56,-3,27.7,13,10,0
2025-01-15 06:56:29.000+05:30,54.92,796.98,27.82,10.11,4.03,-9,27.6,5.94,10,0
2025-01-15 06:56:30.000+05:30,45.63,487.58,23.82,9.91,4.94,26,27.5,6.1,10,0
2025-01-15 06:56:31.000+05:30,32.41,598.81,25.12,11.42,0.55,6,27.9,11.33,10,0
2025-01-15 06:56:32.000+05:30,29.11,582.76,22.2,10.52,2.76,-28,27.5,2.68,10,0
2025-01-15 06:56:33.000+05:30,53.39,628.39,27.83,4.4,5.76,3,27.6,2.02,10,0
2025-01-15 06:56:34.000+05:30,41.11,736.87,23.66,8.97,1.45,5,27.5,5.34,10,0
2025-01-15 06:56:35.000+05:30,46.59,750.43,25.23,9.25,5.94,25,27.7,11.26,10,0
2025-01-15 06:56:36.000+05:30,9.12,265.19,22.45,11.19,3.66,24,27.6,1.01,10,0
2025-01-15 06:56:37.000+05:30,20.81,738.56,24.5,10.93,2.78,1,27.5,13.81,10,0
2025-01-15 06:56:38.000+05:30,28.79,427.18,25,3.14,1.9,-5,27.5,2.16,10,0
2025-01-15 06:56:39.000+05:30,63.1,570.12,23.21,9.73,6.15,-22,27.7,8.86,10,0
2025-01-15 06:56:40.000+05:30,10.03,472.97,22.47,11.33,5.36,6,27.5,4.18,10,0
2025-01-15 06:56:41.000+05:30,44.76,358.02,26.37,11.83,2.83,29,27.8,10.34,10,0
2025-01-15 06:56:42.000+05:30,57.59,493.24,20.51,11.83,5.51,-10,27.8,13.29,10,0
2025-01-15 06:56:43.000+05:30,60.54,675.37,27.88,8.01,5.41,-1,27.6,9.43,10,0
2025-01-15 06:56:44.000+05:30,27.16,348.81,30.97,6.48,2.88,8,27.6,3.05,10,0
2025-01-15 06:56:45.000+05:30,37.09,587.68,23.46,6.56,3.04,23,27.5,8.53,10,0
2025-01-15 06:56:46.000+05:30,37.27,479.77,28,11.04,4.47,8,27.7,13.13,10,0
2025-01-15 06:56:47.000+05:30,35.73,499.77,20.82,8.15,4.42,20,27.6,4.19,10,0
2025-01-15 06:56:48.000+05:30,56.19,476.99,28.07,6.86,2.07,3,27.8,7.58,10,0
2025-01-15 06:56:49.000+05:30,54.88,591.1,27.73,8.97,3.21,-3,27.6,6.16,10,0
2025-01-15 06:56:50.000+05:30,56.15,632.7,20.44,3.17,2.36,-14,27.8,10.15,10,0
2025-01-15 06:56:51.000+05:30,51.63,668.73,23.67,11.86,2.96,1,27.5,6.59,10,0
2025-01-15 06:56:52.000+05:30,61.17,772.45,22.1,4.27,0.52,19,27.7,8.15,10,0
2025-01-15 06:56:53.000+05:30,63.55,571.6,31.36,9.25,2.2,-17,27.6,1.58,10,0
2025-01-15 06:56:54.000+05:30,36.22,339.99,20.61,3.43,1.2,-14,27.7,4.66,10,0
2025-01-15 06:56:55.000+05:30,61.1,750.56,27.37,5.37,4.28,12,27.6,11.46,10,0
2025-01-15 06:56:56.000+05:30,40.8,345.43,24.23,6.29,5.98,-14,27.5,4.71,10,0
2025-01-15 06:56:57.000+05:30,28.58,674.82,28.77,7.39,1.04,26,27.8,7.48,10,0
2025-01-15 06:56:58.000+05:30,36.46,656.53,23.77,5.14,1.32,-7,27.6,5.13,10,0
2025-01-15 06:56:59.000+05:30,8.11,756.16,29,10.07,5.27,8,27.6,6.8,10,0
2025-01-15 06:57:00.000+05:30,37.73,853.9,21.17,6.68,0.75,28,27.7,11.02,10,0
2025-01-15 06:57:01.000+05:30,64.27,661.96,21.41,4.74,1.46,17,27.8,2.99,10,0
2025-01-15 06:57:02.000+05:30,67.63,453.25,20.02,3.16,1.08,7,27.9,5.61,10,0
2025-01-15 06:57:03.000+05:30,35.01,718.44,23.05,11.81,4.32,21,27.8,6.85,10,0
2025-01-15 06:57:04.000+05:30,50.69,883.48,21.49,6.14,2.32,-28,27.7,4.76,10,0
2025-01-15 06:57:05.000+05:30,20.66,860.85,24.47,9.9,0.71,-18,27.7,6.46,10,0
2025-01-15 06:57:06.000+05:30,31.46,272.35,25.52,8.54,0.68,18,27.5,11.85,10,0
2025-01-15 06:57:07.000+05:30,54.23,861.68,25.52,10.12,2.04,4,27.7,0.47,10,0
2025-01-15 06:57:08.000+05:30,44.64,864.26,23.75,9.12,2.77,-23,27.8,9.85,10,0
2025-01-15 06:57:09.000+05:30,30.01,778.67,22.84,7.95,5.01,-2,27.7,8.2,10,0
2025-01-15 06:57:10.000+05:30,22.75,898.86,29.49,7.38,1.87,20,27.6,12.31,10,0
2025-01-15 06:57:11.000+05:30,40.21,520.81,25.87,7.09,1.26,-13,27.8,7.54,10,0
2025-01-15 06:57:12.000+05:30,67.92,407.51,24.14,3.96,1.6,-13,27.6,0.1,10,0
2025-01-15 06:57:13.000+05:30,45.03,842.9,23.72,7.43,2.27,-3,27.7,8.6,10,0
2025-01-15 06:57:14.000+05:30,49.36,404.01,25.76,9.95,3.74,22,27.9,6.18,10,0
2025-01-15 06:57:15.000+05:30,66.89,431.54,31.56,4.76,4.88,12,27.5,13.63,10,0
2025-01-15 06:57:16.000+05:30,10.25,552.02,28.65,10.24,4.91,-7,27.7,6.12,10,0
2025-01-15 06:57:17.000+05:30,16.66,787.59,26.16,11.77,2.45,12,27.7,13.28,10,0
2025-01-15 06:57:18.000+05:30,63.51,561.36,27.1,5.38,4.94,26,27.7,0.96,10,0
2025-01-15 06:57:19.000+05:30,55.11,509.82,31.27,3.93,5.12,-18,27.8,9.41,10,0
2025-01-15 06:57:20.000+05:30,17.47,428.87,27.89,5.9,1.41,29,27.5,5.29,10,0
2025-01-15 06:57:21.000+05:30,37.82,670.82,26.81,11.81,5.3,25,27.6,11.34,10,0
2025-01-15 06:57:22.000+05:30,68.53,745.62,25.42,5.38,4.09,-7,27.8,5.29,10,0
2025-01-15 06:57:23.000+05:30,18.39,699.32,23.8,5.58,0.94,21,27.8,7.29,10,0
2025-01-15 06:57:24.000+05:30,40.54,804,30.86,6.08,1.72,-18,27.7,12.9,10,0
2025-01-15 06:57:25.000+05:30,8.15,476.4,20.7,7.97,4.19,14,27.7,7.56,10,0
2025-01-15 06:57:26.000+05:30,35.01,868.78,25.15,5.71,1.07,-13,27.8,10.9,10,0
2025-01-15 06:57:27.000+05:30,66.16,426.51,28.05,4.49,5.89,3,27.6,3.65,10,0
2025-01-15 06:57:28.000+05:30,22.3,430.86,20.72,3.88,1.55,-17,27.9,2.37,10,0
2025-01-15 06:57:29.000+05:30,7.72,261.04,25.78,10,5.74,0,27.5,6.56,10,0
2025-01-15 06:57:30.000+05:30,43.1,894.49,27.94,7.35,1.12,19,27.7,7.61,10,0
2025-01-15 06:57:31.000+05:30,16.1,646.37,20.03,6.79,3.25,10,27.7,11.74,10,0
2025-01-15 06:57:32.000+05:30,67.38,579.35,20.5,7.91,5.32,-27,27.8,5.53,10,0
2025-01-15 06:57:33.000+05:30,13.49,509.56,26.89,3.4,5.55,-6,27.8,9.4,10,0
2025-01-15 06:57:34.000+05:30,48.22,769.34,23.08,6.86,2.2,-25,27.7,8.24,10,0
2025-01-15 06:57:35.000+05:30,27.34,839.97,29.03,8.48,0.62,-14,27.8,10.98,10,0
2025-01-15 06:57:36.000+05:30,42.86,877.76,28.63,9.76,4.18,-22,27.6,3.21,10,0
2025-01-15 06:57:37.000+05:30,48.71,333.28,31.54,7.06,0.8,17,27.8,7.73,10,0
2025-01-15 06:57:38.000+05:30,42.2,323.9,24.77,7.9,3.8,-30,27.7,6.5,10,0
2025-01-15 06:57:39.000+05:30,18.03,874.86,31.07,3.6,1.92,16,27.6,12.62,10,0
2025-01-15 06:57:40.000+05:30,62.1,869.66,24.82,3.03,1.49,17,27.9,5.93,10,0
2025-01-15 06:57:41.000+05:30,8.58,713.02,25.47,10.13,3.43,23,27.9,1.98,10,0
2025-01-15 06:57:42.000+05:30,21.61,754.53,24.42,5.08,3.37,13,27.8,4.17,10,0
2025-01-15 06:57:43.000+05:30,47.24,262.73,24.35,5.15,5.08,0,27.6,11.92,10,0
2025-01-15 06:57:44.000+05:30,64.85,501.52,22.61,9.21,2.47,-20,27.8,0.36,10,0
2025-01-15 06:57:45.000+05:30,26.17,840.7,29.18,4.35,3.6,6,27.6,2.65,10,0
2025-01-15 06:57:46.000+05:30,39.33,666.26,28.48,8.1,0.57,21,27.8,3.09,10,0
2025-01-15 06:57:47.000+05:30,44.98,323.98,31.15,3.73,3.27,-28,27.6,0.38,10,0
2025-01-15 06:57:48.000+05:30,38.52,840.83,30.72,5.73,1.24,14,27.7,12.74,10,0
2025-01-15 06:57:49.000+05:30,27.79,876.43,23.04,10.28,4.84,7,27.6,8.84,10,0
2025-01-15 06:57:50.000+05:30,22.06,506.52,23.11,9.8,3.09,-1,27.7,11.66,10,0
2025-01-15 06:57:51.000+05:30,49.04,808.93,20.11,5.52,2.27,11,27.8,13.18,10,0
2025-01-15 06:57:52.000+05:30,65.67,771.38,25.46,8.72,5.3,10,27.8,11.8,10,0
2025-01-15 06:57:53.000+05:30,54.9,288.55,22.71,5.38,5.01,16,27.8,10.48,10,0
2025-01-15 06:57:54.000+05:30,28,743.16,26,11.82,6.17,19,27.5,4.76,10,0
2025-01-15 06:57:55.000+05:30,41.2,834.02,30.31,8.28,4.5,16,27.8,13.77,10,0
2025-01-15 06:57:56.000+05:30,60.15,606.5,31.89,6.48,5.38,-20,27.7,11.83,10,0
2025-01-15 06:57:57.000+05:30,35.67,758.85,27,11.45,5.16,-11,27.8,10.05,10,0
2025-01-15 06:57:58.000+05:30,33.05,335.11,21.29,7.36,6.16,-11,27.9,6.62,10,0
2025-01-15 06:57:59.000+05:30,29.81,691.11,24.21,6.07,1.35,-1,27.6,7.91,10,0
2025-01-15 06:58:00.000+05:30,31.41,629.03,23.55,6.04,5.88,18,27.6,9.52,10,0
2025-01-15 06:58:01.000+05:30,7.66,584.78,31.48,6.42,5.39,-30,27.8,10.38,10,0
2025-01-15 06:58:02.000+05:30,30.87,637.68,27.17,11.3,5.94,-4,27.5,10.05,10,0
2025-01-15 06:58:03.000+05:30,39.72,856.15,29.38,7.29,4.06,26,27.7,12.07,10,0
2025-01-15 06:58:04.000+05:30,35.74,641.53,25.62,9.81,1.67,22,27.7,7.91,10,0
2025-01-15 06:58:05.000+05:30,30.7,578.08,27.07,10.91,5.11,-26,27.8,12.92,10,0
2025-01-15 06:58:06.000+05:30,12.38,865.67,29.11,11.9,1.2,-4,27.6,7.75,10,0
2025-01-15 06:58:07.000+05:30,48.62,280.79,26.48,11.11,5.72,-20,27.6,4.02,10,0
2025-01-15 06:58:08.000+05:30,50.12,756.84,20.62,4.29,4.02,-14,27.6,13.01,10,0
2025-01-15 06:58:09.000+05:30,8.42,516.73,28.5,3.25,5.33,6,27.9,13.27,10,0
2025-01-15 06:58:10.000+05:30,23.29,405,31.01,6.59,2.46,-9,27.7,1.83,10,0
2025-01-15 06:58:11.000+05:30,62.44,466.8,21.69,5.75,1.28,0,27.8,4.81,10,0
2025-01-15 06:58:12.000+05:30,10.06,762.7,30.34,5.38,3.53,-9,27.6,11.59,10,0
2025-01-15 06:58:13.000+05:30,37.17,866.13,22.94,4.05,3.8,21,27.7,10.55,10,0
2025-01-15 06:58:14.000+05:30,7.62,366.7,24.2,5.8,1.32,-10,27.6,11.23,10,0
2025-01-15 06:58:15.000+05:30,34.98,746.48,23.63,4.19,2.4,5,27.8,0.42,10,0
2025-01-15 06:58:16.000+05:30,66.93,612.42,27.65,7.02,2.76,-28,27.6,9.5,10,0
2025-01-15 06:58:17.000+05:30,44.18,343.24,21.47,10.99,5.73,27,27.5,0.48,10,0
2025-01-15 06:58:18.000+05:30,68.04,838.28,26.72,11.68,5.76,19,27.7,13.32,10,0
2025-01-15 06:58:19.000+05:30,15.3,779.11,26.79,9.99,1.41,1,27.6,12.4,10,0
2025-01-15 06:58:20.000+05:30,57.25,308.82,29.62,10.25,3.73,-19,27.7,11.16,10,0
2025-01-15 06:58:21.000+05:30,14.13,846.06,26.93,5.79,1.15,-18,27.8,0.12,10,0
2025-01-15 06:58:22.000+05:30,41.14,584.2,25.65,3.17,0.95,3,27.7,0.58,10,0
2025-01-15 06:58:23.000+05:30,28.32,310.74,31.27,4.32,1.41,18,27.5,9.85,10,0
2025-01-15 06:58:24.000+05:30,52.56,573.02,23.57,11.52,0.88,1,27.7,3.86,10,0
2025-01-15 06:58:25.000+05:30,48.49,705.55,20.67,10.99,2.81,-1,27.6,1.84,10,0
2025-01-15 06:58:26.000+05:30,53.6,759.15,24.27,6.65,4.38,-13,27.6,6.26,10,0
2025-01-15 06:58:27.000+05:30,10.2,815.34,24.78,7.33,5.68,17,27.7,4.78,10,0
2025-01-15 06:58:28.000+05:30,66.15,380.73,20.16,11.71,3.39,27,27.6,6.91,10,0
2025-01-15 06:58:29.000+05:30,41.99,514.65,28.49,3.09,0.78,-14,27.6,1.23,10,0
2025-01-15 06:58:30.000+05:30,68.6,358.26,21.61,7.37,2.03,-9,27.7,9.29,10,0
2025-01-15 06:58:31.000+05:30,13.28,665.93,20.08,6.28,4.62,1,27.7,7.92,10,0
2025-01-15 06:58:32.000+05:30,60.36,569.37,21.59,8.56,2.5,-28,27.5,8,10,0
2025-01-15 06:58:33.000+05:30,42.43,611.81,28.65,4.14,1.79,6,27.7,2.09,10,0
2025-01-15 06:58:34.000+05:30,7.24,431.94,27.77,4.78,3.22,-20,27.7,4.77,10,0
2025-01-15 06:58:35.000+05:30,13.5,602.74,31.25,11.18,5.71,-26,27.7,11.35,10,0
2025-01-15 06:58:36.000+05:30,20.29,646.79,25.32,5.54,1.44,20,27.7,0.27,10,0
2025-01-15 06:58:37.000+05:30,59.32,554.07,28.35,4,5.01,-19,27.6,4.34,10,0
2025-01-15 06:58:38.000+05:30,58.07,789.1,26.99,4.43,1.24,3,27.9,8.42,10,0
2025-01-15 06:58:39.000+05:30,21.98,304.86,23.6,8.18,6.07,0,27.8,11.08,10,0
2025-01-15 06:58:40.000+05:30,21.84,851.36,25.21,10.1,3.24,-14,27.6,12.35,10,0
2025-01-15 06:58:41.000+05:30,47.03,386.43,30.6,10.74,4.05,1,27.6,6.47,10,0
2025-01-15 06:58:42.000+05:30,68.39,500.89,25.72,6.04,2.81,-11,27.6,9.95,10,0
2025-01-15 06:58:43.000+05:30,39.67,692.86,20.52,4.41,5.72,21,27.6,0.66,10,0
2025-01-15 06:58:44.000+05:30,65.47,674.26,27.69,4.13,3.18,-27,27.8,12.1,10,0
2025-01-15 06:58:45.000+05:30,52.42,623.28,20.11,3.59,4.48,0,27.7,6.76,10,0
2025-01-15 06:58:46.000+05:30,25.14,367.39,24.58,10.01,4.46,-7,27.6,1.94,10,0
2025-01-15 06:58:47.000+05:30,16.69,281.15,24.95,8.4,0.8,15,27.9,10.65,10,0
2025-01-15 06:58:48.000+05:30,65.15,662.9,20.7,3.9,2.39,-24,27.9,6.53,10,0
2025-01-15 06:58:49.000+05:30,14.16,554.47,29.84,6.56,5.7,25,27.6,3.62,10,0
2025-01-15 06:58:50.000+05:30,43.01,764.29,30.55,8.71,3.47,9,27.8,1.76,10,0
2025-01-15 06:58:51.000+05:30,20.7,471.17,26.33,9.63,3.06,-20,27.7,4.29,10,0
2025-01-15 06:58:52.000+05:30,47.15,793.8,31.55,8.83,2.34,-4,27.9,5.84,10,0
2025-01-15 06:58:53.000+05:30,37.32,565.07,31.21,11.85,1.92,20,27.6,8.33,10,0
2025-01-15 06:58:54.000+05:30,34.17,844.18,28.9,7.18,4.94,-30,27.5,5.64,10,0
2025-01-15 06:58:55.000+05:30,19.78,647.27,20.19,3.34,6.04,-11,27.8,0.78,10,0
2025-01-15 06:58:56.000+05:30,32.61,813.39,27.74,5.71,3.07,23,27.8,6.84,10,0
2025-01-15 06:58:57.000+05:30,27.47,426.28,31.26,9.43,2.12,-23,27.7,8.98,10,0
2025-01-15 06:58:58.000+05:30,38.04,351.91,28.46,3.55,2.97,21,27.8,13.31,10,0
2025-01-15 06:58:59.000+05:30,66.6,403.77,22.36,11.6,4.4,-29,27.6,5.6,10,0
2025-01-15 06:59:00.000+05:30,60.78,733.18,28.06,10.79,5.01,-19,27.7,9.64,10,0
2025-01-15 06:59:01.000+05:30,42.15,402.36,25.48,5.23,5.05,27,27.6,7.15,10,0
2025-01-15 06:59:02.000+05:30,8.24,568.1,23.33,5.24,5.62,-27,27.6,9.51,10,0
2025-01-15 06:59:03.000+05:30,21.49,458.54,30.14,4.37,4.82,-29,27.8,13.07,10,0
2025-01-15 06:59:04.000+05:30,40.94,382.16,29.83,4.42,1.88,-10,27.9,4.86,10,0
2025-01-15 06:59:05.000+05:30,32.18,340.33,29.86,5.94,5.17,-25,27.6,6.82,10,0
2025-01-15 06:59:06.000+05:30,29.46,601.97,25.98,10.24,5.95,14,27.5,3.73,10,0
2025-01-15 06:59:07.000+05:30,16.57,833.03,29.81,9.08,5.89,-26,27.5,5.51,10,0
2025-01-15 06:59:08.000+05:30,46.1,497.65,24.47,3.79,2.33,22,27.5,7.15,10,0
2025-01-15 06:59:09.000+05:30,37.64,590.8,27.04,10.6,5.19,26,27.6,10.26,10,0
2025-01-15 06:59:10.000+05:30,8.34,717.92,22.68,9.2,3.98,18,27.9,3.55,10,0
2025-01-15 06:59:11.000+05:30,45.84,819.67,21.32,9.23,5.39,1,27.9,4.4,10,0
2025-01-15 06:59:12.000+05:30,63.33,511.09,29.57,4.56,3.44,-13,27.7,9.09,10,0
2025-01-15 06:59:13.000+05:30,8.1,761.65,21.44,6.69,5.32,12,27.8,1.04,10,0
2025-01-15 06:59:14.000+05:30,48.4,830.74,28.59,5.14,1.25,-30,27.7,12.24,10,0
2025-01-15 06:59:15.000+05:30,66.19,460.1,23.47,3.49,3.96,2,27.8,9.23,10,0
2025-01-15 06:59:16.000+05:30,49.06,528.82,25.34,10.9,2.24,14,27.9,9.6,10,0
2025-01-15 06:59:17.000+05:30,8.51,857.29,20.5,9.89,0.72,28,27.6,0.62,10,0
2025-01-15 06:59:18.000+05:30,54.52,728.95,30.19,9.59,3.92,2,27.7,6.8,10,0
2025-01-15 06:59:19.000+05:30,42.11,604.29,22.49,5.53,6.05,-23,27.7,5.47,10,0
2025-01-15 06:59:20.000+05:30,22.31,594.72,24.89,7.57,4.53,-25,27.7,10.27,10,0
2025-01-15 06:59:21.000+05:30,50.16,856.86,31.17,3.41,2.5,7,27.7,0.49,10,0
2025-01-15 06:59:22.000+05:30,69.58,745.6,26.44,4.44,3.23,-30,27.7,7.34,10,0
2025-01-15 06:59:23.000+05:30,16.83,572.5,29.89,9.52,6.11,12,27.9,1.57,10,0
2025-01-15 06:59:24.000+05:30,25.29,358.78,22.32,4.9,2.89,3,27.6,0.25,10,0
2025-01-15 06:59:25.000+05:30,52.64,759.88,31.51,5,4.88,30,27.9,8.45,10,0
2025-01-15 06:59:26.000+05:30,54.89,633.75,31.86,6.34,4.16,-12,27.7,4.85,10,0
2025-01-15 06:59:27.000+05:30,19.88,555.33,20.95,6.49,2,-3,27.7,0.49,10,0
2025-01-15 06:59:28.000+05:30,39.45,527.43,24.47,10.82,2.42,-24,27.5,6.88,10,0
2025-01-15 06:59:29.000+05:30,26.17,535.91,24.21,8.47,2.58,-11,27.6,5.63,10,0
2025-01-15 06:59:30.000+05:30,54.28,582.42,30.99,8.9,1.69,-29,27.8,13.05,10,0
2025-01-15 06:59:31.000+05:30,15.49,598.72,31.54,6.86,4.82,19,27.7,2.99,10,0
2025-01-15 06:59:32.000+05:30,37.04,768.55,20.22,4.8,2.66,0,27.5,9.63,10,0
2025-01-15 06:59:33.000+05:30,56.31,797.38,21.29,5.55,3.24,24,27.5,2.15,10,0
2025-01-15 06:59:34.000+05:30,23.55,296.85,31.45,11.6,2.15,12,27.5,4.5,10,0
2025-01-15 06:59:35.000+05:30,28.55,637.51,20.38,11.94,4.6,7,27.9,9.32,10,0
2025-01-15 06:59:36.000+05:30,60.1,623.54,25.95,8.68,1.85,-22,27.6,7.14,10,0
2025-01-15 06:59:37.000+05:30,13.14,397.32,22.43,10.14,2.11,19,27.8,7.37,10,0
2025-01-15 06:59:38.000+05:30,8.73,631.37,23.49,5.82,4.01,-16,27.9,8.66,10,0
2025-01-15 06:59:39.000+05:30,37.98,883.14,23.34,6.94,3.74,-4,27.6,13.46,10,0
2025-01-15 06:59:40.000+05:30,24.1,742.94,21.83,8.57,4.45,3,27.7,5.03,10,0
2025-01-15 06:59:41.000+05:30,30.79,352.97,21.86,10,4.1,-20,27.6,0.78,10,0
2025-01-15 06:59:42.000+05:30,9.35,403.65,31.45,3.35,2.68,24,27.8,6.55,10,0
2025-01-15 06:59:43.000+05:30,67.07,378.05,20.95,6.32,3.71,-14,27.5,0.61,10,0
2025-01-15 06:59:44.000+05:30,39.54,662.58,29.27,7.56,5.68,-4,27.7,4.72,10,0
2025-01-15 06:59:45.000+05:30,9.74,607.05,21.38,4.62,3.8,5,27.6,6.83,10,0
2025-01-15 06:59:46.000+05:30,24.35,666.33,20.4,8.01,5.06,-10,27.6,5.83,10,0
2025-01-15 06:59:47.000+05:30,31.63,466.69,26.62,10.31,5.39,-21,27.5,4.24,10,0
2025-01-15 06:59:48.000+05:30,17.08,885.33,28.33,4.34,3.56,-18,27.8,11.71,10,0
2025-01-15 06:59:49.000+05:30,22.39,555.35,25.54,5.7,0.74,23,27.8,13.2,10,0
2025-01-15 06:59:50.000+05:30,13.92,601.13,28.35,6.42,2.67,-23,27.9,8.22,10,0
2025-01-15 06:59:51.000+05:30,56.64,646.74,22.98,8.16,0.54,-14,27.7,1.19,10,0
2025-01-15 06:59:52.000+05:30,56.3,319.21,26.02,10.5,1.21,7,27.8,1.43,10,0
2025-01-15 06:59:53.000+05:30,45.79,729.53,30.16,6.41,4.25,26,27.6,8.39,10,0
2025-01-15 06:59:54.000+05:30,37.63,618.53,28.03,4.9,0.86,-14,27.5,0.63,10,0
2025-01-15 06:59:55.000+05:30,12.87,743.6,26.19,4,5.39,10,27.5,11.97,10,0
2025-01-15 06:59:56.000+05:30,7.61,889.29,31.06,9.28,1.82,-23,27.7,4.41,10,0
2025-01-15 06:59:57.000+05:30,44,261.42,23.74,3.35,2.56,17,27.6,0.02,10,0
2025-01-15 06:59:58.000+05:30,10.01,899.57,24.64,3.9,4.27,3,27.6,7.05,10,0
2025-01-15 06:59:59.000+05:30,8.37,326.92,29.71,6.18,5.69,0,27.6,3.8,10,0
2025-01-15 07:00:00.000+05:30,55.17,552.94,27.94,7.25,2.03,16,27.6,0.77,10,0
2025-01-15 07:00:01.000+05:30,21.02,809.02,31.25,5.39,4.02,28,27.9,8.13,10,0
2025-01-15 07:00:02.000+05:30,35.34,646.73,22.76,8.48,4.54,9,27.6,5.5,10,0
2025-01-15 07:00:03.000+05:30,18.71,663.25,31.56,3.64,5.25,-20,27.7,0.24,10,0
2025-01-15 07:00:04.000+05:30,57.97,484.38,31.28,9.33,3.67,29,27.9,4.87,10,0
2025-01-15 07:00:05.000+05:30,22.21,698.68,20.43,3.24,3.54,-9,27.6,5.68,10,0
2025-01-15 07:00:06.000+05:30,56.57,366.08,22.71,3.34,5.81,-13,27.7,0.3,10,0
2025-01-15 07:00:07.000+05:30,66.89,516,27.19,10.89,2.66,7,27.8,8.9,10,0
2025-01-15 07:00:08.000+05:30,44.23,585.61,26.2,7.21,5.62,21,27.5,3.45,10,0
2025-01-15 07:00:09.000+05:30,69.26,849.67,25.47,7.22,4.79,30,27.9,6.22,10,0
2025-01-15 07:00:10.000+05:30,61.28,678.46,23.76,11.17,3.89,22,27.9,11.33,10,0
2025-01-15 07:00:11.000+05:30,9.33,597.8,21.33,10.96,3.02,18,27.7,8.03,10,0
2025-01-15 07:00:12.000+05:30,10.28,283.37,27.39,4.53,1.03,-25,27.9,4.01,10,0
2025-01-15 07:00:13.000+05:30,58.04,473.88,27.1,7.03,1.8,12,27.7,3.27,10,0
2025-01-15 07:00:14.000+05:30,48.81,727.46,31.82,11.33,2.63,6,27.9,2.26,10,0
2025-01-15 07:00:15.000+05:30,37.24,695.01,29.82,9.54,2.55,26,27.9,12.7,10,0
2025-01-15 07:00:16.000+05:30,10.49,655,29.56,8.25,2.69,-8,27.6,5.66,10,0
2025-01-15 07:00:17.000+05:30,31.31,331.47,28.88,7.3,5.24,-1,27.6,3.3,10,0
2025-01-15 07:00:18.000+05:30,42.78,454.2,25.13,11.22,2.06,16,27.6,6.93,10,0
2025-01-15 07:00:19.000+05:30,64.85,767.38,29.74,10.4,5.32,-9,27.9,5.27,10,0
2025-01-15 07:00:20.000+05:30,22.35,657.91,30.39,8.93,2.71,-25,27.6,6.35,10,0
2025-01-15 07:00:21.000+05:30,11.93,852.25,22.9,8.19,5.01,0,27.9,12.52,10,0
2025-01-15 07:00:22.000+05:30,31.6,859.82,25.17,6.29,3.69,25,27.6,1.42,10,0
2025-01-15 07:00:23.000+05:30,27.12,648.82,21.42,9.45,2.71,-5,27.8,4.75,10,0
2025-01-15 07:00:24.000+05:30,44.01,651.91,31.21,6.34,2,-17,27.8,4.23,10,0
2025-01-15 07:00:25.000+05:30,40.71,641.42,20.19,11.45,4.28,-10,27.6,8.8,10,0
2025-01-15 07:00:26.000+05:30,7.31,819.32,27.19,5.14,4.27,23,27.9,6.66,10,0
2025-01-15 07:00:27.000+05:30,52.63,890.76,24.77,9.73,6,-22,27.7,5.07,10,0
2025-01-15 07:00:28.000+05:30,60.69,295.05,20.29,11.32,2.72,-27,27.8,0.75,10,0
2025-01-15 07:00:29.000+05:30,56.38,769.61,21.33,9.94,0.82,-3,27.5,11.45,10,0
2025-01-15 07:00:30.000+05:30,11.44,634.67,22.31,5.32,1.94,9,27.8,10.8,10,0
2025-01-15 07:00:31.000+05:30,12.16,866.44,30.26,3.01,4.33,-22,27.8,7.78,10,0
2025-01-15 07:00:32.000+05:30,19.17,806.36,27.99,6.38,3.77,13,27.8,0.72,10,0
2025-01-15 07:00:33.000+05:30,63.05,713.69,26.73,6.64,1.23,-17,27.5,9.43,10,0
2025-01-15 07:00:34.000+05:30,23.61,427.94,21.5,9.09,5.88,10,27.6,6.53,10,0
2025-01-15 07:00:35.000+05:30,69.49,807.89,31.26,11.72,4.63,-22,27.6,0.98,10,0
2025-01-15 07:00:36.000+05:30,11.52,894.44,26.56,10.91,0.62,-25,27.7,2.99,10,0
2025-01-15 07:00:37.000+05:30,69,786.05,21.46,6.46,4.14,15,27.6,8.78,10,0
2025-01-15 07:00:38.000+05:30,8.83,381.33,23.14,4.05,4.08,-3,27.7,8.51,10,0
2025-01-15 07:00:39.000+05:30,26.96,660.43,27.09,6.72,3.14,23,27.6,3.83,10,0
2025-01-15 07:00:40.000+05:30,21.2,629.54,20.81,8.14,1.8,-9,27.6,2.52,10,0
2025-01-15 07:00:41.000+05:30,63.68,355.48,30.64,10.25,5.09,-19,27.7,12.76,10,0
2025-01-15 07:00:42.000+05:30,44.96,555.1,23.12,10.61,3.74,-20,27.9,11.84,10,0
2025-01-15 07:00:43.000+05:30,26.72,840.48,24.97,5.32,2.22,18,27.9,7.28,10,0
2025-01-15 07:00:44.000+05:30,57.49,738.08,25.15,9.33,3.59,25,27.9,7.1,10,0
2025-01-15 07:00:45.000+05:30,14.32,457.83,31.65,4.99,2.93,15,27.7,0.34,10,0
2025-01-15 07:00:46.000+05:30,27.19,579.8,21.02,6.01,4.5,12,27.8,8.31,10,0
2025-01-15 07:00:47.000+05:30,10.51,669.8,24.66,11,4.95,29,27.7,7.43,10,0
2025-01-15 07:00:48.000+05:30,17.82,488.05,21.18,4.37,4.57,-6,27.9,3.73,10,0
2025-01-15 07:00:49.000+05:30,36.48,334.39,22.14,9.52,2.76,-17,27.6,10.15,10,0
2025-01-15 07:00:50.000+05:30,27.41,450.05,26.42,3.06,4.05,9,27.7,4.83,10,0
2025-01-15 07:00:51.000+05:30,66.94,559.78,22.73,7.1,5.73,8,27.8,8,10,0
2025-01-15 07:00:52.000+05:30,68.53,805.74,23.79,6.12,3.72,-21,27.6,9.01,10,0
2025-01-15 07:00:53.000+05:30,35.44,696.6,20.88,7.32,1.73,29,27.7,5.48,10,0
2025-01-15 07:00:54.000+05:30,20.76,597.73,21.78,6.2,5.96,-3,27.5,6.48,10,0
2025-01-15 07:00:55.000+05:30,17.1,866.77,23.5,10.65,1.67,-30,27.7,0.43,10,0
2025-01-15 07:00:56.000+05:30,29.77,871.99,20.38,11.53,4.49,-20,27.8,8.09,10,0
2025-01-15 07:00:57.000+05:30,69.64,617.52,26.14,5.01,5.68,21,27.5,12.1,10,0
2025-01-15 07:00:58.000+05:30,62.94,697.09,26.26,4.82,1.48,15,27.7,6.18,10,0
2025-01-15 07:00:59.000+05:30,29.25,848.58,26.54,4.34,0.52,-26,27.7,1.87,10,0
2025-01-15 07:01:00.000+05:30,60.23,612.26,21.65,7.23,5.23,13,27.8,0.97,10,0
2025-01-15 07:01:01.000+05:30,37.87,706.84,29.14,4.88,2.75,9,27.8,0.93,10,0
2025-01-15 07:01:02.000+05:30,27.62,472.49,28.21,3.18,5.95,-28,27.7,12.39,10,0
2025-01-15 07:01:03.000+05:30,45.96,700.73,29.22,9.39,1.23,-17,27.8,12.28,10,0
2025-01-15 07:01:04.000+05:30,7.81,527.74,31.95,4.21,1.87,17,27.8,0.54,10,0
2025-01-15 07:01:05.000+05:30,21.55,711.45,22.28,5.45,1.31,-13,27.6,11.47,10,0
2025-01-15 07:01:06.000+05:30,35.78,776.4,26.89,11.83,4.87,5,27.5,1.98,10,0
2025-01-15 07:01:07.000+05:30,45.19,817.57,28.51,4.99,2.91,-3,27.7,12.6,10,0
2025-01-15 07:01:08.000+05:30,59.68,561.6,28.11,3.08,1.68,-7,27.6,0.02,10,0
2025-01-15 07:01:09.000+05:30,22.92,863.44,24.67,6.92,2,-29,27.8,6.5,10,0
2025-01-15 07:01:10.000+05:30,25.11,764.82,23.98,3.25,2.38,1,27.7,9.18,10,0
2025-01-15 07:01:11.000+05:30,15.99,865.04,29.96,4.53,0.52,-24,27.5,1.81,10,0
2025-01-15 07:01:12.000+05:30,7.38,783.59,27.85,11.68,2.83,15,27.7,8.02,10,0
2025-01-15 07:01:13.000+05:30,53.04,754.62,21.47,10.53,4.54,14,27.6,5.21,10,0
2025-01-15 07:01:14.000+05:30,17.25,682.82,31.76,11.42,2.35,-18,27.9,11.72,10,0
2025-01-15 07:01:15.000+05:30,47.82,667.02,22.82,11.29,4.72,24,27.8,13.37,10,0
2025-01-15 07:01:16.000+05:30,38.31,518.94,31.26,9.72,4.36,-28,27.8,8.34,10,0
2025-01-15 07:01:17.000+05:30,12.48,845.37,29.32,10.35,2.32,23,27.6,9.6,10,0
2025-01-15 07:01:18.000+05:30,35.06,607.71,26.46,6.62,1.76,-13,27.7,13.76,10,0
2025-01-15 07:01:19.000+05:30,8.18,412.29,23.06,11.67,5.07,21,27.7,7.47,10,0
2025-01-15 07:01:20.000+05:30,51.52,639.53,21.41,7.89,0.88,23,27.6,12.44,10,0
2025-01-15 07:01:21.000+05:30,63.77,373.98,31.9,4.98,5.96,14,27.8,4.6,10,0
2025-01-15 07:01:22.000+05:30,48.63,493.26,30.55,3.41,4.7,-4,27.7,4.94,10,0
2025-01-15 07:01:23.000+05:30,35.03,643.73,31.79,3.79,4.38,7,27.8,10.99,10,0
2025-01-15 07:01:24.000+05:30,21.08,713.53,29.1,7.21,6.04,-14,27.6,6.19,10,0
2025-01-15 07:01:25.000+05:30,61.68,326.61,31.97,3.01,3.75,-8,27.9,12.49,10,0
2025-01-15 07:01:26.000+05:30,42.94,843.4,20.47,9.81,5.51,-20,27.6,9.23,10,0
2025-01-15 07:01:27.000+05:30,55.93,388.91,28.51,8.36,2.64,2,27.6,0.11,10,0
2025-01-15 07:01:28.000+05:30,35.89,695.69,20.84,9.04,4.12,7,27.7,12.43,10,0
2025-01-15 07:01:29.000+05:30,21.32,699.59,31.05,5.53,5.64,17,27.6,10.37,10,0
2025-01-15 07:01:30.000+05:30,59.74,646.75,27.67,8.2,5.4,-1,27.5,8.32,10,0
2025-01-15 07:01:31.000+05:30,64.1,470.15,24.73,3.44,4.96,-17,27.7,11.89,10,0
2025-01-15 07:01:32.000+05:30,37.6,606.24,26.23,6.17,5.22,16,27.8,7.19,10,0
2025-01-15 07:01:33.000+05:30,66.43,810.9,26.15,7.61,1.1,-14,27.8,10.82,10,0
2025-01-15 07:01:34.000+05:30,68.06,559.14,28.36,3.46,5.68,11,27.5,7.96,10,0
2025-01-15 07:01:35.000+05:30,21.94,635.93,27.39,11.82,5.34,11,27.8,13.2,10,0
2025-01-15 07:01:36.000+05:30,56.26,460.09,28.21,8.78,1.94,-13,27.5,11.2,10,0
2025-01-15 07:01:37.000+05:30,67.67,549.22,26.98,10.46,4.74,10,27.8,1.9,10,0
2025-01-15 07:01:38.000+05:30,28.63,678.68,23.57,7.07,2.52,14,27.7,7.95,10,0
2025-01-15 07:01:39.000+05:30,66.01,729.52,22.99,8.22,5.74,9,27.7,2.93,10,0
2025-01-15 07:01:40.000+05:30,67.15,667.57,30.35,9.67,3.13,20,27.7,8.48,10,0
2025-01-15 07:01:41.000+05:30,34.04,584.02,23.77,7.57,1.77,-9,27.7,9.41,10,0
2025-01-15 07:01:42.000+05:30,69.13,613.38,24.54,7.74,6.18,-11,27.8,3.05,10,0
2025-01-15 07:01:43.000+05:30,37.79,871.36,22.53,11.96,4.22,13,27.8,1.37,10,0
2025-01-15 07:01:44.000+05:30,36.34,508.27,30.56,9.17,5.4,-29,27.8,4.43,10,0
2025-01-15 07:01:45.000+05:30,7.16,585.03,22.61,8.25,1.35,15,27.7,2.76,10,0
2025-01-15 07:01:46.000+05:30,24.8,411.23,22.27,8.23,3.94,5,27.6,1.82,10,0
2025-01-15 07:01:47.000+05:30,55.25,725.95,22.69,9.88,5.98,13,27.8,13.02,10,0
2025-01-15 07:01:48.000+05:30,26.85,361.52,22.85,9.25,4.55,-12,27.7,11.32,10,0
2025-01-15 07:01:49.000+05:30,16.82,640.31,20.64,4.26,1.23,1,27.5,3.75,10,0
2025-01-15 07:01:50.000+05:30,33.7,651.92,30.63,8.27,4.55,-8,27.8,4.4,10,0
2025-01-15 07:01:51.000+05:30,69.16,286.82,31.78,3.33,2.84,-26,27.6,6.58,10,0
2025-01-15 07:01:52.000+05:30,68.39,429.9,31.2,6.24,2.06,-5,27.5,6.58,10,0
2025-01-15 07:01:53.000+05:30,17.09,612.65,22.99,8.96,1.03,0,27.8,8.89,10,0
2025-01-15 07:01:54.000+05:30,54.62,269.13,25.02,3.27,4.69,-21,27.6,1.45,10,0
2025-01-15 07:01:55.000+05:30,16.41,886.19,27.79,8.91,4.1,-12,27.6,5.11,10,0
2025-01-15 07:01:56.000+05:30,42.12,485.73,28.05,11.43,2.61,30,27.6,4.53,10,0
2025-01-15 07:01:57.000+05:30,27.98,340.68,24.89,9.35,2.94,1,27.8,7,10,0
2025-01-15 07:01:58.000+05:30,45.16,690.19,31.08,4.95,4.18,24,27.9,6.83,10,0
2025-01-15 07:01:59.000+05:30,43.32,644.39,23.15,10.41,0.7,14,27.8,7.27,10,0
2025-01-15 07:02:00.000+05:30,22.38,621.96,28.65,11.85,5.26,-3,27.9,13.27,10,0
2025-01-15 07:02:01.000+05:30,42.46,377.59,28.23,4.35,3.72,-9,27.8,5.24,10,0
2025-01-15 07:02:02.000+05:30,32.23,553.06,27.27,6.88,5.85,28,27.8,6.47,10,0
2025-01-15 07:02:03.000+05:30,67.24,694.06,22.07,3.5,3.83,-11,27.7,2.92,10,0
2025-01-15 07:02:04.000+05:30,35.8,643.44,30.73,11.21,2.68,5,27.8,10.19,10,0
2025-01-15 07:02:05.000+05:30,50.21,743.14,29.81,8.29,4.12,17,27.7,11.75,10,0
2025-01-15 07:02:06.000+05:30,43.41,501.87,27.79,4.32,0.51,-29,27.7,4.72,10,0
2025-01-15 07:02:07.000+05:30,17.06,848.57,20.51,3.5,3.69,2,27.6,12.38,10,0
2025-01-15 07:02:08.000+05:30,36.19,739.1,22.18,10.01,2.3,-10,27.7,8.69,10,0
2025-01-15 07:02:09.000+05:30,41.11,829.05,29.47,11.02,5.82,-18,27.6,0.87,10,0
2025-01-15 07:02:10.000+05:30,50.66,591.87,28.32,9.68,5.97,-20,27.7,13.73,10,0
2025-01-15 07:02:11.000+05:30,43.35,293.93,23.49,6.74,2.89,-10,27.6,7.05,10,0
2025-01-15 07:02:12.000+05:30,62.51,574.28,20.16,8.11,5.17,11,27.7,11.51,10,0
2025-01-15 07:02:13.000+05:30,59.31,429.77,21.87,8.65,5.73,-19,27.6,13.99,10,0
2025-01-15 07:02:14.000+05:30,20.7,612.07,28.34,7.22,3.62,-30,27.7,7.51,10,0
2025-01-15 07:02:15.000+05:30,58.06,707.41,23.27,5.86,3.17,-27,27.9,10.86,10,0
2025-01-15 07:02:16.000+05:30,12.44,839.12,26.17,8.46,5.93,-11,27.6,2.14,10,0
2025-01-15 07:02:17.000+05:30,39.91,769.16,21.64,10.17,1.34,16,27.5,5.61,10,0
2025-01-15 07:02:18.000+05:30,47.57,501.7,21.43,3.24,2.45,-26,27.8,12.12,10,0
2025-01-15 07:02:19.000+05:30,66.31,281.3,24.65,9.46,3.59,-18,27.5,0.15,10,0
2025-01-15 07:02:20.000+05:30,59.88,670.41,24.54,12,6.03,-7,27.8,8.08,10,0
2025-01-15 07:02:21.000+05:30,16.09,632.89,22.29,4.11,1.49,-14,27.6,10.66,10,0
2025-01-15 07:02:22.000+05:30,50.14,412.46,24.48,9.17,0.97,-29,27.5,5.58,10,0
2025-01-15 07:02:23.000+05:30,45.05,885.35,26.68,5.36,0.61,29,27.8,6.16,10,0
2025-01-15 07:02:24.000+05:30,36.69,702.97,29.35,9.17,3.27,-7,27.6,12.58,10,0
2025-01-15 07:02:25.000+05:30,37.21,675.27,28.69,3.49,5.21,-16,27.6,0.82,10,0
2025-01-15 07:02:26.000+05:30,68.43,630.55,28.78,8.37,3.08,28,27.6,2.12,10,0
2025-01-15 07:02:27.000+05:30,12.24,294.37,31.69,3.82,5.78,-30,27.5,7.99,10,0
2025-01-15 07:02:28.000+05:30,36.55,781.75,25.96,9.63,0.66,-7,27.5,2.47,10,0
2025-01-15 07:02:29.000+05:30,28.92,445,25.68,9.17,5.8,13,27.7,3.22,10,0
2025-01-15 07:02:30.000+05:30,9.06,267.65,28.09,8.58,5.55,9,27.8,5.1,10,0
2025-01-15 07:02:31.000+05:30,36.82,674.99,28.09,8.89,5.4,-16,27.8,4.67,10,0
2025-01-15 07:02:32.000+05:30,33.6,640.8,28.98,7.06,2.26,-20,27.6,11.64,10,0
2025-01-15 07:02:33.000+05:30,31.17,694.05,27.39,9.68,4.31,-12,27.5,2.32,10,0
2025-01-15 07:02:34.000+05:30,24.91,483.5,28.63,6.97,0.72,13,27.8,11.11,10,0
2025-01-15 07:02:35.000+05:30,12.85,834.77,22.25,7.13,4.95,-16,27.8,8.58,10,0
2025-01-15 07:02:36.000+05:30,56.73,769.58,24.75,8.16,4.97,-6,27.7,8.51,10,0
2025-01-15 07:02:37.000+05:30,53.84,836.33,29.21,3.04,3.52,19,27.5,4.81,10,0
2025-01-15 07:02:38.000+05:30,57.13,452.75,27.89,10.2,3.47,-5,27.7,8.62,10,0
2025-01-15 07:02:39.000+05:30,11.97,434.64,27.35,7.64,1.71,-9,27.7,11.47,10,0
2025-01-15 07:02:40.000+05:30,17.77,730.06,28.09,7,2.01,9,27.7,0.38,10,0
2025-01-15 07:02:41.000+05:30,34.51,376.9,24.49,5.19,1.33,7,27.5,6.18,10,0
2025-01-15 07:02:42.000+05:30,63.79,317.94,31.55,11.2,3.45,25,27.5,11.21,10,0
2025-01-15 07:02:43.000+05:30,40.66,522.63,25.09,7.61,3.66,-10,27.7,13.94,10,0
2025-01-15 07:02:44.000+05:30,58.57,308.88,24.28,8.19,1.17,-27,27.8,9.32,10,0
2025-01-15 07:02:45.000+05:30,35.6,704.45,27.81,9.24,5.35,18,27.5,0.12,10,0
2025-01-15 07:02:46.000+05:30,16.84,680.25,25.02,4.39,4.01,12,27.9,13.28,10,0
2025-01-15 07:02:47.000+05:30,7.55,805,23.56,10.44,5.19,26,27.9,7.24,10,0
2025-01-15 07:02:48.000+05:30,65.05,610.76,21.22,8.49,6.02,21,27.6,11.95,10,0
2025-01-15 07:02:49.000+05:30,68.22,423.45,28.75,5.52,2.24,-19,27.7,0.07,10,0
2025-01-15 07:02:50.000+05:30,65.93,873.38,25.78,7.93,1.94,20,27.9,6.64,10,0
2025-01-15 07:02:51.000+05:30,12.08,535.06,25.5,7.49,3.55,-8,27.8,11.32,10,0
2025-01-15 07:02:52.000+05:30,46.15,834.12,25.09,10.78,5.28,2,27.7,8.68,10,0
2025-01-15 07:02:53.000+05:30,45.98,637.4,26.5,7.15,3.18,-9,27.7,4.1,10,0
2025-01-15 07:02:54.000+05:30,62.66,745.43,31.6,5.12,0.52,29,27.9,12.85,10,0
2025-01-15 07:02:55.000+05:30,52.49,632,28.3,4.92,6.17,14,27.6,12.84,10,0
2025-01-15 07:02:56.000+05:30,44.93,376.48,25.44,8.97,0.86,-17,27.6,9.78,10,0
2025-01-15 07:02:57.000+05:30,63.44,590.2,20.33,4.38,2.09,-12,27.8,13.68,10,0
2025-01-15 07:02:58.000+05:30,37.15,415.14,28.63,9.02,2.82,-26,27.9,12.9,10,0
2025-01-15 07:02:59.000+05:30,32.8,774.12,21.63,4.19,5.75,-27,27.9,12.15,10,0
2025-01-15 07:03:00.000+05:30,58.12,278.06,25.03,8.52,3.46,-16,27.5,12.13,10,0
2025-01-15 07:03:01.000+05:30,9.21,712.19,25.39,11.31,1.88,23,27.7,0.74,10,0
2025-01-15 07:03:02.000+05:30,49.54,777.39,30.96,9.44,5.68,-4,27.8,0.94,10,0
2025-01-15 07:03:03.000+05:30,17.2,450.88,30.47,6.17,1.57,21,27.5,0.88,10,0
2025-01-15 07:03:04.000+05:30,46.41,394.21,28.38,7.42,5.33,1,27.7,7.81,10,0
2025-01-15 07:03:05.000+05:30,57.27,839.95,24.99,5.87,5.53,25,27.7,4.85,10,0
2025-01-15 07:03:06.000+05:30,39.36,501.09,24.24,5.93,5.25,29,27.5,1.12,10,0
2025-01-15 07:03:07.000+05:30,46.59,612.62,26.27,6.05,0.93,12,27.7,2.4,10,0
2025-01-15 07:03:08.000+05:30,41.04,536.99,20.5,11.33,5.25,-6,27.7,8.59,10,0
2025-01-15 07:03:09.000+05:30,52.03,596.62,23.72,7.83,5.58,23,27.7,13.91,10,0
2025-01-15 07:03:10.000+05:30,25.05,825.39,23.94,3.4,0.95,13,27.6,3.08,10,0
2025-01-15 07:03:11.000+05:30,45.86,615.51,30.86,3.82,4.68,-17,27.8,12.11,10,0
2025-01-15 07:03:12.000+05:30,64.83,393.11,25.19,6.43,2.99,20,27.7,4.1,10,0
2025-01-15 07:03:13.000+05:30,61.98,567.54,24.67,6.85,3.59,-9,27.6,9.29,10,0
2025-01-15 07:03:14.000+05:30,16.07,556.17,24.54,3.26,1.89,28,27.7,0.09,10,0
2025-01-15 07:03:15.000+05:30,42.35,791.94,25.25,3.72,4.74,12,27.7,5.69,10,0
2025-01-15 07:03:16.000+05:30,58.9,430.21,27.6,10.32,4.8,10,27.8,13.7,10,0
2025-01-15 07:03:17.000+05:30,37.26,478.96,25.1,4.74,4.21,24,27.8,12.02,10,0
2025-01-15 07:03:18.000+05:30,38.48,716.86,20.44,5.29,1.71,15,27.7,7.43,10,0
2025-01-15 07:03:19.000+05:30,20.75,862.57,29.31,4.99,4.13,-20,27.7,11.55,10,0
2025-01-15 07:03:20.000+05:30,58.4,778.47,31.07,3.2,4.54,-28,27.8,11.04,10,0
2025-01-15 07:03:21.000+05:30,68.17,471.88,24.05,11.17,3.47,14,27.8,10.17,10,0
2025-01-15 07:03:22.000+05:30,68.81,769.29,30.71,11.85,4.2,-24,27.7,4.1,10,0
2025-01-15 07:03:23.000+05:30,68.18,603.96,31.45,6.24,3.83,25,27.6,8.93,10,0
2025-01-15 07:03:24.000+05:30,61.78,554.55,26.33,10.57,6.12,8,27.5,4.81,10,0
2025-01-15 07:03:25.000+05:30,67.73,438.26,28.05,11.08,4.75,17,27.6,6.04,10,0
2025-01-15 07:03:26.000+05:30,18.81,374.12,30.18,11.68,1.43,-9,27.6,7.62,10,0
2025-01-15 07:03:27.000+05:30,36.31,701.26,20.35,8.93,2.91,13,27.7,2.26,10,0
2025-01-15 07:03:28.000+05:30,66.22,632.92,27.11,10.58,5.97,-28,27.7,5.9,10,0
2025-01-15 07:03:29.000+05:30,8.51,615.3,23.88,3.53,1.23,-16,27.8,10.06,10,0
2025-01-15 07:03:30.000+05:30,22.43,587.46,28.33,5.17,5.89,25,27.8,6.98,10,0
2025-01-15 07:03:31.000+05:30,16.06,403.26,24.27,7.95,0.8,5,27.8,12.48,10,0
2025-01-15 07:03:32.000+05:30,11.77,606.14,20.2,4.05,5.17,-13,27.8,2.89,10,0
2025-01-15 07:03:33.000+05:30,19.46,518.37,20.25,8.72,3.06,19,27.7,2.32,10,0
2025-01-15 07:03:34.000+05:30,69.87,852.64,24.39,6.88,4.04,28,27.7,6.48,10,0
2025-01-15 07:03:35.000+05:30,63.57,486.21,25.94,8.12,3.99,-7,27.5,5.19,10,0
2025-01-15 07:03:36.000+05:30,28.58,833.79,22.88,8.66,1.26,-25,27.7,9.94,10,0
2025-01-15 07:03:37.000+05:30,25.92,493.31,30.68,10.56,5.62,9,27.6,7.83,10,0
2025-01-15 07:03:38.000+05:30,17.11,460.28,28.87,8.97,2.59,-27,27.9,11.33,10,0
2025-01-15 07:03:39.000+05:30,63.34,755.13,27.74,7.51,4.92,11,27.6,1.04,10,0
2025-01-15 07:03:40.000+05:30,62.04,650.57,28.52,3.83,5.24,-12,27.8,5.24,10,0
2025-01-15 07:03:41.000+05:30,27.14,298.43,22.45,10.11,4.29,-6,27.8,6.63,10,0
2025-01-15 07:03:42.000+05:30,62.55,556.47,20.31,9.58,3.62,-27,27.6,4.2,10,0
2025-01-15 07:03:43.000+05:30,52.91,697.25,22.9,9.51,1.02,-12,27.9,2.36,10,0
2025-01-15 07:03:44.000+05:30,25,731.54,22.07,4.8,4.91,11,27.8,3.27,10,0
2025-01-15 07:03:45.000+05:30,56.52,628.56,21.08,10.17,1,-28,27.6,7.72,10,0
2025-01-15 07:03:46.000+05:30,59.32,365.45,25.74,5.85,3.74,-12,27.9,9.9,10,0
2025-01-15 07:03:47.000+05:30,37.14,844.38,21.06,10.2,4.24,-10,27.6,12.66,10,0
2025-01-15 07:03:48.000+05:30,7.51,614.36,27.13,11.59,4.96,-11,27.8,2.86,10,0
2025-01-15 07:03:49.000+05:30,52.98,409.26,29.61,9.39,3.2,8,27.8,2.83,10,0
2025-01-15 07:03:50.000+05:30,46.28,702.82,30.71,6.85,2.87,-15,27.6,2.6,10,0
2025-01-15 07:03:51.000+05:30,15.09,751.52,21.81,9.96,4.03,15,27.6,12.36,10,0
2025-01-15 07:03:52.000+05:30,12.27,403.22,21.11,8.33,2.24,9,27.7,0.48,10,0
2025-01-15 07:03:53.000+05:30,44.95,615.88,27.74,9.4,3.8,-11,27.8,9.48,10,0
2025-01-15 07:03:54.000+05:30,16.94,334.89,26.87,9.08,5.45,-21,27.5,0.51,10,0
2025-01-15 07:03:55.000+05:30,20.67,465.4,31.57,9.54,4.47,-21,27.6,1.32,10,0
2025-01-15 07:03:56.000+05:30,34.16,812.05,24.78,3.48,2.21,26,27.8,12.96,10,0
2025-01-15 07:03:57.000+05:30,11.36,569.92,20.14,8.9,4.44,-25,27.7,12.63,10,0
2025-01-15 07:03:58.000+05:30,62.93,767.64,25.75,3.32,5.13,-15,27.8,0.42,10,0
2025-01-15 07:03:59.000+05:30,56.25,274.67,30.65,5.24,5.93,-7,27.7,3.69,10,0
2025-01-15 07:04:00.000+05:30,67.36,309.03,30.73,7.27,2.73,15,27.7,0.81,10,0
2025-01-15 07:04:01.000+05:30,28.85,710.15,24.3,10.74,3.12,22,27.7,3.17,10,0
2025-01-15 07:04:02.000+05:30,54.02,335.31,20.31,4.76,3.34,16,27.5,8.99,10,0
2025-01-15 07:04:03.000+05:30,48.1,805.78,28.93,9.92,2.3,18,27.7,12.44,10,0
2025-01-15 07:04:04.000+05:30,60.35,279.83,22.26,10.71,3.99,-17,27.5,12.04,10,0
2025-01-15 07:04:05.000+05:30,32.13,555.46,20.16,8.34,2.1,25,27.8,12.8,10,0
2025-01-15 07:04:06.000+05:30,32,699.31,22.95,9.44,6.12,14,27.7,3.47,10,0
2025-01-15 07:04:07.000+05:30,8.84,329.18,28.17,7.71,0.55,1,27.8,0.37,10,0
2025-01-15 07:04:08.000+05:30,11.14,679.82,26.71,4.78,1.54,24,27.5,4.18,10,0
2025-01-15 07:04:09.000+05:30,54.42,476.09,26.41,7.42,2.13,14,27.7,9.74,10,0
2025-01-15 07:04:10.000+05:30,19.14,820.17,22.05,7.21,3.92,6,27.7,0.07,10,0
2025-01-15 07:04:11.000+05:30,15.95,804.59,23.9,7.88,4.45,5,27.9,9.6,10,0
2025-01-15 07:04:12.000+05:30,53.79,487.89,31.99,4.01,4.04,6,27.9,1.6,10,0
2025-01-15 07:04:13.000+05:30,56.25,876.87,31.03,7.67,1.44,-3,27.7,10.51,10,0
2025-01-15 07:04:14.000+05:30,42.33,391.96,28.53,4.76,5.5,-18,27.6,11.78,10,0
2025-01-15 07:04:15.000+05:30,22.15,270.88,23.1,5.12,1.96,-11,27.7,5.1,10,0
2025-01-15 07:04:16.000+05:30,63.61,435.02,25.17,7.32,4.56,-16,27.7,1.38,10,0
2025-01-15 07:04:17.000+05:30,12.57,284.7,22.74,7.12,2.47,-2,27.7,2.36,10,0
2025-01-15 07:04:18.000+05:30,9.35,426.49,26.16,3.04,1.09,-13,27.6,10.49,10,0
2025-01-15 07:04:19.000+05:30,12.01,541.22,26.53,9.36,4.55,27,27.5,9.84,10,0
2025-01-15 07:04:20.000+05:30,33.09,503.97,21.22,6.48,0.68,-6,27.5,2.78,10,0
2025-01-15 07:04:21.000+05:30,39.53,366.49,28.98,3.2,2.4,10,27.6,4.76,10,0
2025-01-15 07:04:22.000+05:30,68.19,842.25,22.11,6.58,6.03,18,27.6,5.32,10,0
2025-01-15 07:04:23.000+05:30,60.51,758.46,30.15,5.08,3.08,21,27.5,13.84,10,0
2025-01-15 07:04:24.000+05:30,25.27,771.55,23.27,9.17,2.1,6,27.6,4.73,10,0
2025-01-15 07:04:25.000+05:30,32.85,531.35,20.11,11.93,5.35,-4,27.8,1.3,10,0
2025-01-15 07:04:26.000+05:30,15.67,577.79,21.8,4.98,3.48,0,27.9,11.2,10,0
2025-01-15 07:04:27.000+05:30,50.28,701.9,27.82,9.54,4.87,21,27.6,10.41,10,0
2025-01-15 07:04:28.000+05:30,57.26,408.32,24.41,10.07,0.82,23,27.8,8.13,10,0
2025-01-15 07:04:29.000+05:30,35.41,887.1,27.03,5.33,4.95,-25,27.7,8.46,10,0
2025-01-15 07:04:30.000+05:30,64.88,490.86,26.52,3.63,2.85,-14,27.8,9.7,10,0
2025-01-15 07:04:31.000+05:30,54.48,866.2,22.89,10.35,4.08,-18,27.8,7.87,10,0
2025-01-15 07:04:32.000+05:30,67.56,780.29,20.41,9.22,1.48,6,27.6,6.82,10,0
2025-01-15 07:04:33.000+05:30,48.63,474.65,28.52,5.74,1.53,-14,27.6,13.37,10,0
2025-01-15 07:04:34.000+05:30,54.18,533.76,23.95,4.24,0.98,14,27.7,10.39,10,0
2025-01-15 07:04:35.000+05:30,50.8,880.28,30.14,4.17,2.45,-30,27.5,7.01,10,0
2025-01-15 07:04:36.000+05:30,67.91,735.19,31.95,11.38,5.43,-2,27.6,9.08,10,0
2025-01-15 07:04:37.000+05:30,26.28,631.17,29.4,9.27,2.32,-10,27.8,2.58,10,0
2025-01-15 07:04:38.000+05:30,58.42,715.42,26.61,10.41,2.91,2,27.7,12.73,10,0
2025-01-15 07:04:39.000+05:30,52.26,699.58,28.2,3.42,1.02,5,27.9,0.18,10,0
2025-01-15 07:04:40.000+05:30,13.52,697.18,27.48,8.73,2.43,-26,27.8,5.67,10,0
2025-01-15 07:04:41.000+05:30,22.08,808.12,30.49,10,5.86,-12,27.5,4.22,10,0
2025-01-15 07:04:42.000+05:30,65.02,444.59,27.51,11.02,5.33,-10,27.8,11.21,10,0
2025-01-15 07:04:43.000+05:30,55.75,763.79,30.64,11.03,1.65,-20,27.8,2.99,10,0
2025-01-15 07:04:44.000+05:30,58.01,716.28,30.31,8.93,3.77,12,27.6,7.77,10,0
2025-01-15 07:04:45.000+05:30,64.85,525.32,23.91,5.47,3.1,-24,27.8,9.95,10,0
2025-01-15 07:04:46.000+05:30,28.52,618.64,30.6,9.56,0.87,-1,27.9,7.35,10,0
2025-01-15 07:04:47.000+05:30,49.53,593.91,27.13,3.66,4.61,16,27.7,0.03,10,0
2025-01-15 07:04:48.000+05:30,14.31,526.57,20.91,11.4,1.97,11,27.5,5.35,10,0
2025-01-15 07:04:49.000+05:30,13.49,632.82,26.06,3.54,3.79,-11,27.6,5.09,10,0
2025-01-15 07:04:50.000+05:30,20.81,272.1,21.36,8.72,0,28,27.7,33.41,13,0
2025-01-15 07:04:51.000+05:30,18.73,154.03,24.24,3.69,0,-12,27.7,33.38,13,0
2025-01-15 07:04:52.000+05:30,22.1,240.16,20.96,2.4,0,10,27.6,37.75,13,0
2025-01-15 07:04:53.000+05:30,11.36,153.55,16.23,2.61,0,23,27.5,35.42,13,0
2025-01-15 07:04:54.000+05:30,24.44,246.09,20.28,6,0,12,27.7,32.29,13,0
2025-01-15 07:04:55.000+05:30,20.1,112.65,20.59,8.37,0,-17,27.8,30.99,13,0
2025-01-15 07:04:56.000+05:30,18.64,159.42,15.82,4.15,0,-22,27.9,33.37,13,0
2025-01-15 07:04:57.000+05:30,20.83,80.26,15.18,6.78,0,18,27.8,20.19,13,0
2025-01-15 07:04:58.000+05:30,22.17,84.66,15.61,3.72,0,10,27.7,21.22,13,0
2025-01-15 07:04:59.000+05:30,20.2,282.19,24.17,5.04,0,-20,27.5,31.6,13,0
2025-01-15 07:05:00.000+05:30,21.41,254.78,24.18,5.99,0,-13,27.7,30.3,13,0
2025-01-15 07:05:01.000+05:30,17.69,227.93,23.99,5.44,0,-4,27.9,28.81,13,0
2025-01-15 07:05:02.000+05:30,10.17,170.17,15.77,5.32,0,21,27.6,37.27,13,0
2025-01-15 07:05:03.000+05:30,12.7,109.31,21.12,4.52,0,2,27.6,35.47,13,0
2025-01-15 07:05:04.000+05:30,8.85,299.55,18.53,5.34,0,21,27.5,37.18,13,0
2025-01-15 07:05:05.000+05:30,12.53,248.24,24.81,2.43,0,9,27.9,23.59,13,0
2025-01-15 07:05:06.000+05:30,11.06,127.68,25.99,4.72,0,-20,27.9,25.11,13,0
2025-01-15 07:05:07.000+05:30,13.68,177.53,18.14,6.28,0,-1,27.8,20.66,13,0
2025-01-15 07:05:08.000+05:30,21.76,250.62,15.51,4.67,0,-9,27.6,28.65,13,0
2025-01-15 07:05:09.000+05:30,9.67,182.3,24.68,4.58,0,-18,27.7,34.16,13,0
2025-01-15 07:05:10.000+05:30,18.39,210.58,15.32,7.04,0,-17,27.7,36.77,13,0
2025-01-15 07:05:11.000+05:30,23.63,169.8,27.1,3.36,0,-14,27.6,24.61,13,0
2025-01-15 07:05:12.000+05:30,16.59,158.09,20.2,7.41,0,-22,27.9,24.62,13,0
2025-01-15 07:05:13.000+05:30,21.99,259.01,21.46,3.24,0,-24,27.5,31.59,13,0
2025-01-15 07:05:14.000+05:30,21.58,237.84,25.72,7.13,0,4,27.8,21.06,13,0
2025-01-15 07:05:15.000+05:30,12.62,224.1,18.26,8.27,0,-13,27.6,28.92,13,0
2025-01-15 07:05:16.000+05:30,11.2,247.57,23.88,6.43,0,-17,27.7,36.21,13,0
2025-01-15 07:05:17.000+05:30,13.61,219.62,27.59,2.9,0,10,27.9,37.82,13,0
2025-01-15 07:05:18.000+05:30,11.85,128.21,16.31,5.67,0,18,27.9,32.53,13,0
2025-01-15 07:05:19.000+05:30,19.2,185.05,20.47,6.61,0,11,27.8,37.87,13,0
2025-01-15 07:05:20.000+05:30,12.32,265.71,19.64,4.12,0,-7,27.7,22.88,13,0
2025-01-15 07:05:21.000+05:30,19.54,254.14,21.03,6.68,0,-17,27.8,20.6,13,0
2025-01-15 07:05:22.000+05:30,18.33,179.07,23.42,8.94,0,-7,27.7,30.45,13,0
2025-01-15 07:05:23.000+05:30,11.74,291.54,21.84,5.89,0,-16,27.7,31.44,13,0
2025-01-15 07:05:24.000+05:30,18.04,213.58,26.88,6.74,0,-17,27.5,24.35,13,0
2025-01-15 07:05:25.000+05:30,13.7,132.36,16.23,5.57,0,-4,27.9,36.49,13,0
2025-01-15 07:05:26.000+05:30,21.36,251.46,23.85,7.09,0,-3,27.7,20.23,13,0
2025-01-15 07:05:27.000+05:30,23.41,222.86,20.26,6.7,0,-16,27.9,32.92,13,0
2025-01-15 07:05:28.000+05:30,15.9,183.63,26.32,7.8,0,-15,27.6,30.64,13,0
2025-01-15 07:05:29.000+05:30,17.5,239.31,16.16,7.11,0,-11,27.6,26.7,13,0
2025-01-15 07:05:30.000+05:30,15.45,117.16,16.34,4.47,0,13,27.7,24.84,13,0
2025-01-15 07:05:31.000+05:30,10.71,228.87,20.39,6.18,0,8,27.6,26.74,13,0
2025-01-15 07:05:32.000+05:30,10.62,203.83,19.17,7.21,0,12,27.8,28.71,13,0
2025-01-15 07:05:33.000+05:30,10.57,183.38,21.68,3.52,0,-25,27.5,34.77,13,0
2025-01-15 07:05:34.000+05:30,9.64,257.47,21.08,3.43,0,17,27.9,24.43,13,0
2025-01-15 07:05:35.000+05:30,13.32,165.91,25.33,3.43,0,30,27.8,23.72,13,0
2025-01-15 07:05:36.000+05:30,12.13,191.1,18.48,3.5,0,-5,27.5,28.52,13,0
2025-01-15 07:05:37.000+05:30,8.73,107.25,22.84,4.12,0,16,27.5,27.93,13,0
2025-01-15 07:05:38.000+05:30,14.96,294.76,24.7,4.89,0,19,27.8,35.11,13,0
2025-01-15 07:05:39.000+05:30,22.96,218.15,17.57,5.28,0,30,27.6,27.26,13,0
2025-01-15 07:05:40.000+05:30,15.72,174.76,15.76,7.71,0,1,27.5,31.99,13,0
2025-01-15 07:05:41.000+05:30,14.47,281.36,25.03,6.6,0,-24,27.5,38.99,13,0
2025-01-15 07:05:42.000+05:30,13.3,187.99,18.21,3.9,0,-11,27.6,31.49,13,0
2025-01-15 07:05:43.000+05:30,15.89,126.95,27.49,3.64,0,-27,27.8,30.98,13,0
2025-01-15 07:05:44.000+05:30,21.15,287.85,19.23,5.51,0,-6,27.7,33.18,13,0
2025-01-15 07:05:45.000+05:30,23.53,99.33,17.49,5.8,0,-2,27.5,34.8,13,0
2025-01-15 07:05:46.000+05:30,16.52,245.8,21.53,8.84,0,-8,27.5,36.31,13,0
2025-01-15 07:05:47.000+05:30,21.75,191.78,23.05,5.52,0,-27,27.6,34.94,13,0
2025-01-15 07:05:48.000+05:30,7.81,269.33,23.38,7.8,0,8,27.9,27.87,13,0
2025-01-15 07:05:49.000+05:30,9.98,284.67,18.88,8.12,0,8,27.6,30.57,13,0
2025-01-15 07:05:50.000+05:30,24.94,121.07,16.33,4.49,0,-2,27.5,24.7,13,0
2025-01-15 07:05:51.000+05:30,16.38,89.9,19.29,4.17,0,-30,27.9,27.64,13,0
2025-01-15 07:05:52.000+05:30,17.57,92.89,21.2,3.82,0,28,27.7,28.61,13,0
2025-01-15 07:05:53.000+05:30,18.83,273.89,20.54,3.3,0,18,27.6,26.76,13,0
2025-01-15 07:05:54.000+05:30,17.34,229.73,24.08,8.85,0,2,27.8,28.18,13,0
2025-01-15 07:05:55.000+05:30,19.63,220.46,26.74,2.31,0,-10,27.7,26.05,13,0
2025-01-15 07:05:56.000+05:30,10.99,127.67,16.7,5.81,0,-30,27.5,33.23,13,0
2025-01-15 07:05:57.000+05:30,11.02,149.03,24.74,7.36,0,20,27.8,31.72,13,0
2025-01-15 07:05:58.000+05:30,10.47,194.1,16.38,8.13,0,-12,27.8,23.69,13,0
2025-01-15 07:05:59.000+05:30,22.41,100.83,22.05,8.38,0,28,27.8,27.7,13,0
2025-01-15 07:06:00.000+05:30,8.63,144.94,22.39,6.05,0,20,27.8,28.02,13,0
2025-01-15 07:06:01.000+05:30,7.65,158.37,16.57,2.66,0,-16,27.8,36.21,13,0
2025-01-15 07:06:02.000+05:30,17.37,197.1,16.06,5.03,0,-30,27.7,21.54,13,0
2025-01-15 07:06:03.000+05:30,18.56,214.27,16.92,7.95,0,30,27.9,35.02,13,0
2025-01-15 07:06:04.000+05:30,17.05,237.39,25.16,8.55,0,28,27.8,29.81,13,0
2025-01-15 07:06:05.000+05:30,17.8,98.42,27.52,3.54,0,-18,27.6,21.48,13,0
2025-01-15 07:06:06.000+05:30,13.35,291.58,15.55,8.1,0,-28,27.8,36.17,13,0
2025-01-15 07:06:07.000+05:30,23.99,261.91,21.21,6.73,0,-7,27.7,29.42,13,0
2025-01-15 07:06:08.000+05:30,13.28,113.99,20.84,5.79,0,14,27.9,22.12,13,0
2025-01-15 07:06:09.000+05:30,24.05,119.89,20.39,8.83,0,-16,27.9,20.66,13,0
2025-01-15 07:06:10.000+05:30,24.9,210.22,25.79,8.6,0,-25,27.6,29.81,13,0
2025-01-15 07:06:11.000+05:30,9.12,174.96,25.81,2.44,0,16,27.6,22.43,13,0
2025-01-15 07:06:12.000+05:30,19.03,221.92,17.99,6.76,0,-18,27.5,38.52,13,0
2025-01-15 07:06:13.000+05:30,12.84,208.42,24.69,7.38,0,-27,27.7,38.31,13,0
2025-01-15 07:06:14.000+05:30,9.71,105.3,18.7,6.64,0,14,27.7,31.1,13,0
2025-01-15 07:06:15.000+05:30,17.9,266.19,16.37,2.14,0,-24,27.7,27.74,13,0
2025-01-15 07:06:16.000+05:30,14.28,200.47,27.57,4.52,0,-21,27.8,21.78,13,0
2025-01-15 07:06:17.000+05:30,22.17,254.37,15.08,2.86,0,30,27.8,35.52,13,0
2025-01-15 07:06:18.000+05:30,17.02,82.93,18.32,7.57,0,4,27.8,20.85,13,0
2025-01-15 07:06:19.000+05:30,19.45,189.9,16.33,2.27,0,-13,27.7,36.82,13,0
2025-01-15 07:06:20.000+05:30,12.86,141.71,26.38,2.21,0,21,27.8,31.81,13,0
2025-01-15 07:06:21.000+05:30,12.98,279.91,21.52,4.9,0,-14,27.6,38.89,13,0
2025-01-15 07:06:22.000+05:30,14.78,202.65,23.9,6.46,0,11,27.5,26.97,13,0
2025-01-15 07:06:23.000+05:30,11.64,213.85,18.56,4.14,0,-12,27.7,33.16,13,0
2025-01-15 07:06:24.000+05:30,15.18,269.07,23.46,8.35,0,13,27.8,36.96,13,0
2025-01-15 07:06:25.000+05:30,16.61,179.91,24.79,6.23,0,-18,27.5,36.13,13,0
2025-01-15 07:06:26.000+05:30,14.03,268.47,18.71,2.97,0,0,27.9,28.02,13,0
2025-01-15 07:06:27.000+05:30,19.1,162.57,21.74,6.08,0,13,27.7,39.32,13,0
2025-01-15 07:06:28.000+05:30,17.96,178.12,20.05,2.85,0,16,27.7,22.74,13,0
2025-01-15 07:06:29.000+05:30,14.84,248.96,19.01,5.65,0,26,27.7,38.82,13,0
2025-01-15 07:06:30.000+05:30,23.51,299.54,23.78,5.38,0,-6,27.6,27.92,13,0
2025-01-15 07:06:31.000+05:30,15.96,188.04,23.89,2.31,0,29,27.7,27.28,13,0
2025-01-15 07:06:32.000+05:30,9.38,99.08,27.19,4.26,0,-9,27.6,39.22,13,0
2025-01-15 07:06:33.000+05:30,21.9,165.86,15.44,5.65,0,9,27.6,30.45,13,0
2025-01-15 07:06:34.000+05:30,14.03,93.75,17.34,4.53,0,-21,27.5,26.79,13,0
2025-01-15 07:06:35.000+05:30,13.48,241.07,17.96,3.39,0,2,27.6,34.38,13,0
2025-01-15 07:06:36.000+05:30,23.53,83.66,22.96,7.81,0,-15,27.6,33.28,13,0
2025-01-15 07:06:37.000+05:30,20.06,236.44,15.09,2.6,0,-13,27.9,37.56,13,0
2025-01-15 07:06:38.000+05:30,23,129.77,16.42,7.7,0,-26,27.6,32.81,13,0
2025-01-15 07:06:39.000+05:30,7.56,278.74,27.04,5.4,0,21,27.8,33.89,13,0
2025-01-15 07:06:40.000+05:30,19.26,219.74,26.39,5.37,0,25,27.6,23.02,13,0
2025-01-15 07:06:41.000+05:30,20.61,101.27,16.49,8.51,0,1,27.7,21.85,13,0
2025-01-15 07:06:42.000+05:30,17.19,229.92,24.7,2.57,0,-28,27.8,20.31,13,0
2025-01-15 07:06:43.000+05:30,17.2,113.13,19.04,8.81,0,19,27.7,29.26,13,0
2025-01-15 07:06:44.000+05:30,21.5,258.37,23.83,4.53,0,19,27.9,39.45,13,0
2025-01-15 07:06:45.000+05:30,13.24,108.05,17.77,6.92,0,-21,27.6,39.01,13,0
2025-01-15 07:06:46.000+05:30,20.63,188.68,23.14,4.2,0,10,27.6,23.71,13,0
2025-01-15 07:06:47.000+05:30,12.88,94.87,21.06,5.68,0,-29,27.6,23.73,13,0
2025-01-15 07:06:48.000+05:30,24.73,135.39,19.75,5.88,0,0,27.6,30.22,13,0
2025-01-15 07:06:49.000+05:30,24.77,177.1,21.15,4.66,0,-22,27.7,20.89,13,0
2025-01-15 07:06:50.000+05:30,24.46,145.83,24.19,7.79,0,-22,27.5,34.46,13,0
2025-01-15 07:06:51.000+05:30,15.51,125.67,23.89,7.75,0,-7,27.7,27.8,13,0
2025-01-15 07:06:52.000+05:30,8.85,250.97,24.22,4.77,0,0,27.8,33.1,13,0
2025-01-15 07:06:53.000+05:30,19.81,286.92,18.34,8.68,0,-23,27.5,32.71,13,0
2025-01-15 07:06:54.000+05:30,13.98,141.02,18.72,3,0,29,27.6,31.95,13,0
2025-01-15 07:06:55.000+05:30,19.74,148.62,27.11,3.49,0,0,27.5,32.25,13,0
2025-01-15 07:06:56.000+05:30,9.2,267.28,17.95,7.73,0,29,27.7,35.71,13,0
2025-01-15 07:06:57.000+05:30,18.2,265.24,21.08,2.65,0,20,27.8,34.93,13,0
2025-01-15 07:06:58.000+05:30,11.07,146.34,22.8,4.55,0,22,27.7,34.02,13,0
2025-01-15 07:06:59.000+05:30,14.44,95.14,21.9,5.55,0,-5,27.5,29.52,13,0
2025-01-15 07:07:00.000+05:30,19.79,284.68,26.47,2.81,0,8,27.6,23.07,13,0
2025-01-15 07:07:01.000+05:30,15.21,295.08,17.85,2.89,0,-28,27.9,31.67,13,0
2025-01-15 07:07:02.000+05:30,10.79,105.86,17.18,3.6,0,-28,27.9,25.28,13,0
2025-01-15 07:07:03.000+05:30,14.9,143.76,17.69,2.82,0,17,27.9,38.84,13,0
2025-01-15 07:07:04.000+05:30,16.46,255.46,22.22,4.17,0,-14,27.5,37.17,13,0
2025-01-15 07:07:05.000+05:30,7.32,168.59,20.34,8.99,0,-30,27.8,28.04,13,0
2025-01-15 07:07:06.000+05:30,15.09,291.72,16.81,7.98,0,25,27.9,23.09,13,0
2025-01-15 07:07:07.000+05:30,21.17,221.9,16.65,6.07,0,2,27.7,37.17,13,0
2025-01-15 07:07:08.000+05:30,24.25,116.31,22.22,3.83,0,15,27.8,28.53,13,0
2025-01-15 07:07:09.000+05:30,17.78,123.46,15.14,4.1,0,23,27.7,32.88,13,0
2025-01-15 07:07:10.000+05:30,9.99,247.31,26.7,4.81,0,-13,27.7,20.65,13,0
2025-01-15 07:07:11.000+05:30,24.79,100.79,17.63,6.57,0,3,27.8,39.97,13,0
2025-01-15 07:07:12.000+05:30,11.99,273.22,22.31,2.79,0,25,27.8,26.19,13,0
2025-01-15 07:07:13.000+05:30,13.33,113.88,18.4,2.83,0,-1,27.7,34.99,13,0
2025-01-15 07:07:14.000+05:30,8.59,246.57,15.25,5.91,0,-6,27.6,24.51,13,0
2025-01-15 07:07:15.000+05:30,24.09,100.87,23.96,7.09,0,17,27.9,38.51,13,0
2025-01-15 07:07:16.000+05:30,16.94,217.59,19.84,8.52,0,1,27.7,32.45,13,0
2025-01-15 07:07:17.000+05:30,10.55,102.97,24.92,4.87,0,6,27.7,27.88,13,0
2025-01-15 07:07:18.000+05:30,15.8,181.47,21.76,5.33,0,20,27.7,24.19,13,0
2025-01-15 07:07:19.000+05:30,8.29,263.36,19.01,5.4,0,-8,27.6,21.46,13,0
2025-01-15 07:07:20.000+05:30,21.65,202.19,27.48,6.57,0,20,27.7,23.58,13,0
2025-01-15 07:07:21.000+05:30,9.34,124.11,22.89,6.76,0,-7,27.8,28.12,13,0
2025-01-15 07:07:22.000+05:30,7.6,96.5,17.91,2.74,0,-11,27.6,39.34,13,0
2025-01-15 07:07:23.000+05:30,20.49,170.79,18.26,6.33,0,7,27.7,25.23,13,0
2025-01-15 07:07:24.000+05:30,8.57,270.08,21.82,4.76,0,22,27.9,27.69,13,0
2025-01-15 07:07:25.000+05:30,11.5,181.26,22.87,4.18,0,8,27.7,36.01,13,0
2025-01-15 07:07:26.000+05:30,8.61,295.87,21.26,5.71,0,9,27.9,27.63,13,0
2025-01-15 07:07:27.000+05:30,13.86,226.59,20.03,3.27,0,-23,27.5,33.51,13,0
2025-01-15 07:07:28.000+05:30,10.26,122.61,17.36,4.14,0,2,27.8,21.14,13,0
2025-01-15 07:07:29.000+05:30,17.22,176.54,17.06,3.87,0,-24,27.8,39.68,13,0
2025-01-15 07:07:30.000+05:30,20.55,160.09,26.9,5.11,0,1,27.7,35.36,13,0
2025-01-15 07:07:31.000+05:30,9.13,229.88,19.01,6.33,0,1,27.6,29.33,13,0
2025-01-15 07:07:32.000+05:30,21.55,240.63,26.05,2.03,0,-9,27.7,28.48,13,0
2025-01-15 07:07:33.000+05:30,16.93,197.93,23.33,5.85,0,18,27.7,20.7,13,0
2025-01-15 07:07:34.000+05:30,19.12,184.34,27.24,5.51,0,23,27.8,29.58,13,0
2025-01-15 07:07:35.000+05:30,21.95,144.54,17.76,6.88,0,-13,27.6,37.11,13,0
2025-01-15 07:07:36.000+05:30,15.93,117.01,17.61,5.43,0,26,27.8,33.16,13,0
2025-01-15 07:07:37.000+05:30,22.74,210.8,25.51,7.59,0,11,27.8,30.36,13,0
2025-01-15 07:07:38.000+05:30,13.93,137.04,22.58,3.86,0,-8,27.8,21.57,13,0
2025-01-15 07:07:39.000+05:30,21.56,132.49,26.1,8.35,0,15,27.8,32.96,13,0
2025-01-15 07:07:40.000+05:30,11.56,250.42,18.14,5.47,0,16,27.6,20.11,13,0
2025-01-15 07:07:41.000+05:30,21.97,195.33,20.18,8.15,0,26,27.5,25.17,13,0
2025-01-15 07:07:42.000+05:30,14.94,259.24,18.64,8.07,0,3,27.5,39.36,13,0
2025-01-15 07:07:43.000+05:30,11.13,127.5,24.48,4.6,0,16,27.7,23.77,13,0
2025-01-15 07:07:44.000+05:30,11.46,212.18,18.94,7.18,0,21,27.8,38.38,13,0
2025-01-15 07:07:45.000+05:30,15.54,180.89,15.72,7.62,0,16,27.9,27.03,13,0
2025-01-15 07:07:46.000+05:30,10.93,258.38,24.18,7.87,0,17,27.9,20.92,13,0
2025-01-15 07:07:47.000+05:30,14.34,193.64,26.3,5.16,0,27,27.6,24.12,13,0
2025-01-15 07:07:48.000+05:30,14.1,141.85,20.55,6.84,0,-5,27.8,39.08,13,0
2025-01-15 07:07:49.000+05:30,20.42,134.48,26.06,8.66,0,20,27.7,23.93,13,0
2025-01-15 07:07:50.000+05:30,15.54,104.52,22.73,7.48,0,-12,27.8,35.16,13,0
2025-01-15 07:07:51.000+05:30,8.26,272.97,15.27,6.4,0,4,27.5,29.66,13,0
2025-01-15 07:07:52.000+05:30,22.73,152.14,20.09,8.84,0,0,27.7,37.62,13,0
2025-01-15 07:07:53.000+05:30,15.45,194.04,27.95,8.04,0,-14,27.6,21.74,13,0
2025-01-15 07:07:54.000+05:30,12.79,269.69,19.83,6.94,0,24,27.6,31.8,13,0
2025-01-15 07:07:55.000+05:30,24.03,280.48,23.69,7.38,0,-19,27.8,28.2,13,0
2025-01-15 07:07:56.000+05:30,7.52,168.77,21.86,4.34,0,-25,27.8,21.21,13,0
2025-01-15 07:07:57.000+05:30,23.46,199.19,27.25,8.59,0,16,27.7,24.78,13,0
2025-01-15 07:07:58.000+05:30,8.71,128.05,16.43,3.31,0,11,27.7,27.28,13,0
2025-01-15 07:07:59.000+05:30,24.38,291.19,16.33,7.15,0,1,27.7,38.27,13,0
2025-01-15 07:08:00.000+05:30,16.01,81.98,26.92,5.54,0,-26,27.8,29.79,13,0
2025-01-15 07:08:01.000+05:30,18.3,245.84,25.99,4.54,0,-13,27.5,36.37,13,0
2025-01-15 07:08:02.000+05:30,7.64,180.12,17.66,5.76,0,16,27.6,28.83,13,0
2025-01-15 07:08:03.000+05:30,24.44,257.22,17.96,5.62,0,-3,27.9,29.25,13,0
2025-01-15 07:08:04.000+05:30,12.91,142.64,23.82,8.08,0,0,27.6,32.4,13,0
2025-01-15 07:08:05.000+05:30,8.04,82.18,16.53,5.16,0,20,27.8,30.12,13,0
2025-01-15 07:08:06.000+05:30,14.02,296.93,18.19,8.64,0,-10,27.8,34.88,13,0
2025-01-15 07:08:07.000+05:30,16.05,138.74,18.39,3.87,0,6,27.9,31.24,13,0
2025-01-15 07:08:08.000+05:30,24.94,209.28,15.31,8.97,0,10,27.9,20.67,13,0
2025-01-15 07:08:09.000+05:30,14.84,265.84,25.72,3.08,0,-23,27.8,35.62,13,0
2025-01-15 07:08:10.000+05:30,9.86,263.35,23.44,8.29,0,9,27.7,31.96,13,0
2025-01-15 07:08:11.000+05:30,10.53,84.69,22.81,8.24,0,-5,27.6,27.16,13,0
2025-01-15 07:08:12.000+05:30,24.44,295.26,15.38,6.18,0,-13,27.8,36.06,13,0
2025-01-15 07:08:13.000+05:30,22.15,256.95,23.87,3.46,0,25,27.9,22.35,13,0
2025-01-15 07:08:14.000+05:30,17.97,127.3,22.26,8.45,0,-18,27.5,25.84,13,0
2025-01-15 07:08:15.000+05:30,24.05,110.81,15.51,8.98,0,-22,27.8,38.67,13,0
2025-01-15 07:08:16.000+05:30,8,196.24,16.62,6.85,0,-27,27.9,38.2,13,0
2025-01-15 07:08:17.000+05:30,13.24,196.75,24.21,3.52,0,22,27.7,28.87,13,0
2025-01-15 07:08:18.000+05:30,15.05,125.01,25.55,8.59,0,-9,27.8,36.62,13,0
2025-01-15 07:08:19.000+05:30,12.89,195.78,16.36,8.01,0,25,27.8,29.72,13,0
2025-01-15 07:08:20.000+05:30,20.76,271.47,20.68,3.92,0,-24,27.7,27.1,13,0
2025-01-15 07:08:21.000+05:30,10.32,159.71,23.4,6.8,0,12,27.8,35.67,13,0
2025-01-15 07:08:22.000+05:30,13.06,154.46,15.53,2.38,0,16,27.8,31.5,13,0
2025-01-15 07:08:23.000+05:30,21.95,152.24,18.94,7.19,0,21,27.6,22.07,13,0
2025-01-15 07:08:24.000+05:30,21.84,247.69,21.66,3.97,0,24,27.6,37.7,13,0
2025-01-15 07:08:25.000+05:30,7.55,205.86,23.51,4.02,0,28,27.6,20.82,13,0
2025-01-15 07:08:26.000+05:30,14.99,267.15,22.74,4.53,0,21,27.8,32.03,13,0
2025-01-15 07:08:27.000+05:30,10.79,269.41,21.61,2.54,0,-22,27.8,35.13,13,0
2025-01-15 07:08:28.000+05:30,15.04,250.71,18.9,7.37,0,1,27.6,29.93,13,0
2025-01-15 07:08:29.000+05:30,17.34,119.58,18.69,6.96,0,-21,27.8,30.29,13,0
2025-01-15 07:08:30.000+05:30,20.26,258.69,18.23,6.17,0,-27,27.8,20.34,13,0
2025-01-15 07:08:31.000+05:30,22.73,276.4,22.8,3.99,0,17,27.7,31.38,13,0
2025-01-15 07:08:32.000+05:30,23.13,282.85,25.99,2.74,0,6,27.6,23.95,13,0
2025-01-15 07:08:33.000+05:30,14.59,266,16.53,4.31,0,-29,27.9,26.87,13,0
2025-01-15 07:08:34.000+05:30,20.98,174.8,18.43,7.14,0,20,27.6,26.02,13,0
2025-01-15 07:08:35.000+05:30,20.96,113.67,16.92,5.38,0,30,27.6,36.11,13,0
2025-01-15 07:08:36.000+05:30,13.62,104.9,23.16,3.93,0,22,27.5,38.58,13,0
2025-01-15 07:08:37.000+05:30,13.1,291.28,19.37,3.68,0,-9,27.9,27.11,13,0
2025-01-15 07:08:38.000+05:30,13.54,175.73,17.44,2.86,0,12,27.6,39.13,13,0
2025-01-15 07:08:39.000+05:30,13.71,293.42,23.55,6.9,0,2,27.5,28.29,13,0
2025-01-15 07:08:40.000+05:30,21.77,214.81,24.86,4.11,0,-29,27.7,31.61,13,0
2025-01-15 07:08:41.000+05:30,20.66,91.18,17.61,5.32,0,0,27.7,26.59,13,0
2025-01-15 07:08:42.000+05:30,20.79,100.57,24.34,5.2,0,-6,27.9,27.82,13,0
2025-01-15 07:08:43.000+05:30,21.01,215.53,27.55,8.09,0,3,27.7,28.4,13,0
2025-01-15 07:08:44.000+05:30,24.34,193.88,21.58,4.45,0,-28,27.6,39.59,13,0
2025-01-15 07:08:45.000+05:30,21.22,201.41,22.76,2.65,0,-28,27.6,24.09,13,0
2025-01-15 07:08:46.000+05:30,12.13,87.26,24.21,6.8,0,30,27.7,34.15,13,0
2025-01-15 07:08:47.000+05:30,11.37,209.24,17.4,2.02,0,5,27.8,24.72,13,0
2025-01-15 07:08:48.000+05:30,16.34,287.6,27.93,2.44,0,-11,27.6,24.23,13,0
2025-01-15 07:08:49.000+05:30,23.9,194.34,24.78,4.89,0,17,27.9,28.08,13,0
2025-01-15 07:08:50.000+05:30,22.85,256.96,24.61,5.81,0,-19,27.6,33.99,13,0
2025-01-15 07:08:51.000+05:30,20.37,169.05,18.8,3.95,0,-13,27.8,28.26,13,0
2025-01-15 07:08:52.000+05:30,11.64,222.61,17.52,6.79,0,22,27.7,29.9,13,0
2025-01-15 07:08:53.000+05:30,11.31,210.65,23.47,5.63,0,-2,27.8,30.99,13,0
2025-01-15 07:08:54.000+05:30,12.44,214.06,17.19,4.72,0,29,27.9,21.77,13,0
2025-01-15 07:08:55.000+05:30,13.91,214.17,27.78,5.98,0,21,27.6,24.99,13,0
2025-01-15 07:08:56.000+05:30,21.55,168.74,23.5,3.37,0,10,27.7,38.83,13,0
2025-01-15 07:08:57.000+05:30,21.29,246.98,26.01,8.57,0,7,27.7,25.37,13,0
2025-01-15 07:08:58.000+05:30,14.53,299.12,21.75,8.71,0,-19,27.8,39.73,13,0
2025-01-15 07:08:59.000+05:30,17.38,253.95,18.16,7.4,0,-22,27.6,37.62,13,0
2025-01-15 07:09:00.000+05:30,17.08,110.22,26.74,3.59,0,5,27.8,29.72,13,0
2025-01-15 07:09:01.000+05:30,7.96,165.1,24.26,3.43,0,15,27.9,38.4,13,0
2025-01-15 07:09:02.000+05:30,16.37,151.89,21.52,2.36,0,7,27.7,26.59,13,0
2025-01-15 07:09:03.000+05:30,21.4,275.68,23.79,5.15,0,28,27.8,36.39,13,0
2025-01-15 07:09:04.000+05:30,13.69,256.25,21.53,5.93,0,-9,27.5,37.73,13,0
2025-01-15 07:09:05.000+05:30,20.23,281.64,23.28,5.35,0,30,27.7,32.78,13,0
2025-01-15 07:09:06.000+05:30,10.87,171.13,17.91,5.27,0,-3,27.6,22.15,13,0
2025-01-15 07:09:07.000+05:30,22.89,255.92,17.31,2.43,0,2,27.7,39.61,13,0
2025-01-15 07:09:08.000+05:30,11.5,237.38,26.25,2.96,0,6,27.5,21.66,13,0
2025-01-15 07:09:09.000+05:30,24.48,156.47,27.27,2.15,0,-24,27.6,27.48,13,0
2025-01-15 07:09:10.000+05:30,12.7,267.49,19.15,5.8,0,28,27.6,39.78,13,0
2025-01-15 07:09:11.000+05:30,10.34,203.78,26.28,5.33,0,-17,27.6,34.2,13,0
2025-01-15 07:09:12.000+05:30,15.82,210.03,24.32,7.46,0,-24,27.5,24.09,13,0
2025-01-15 07:09:13.000+05:30,7.73,295.97,25.41,6.31,0,-28,27.5,36.47,13,0
2025-01-15 07:09:14.000+05:30,9.72,212.69,21.87,4.45,0,23,27.9,33.09,13,0
2025-01-15 07:09:15.000+05:30,17.45,248.66,19.7,6.19,0,-29,27.8,22.65,13,0
2025-01-15 07:09:16.000+05:30,13.32,216.5,16.24,2.79,0,2,27.8,26.33,13,0
2025-01-15 07:09:17.000+05:30,7.81,287.28,15.08,5.39,0,-7,27.5,34.84,13,0
2025-01-15 07:09:18.000+05:30,7.72,96.9,22.74,3.07,0,-5,27.7,22.8,13,0
2025-01-15 07:09:19.000+05:30,15.2,154.61,27.17,7.76,0,-15,27.9,39.97,13,0
2025-01-15 07:09:20.000+05:30,9.79,142.35,16.07,2.88,0,-19,27.7,36,13,0
2025-01-15 07:09:21.000+05:30,14.4,167.59,15.56,3.55,0,-8,27.6,38.09,13,0
2025-01-15 07:09:22.000+05:30,7.4,247.82,18.26,4.28,0,30,27.6,28.42,13,0
2025-01-15 07:09:23.000+05:30,7.97,133.23,23.18,5.31,0,-10,27.5,29.09,13,0
2025-01-15 07:09:24.000+05:30,7.14,291.24,26.74,7.92,0,5,27.7,38.47,13,0
2025-01-15 07:09:25.000+05:30,14.67,80.6,21.01,2.53,0,14,27.7,23.56,13,0
2025-01-15 07:09:26.000+05:30,22.29,179.8,23.95,3.42,0,21,27.8,24.82,13,0
2025-01-15 07:09:27.000+05:30,17.34,130.52,24.05,3.62,0,3,27.6,27.41,13,0
2025-01-15 07:09:28.000+05:30,17.49,150.33,16.06,8.09,0,27,27.7,36.35,13,0
2025-01-15 07:09:29.000+05:30,12.34,111.96,16.41,5.7,0,-5,27.8,25.43,13,0
2025-01-15 07:09:30.000+05:30,14.42,196.23,19.35,8.5,0,-29,27.6,22.21,13,0
2025-01-15 07:09:31.000+05:30,7.62,95.14,25.07,8.34,0,2,27.5,26.1,13,0
2025-01-15 07:09:32.000+05:30,12.69,90.98,17.88,3.99,0,-16,27.9,34.47,13,0
2025-01-15 07:09:33.000+05:30,10.66,132.39,19.1,6.96,0,-1,27.8,26.05,13,0
2025-01-15 07:09:34.000+05:30,7.95,207.08,22.02,3.97,0,-16,27.7,39.82,13,0
2025-01-15 07:09:35.000+05:30,15.08,220.75,16.91,7.5,0,-13,27.7,39.33,13,0
2025-01-15 07:09:36.000+05:30,9,120.47,24.15,8.12,0,23,27.8,37.97,13,0
2025-01-15 07:09:37.000+05:30,22.53,282.49,23.16,5.96,0,23,27.8,28.98,13,0
2025-01-15 07:09:38.000+05:30,13.73,196.42,20.9,6.24,0,-24,27.7,27.09,13,0
2025-01-15 07:09:39.000+05:30,20.31,292.93,25.06,3.67,0,-27,27.8,21.38,13,0
2025-01-15 07:09:40.000+05:30,19.98,276.35,22.67,7.42,0,-15,27.8,30.96,13,0
2025-01-15 07:09:41.000+05:30,8.33,209.55,27.94,4.63,0,8,27.8,20.56,13,0
2025-01-15 07:09:42.000+05:30,11.64,146,20.01,6.93,0,25,27.6,25.92,13,0
2025-01-15 07:09:43.000+05:30,9.69,242.81,22.42,8.52,0,1,27.8,20.43,13,0
2025-01-15 07:09:44.000+05:30,24.83,270.3,15.09,3.83,0,4,27.9,20.25,13,0
2025-01-15 07:09:45.000+05:30,12.77,112.39,27.24,3.28,0,-20,27.7,33.23,13,0
2025-01-15 07:09:46.000+05:30,20.68,295.2,25.79,6.6,0,-26,27.5,36.38,13,0
2025-01-15 07:09:47.000+05:30,14.85,269.36,15.26,2.82,0,20,27.6,37.72,13,0
2025-01-15 07:09:48.000+05:30,22.09,209.28,15.88,3.95,0,-26,27.8,36.29,13,0
2025-01-15 07:09:49.000+05:30,7.88,271.92,27.93,5.5,0,-29,27.6,23.36,13,0
2025-01-15 07:09:50.000+05:30,23.44,233.67,22.83,6.23,0.25,20,27.5,35.96,12,0
2025-01-15 07:09:51.000+05:30,17.78,217.73,18.94,5.7,0.04,-24,27.7,36.71,12,0
2025-01-15 07:09:52.000+05:30,19.27,231.21,23.15,9.36,0.09,1,27.7,30.2,12,0
2025-01-15 07:09:53.000+05:30,21.36,292.35,20.53,7.87,0.17,7,27.8,30.78,12,0
2025-01-15 07:09:54.000+05:30,16.49,170.82,23.71,8.91,0.29,-15,27.8,32.58,12,0
2025-01-15 07:09:55.000+05:30,14.4,169.48,8.95,2.84,0.03,12,27.7,16.12,9,0
2025-01-15 07:09:56.000+05:30,7.98,60.23,7.43,2.7,0.07,16,27.7,17.52,9,0
2025-01-15 07:09:57.000+05:30,12.86,89.72,8.17,3.2,0.07,1,27.6,15.96,9,0
2025-01-15 07:09:58.000+05:30,9.64,255.88,8,3.43,0.04,29,27.7,17.94,9,0
2025-01-15 07:09:59.000+05:30,13.53,119.95,8.2,1.86,0.02,7,27.7,15.55,9,0
2025-01-15 07:10:00.000+05:30,14.78,87.26,6.58,1.14,0.01,14,27.7,14.8,9,0
2025-01-15 07:10:01.000+05:30,6.32,184.49,6.49,2.53,0.05,6,27.7,16.31,9,0
2025-01-15 07:10:02.000+05:30,11.95,89.72,7.48,3.71,0.02,18,27.7,14.31,9,0
2025-01-15 07:10:03.000+05:30,11.47,58.32,8.57,3.12,0.05,20,27.7,16.95,9,0
2025-01-15 07:10:04.000+05:30,5.95,119.18,7.33,2.69,0.02,13,27.6,14.54,9,0
2025-01-15 07:10:05.000+05:30,11.33,153.1,7.92,1.5,0.02,7,27.8,14.63,9,0
2025-01-15 07:10:06.000+05:30,12.02,110.98,7.47,2.81,0.06,-22,27.6,14.66,9,0
2025-01-15 07:10:07.000+05:30,5.76,142.5,7.84,2.73,0.09,-15,27.7,14.03,9,0
2025-01-15 07:10:08.000+05:30,6.71,201.46,9.38,2.49,0.08,-10,27.6,16.59,9,0
2025-01-15 07:10:09.000+05:30,10.2,188.64,8.9,4.12,0.06,-17,27.5,15.83,9,0
2025-01-15 07:10:10.000+05:30,4.13,113.27,7.21,2.28,0.03,14,27.5,16.01,9,0
2025-01-15 07:10:11.000+05:30,13.73,153.94,6.13,3.35,0.09,-27,27.7,15.84,9,0
2025-01-15 07:10:12.000+05:30,10.76,203.95,6.75,3.37,0.09,-8,27.9,15.8,9,0
2025-01-15 07:10:13.000+05:30,5.17,178.48,6.79,3.31,0.04,22,27.8,15.51,9,0
2025-01-15 07:10:14.000+05:30,18.6,219.38,8.15,2.3,0.04,-16,27.8,17.04,9,0
2025-01-15 07:10:15.000+05:30,11.85,242.33,7.06,1.42,0.08,-11,27.6,14.27,9,0
2025-01-15 07:10:16.000+05:30,10.28,207.22,7.9,3.49,0.03,-21,27.5,17.37,9,0
2025-01-15 07:10:17.000+05:30,18.28,72.43,8.1,1.28,0.05,-4,27.7,16.56,9,0
2025-01-15 07:10:18.000+05:30,17.95,184.72,6.86,1.62,0.08,-15,27.6,16.51,9,0
2025-01-15 07:10:19.000+05:30,18.51,117.4,8.11,4.19,0.09,-25,27.6,14.31,9,0
2025-01-15 07:10:20.000+05:30,10.49,229.57,7.2,2.48,0.01,23,27.7,14.37,9,0
2025-01-15 07:10:21.000+05:30,16.31,234.55,6.65,1.75,0.08,-10,27.6,15.34,9,0
2025-01-15 07:10:22.000+05:30,18.82,50.68,6.71,1.49,0.02,20,27.7,16.84,9,0
2025-01-15 07:10:23.000+05:30,14.06,85.62,8.65,3.28,0,-25,27.8,17.35,9,0
2025-01-15 07:10:24.000+05:30,6.18,111.97,7.1,2.53,0.01,9,27.9,17.81,9,0
2025-01-15 07:10:25.000+05:30,16.16,104.43,8.74,3.88,0.01,20,27.6,14.2,9,0
2025-01-15 07:10:26.000+05:30,11.7,229.18,6.31,2.77,0.1,-5,27.6,15.43,9,0
2025-01-15 07:10:27.000+05:30,4.27,104.55,9.05,1.34,0.02,-20,27.6,17.65,9,0
2025-01-15 07:10:28.000+05:30,3.81,120.97,6.27,3.06,0.09,-14,27.8,15.35,9,0
2025-01-15 07:10:29.000+05:30,3.46,203.71,9.63,2.08,0.02,-3,27.7,16.7,9,0
2025-01-15 07:10:30.000+05:30,14.42,52.59,8.07,4.92,0.06,-9,27.9,17.68,9,0
2025-01-15 07:10:31.000+05:30,13.84,234.65,8.21,2.76,0.06,16,27.7,16.67,9,0
2025-01-15 07:10:32.000+05:30,4.9,62.5,7.32,3.95,0.03,-25,27.8,14.71,9,0
2025-01-15 07:10:33.000+05:30,16.67,185.06,6.41,2.13,0.06,-13,27.7,17.64,9,0
2025-01-15 07:10:34.000+05:30,6.93,109.69,9,1.87,0.05,15,27.7,15.45,9,0
2025-01-15 07:10:35.000+05:30,11.81,89.81,6.48,4.42,0.04,27,27.5,14.62,9,0
2025-01-15 07:10:36.000+05:30,4.76,199.23,6.43,2.21,0,27,27.7,14.21,9,0
2025-01-15 07:10:37.000+05:30,7.15,114.52,8.47,3.01,0.1,-7,27.7,15.56,9,0
2025-01-15 07:10:38.000+05:30,11.24,195.12,6.59,1.75,0.08,12,27.7,14.5,9,0
2025-01-15 07:10:39.000+05:30,17.08,118.66,8.43,1.41,0.04,14,27.8,17.83,9,0
2025-01-15 07:10:40.000+05:30,4.1,240.86,7.25,4.18,0.07,-29,27.9,16.24,9,0
2025-01-15 07:10:41.000+05:30,3.67,62.94,7.26,1.55,0.01,26,27.7,15.61,9,0
2025-01-15 07:10:42.000+05:30,4.9,252.58,7.16,3.17,0.09,16,27.6,17.89,9,0
2025-01-15 07:10:43.000+05:30,16.98,234.12,9.68,2.58,0.09,-25,27.8,15.91,9,0
2025-01-15 07:10:44.000+05:30,18.98,83.2,9.98,2.25,0.09,26,27.6,17.87,9,0
2025-01-15 07:10:45.000+05:30,6.11,139.02,9.2,4.25,0.05,19,27.6,14.12,9,0
2025-01-15 07:10:46.000+05:30,17.62,91.56,9.97,4.73,0.07,1,27.8,17.01,9,0
2025-01-15 07:10:47.000+05:30,17.47,139.59,7.58,2.88,0.01,26,27.9,16.16,9,0
2025-01-15 07:10:48.000+05:30,10.49,231.28,6.3,2.8,0.03,23,27.8,17.17,9,0
2025-01-15 07:10:49.000+05:30,2.35,224.84,8.8,4.53,0.04,14,27.8,14.29,9,0
2025-01-15 07:10:50.000+05:30,15.67,175.65,9.45,4.87,0.01,21,27.9,17.19,9,0
2025-01-15 07:10:51.000+05:30,7.86,88.4,7.39,4.54,0.04,4,27.7,17.24,9,0
2025-01-15 07:10:52.000+05:30,5.53,87.36,9.99,2.74,0.07,15,27.6,17.01,9,0
2025-01-15 07:10:53.000+05:30,11.37,196.86,6.88,3.63,0.08,29,27.7,14.68,9,0
2025-01-15 07:10:54.000+05:30,5.24,130.08,6.77,3.68,0.02,5,27.8,17.34,9,0
2025-01-15 07:10:55.000+05:30,10.77,150.4,9.94,4.67,0.03,-16,27.6,16.6,9,0
2025-01-15 07:10:56.000+05:30,17.54,212.39,6.92,3.08,0.06,-26,27.8,16.32,9,0
2025-01-15 07:10:57.000+05:30,14.33,193.16,8.37,3.7,0.07,-11,27.8,15.27,9,0
2025-01-15 07:10:58.000+05:30,14.24,122.7,9.26,4.93,0.1,0,27.6,14.01,9,0
2025-01-15 07:10:59.000+05:30,14.29,165.83,9.1,2.19,0.03,9,27.8,16.31,9,0
2025-01-15 07:11:00.000+05:30,8.79,214.27,7.82,3.02,0.07,19,27.5,15.66,9,0
2025-01-15 07:11:01.000+05:30,11.3,52.41,7.3,3.32,0.01,-14,27.7,17.12,9,0
2025-01-15 07:11:02.000+05:30,14.58,108.36,6.69,4.6,0.06,-18,27.8,15.35,9,0
2025-01-15 07:11:03.000+05:30,16.02,198.68,8.97,3.45,0.04,-4,27.6,14.39,9,0
2025-01-15 07:11:04.000+05:30,13.71,73.04,8.99,4.7,0.01,1,27.6,16.39,9,0
2025-01-15 07:11:05.000+05:30,3.82,98.38,9.44,4.73,0.02,16,27.7,17.03,9,0
2025-01-15 07:11:06.000+05:30,18.03,120.39,6.12,1.26,0.02,27,27.6,17.53,9,0
2025-01-15 07:11:07.000+05:30,6.03,78.2,9.46,2.95,0.05,25,27.9,17.24,9,0
2025-01-15 07:11:08.000+05:30,2.67,198.97,9.53,4.3,0.02,4,27.5,16.53,9,0
2025-01-15 07:11:09.000+05:30,10.77,142.68,9.55,4.49,0.08,6,27.8,16.62,9,0
2025-01-15 07:11:10.000+05:30,8.01,230.75,8.7,3.97,0.09,-22,27.9,15.28,9,0
2025-01-15 07:11:11.000+05:30,4.04,239.66,7.76,2.27,0.06,24,27.7,14.98,9,0
2025-01-15 07:11:12.000+05:30,15.88,64.77,7.22,4.37,0.02,-24,27.9,17.96,9,0
2025-01-15 07:11:13.000+05:30,18.94,155.81,6.65,1.96,0.08,-9,27.8,16.93,9,0
2025-01-15 07:11:14.000+05:30,11.88,104.48,9.32,1.11,0.08,2,27.8,16.13,9,0
2025-01-15 07:11:15.000+05:30,6.14,137.67,8.19,2.49,0.01,-28,27.6,14.15,9,0
2025-01-15 07:11:16.000+05:30,10.51,113.96,8.83,1.09,0.01,3,27.6,14.18,9,0
2025-01-15 07:11:17.000+05:30,9.19,139.17,8.2,3.13,0.06,-19,27.8,16.53,9,0
2025-01-15 07:11:18.000+05:30,6.79,177.38,7.91,4.66,0,-29,27.6,16.66,9,0
2025-01-15 07:11:19.000+05:30,12.95,189.5,7.02,3.9,0.03,-28,27.7,14.52,9,0
2025-01-15 07:11:20.000+05:30,3.13,59.45,6.08,4.37,0,-12,27.5,14.05,9,0
2025-01-15 07:11:21.000+05:30,4.07,120.61,7.34,3.98,0.06,16,27.7,14.53,9,0
2025-01-15 07:11:22.000+05:30,18.59,80.82,8.72,3.72,0.06,18,27.8,15.43,9,0
2025-01-15 07:11:23.000+05:30,13.77,77.4,6.34,2.51,0.08,21,27.8,16.84,9,0
2025-01-15 07:11:24.000+05:30,17.15,167.45,8.33,2.99,0.06,-1,27.7,17.4,9,0
2025-01-15 07:11:25.000+05:30,10.09,141.97,7.48,1.25,0.05,-26,27.6,15.86,9,0
2025-01-15 07:11:26.000+05:30,5.62,162.78,8.13,3.3,0.06,21,27.6,16.57,9,0
2025-01-15 07:11:27.000+05:30,6.72,150.08,6.16,2.44,0.06,17,27.7,15.28,9,0
2025-01-15 07:11:28.000+05:30,17.8,219.78,6.34,3.95,0.05,-13,27.5,16.9,9,0
2025-01-15 07:11:29.000+05:30,11.44,193.97,7.99,4.9,0.07,16,27.8,17.12,9,0
2025-01-15 07:11:30.000+05:30,6.22,183.07,6.43,4.51,0.08,9,27.6,16.04,9,0
2025-01-15 07:11:31.000+05:30,11.67,211.12,8.16,2.3,0.07,-28,27.6,16.88,9,0
2025-01-15 07:11:32.000+05:30,6.74,114.19,6.76,1.94,0.02,6,27.6,14.32,9,0
2025-01-15 07:11:33.000+05:30,2.53,136.22,8.07,4.39,0.09,-27,27.8,14.03,9,0
2025-01-15 07:11:34.000+05:30,18.38,65.69,7.42,2.83,0.07,13,27.9,14.74,9,0
2025-01-15 07:11:35.000+05:30,8.1,186.26,8.88,4.02,0.07,29,27.8,15.07,9,0
2025-01-15 07:11:36.000+05:30,2.61,209.36,9.67,3.83,0.07,14,27.9,15.82,9,0
2025-01-15 07:11:37.000+05:30,16.87,162.99,9.21,4.71,0.02,16,27.6,16.86,9,0
2025-01-15 07:11:38.000+05:30,18.55,72.23,9.7,3.96,0.05,12,27.5,14.56,9,0
2025-01-15 07:11:39.000+05:30,6.71,211.5,8.47,2.98,0.1,20,27.6,17.95,9,0
2025-01-15 07:11:40.000+05:30,8.84,194.5,7.47,2.97,0.07,-13,27.5,17.57,9,0
2025-01-15 07:11:41.000+05:30,17.09,250.04,9.94,3.21,0.04,-4,27.6,14.33,9,0
2025-01-15 07:11:42.000+05:30,6.65,251.59,6.5,2.17,0.08,-27,27.8,17.84,9,0
2025-01-15 07:11:43.000+05:30,11.57,137.03,6.33,4.22,0.1,-1,27.8,16.01,9,0
2025-01-15 07:11:44.000+05:30,5.93,82.98,7.85,1.19,0.03,20,27.8,15.18,9,0
2025-01-15 07:11:45.000+05:30,9.88,78.27,9.36,3.64,0.08,9,27.8,16.27,9,0
2025-01-15 07:11:46.000+05:30,13.17,103.84,9.25,3.72,0.08,-27,27.6,16.56,9,0
2025-01-15 07:11:47.000+05:30,18.33,157.82,6.4,2.86,0.06,2,27.9,17.51,9,0
2025-01-15 07:11:48.000+05:30,11.75,104.84,9.37,1.64,0.05,3,27.5,15.13,9,0
2025-01-15 07:11:49.000+05:30,17.79,192.82,6.24,3.05,0.08,-22,27.6,15.15,9,0
2025-01-15 07:11:50.000+05:30,15.84,243.69,8.76,4.26,0.01,-20,27.7,17.15,9,0
2025-01-15 07:11:51.000+05:30,12.11,238.48,7.9,1.09,0.03,-1,27.6,17.61,9,0
2025-01-15 07:11:52.000+05:30,14.39,82.46,9.55,4.22,0.05,22,27.8,14.11,9,0
2025-01-15 07:11:53.000+05:30,15.29,119.43,7.52,2.26,0.09,-17,27.5,16.69,9,0
2025-01-15 07:11:54.000+05:30,15.97,104.15,8.55,1.45,0.08,10,27.6,17.6,9,0
2025-01-15 07:11:55.000+05:30,30.89,572.83,22.97,6.62,3.82,-28,27.6,0.74,10,0
2025-01-15 07:11:56.000+05:30,15.1,308.25,28.1,5.38,4.19,29,27.7,5.93,10,0
2025-01-15 07:11:57.000+05:30,69.14,416.38,29.05,10.35,3.7,-10,27.8,9.38,10,0
2025-01-15 07:11:58.000+05:30,14.55,792.81,21.3,9.17,4.31,15,27.7,8.7,10,0
2025-01-15 07:11:59.000+05:30,24.02,350.67,29.51,3.77,2.07,-10,27.6,11.58,10,0
2025-01-15 07:12:00.000+05:30,55.08,897.93,23.8,11.74,2.79,11,27.7,1.78,10,0
2025-01-15 07:12:01.000+05:30,10.78,328.14,30.22,8.22,5.36,-28,27.6,4.35,10,0
2025-01-15 07:12:02.000+05:30,19.06,384.71,26.66,8.34,5.21,14,27.6,7.16,10,0
2025-01-15 07:12:03.000+05:30,49.19,857.09,24,8.8,3.4,-29,27.9,0.42,10,0
2025-01-15 07:12:04.000+05:30,38.24,289.17,25.96,8.99,1,27,27.8,9.61,10,0
2025-01-15 07:12:05.000+05:30,35.42,395.56,23.11,10.11,2.18,-19,27.6,1.84,10,0
2025-01-15 07:12:06.000+05:30,51.18,575.1,25.79,5.57,5.69,-14,27.8,7.92,10,0
2025-01-15 07:12:07.000+05:30,22.45,455.92,23.39,3.48,2.98,4,27.8,5.41,10,0
2025-01-15 07:12:08.000+05:30,65.21,509.71,26.56,4.13,4.73,21,27.6,6.4,10,0
2025-01-15 07:12:09.000+05:30,20.1,556.09,22.73,10.97,6.19,11,27.8,4.92,10,0
2025-01-15 07:12:10.000+05:30,48.15,503.1,26.99,4.26,0.63,-29,27.7,11.85,10,0
2025-01-15 07:12:11.000+05:30,61.16,422.1,31.73,9.58,3.94,18,27.7,0.61,10,0
2025-01-15 07:12:12.000+05:30,43.13,894.65,30.25,10.33,1.31,-14,27.7,8.85,10,0
2025-01-15 07:12:13.000+05:30,34.74,351.73,31.43,6.25,5.85,15,27.7,11.12,10,0
2025-01-15 07:12:14.000+05:30,19.68,698.81,29.29,4.96,2.62,-16,27.8,9.09,10,0
2025-01-15 07:12:15.000+05:30,68.65,757.27,23.57,9.07,3.91,-14,27.9,13.08,10,0
2025-01-15 07:12:16.000+05:30,66.08,554.35,26.88,4.4,5.77,20,27.8,5.98,10,0
2025-01-15 07:12:17.000+05:30,44.27,429.34,24.97,5.36,5.78,14,27.8,4.29,10,0
2025-01-15 07:12:18.000+05:30,29.32,658.83,30.11,9.6,5.49,16,27.6,2.43,10,0
2025-01-15 07:12:19.000+05:30,13.88,714.16,23.45,9.55,4.25,16,27.5,2.01,10,0
2025-01-15 07:12:20.000+05:30,21.4,804,31.18,5.52,0.63,-17,27.7,2.99,10,0
2025-01-15 07:12:21.000+05:30,48.94,342.78,24.65,7.16,5.73,-29,27.8,3.79,10,0
2025-01-15 07:12:22.000+05:30,24.44,285.88,28.74,6.5,4.28,-20,27.7,1.39,10,0
2025-01-15 07:12:23.000+05:30,21.58,310.85,21.47,3.14,0.54,25,27.8,1.9,10,0
2025-01-15 07:12:24.000+05:30,40.51,645.98,20.45,9.97,2.16,7,27.6,8.91,10,0
2025-01-15 07:12:25.000+05:30,56.97,856.52,31.73,11.53,3.02,-4,27.7,13.04,10,0
2025-01-15 07:12:26.000+05:30,57.06,376.84,27.5,5.87,2.01,-16,27.8,12.75,10,0
2025-01-15 07:12:27.000+05:30,69.67,552.36,28.78,4.2,3.01,8,27.7,13.49,10,0
2025-01-15 07:12:28.000+05:30,54.01,379.75,29.9,6.1,0.73,-30,27.7,1.93,10,0
2025-01-15 07:12:29.000+05:30,54.67,303.34,22.32,8.65,1.93,3,27.7,13.95,10,0
2025-01-15 07:12:30.000+05:30,62.26,686.55,24.59,10.11,5.24,1,27.5,3.03,10,0
2025-01-15 07:12:31.000+05:30,63.86,564.9,21.34,3.24,1.53,5,27.6,7.84,10,0
2025-01-15 07:12:32.000+05:30,42.04,402.07,27.98,8.12,2.56,-17,27.8,6.67,10,0
2025-01-15 07:12:33.000+05:30,36.43,803.99,30.85,3.95,1.24,-18,27.9,6.67,10,0
2025-01-15 07:12:34.000+05:30,24.33,314.81,23.74,6.06,5.59,13,27.8,10.74,10,0
2025-01-15 07:12:35.000+05:30,49.2,898.52,27.28,10.47,4.47,-4,27.7,7.36,10,0
2025-01-15 07:12:36.000+05:30,8.17,648.8,25.66,4.56,3.7,-25,27.8,8.8,10,0
2025-01-15 07:12:37.000+05:30,66.46,337.59,27.01,9.77,2.09,8,27.9,2.52,10,0
2025-01-15 07:12:38.000+05:30,51.08,624.95,29.27,4.18,1.7,21,27.7,11.38,10,0
2025-01-15 07:12:39.000+05:30,56.13,659.26,28.66,11.51,1.16,20,27.7,5.05,10,0
2025-01-15 07:12:40.000+05:30,19.46,385.83,29.83,7.96,3.57,25,27.5,11.12,10,0
2025-01-15 07:12:41.000+05:30,45.12,860.93,25.58,3.11,5.94,-23,27.9,10.28,10,0
2025-01-15 07:12:42.000+05:30,65.76,290.13,26.16,7.92,3.31,14,27.8,4.89,10,0
2025-01-15 07:12:43.000+05:30,27.45,696.97,24.06,11.92,3.85,-24,27.6,8.05,10,0
2025-01-15 07:12:44.000+05:30,9.71,655.91,30.9,4.58,1.91,-12,27.8,5.77,10,0
2025-01-15 07:12:45.000+05:30,15.06,373.91,25.15,6.05,3.58,19,27.8,1.75,10,0
2025-01-15 07:12:46.000+05:30,9.48,767.67,31.03,8.86,2.04,28,27.5,9.27,10,0
2025-01-15 07:12:47.000+05:30,67.13,425.92,24.82,3.95,5.5,-18,27.9,3.65,10,0
2025-01-15 07:12:48.000+05:30,45.1,388.76,26.89,5.58,2.93,30,27.8,12.3,10,0
2025-01-15 07:12:49.000+05:30,62.86,547.44,31.62,6.97,5.6,26,27.8,7.84,10,0
2025-01-15 07:12:50.000+05:30,42.51,730.9,30.38,9.27,5.26,-10,27.7,5.04,10,0
2025-01-15 07:12:51.000+05:30,46.1,872.95,21.03,6.56,5.12,11,27.6,6.11,10,0
2025-01-15 07:12:52.000+05:30,34.01,867.76,26.05,8.62,4.22,9,27.9,6.3,10,0
2025-01-15 07:12:53.000+05:30,20.65,562.53,20.87,4.44,3.78,-23,27.7,12.3,10,0
2025-01-15 07:12:54.000+05:30,23.76,692.5,27.17,11.99,5.78,-15,27.9,3.62,10,0
2025-01-15 07:12:55.000+05:30,34.63,269.34,25.28,5.63,3.25,-6,27.6,8.25,10,0
2025-01-15 07:12:56.000+05:30,57.51,796.32,24.48,10.08,1.52,14,27.9,6.05,10,0
2025-01-15 07:12:57.000+05:30,15.79,292.11,31.65,10,5.97,30,27.8,9.36,10,0
2025-01-15 07:12:58.000+05:30,36.59,393.34,24.11,7.47,1.3,0,27.9,5.45,10,0
2025-01-15 07:12:59.000+05:30,69.31,358.75,22.99,3.24,4.95,2,27.8,6.41,10,0
2025-01-15 07:13:00.000+05:30,28.98,635.67,24.41,4.28,2.24,-6,27.7,4.77,10,0
2025-01-15 07:13:01.000+05:30,7.44,605.38,28.69,3.01,5.47,21,27.7,12.84,10,0
2025-01-15 07:13:02.000+05:30,32.66,647.68,28.37,4.85,1.65,-26,27.8,12.74,10,0
2025-01-15 07:13:03.000+05:30,68.46,785.96,24.87,8.89,1.21,-3,27.8,7.22,10,0
2025-01-15 07:13:04.000+05:30,40.77,654.58,28.16,11.98,3.03,-2,27.8,10.08,10,0
2025-01-15 07:13:05.000+05:30,8.74,578.93,20.52,3.4,3.34,-24,27.8,13.14,10,0
2025-01-15 07:13:06.000+05:30,56.59,418.41,25.34,11.94,4.97,-25,27.8,10.27,10,0
2025-01-15 07:13:07.000+05:30,48.61,894.77,30.7,5.55,2.71,12,27.8,6.13,10,0
2025-01-15 07:13:08.000+05:30,59.03,838.06,22.86,11.19,3.11,-25,27.9,2.61,10,0
2025-01-15 07:13:09.000+05:30,63.2,713.04,29.6,10.49,4.71,-7,27.8,3.57,10,0
2025-01-15 07:13:10.000+05:30,34.54,338.04,21.79,9.84,4.63,-13,27.6,4.31,10,0
2025-01-15 07:13:11.000+05:30,38.87,824.72,27.53,5.26,4.64,2,27.7,8.46,10,0
2025-01-15 07:13:12.000+05:30,33.35,713.63,28.23,4.55,4.11,15,27.6,1.91,10,0
2025-01-15 07:13:13.000+05:30,61.78,794.08,26.29,10.57,5.73,6,27.8,1.72,10,0
2025-01-15 07:13:14.000+05:30,7.9,707.15,21.48,10.75,1.29,-12,27.8,9.74,10,0
2025-01-15 07:13:15.000+05:30,66.73,425.48,29.37,6.78,5.76,-7,27.8,6.76,10,0
2025-01-15 07:13:16.000+05:30,49.01,330.7,31.41,8.85,2.67,-10,27.7,0.1,10,0
2025-01-15 07:13:17.000+05:30,44.11,407.63,21.01,3.89,4.41,-7,27.7,10.34,10,0
2025-01-15 07:13:18.000+05:30,32.24,849.2,29.83,11.51,4.79,-7,27.8,5.59,10,0
2025-01-15 07:13:19.000+05:30,52.33,506.31,30.34,7.33,2.75,-22,27.5,7.87,10,0
2025-01-15 07:13:20.000+05:30,49.29,854.13,30.2,4.26,2.98,-10,27.9,4.61,10,0
2025-01-15 07:13:21.000+05:30,11.45,492.8,23.45,8.61,3.46,7,27.7,7.41,10,0
2025-01-15 07:13:22.000+05:30,37.72,351.9,24.33,9.66,1.31,-26,27.8,0.07,10,0
2025-01-15 07:13:23.000+05:30,41.9,703.1,24.97,8.47,3.89,20,27.8,7.51,10,0
2025-01-15 07:13:24.000+05:30,47.66,536.35,28.23,3.31,2.67,-11,27.7,6.71,10,0
2025-01-15 07:13:25.000+05:30,67.49,389.39,20.45,4.46,5.44,-27,27.6,3.6,10,0
2025-01-15 07:13:26.000+05:30,41.27,381.55,26.8,11.08,1.88,-25,27.5,0.28,10,0
2025-01-15 07:13:27.000+05:30,14.06,816.07,23.15,3.19,2.52,-10,27.6,7.02,10,0
2025-01-15 07:13:28.000+05:30,38.38,497.78,28.36,6.2,3.75,-26,27.6,1.46,10,0
2025-01-15 07:13:29.000+05:30,32.96,552.77,23.04,7.09,5.94,-26,27.9,2.96,10,0
2025-01-15 07:13:30.000+05:30,67.33,823,22.4,7.52,4.56,-15,27.6,1.25,10,0
2025-01-15 07:13:31.000+05:30,68.04,871.35,30.97,6.89,5.5,-17,27.8,9.2,10,0
2025-01-15 07:13:32.000+05:30,41.18,775.59,24.26,10.97,3.56,-26,27.7,9.3,10,0
2025-01-15 07:13:33.000+05:30,40.63,350.15,31.33,6.48,0.76,9,27.8,1.72,10,0
2025-01-15 07:13:34.000+05:30,69.57,755.94,30.99,6.89,2,8,27.6,5.94,10,0
2025-01-15 07:13:35.000+05:30,36.64,710.36,22.02,4.76,5.07,4,27.6,9.58,10,0
2025-01-15 07:13:36.000+05:30,34.19,810.4,30.04,7.37,3.86,0,27.7,2.68,10,0
2025-01-15 07:13:37.000+05:30,59.82,827.33,20.58,10.31,0.52,29,27.8,9.17,10,0
2025-01-15 07:13:38.000+05:30,38.15,309.33,29.11,9.12,6.18,16,27.8,4.38,10,0
2025-01-15 07:13:39.000+05:30,61.42,795.48,22.25,11.6,3.09,-22,27.5,1.41,10,0
2025-01-15 07:13:40.000+05:30,61.21,493.81,20.9,3.37,2.06,20,27.7,4.93,10,0
2025-01-15 07:13:41.000+05:30,59.05,781.93,28.68,6.75,1.54,-5,27.6,0.5,10,0
2025-01-15 07:13:42.000+05:30,32.71,664.59,22.83,4.91,4.37,-21,27.6,0.51,10,0
2025-01-15 07:13:43.000+05:30,53.1,505.29,23.88,9.06,1.02,-15,27.5,3.87,10,0
2025-01-15 07:13:44.000+05:30,38.15,460.56,30.26,9.81,5.28,-13,27.9,0.92,10,0
2025-01-15 07:13:45.000+05:30,10.86,825.85,26.35,4.71,5.9,-13,27.6,0.69,10,0
2025-01-15 07:13:46.000+05:30,54.88,737.2,22.55,10.8,5.87,24,27.7,7.22,10,0
2025-01-15 07:13:47.000+05:30,66.24,621.6,29.49,3.22,2.01,29,27.8,0.05,10,0
2025-01-15 07:13:48.000+05:30,12.42,840.67,20.14,7.36,4.31,13,27.6,2.43,10,0
2025-01-15 07:13:49.000+05:30,50.44,860.77,21.55,10.83,3.21,1,27.7,9,10,0
2025-01-15 07:13:50.000+05:30,28.62,542.14,20.78,4.15,2.53,-9,27.6,13.26,10,0
2025-01-15 07:13:51.000+05:30,42.12,328.31,25.62,3.88,5.68,-24,27.6,5.69,10,0
2025-01-15 07:13:52.000+05:30,50.05,631.26,29.58,8.19,5.46,-19,27.7,8.5,10,0
2025-01-15 07:13:53.000+05:30,10.21,348.85,20.83,3.53,4.16,-14,27.8,2.91,10,0
2025-01-15 07:13:54.000+05:30,21.02,419.72,20.61,4.42,4.03,9,27.8,10.37,10,0
2025-01-15 07:13:55.000+05:30,27.83,375.8,23.46,7.02,1.58,23,27.7,9.87,10,0
2025-01-15 07:13:56.000+05:30,59.37,645.93,27.24,3.39,3.06,8,27.5,1.57,10,0
2025-01-15 07:13:57.000+05:30,69.14,481.85,22.91,9.27,2.57,28,27.5,6.47,10,0
2025-01-15 07:13:58.000+05:30,25.13,375.69,29.48,3.81,5.86,-19,27.5,2.62,10,0
2025-01-15 07:13:59.000+05:30,65.35,510.62,27.84,9.06,3.91,15,27.6,0.64,10,0
2025-01-15 07:14:00.000+05:30,22.84,512.08,30.52,6.53,2.15,-20,27.8,2.94,10,0
2025-01-15 07:14:01.000+05:30,42.5,768.4,27.06,5.28,1.39,29,27.8,10.64,10,0
2025-01-15 07:14:02.000+05:30,46.79,556.57,21.8,11.28,5.96,2,27.6,5.57,10,0
2025-01-15 07:14:03.000+05:30,16.9,585.51,30.17,7.57,5.53,4,27.6,6.24,10,0
2025-01-15 07:14:04.000+05:30,37.39,296.08,30.99,4.7,4.78,-30,27.5,3.05,10,0
2025-01-15 07:14:05.000+05:30,9.73,298.4,25.08,8.71,1.3,25,27.7,7.2,10,0
2025-01-15 07:14:06.000+05:30,67.31,856.37,30.62,5.55,2.61,0,27.6,5.78,10,0
2025-01-15 07:14:07.000+05:30,48.46,876.91,27.85,5.17,2.06,-17,27.6,5.9,10,0
2025-01-15 07:14:08.000+05:30,51.84,784.83,24.24,10.1,4.84,25,27.7,5.78,10,0
2025-01-15 07:14:09.000+05:30,66.11,753.58,24.01,9.74,4.69,-1,27.6,4.66,10,0
2025-01-15 07:14:10.000+05:30,19.85,882.64,29.08,10.36,3.43,16,27.8,1.52,10,0
2025-01-15 07:14:11.000+05:30,38.48,624.08,24.64,9.33,3.73,-4,27.6,12.78,10,0
2025-01-15 07:14:12.000+05:30,32.95,286.74,31.14,11.29,5.73,-16,27.7,3.2,10,0
2025-01-15 07:14:13.000+05:30,26.83,376.7,30.12,9.63,3.44,-25,27.5,8.92,10,0
2025-01-15 07:14:14.000+05:30,17.06,881.29,21.53,3.83,2.01,28,27.7,4.94,10,0
2025-01-15 07:14:15.000+05:30,30.2,721.02,25.44,4.17,3.26,-13,27.5,5.78,10,0
2025-01-15 07:14:16.000+05:30,16.07,534.97,22.57,4.66,5.32,-26,27.6,0.65,10,0
2025-01-15 07:14:17.000+05:30,37.66,374.52,26.71,4.1,4.03,10,27.8,2.8,10,0
2025-01-15 07:14:18.000+05:30,26.62,886.52,22.28,4.38,3.96,-25,27.8,5.17,10,0
2025-01-15 07:14:19.000+05:30,49.44,864.28,23.67,6.55,1.26,-1,27.8,3.64,10,0
2025-01-15 07:14:20.000+05:30,49.64,687.27,29.72,4.78,0.81,4,27.9,7.64,10,0
2025-01-15 07:14:21.000+05:30,48.53,680.01,29.02,6.63,4.42,30,27.9,0.34,10,0
2025-01-15 07:14:22.000+05:30,38.86,458.85,24.79,11.82,2.65,5,27.6,4.32,10,0
2025-01-15 07:14:23.000+05:30,65.54,784.53,28.16,8.09,2.26,2,27.6,7.25,10,0
2025-01-15 07:14:24.000+05:30,49.98,487.83,28.75,7.76,2.41,20,27.8,2.53,10,0
2025-01-15 07:14:25.000+05:30,17.41,565.1,22.21,6.42,4.78,21,27.9,2.05,10,0
2025-01-15 07:14:26.000+05:30,15.99,546.67,29.78,7.39,4.1,22,27.9,4.26,10,0
2025-01-15 07:14:27.000+05:30,65.07,784.82,27.27,4.49,5.98,-13,27.7,10.19,10,0
2025-01-15 07:14:28.000+05:30,19.12,690.06,22.89,8.74,5.49,-4,27.7,13.69,10,0
2025-01-15 07:14:29.000+05:30,9.9,324.08,31.48,8.4,4.74,-27,27.9,1.22,10,0
2025-01-15 07:14:30.000+05:30,61.82,513.35,26.03,7.94,4.82,14,27.7,10.45,10,0
2025-01-15 07:14:31.000+05:30,36.67,887.1,31.6,5.45,1.93,-14,27.9,12.52,10,0
2025-01-15 07:14:32.000+05:30,54.5,695.32,29.56,8.85,5.68,3,27.9,5.04,10,0
2025-01-15 07:14:33.000+05:30,46.16,467.37,29.6,5.07,2.21,5,27.9,0.66,10,0
2025-01-15 07:14:34.000+05:30,21.36,679.7,30.43,7.9,3.6,7,27.8,1.7,10,0
2025-01-15 07:14:35.000+05:30,23.87,529.33,20.82,4.22,5.25,1,27.9,12.86,10,0
2025-01-15 07:14:36.000+05:30,44.96,762.43,27.58,8.49,5.1,13,27.9,1.27,10,0
2025-01-15 07:14:37.000+05:30,17.08,771.87,20.92,4.94,3.36,-29,27.5,5.14,10,0
2025-01-15 07:14:38.000+05:30,16.66,631.16,24.37,4.95,5.79,22,27.7,3.39,10,0
2025-01-15 07:14:39.000+05:30,54.87,398.78,20.8,9.91,3.88,-20,27.7,2.48,10,0
2025-01-15 07:14:40.000+05:30,18.57,338.2,27.14,6.84,1.57,-19,27.7,11.67,10,0
2025-01-15 07:14:41.000+05:30,45.08,834.44,31.38,3.88,4.91,-10,27.7,6.8,10,0
2025-01-15 07:14:42.000+05:30,43.24,701.13,20.09,3.05,1.1,18,27.8,8.15,10,0
2025-01-15 07:14:43.000+05:30,66.93,500.78,24.11,11.64,1.71,30,27.6,10.61,10,0
2025-01-15 07:14:44.000+05:30,26.46,412.61,31.89,10.06,3.41,-23,27.6,10.89,10,0
2025-01-15 07:14:45.000+05:30,11.58,442.19,25.91,6.92,1.16,10,27.5,6.51,10,0
2025-01-15 07:14:46.000+05:30,52.08,613.57,20.13,7.34,3.54,-28,27.8,2.61,10,0
2025-01-15 07:14:47.000+05:30,10.35,658.88,27.88,9.59,3.46,4,27.9,12.05,10,0
2025-01-15 07:14:48.000+05:30,19.73,661.34,26.81,4.03,5.27,-6,27.8,2.35,10,0
2025-01-15 07:14:49.000+05:30,7.79,499.78,27.2,9.39,1.51,4,27.6,9.77,10,0
2025-01-15 07:14:50.000+05:30,50.04,742.64,22.24,7.06,1.41,25,27.5,2.07,10,0
2025-01-15 07:14:51.000+05:30,17.33,400.96,21.18,7.21,2.47,3,27.9,4.06,10,0
2025-01-15 07:14:52.000+05:30,53.94,367.18,24.64,9.12,1.08,-5,27.7,10.6,10,0
2025-01-15 07:14:53.000+05:30,13.98,774.05,31.85,7.21,5.23,17,27.6,7.52,10,0
2025-01-15 07:14:54.000+05:30,44.66,374.89,21.15,4.7,2.76,-20,27.7,3.59,10,0
2025-01-15 07:14:55.000+05:30,21.73,270.07,22.05,8.53,2.2,21,27.9,6.77,10,0
2025-01-15 07:14:56.000+05:30,28.29,670.06,20.28,11.51,0.57,-26,27.7,11.09,10,0
2025-01-15 07:14:57.000+05:30,24.7,307.53,27.98,3.25,2.34,3,27.6,4.48,10,0
2025-01-15 07:14:58.000+05:30,27.15,610.56,24.95,7.4,0.86,2,27.6,10.94,10,0
2025-01-15 07:14:59.000+05:30,35.48,574.97,28.81,8.03,4.64,11,27.7,13.95,10,0
2025-01-15 07:15:00.000+05:30,24.17,448.23,20.48,11.4,1.82,27,27.5,4.59,10,0
2025-01-15 07:15:01.000+05:30,38.35,364.59,22,8.77,6.1,16,27.6,3.39,10,0
2025-01-15 07:15:02.000+05:30,18.81,276.51,30.16,7.92,1.85,-24,27.5,0.15,10,0
2025-01-15 07:15:03.000+05:30,16.93,788.91,23.07,6.84,1.61,-29,27.5,5.37,10,0
2025-01-15 07:15:04.000+05:30,45.93,285.31,20.35,5.73,2.79,13,27.7,0.9,10,0
2025-01-15 07:15:05.000+05:30,51.94,434.83,31.41,10.22,4.6,12,27.7,6.45,10,0
2025-01-15 07:15:06.000+05:30,41.07,861.06,30.29,8.1,5.7,30,27.6,7.79,10,0
2025-01-15 07:15:07.000+05:30,48.41,364.66,31.46,10.14,5.23,12,27.7,6.27,10,0
2025-01-15 07:15:08.000+05:30,26.4,450.57,28.22,11.46,3.59,-23,27.7,9.21,10,0
2025-01-15 07:15:09.000+05:30,64.58,323.87,29.04,10.6,5.18,-4,27.7,4.69,10,0
2025-01-15 07:15:10.000+05:30,50.8,557.42,24.99,3.64,5.4,6,27.7,1.81,10,0
2025-01-15 07:15:11.000+05:30,8.83,569.72,26.82,10.11,3.06,-26,27.9,4.29,10,0
2025-01-15 07:15:12.000+05:30,37.44,866.48,29.1,3.36,5.54,5,27.5,9.32,10,0
2025-01-15 07:15:13.000+05:30,51.35,484,22.76,7.07,5.48,12,27.6,6.17,10,0
2025-01-15 07:15:14.000+05:30,61.31,726.26,20.71,11.26,4.13,-19,27.7,9.02,10,0
2025-01-15 07:15:15.000+05:30,40.02,615.6,29.41,6.25,3.36,-1,27.9,2.45,10,0
2025-01-15 07:15:16.000+05:30,46.02,820.9,22.28,8.66,2.43,13,27.8,6.62,10,0
2025-01-15 07:15:17.000+05:30,17.29,836.73,20.36,10.34,1.88,12,27.7,7.04,10,0
2025-01-15 07:15:18.000+05:30,51.97,771.94,23.7,6.46,3.54,13,27.7,3.73,10,0
2025-01-15 07:15:19.000+05:30,43.89,408.81,28.67,6.54,4.36,-15,27.7,1.83,10,0
2025-01-15 07:15:20.000+05:30,41.84,613.83,27.94,6.65,5,-15,27.6,2.18,10,0
2025-01-15 07:15:21.000+05:30,68.78,404.48,22.82,5.81,0.52,-20,27.5,5.47,10,0
2025-01-15 07:15:22.000+05:30,13.57,531.44,22.95,10.02,1.17,-22,27.5,9.68,10,0
2025-01-15 07:15:23.000+05:30,32.1,385.6,30.59,11.86,1.51,-17,27.7,12.23,10,0
2025-01-15 07:15:24.000+05:30,57.38,598.03,25.04,10.98,1.61,-12,27.6,6.43,10,0
2025-01-15 07:15:25.000+05:30,29.92,771.5,21.41,11.17,4.22,-13,27.8,4.29,10,0
2025-01-15 07:15:26.000+05:30,65.84,313.79,21.26,6.06,5.57,6,27.6,3.71,10,0
2025-01-15 07:15:27.000+05:30,47.42,366.69,29.76,8.69,3.53,24,27.8,4.19,10,0
2025-01-15 07:15:28.000+05:30,25.92,412.09,21.32,6.3,1.42,28,27.7,1.56,10,0
2025-01-15 07:15:29.000+05:30,54.4,670.68,22.08,5.27,2.71,8,27.9,2.49,10,0
2025-01-15 07:15:30.000+05:30,69.41,371.06,25.29,4.84,1.72,9,27.7,12.7,10,0
2025-01-15 07:15:31.000+05:30,38.24,749.39,26.84,4.06,1.87,-1,27.6,0.03,10,0
2025-01-15 07:15:32.000+05:30,14.51,495.89,31.33,3.68,3.52,0,27.9,11.99,10,0
2025-01-15 07:15:33.000+05:30,18.18,699.91,22.82,6.06,3.15,-20,27.6,12.44,10,0
2025-01-15 07:15:34.000+05:30,53.63,898.49,20.31,7.53,1.3,-11,27.9,5.66,10,0
2025-01-15 07:15:35.000+05:30,22.03,566.18,27.68,10.43,2.69,-17,27.8,2.35,10,0
2025-01-15 07:15:36.000+05:30,69.23,666.84,31.05,8.69,0.58,17,27.7,5.89,10,0
2025-01-15 07:15:37.000+05:30,14.2,276.95,29.71,8.35,2.86,28,27.6,10.5,10,0
2025-01-15 07:15:38.000+05:30,13.45,779.71,29.59,10.16,3.46,14,27.8,6.88,10,0
2025-01-15 07:15:39.000+05:30,31.3,265.73,20.93,9.95,3,-30,27.5,4.9,10,0
2025-01-15 07:15:40.000+05:30,63.72,463.79,21.67,11.92,0.96,28,27.6,0.62,10,0
2025-01-15 07:15:41.000+05:30,10.32,842.63,25.77,8.02,5.12,20,27.9,7.58,10,0
2025-01-15 07:15:42.000+05:30,61.18,875.63,27.67,4.02,1.48,26,27.5,7.76,10,0
2025-01-15 07:15:43.000+05:30,54.09,654.94,23.54,6.35,5.35,18,27.7,8.66,10,0
2025-01-15 07:15:44.000+05:30,45.08,667.46,31.58,7.55,1.99,-27,27.8,0.45,10,0
2025-01-15 07:15:45.000+05:30,25.01,438.09,23.24,5.32,0.58,23,27.7,6.66,10,0
2025-01-15 07:15:46.000+05:30,22.54,800.12,31.01,3.61,6.08,-20,27.7,8.1,10,0
2025-01-15 07:15:47.000+05:30,65.38,466.12,27.19,10.8,2.06,12,27.7,13.65,10,0
2025-01-15 07:15:48.000+05:30,34.52,833.05,30.77,9.32,3.97,-16,27.5,2.39,10,0
2025-01-15 07:15:49.000+05:30,26.81,565.83,25.63,10.39,4.16,-17,27.7,11.88,10,0
2025-01-15 07:15:50.000+05:30,34.38,560.19,28.64,3.9,2.6,-13,27.8,3.06,10,0
2025-01-15 07:15:51.000+05:30,40.74,462.53,29.26,10.36,1.81,-15,27.6,0.78,10,0
2025-01-15 07:15:52.000+05:30,57.93,734.93,30.49,7.78,4.87,9,27.8,8.86,10,0
2025-01-15 07:15:53.000+05:30,31.13,718.68,30.26,6.77,2.54,28,27.9,9.47,10,0
2025-01-15 07:15:54.000+05:30,8.08,571.15,30.14,10.17,1,-12,27.6,1.24,10,0
2025-01-15 07:15:55.000+05:30,17.41,347.54,23.73,8.9,5.71,26,27.8,7.37,10,0
2025-01-15 07:15:56.000+05:30,60.84,480.95,23.52,7.52,6.1,-16,27.6,8.49,10,0
2025-01-15 07:15:57.000+05:30,30.53,475.27,29.61,8.77,3.18,16,27.9,6.34,10,0
2025-01-15 07:15:58.000+05:30,27.84,786.69,28.67,6.76,4.39,19,27.6,5.08,10,0
2025-01-15 07:15:59.000+05:30,63.45,570.94,30.32,8.04,4.77,16,27.9,10.17,10,0
2025-01-15 07:16:00.000+05:30,16.75,308.67,22.05,5.98,5.16,-12,27.7,7.71,10,0
2025-01-15 07:16:01.000+05:30,56.97,801.25,20.62,8.94,5.09,24,27.6,10.82,10,0
2025-01-15 07:16:02.000+05:30,37.26,740.97,30.89,8.59,3.71,-3,27.6,10.65,10,0
2025-01-15 07:16:03.000+05:30,17.21,763.38,24.77,5.29,5.48,6,27.7,13.3,10,0
2025-01-15 07:16:04.000+05:30,15.96,784.76,27.98,6.05,0.72,5,27.6,0.01,10,0
2025-01-15 07:16:05.000+05:30,12.65,625.02,20.99,4.16,1.32,-10,27.7,7.9,10,0
2025-01-15 07:16:06.000+05:30,27.17,795.78,26.52,3.62,6.16,8,27.8,9.46,10,0
2025-01-15 07:16:07.000+05:30,30.63,418.5,21.93,5.56,0.9,-3,27.8,1.83,10,0
2025-01-15 07:16:08.000+05:30,8.37,298.11,24.25,3.2,5.01,26,27.7,2.86,10,0
2025-01-15 07:16:09.000+05:30,11.34,643.24,26.31,4.7,1.32,-6,27.9,2.51,10,0
2025-01-15 07:16:10.000+05:30,69.79,831.58,22.26,4.97,3.39,15,27.9,4.02,10,0
2025-01-15 07:16:11.000+05:30,11.16,314.42,30.61,6.46,6.16,23,27.8,2.83,10,0
2025-01-15 07:16:12.000+05:30,49.67,299.14,29.78,5.63,0.99,-15,27.7,9.1,10,0
2025-01-15 07:16:13.000+05:30,57.67,535.13,27.98,9.09,4.09,-25,27.6,12.85,10,0
2025-01-15 07:16:14.000+05:30,64.37,605.78,28.77,9.16,0.88,29,27.7,8.12,10,0
2025-01-15 07:16:15.000+05:30,52.67,722.85,24.96,11.46,4.96,24,27.7,6.37,10,0
2025-01-15 07:16:16.000+05:30,55.21,551.93,23.73,6.14,2.39,-17,27.6,12.4,10,0
2025-01-15 07:16:17.000+05:30,67.65,330.93,23.97,10.75,1.93,17,27.8,5.02,10,0
2025-01-15 07:16:18.000+05:30,13.8,292.33,24.58,4.84,2.3,22,27.5,2.88,10,0
2025-01-15 07:16:19.000+05:30,45.95,740.71,22.31,5.25,4.22,-17,27.6,12.3,10,0
2025-01-15 07:16:20.000+05:30,53.95,304.69,31.69,7.68,2.42,-1,27.5,11,10,0
2025-01-15 07:16:21.000+05:30,30.72,271.11,21.66,10.16,0.58,15,27.5,6.16,10,0
2025-01-15 07:16:22.000+05:30,46.83,338.91,29.9,5.75,3.39,-24,27.9,6.12,10,0
2025-01-15 07:16:23.000+05:30,63.98,528.84,23.43,11.86,4.69,-22,27.7,3.57,10,0
2025-01-15 07:16:24.000+05:30,62.36,830.55,25.44,3.49,3.82,6,27.6,0.75,10,0
2025-01-15 07:16:25.000+05:30,37.11,368.08,22.01,3.3,1.8,-7,27.7,11.17,10,0
2025-01-15 07:16:26.000+05:30,19.99,555.74,21.34,6.37,1.53,19,27.7,3.7,10,0
2025-01-15 07:16:27.000+05:30,63.32,638.71,30.68,9.46,5.94,8,27.6,4.2,10,0
2025-01-15 07:16:28.000+05:30,12.2,694.37,24.01,8.24,4.77,-13,27.6,9.81,10,0
2025-01-15 07:16:29.000+05:30,58.44,680.36,23.52,5.69,1.93,-15,27.8,4.5,10,0
2025-01-15 07:16:30.000+05:30,7.37,425.01,31.62,4.53,5.48,26,27.8,13.7,10,0
2025-01-15 07:16:31.000+05:30,40.16,577.13,24.39,5.3,5.58,2,27.7,11.02,10,0
2025-01-15 07:16:32.000+05:30,55.01,643.43,24.16,3.41,5.59,-2,27.9,4.22,10,0
2025-01-15 07:16:33.000+05:30,54.16,654.28,29.04,6.81,1.32,-9,27.9,8.98,10,0
2025-01-15 07:16:34.000+05:30,53.8,840.86,28.37,3.52,4.44,-1,27.7,9.32,10,0
2025-01-15 07:16:35.000+05:30,51.8,790.34,25.94,5.43,5.35,-15,27.5,0.6,10,0
2025-01-15 07:16:36.000+05:30,13.16,684.72,20.15,7.39,4.02,17,27.5,11.23,10,0
2025-01-15 07:16:37.000+05:30,62.77,484.03,23.88,4.6,2.47,15,27.7,9.07,10,0
2025-01-15 07:16:38.000+05:30,65.06,819.34,30.43,9.84,4.8,27,27.7,6.86,10,0
2025-01-15 07:16:39.000+05:30,64.99,874.06,28.16,6.81,5.54,2,27.5,7.29,10,0
2025-01-15 07:16:40.000+05:30,29.59,559.58,28.31,6.28,2.87,25,27.7,5.83,10,0
2025-01-15 07:16:41.000+05:30,42.26,632.65,23.62,3.39,1.87,-15,27.7,13.08,10,0
2025-01-15 07:16:42.000+05:30,32.66,269.06,26.82,6.33,1.18,25,27.9,5.79,10,0
2025-01-15 07:16:43.000+05:30,20.8,635.69,24.98,4.69,1.25,29,27.5,12.69,10,0
2025-01-15 07:16:44.000+05:30,16.36,512.75,24.85,8.34,0.96,15,27.7,2.03,10,0
2025-01-15 07:16:45.000+05:30,42.75,801.23,30.7,8.02,4.83,7,27.7,12.28,10,0
2025-01-15 07:16:46.000+05:30,26.16,568.31,29.04,7.57,3.96,-18,27.5,5.72,10,0
2025-01-15 07:16:47.000+05:30,33.77,403.66,24.17,7.45,0.79,-6,27.7,9.92,10,0
2025-01-15 07:16:48.000+05:30,59.34,377.25,29.14,10.32,4.67,-22,27.6,5.91,10,0
2025-01-15 07:16:49.000+05:30,66.3,345.85,23.38,8.28,4.6,1,27.7,0.14,10,0
2025-01-15 07:16:50.000+05:30,68.3,742.01,21.09,10.43,5.41,13,27.8,3.41,10,0
2025-01-15 07:16:51.000+05:30,59.72,492.21,24.15,10.31,0.53,-19,27.6,11.03,10,0
2025-01-15 07:16:52.000+05:30,33.03,482.91,25.65,8.77,2.51,-5,27.7,6.37,10,0
2025-01-15 07:16:53.000+05:30,25.23,750.46,26.25,10.2,0.51,-30,27.8,4.17,10,0
2025-01-15 07:16:54.000+05:30,51.73,398.94,28.93,7.22,0.61,-11,27.8,10.53,10,0
2025-01-15 07:16:55.000+05:30,17.97,544.47,30.38,11.88,1.68,-22,27.8,11.11,10,0
2025-01-15 07:16:56.000+05:30,21.44,478.59,24.96,4.04,3.43,-30,27.9,10.54,10,0
2025-01-15 07:16:57.000+05:30,59.59,605.63,28.24,6.86,5.2,7,27.6,9.85,10,0
2025-01-15 07:16:58.000+05:30,48.97,524.37,21.66,3.6,2.41,12,27.8,12.86,10,0
2025-01-15 07:16:59.000+05:30,51.74,320.09,31.16,7.52,0.95,8,27.5,6.78,10,0
2025-01-15 07:17:00.000+05:30,66.17,668.03,25.09,6.54,2.74,9,27.6,10.08,10,0
2025-01-15 07:17:01.000+05:30,18.04,307.13,22.96,6.73,5.34,-13,27.6,8.14,10,0
2025-01-15 07:17:02.000+05:30,19.13,885.39,25.9,3.44,1.49,-13,27.9,9.3,10,0
2025-01-15 07:17:03.000+05:30,8.94,403.95,24.33,6.11,4.42,-24,27.8,9.33,10,0
2025-01-15 07:17:04.000+05:30,16.78,420.6,24.12,10.61,3.05,-4,27.7,9.64,10,0
2025-01-15 07:17:05.000+05:30,13.18,664.07,20.57,10.26,4.97,-7,27.7,3.49,10,0
2025-01-15 07:17:06.000+05:30,35.65,299.42,29.48,4.13,5.39,-21,27.6,5.57,10,0
2025-01-15 07:17:07.000+05:30,60.82,446.95,26.5,3.65,2.53,8,27.9,11.19,10,0
2025-01-15 07:17:08.000+05:30,21.99,581.78,22.03,3.04,4.56,-13,27.7,4.59,10,0
2025-01-15 07:17:09.000+05:30,34.83,524.74,26.89,5.21,4.64,-8,27.7,5.71,10,0
2025-01-15 07:17:10.000+05:30,59.87,348.11,30.83,4.5,1.26,18,27.7,13.25,10,0
2025-01-15 07:17:11.000+05:30,59.9,679.53,27.88,9.38,3.71,26,27.8,11.4,10,0
2025-01-15 07:17:12.000+05:30,15.26,455.15,30.27,8.22,2.19,17,27.8,9.39,10,0
2025-01-15 07:17:13.000+05:30,53.64,464.7,25.76,10.28,2.83,16,27.9,5.53,10,0
2025-01-15 07:17:14.000+05:30,64.87,603.08,25.24,8.63,0.59,26,27.9,10.32,10,0
2025-01-15 07:17:15.000+05:30,51.54,632.88,21.08,6.31,2.48,-2,27.7,5.6,10,0
2025-01-15 07:17:16.000+05:30,15.92,393.3,28.36,11.76,4.97,29,27.8,5.1,10,0
2025-01-15 07:17:17.000+05:30,54.67,505.52,20.18,4.05,4.95,10,27.7,1.22,10,0
2025-01-15 07:17:18.000+05:30,33.15,327.89,29.3,9.04,2.84,1,27.7,9.88,10,0
2025-01-15 07:17:19.000+05:30,69.7,540.54,20.01,4.26,5.64,29,27.8,12.64,10,0
2025-01-15 07:17:20.000+05:30,20.52,861.48,21.2,3.6,0.57,9,27.7,12.78,10,0
2025-01-15 07:17:21.000+05:30,60.7,534.31,22.64,4.48,0.6,-16,27.6,9.06,10,0
2025-01-15 07:17:22.000+05:30,22.76,403.22,30.75,6.25,3.25,-24,27.7,6.44,10,0
2025-01-15 07:17:23.000+05:30,50.88,482.4,27.91,5.93,5.09,24,27.6,11.75,10,0
2025-01-15 07:17:24.000+05:30,32.71,566.12,23.81,6.52,3.07,-26,27.7,8.41,10,0
2025-01-15 07:17:25.000+05:30,52.73,263.61,31.36,11.95,2.04,5,27.8,5.96,10,0
2025-01-15 07:17:26.000+05:30,38.19,878.83,28.62,3.45,2.52,-3,27.7,13.55,10,0
2025-01-15 07:17:27.000+05:30,10.66,362.93,22.55,3.85,6.02,-3,27.8,11.21,10,0
2025-01-15 07:17:28.000+05:30,33.43,462.39,31.81,10,5.6,6,27.6,9.61,10,0
2025-01-15 07:17:29.000+05:30,10.26,269.04,21.09,5.64,1.2,20,27.7,4.42,10,0
2025-01-15 07:17:30.000+05:30,53.2,286.17,20.84,8.22,0.82,-28,27.7,12.45,10,0
2025-01-15 07:17:31.000+05:30,39.7,860.44,23.09,6.97,4.82,-11,27.8,3.25,10,0
2025-01-15 07:17:32.000+05:30,24.83,800.51,29.04,5.09,3.77,5,27.7,13.57,10,0
2025-01-15 07:17:33.000+05:30,13.59,328.68,26.37,11.52,2.65,-16,27.6,0.95,10,0
2025-01-15 07:17:34.000+05:30,19.67,268.49,23.53,11.39,3.59,20,27.8,3.54,10,0
2025-01-15 07:17:35.000+05:30,29.58,303.37,21.04,11.13,4.24,-8,27.7,2.75,10,0
2025-01-15 07:17:36.000+05:30,61.17,269.22,23.53,8.96,2.11,-10,27.7,11.56,10,0
2025-01-15 07:17:37.000+05:30,46.15,732.53,27.08,9.56,1.8,-15,27.7,10.8,10,0
2025-01-15 07:17:38.000+05:30,51.71,694.8,31.85,6.5,2.95,-6,27.8,13.91,10,0
2025-01-15 07:17:39.000+05:30,60.02,595.1,31.26,11.07,5.27,19,27.9,12.52,10,0
2025-01-15 07:17:40.000+05:30,26.51,674.51,26.77,10.36,3.18,-1,27.6,3.05,10,0
2025-01-15 07:17:41.000+05:30,49.15,677.58,20.26,3.9,1.62,14,27.8,3.34,10,0
2025-01-15 07:17:42.000+05:30,48.86,665.53,30.47,10.37,4.52,18,27.7,2.53,10,0
2025-01-15 07:17:43.000+05:30,39.12,821.57,25.66,6.13,2.26,-10,27.5,1.12,10,0
2025-01-15 07:17:44.000+05:30,21.07,814.96,20.93,7.23,2.87,23,27.7,4.78,10,0
2025-01-15 07:17:45.000+05:30,60.06,575.71,27.11,11.89,4.96,5,27.7,11.38,10,0
2025-01-15 07:17:46.000+05:30,15.49,281.36,22.73,11.3,3.52,-2,27.6,13.76,10,0
2025-01-15 07:17:47.000+05:30,34.58,281.44,26.04,9.77,1.56,-30,27.6,9.51,10,0
2025-01-15 07:17:48.000+05:30,7.82,540.26,26.36,4,5.47,18,27.7,2.38,10,0
2025-01-15 07:17:49.000+05:30,48.73,371.98,23.88,9.76,3.15,-5,27.6,2.65,10,0
2025-01-15 07:17:50.000+05:30,60.02,565.04,23.11,6.27,4.46,-16,27.7,4.33,10,0
2025-01-15 07:17:51.000+05:30,55.23,487.48,28.63,11.75,2.19,22,27.7,11.35,10,0
2025-01-15 07:17:52.000+05:30,16.21,807.88,21.67,6.77,5.31,-27,27.8,8.45,10,0
2025-01-15 07:17:53.000+05:30,58.43,493.79,21.25,11.33,5.17,-3,27.7,4.41,10,0
2025-01-15 07:17:54.000+05:30,22.73,408.62,30.38,3.67,3.12,-4,27.7,4.02,10,0
2025-01-15 07:17:55.000+05:30,9.34,495.69,27.93,9.76,5.32,8,27.7,7.45,10,0
2025-01-15 07:17:56.000+05:30,38.75,394.09,20.81,8.25,1.98,-27,27.6,4.53,10,0
2025-01-15 07:17:57.000+05:30,37.55,585.85,25.14,5.24,4.07,27,27.6,10.45,10,0
2025-01-15 07:17:58.000+05:30,19.77,414.27,22.48,7.86,1.36,26,27.6,4.21,10,0
2025-01-15 07:17:59.000+05:30,24.57,465.45,20.64,3.69,5.42,16,27.7,12.23,10,0
2025-01-15 07:18:00.000+05:30,40.42,869.72,21.6,4.73,3.6,-18,27.8,11.53,10,0
2025-01-15 07:18:01.000+05:30,67.58,897.04,28.87,11.17,3.14,12,27.7,5.29,10,0
2025-01-15 07:18:02.000+05:30,49.32,754.66,28.58,9.19,5.68,29,27.7,5.29,10,0
2025-01-15 07:18:03.000+05:30,53.36,568.1,28.68,4.62,5.59,0,27.5,3.02,10,0
2025-01-15 07:18:04.000+05:30,50.13,480.51,31.92,7.23,4.82,14,27.6,10.53,10,0
2025-01-15 07:18:05.000+05:30,40.18,625.31,30.41,11.26,5.04,16,27.7,2.17,10,0
2025-01-15 07:18:06.000+05:30,24.67,754.01,28.55,4.58,5.99,2,27.8,3.12,10,0
2025-01-15 07:18:07.000+05:30,7.06,860.98,31.99,6.53,2.49,-14,27.8,9.59,10,0
2025-01-15 07:18:08.000+05:30,12.97,581.15,23.29,6.31,0.87,-20,27.6,7.55,10,0
2025-01-15 07:18:09.000+05:30,63.55,828.2,31,3.77,4.87,-16,27.6,0.72,10,0
2025-01-15 07:18:10.000+05:30,21.15,389.94,30.98,7.55,2.96,12,27.6,2.67,10,0
2025-01-15 07:18:11.000+05:30,45.58,457.35,25.36,10.32,3.62,-2,27.5,5.32,10,0
2025-01-15 07:18:12.000+05:30,59.18,582.4,28.57,8.89,1.03,17,27.8,2.07,10,0
2025-01-15 07:18:13.000+05:30,10.76,527.41,30.21,6.67,3.56,10,27.6,5.4,10,0
2025-01-15 07:18:14.000+05:30,34.61,292.34,28.16,10.42,5.88,-29,27.7,2.45,10,0
2025-01-15 07:18:15.000+05:30,60.62,608.4,22.13,8.38,4.21,-1,27.9,4.05,10,0
2025-01-15 07:18:16.000+05:30,48.86,511.48,20.94,4.82,0.59,-6,27.5,7.76,10,0
2025-01-15 07:18:17.000+05:30,36.55,736.3,31.61,4.37,4.89,-17,27.8,3.3,10,0
2025-01-15 07:18:18.000+05:30,32.53,649.55,26.19,10.29,4.96,-12,27.7,9.34,10,0
2025-01-15 07:18:19.000+05:30,46.8,537.19,31.98,5.29,4.22,13,27.5,3.12,10,0
2025-01-15 07:18:20.000+05:30,66.4,299.08,31.41,3.88,2.85,-3,27.6,10.76,10,0
2025-01-15 07:18:21.000+05:30,54.36,351.95,23.29,10.53,2.24,-30,27.7,4.06,10,0
2025-01-15 07:18:22.000+05:30,27.87,653.81,31.12,11.56,1.37,-8,27.5,12.53,10,0
2025-01-15 07:18:23.000+05:30,59.76,665.67,26.14,7.74,0.95,19,27.7,5.36,10,0
2025-01-15 07:18:24.000+05:30,9.76,682.29,20.72,10.8,5.58,7,27.5,4.15,10,0
2025-01-15 07:18:25.000+05:30,13.55,427.58,27.92,4.79,5.23,28,27.8,8.74,10,0
2025-01-15 07:18:26.000+05:30,30.92,785.21,30.82,5.5,6,10,27.7,5.83,10,0
2025-01-15 07:18:27.000+05:30,41.29,464.45,25.65,11.37,5.34,-26,27.7,2.07,10,0
2025-01-15 07:18:28.000+05:30,10.53,373.73,28.2,4.38,1.71,-18,27.6,7.35,10,0
2025-01-15 07:18:29.000+05:30,53.78,802.17,20.17,3.69,0.89,13,27.7,12.95,10,0
2025-01-15 07:18:30.000+05:30,17.81,590.12,20.29,5.19,4.26,10,27.9,13.87,10,0
2025-01-15 07:18:31.000+05:30,8.92,532.41,25.33,5.27,2.44,12,27.6,13.02,10,0
2025-01-15 07:18:32.000+05:30,14.69,748.93,23.06,8.17,2.31,21,27.5,3.58,10,0
2025-01-15 07:18:33.000+05:30,42.46,771.77,26.63,4.49,4.8,-20,27.5,8.11,10,0
2025-01-15 07:18:34.000+05:30,56.33,584.89,28.06,7.94,2.53,-27,27.7,9.15,10,0
2025-01-15 07:18:35.000+05:30,61.15,695.24,21.66,10.6,5.48,-23,27.9,7.67,10,0
2025-01-15 07:18:36.000+05:30,16.95,648.66,21.99,11.68,5.35,0,27.8,10.63,10,0
2025-01-15 07:18:37.000+05:30,69.17,346.96,29,8.4,1.82,-15,27.5,8.41,10,0
2025-01-15 07:18:38.000+05:30,58.56,700.32,22.03,3.41,4.81,8,27.7,6.81,10,0
2025-01-15 07:18:39.000+05:30,16.57,882.83,26.73,7.55,2.11,28,27.9,0.66,10,0
2025-01-15 07:18:40.000+05:30,68.29,694.67,22.78,8.78,2.52,7,27.7,2.95,10,0
2025-01-15 07:18:41.000+05:30,16.72,728.06,29.09,9.64,0.61,-29,27.7,3.15,10,0
2025-01-15 07:18:42.000+05:30,47.36,785.52,23.45,6.7,1.9,11,27.5,1.79,10,0
2025-01-15 07:18:43.000+05:30,27.12,273.03,31.7,9.79,2.05,24,27.7,9.39,10,0
2025-01-15 07:18:44.000+05:30,13.67,634.11,30.04,4.06,1.21,1,27.6,2.96,10,0
2025-01-15 07:18:45.000+05:30,10.74,293.27,23.04,5.31,3.76,-24,27.8,3.24,10,0
2025-01-15 07:18:46.000+05:30,36.71,570.03,23.02,9.43,0.67,-8,27.7,9.94,10,0
2025-01-15 07:18:47.000+05:30,49.81,582.64,23.32,11.53,2.76,1,27.8,9.44,10,0
2025-01-15 07:18:48.000+05:30,37.17,759.67,27.19,6.64,5.89,-16,27.7,6.19,10,0
2025-01-15 07:18:49.000+05:30,52.97,751.19,30.21,10.15,2,5,27.5,2.07,10,0
2025-01-15 07:18:50.000+05:30,7.1,539.27,27.13,7.51,1.38,-22,27.8,11.76,10,0
2025-01-15 07:18:51.000+05:30,49.74,634.8,23.38,5.76,3.81,-23,27.7,10.83,10,0
2025-01-15 07:18:52.000+05:30,15.61,648.93,28.5,7.35,3.01,28,27.7,1.85,10,0
2025-01-15 07:18:53.000+05:30,42.32,866.17,31.22,4.95,4.72,-5,27.7,5.98,10,0
2025-01-15 07:18:54.000+05:30,11.38,461.66,23.14,8.83,0.88,1,27.7,4.74,10,0
2025-01-15 07:18:55.000+05:30,23.86,650.28,30.55,7.64,4.81,-17,27.9,3.08,10,0
2025-01-15 07:18:56.000+05:30,55.06,489.05,27.19,4.22,4.48,-28,27.7,11.89,10,0
2025-01-15 07:18:57.000+05:30,40.85,481.26,22.17,10.25,5.27,-12,27.8,12.32,10,0
2025-01-15 07:18:58.000+05:30,8.9,313.82,27.43,8.42,5.26,-9,27.6,4.26,10,0
2025-01-15 07:18:59.000+05:30,37.83,690.06,27.85,10.71,0.71,30,27.7,10.65,10,0
2025-01-15 07:19:00.000+05:30,43.28,526.89,26.41,8.43,2.58,25,27.6,11.09,10,0
2025-01-15 07:19:01.000+05:30,37.19,548.46,27.32,3.85,5.8,19,27.8,9.29,10,0
2025-01-15 07:19:02.000+05:30,8.34,560.89,30.9,6.61,5.65,-24,27.9,10.21,10,0
2025-01-15 07:19:03.000+05:30,39.69,737.32,23.52,3.99,4.34,-10,27.7,13.53,10,0
2025-01-15 07:19:04.000+05:30,47.27,829.86,20.38,10.7,5.7,27,27.8,11.27,10,0
2025-01-15 07:19:05.000+05:30,48.59,584,27.94,10.22,4.36,29,27.7,5.94,10,0
2025-01-15 07:19:06.000+05:30,13.35,464.98,25.55,5.08,1.91,-23,27.5,10.68,10,0
2025-01-15 07:19:07.000+05:30,40.9,472.36,31.96,11.25,2.89,-23,27.9,13.06,10,0
2025-01-15 07:19:08.000+05:30,31.26,777.9,28.33,7.94,0.88,23,27.8,13.56,10,0
2025-01-15 07:19:09.000+05:30,59.92,366.4,25.89,8.06,4.16,-7,27.9,7.48,10,0
2025-01-15 07:19:10.000+05:30,17.37,629.57,28.09,3.58,5.51,3,27.6,0.36,10,0
2025-01-15 07:19:11.000+05:30,52.3,482.51,31.99,10.01,5.49,15,27.6,2.71,10,0
2025-01-15 07:19:12.000+05:30,51.49,437.98,25.47,6.75,1.21,6,27.7,4.49,10,0
2025-01-15 07:19:13.000+05:30,38.12,575.55,21.48,9.76,5.26,15,27.9,3.57,10,0
2025-01-15 07:19:14.000+05:30,13.02,739.83,20.03,3.53,4.69,-2,27.6,0.51,10,0
2025-01-15 07:19:15.000+05:30,9.84,412.6,30.34,4.11,4.64,19,27.5,4.37,10,0
2025-01-15 07:19:16.000+05:30,55.43,648.65,21.91,6.7,4.72,5,27.7,2.47,10,0
2025-01-15 07:19:17.000+05:30,63.6,739.46,23.67,7.08,1.67,7,27.8,3.74,10,0
2025-01-15 07:19:18.000+05:30,43.27,734.14,21.79,10.77,1.15,28,27.7,11.94,10,0
2025-01-15 07:19:19.000+05:30,50.45,779.97,24.89,10.42,2.33,16,27.9,3.86,10,0
2025-01-15 07:19:20.000+05:30,39.05,794.92,30.04,9.32,5.86,-15,27.9,13.55,10,0
2025-01-15 07:19:21.000+05:30,37.51,302.83,20.72,9.31,1.57,14,27.6,8.22,10,0
2025-01-15 07:19:22.000+05:30,47.8,637.66,29.55,9.24,3.32,-10,27.6,1.69,10,0
2025-01-15 07:19:23.000+05:30,32.28,751.42,21.28,5.61,1.78,-27,27.9,0.28,10,0
2025-01-15 07:19:24.000+05:30,16.94,501.29,29.52,3.42,1.19,-4,27.8,12.61,10,0
2025-01-15 07:19:25.000+05:30,60.34,557.5,21.77,9.99,0.5,-21,27.9,1.55,10,0
2025-01-15 07:19:26.000+05:30,43.27,712.24,28.26,3.92,2.95,-10,27.5,10.38,10,0
2025-01-15 07:19:27.000+05:30,62.02,747.09,22.14,9.27,1.4,28,27.5,10.09,10,0
2025-01-15 07:19:28.000+05:30,25.53,587.5,27.55,7.38,4.6,-22,27.9,6.47,10,0
2025-01-15 07:19:29.000+05:30,17.58,825.65,20.42,9.64,2.28,-5,27.8,13.31,10,0
2025-01-15 07:19:30.000+05:30,69.45,627.71,23.82,5.78,2.9,-22,27.6,12.4,10,0
2025-01-15 07:19:31.000+05:30,10.41,440.97,29.68,11.9,3.42,-28,27.8,13.74,10,0
2025-01-15 07:19:32.000+05:30,34.46,273.72,28.32,3.97,4.55,-28,27.8,9.84,10,0
2025-01-15 07:19:33.000+05:30,18.64,842.58,22.85,3.27,4.06,-16,27.5,13.87,10,0
2025-01-15 07:19:34.000+05:30,15.51,767.5,28.06,10.34,4.56,-3,27.7,5.37,10,0
2025-01-15 07:19:35.000+05:30,27.35,679.83,23.89,9.62,1.52,11,27.5,2.19,10,0
2025-01-15 07:19:36.000+05:30,61.33,885.82,23.33,6.01,4.5,2,27.8,13.23,10,0
2025-01-15 07:19:37.000+05:30,64.55,558.47,27.99,6.29,5.57,3,27.5,3.36,10,0
2025-01-15 07:19:38.000+05:30,27.97,403.58,21.39,6.4,5.1,18,27.9,12,10,0
2025-01-15 07:19:39.000+05:30,48.17,506.3,24.28,10.49,1.26,-23,27.5,1.54,10,0
2025-01-15 07:19:40.000+05:30,7.7,730.45,27.99,11.84,0.55,-20,27.7,13.5,10,0
2025-01-15 07:19:41.000+05:30,30.53,619.76,26.38,11.01,2.02,19,27.6,1.3,10,0
2025-01-15 07:19:42.000+05:30,65.49,635.47,30.05,11.71,3.61,-19,27.9,6.08,10,0
2025-01-15 07:19:43.000+05:30,27.03,514.17,21.81,6.59,2.29,-6,27.8,0.35,10,0
2025-01-15 07:19:44.000+05:30,28.09,481.34,24.39,7.34,4.84,18,27.7,8.22,10,0
2025-01-15 07:19:45.000+05:30,66.98,308.36,27.02,7.27,3.47,-17,27.5,8.23,10,0
2025-01-15 07:19:46.000+05:30,68.69,550.78,22.37,9.89,1.93,3,27.8,12.15,10,0
2025-01-15 07:19:47.000+05:30,49.15,659.62,25.91,9.19,1.14,-4,27.8,13.13,10,0
2025-01-15 07:19:48.000+05:30,31.99,697.28,20.92,4.34,4.49,19,27.6,12.82,10,0
2025-01-15 07:19:49.000+05:30,16.52,350.33,30.16,10.12,5.65,-28,27.8,10.83,10,0
2025-01-15 07:19:50.000+05:30,39.13,887.34,20.03,5.43,4.44,16,27.7,2.35,10,0
2025-01-15 07:19:51.000+05:30,45.77,602.56,20.52,10.56,3.93,-14,27.6,13.54,10,0
2025-01-15 07:19:52.000+05:30,55.39,866.98,26.65,9.88,5.43,16,27.9,10.18,10,0
2025-01-15 07:19:53.000+05:30,58,832.31,26.18,7.39,5.78,16,27.5,3.5,10,0
2025-01-15 07:19:54.000+05:30,60.66,467.12,26.5,8.33,5.47,11,27.9,4.62,10,0
2025-01-15 07:19:55.000+05:30,39,609.76,23.21,4.73,2.11,-9,27.9,11.75,10,0
2025-01-15 07:19:56.000+05:30,41.83,734.29,28.34,11.04,2.43,15,27.6,13.73,10,0
2025-01-15 07:19:57.000+05:30,67.3,591.66,29.88,6.89,5.07,10,27.6,8.26,10,0
2025-01-15 07:19:58.000+05:30,13.66,410.98,20.82,6.7,2.86,-29,27.9,4.25,10,0
2025-01-15 07:19:59.000+05:30,67.53,308.06,30.95,10.92,5.66,23,27.7,13.48,10,0
2025-01-15 07:20:00.000+05:30,23.27,583.66,21.79,9.17,4.65,25,27.6,7.92,10,0
2025-01-15 07:20:01.000+05:30,55.97,293.01,29.82,5.41,3.4,23,27.6,7.84,10,0
2025-01-15 07:20:02.000+05:30,63.79,723.6,27.19,10.63,2.72,-21,27.5,12.07,10,0
2025-01-15 07:20:03.000+05:30,21.12,723.36,23.12,6.89,2.88,1,27.8,9.62,10,0
2025-01-15 07:20:04.000+05:30,61.92,745.77,24.69,7.42,5.41,-24,27.6,7.17,10,0
2025-01-15 07:20:05.000+05:30,24.98,627.81,24.14,3.52,1.84,13,27.8,7.02,10,0
2025-01-15 07:20:06.000+05:30,25.31,324.27,23.25,3.36,2.7,15,27.9,12.26,10,0
2025-01-15 07:20:07.000+05:30,62.28,381.62,30.65,9.92,5.33,-21,27.9,0.32,10,0
2025-01-15 07:20:08.000+05:30,63.28,886.55,26.63,7.4,1.95,-4,27.5,12.84,10,0
2025-01-15 07:20:09.000+05:30,20.71,814.5,24.37,10.56,4.94,-10,27.7,6.86,10,0
2025-01-15 07:20:10.000+05:30,14.47,737.36,28.25,10.7,1.64,26,27.9,3.44,10,0
2025-01-15 07:20:11.000+05:30,39.64,496.16,27.6,11.33,5.29,0,27.7,9.45,10,0
2025-01-15 07:20:12.000+05:30,29.23,609.26,26.12,8.31,0.59,-7,27.7,8.57,10,0
2025-01-15 07:20:13.000+05:30,19.36,497.09,30.98,6.73,1.31,14,27.6,6.42,10,0
2025-01-15 07:20:14.000+05:30,22.12,604.88,20.99,4.57,2.44,-23,27.7,12.68,10,0
2025-01-15 07:20:15.000+05:30,45.62,648.7,29.03,6.1,2.43,23,27.7,13.86,10,0
2025-01-15 07:20:16.000+05:30,54.15,868.62,21.93,11.66,5.79,-22,27.9,11.9,10,0
2025-01-15 07:20:17.000+05:30,8.12,810.97,25.97,9.1,0.65,-12,27.6,1.82,10,0
2025-01-15 07:20:18.000+05:30,64.59,345.45,24.64,9.83,2.13,19,27.6,6.37,10,0
2025-01-15 07:20:19.000+05:30,20.45,321.11,30.56,8.78,4.47,-29,27.8,8.7,10,0
2025-01-15 07:20:20.000+05:30,18.74,412.53,28.4,10.44,2.96,-3,27.9,9.28,10,0
2025-01-15 07:20:21.000+05:30,60.97,667.78,30.66,6.8,3.27,0,27.7,10.43,10,0
2025-01-15 07:20:22.000+05:30,46.99,740.74,28.55,3.88,4.27,-30,27.7,0.86,10,0
2025-01-15 07:20:23.000+05:30,39.09,418.02,25.62,8.02,2.75,11,27.7,11.09,10,0
2025-01-15 07:20:24.000+05:30,36.53,564.43,27.45,6.11,1.76,17,27.9,12.13,10,0
2025-01-15 07:20:25.000+05:30,15.98,467.68,27.1,11.47,1.24,-7,27.9,3.69,10,0
2025-01-15 07:20:26.000+05:30,38.03,548.65,22.18,7.11,2.56,-27,27.6,9.44,10,0
2025-01-15 07:20:27.000+05:30,13.72,774.9,26.31,6.1,1.03,-12,27.7,13.1,10,0
2025-01-15 07:20:28.000+05:30,34.21,282.3,28.53,4.71,1.81,15,27.8,11.58,10,0
2025-01-15 07:20:29.000+05:30,37.82,792.6,30.48,4.59,4.97,20,27.8,10.61,10,0
2025-01-15 07:20:30.000+05:30,36.11,836.14,27.51,10.96,4.9,12,27.7,3.45,10,0
2025-01-15 07:20:31.000+05:30,44.43,546.13,25.7,10.92,3.78,23,27.6,13.33,10,0
2025-01-15 07:20:32.000+05:30,44.15,596.78,22.9,8.81,0.81,29,27.6,13.87,10,0
2025-01-15 07:20:33.000+05:30,32.66,805.39,28.55,9.34,3.2,-4,27.8,13.3,10,0
2025-01-15 07:20:34.000+05:30,35.04,549.44,27.97,3.61,6.16,20,27.7,7.97,10,0
2025-01-15 07:20:35.000+05:30,52.21,737.63,20.94,5.02,3.77,-12,27.8,8.66,10,0
2025-01-15 07:20:36.000+05:30,27.67,762.52,21.62,11.75,1.15,17,27.7,7.84,10,0
2025-01-15 07:20:37.000+05:30,21.47,664.84,31.53,3.46,4.03,1,27.7,6.45,10,0
2025-01-15 07:20:38.000+05:30,33.62,516.66,22.36,11.24,3.83,-8,27.6,12.37,10,0
2025-01-15 07:20:39.000+05:30,67.48,863.94,30.53,9.11,3.75,5,27.8,9.91,10,0
2025-01-15 07:20:40.000+05:30,16.68,813.69,21.62,3.4,4.59,20,27.5,1.73,10,0
2025-01-15 07:20:41.000+05:30,53.77,373.86,29.8,9.01,3.9,-10,27.5,5.53,10,0
2025-01-15 07:20:42.000+05:30,37.77,635.15,21.29,10.8,4.87,6,27.8,10.66,10,0
2025-01-15 07:20:43.000+05:30,35.05,664.78,29.41,11.92,0.58,-30,27.8,7.16,10,0
2025-01-15 07:20:44.000+05:30,46.76,485.94,28.34,11.1,2.06,0,27.8,9.23,10,0
2025-01-15 07:20:45.000+05:30,63.69,447.52,31.71,9.23,5.96,15,27.8,5.93,10,0
2025-01-15 07:20:46.000+05:30,46.01,782.31,22.38,3.4,6.17,-23,27.7,1.61,10,0
2025-01-15 07:20:47.000+05:30,16.78,472.41,22.16,4.95,5.69,30,27.6,2.88,10,0
2025-01-15 07:20:48.000+05:30,21.62,536.49,24.48,7.03,3.26,-14,27.9,6.22,10,0
2025-01-15 07:20:49.000+05:30,56.58,343.25,29.59,9.92,3.53,-27,27.6,6.75,10,0
2025-01-15 07:20:50.000+05:30,11.38,451.72,27.76,6.94,1.03,28,27.7,0.01,10,0
2025-01-15 07:20:51.000+05:30,46.66,698.86,22.19,7.59,5.95,30,27.8,5.78,10,0
2025-01-15 07:20:52.000+05:30,43.31,282.55,30.11,11.97,2.74,-4,27.7,9.91,10,0
2025-01-15 07:20:53.000+05:30,38.34,687.84,25.69,10.14,5.62,-1,27.5,10.5,10,0
2025-01-15 07:20:54.000+05:30,65.95,445.49,22.76,6.51,3.35,20,27.9,11.34,10,0
2025-01-15 07:20:55.000+05:30,10.18,358.33,29.09,6.48,6.14,-7,27.8,12.84,10,0
2025-01-15 07:20:56.000+05:30,62.67,468.59,25.35,9.62,2.66,16,27.5,2.9,10,0
2025-01-15 07:20:57.000+05:30,68.08,745.93,28.95,8.95,1.5,11,27.7,9.64,10,0
2025-01-15 07:20:58.000+05:30,58.14,798.33,23.22,9.53,4.77,-26,27.6,13.51,10,0
2025-01-15 07:20:59.000+05:30,30.87,426.6,28.37,10.1,1.67,29,27.6,5.67,10,0
2025-01-15 07:21:00.000+05:30,55.57,512.71,30.33,11.25,2.4,-14,27.6,9.77,10,0
2025-01-15 07:21:01.000+05:30,61.65,284.48,23.82,8.67,5.27,-5,27.6,5.51,10,0
2025-01-15 07:21:02.000+05:30,8.04,677.25,22.41,4.31,5.78,-27,27.6,11.1,10,0
2025-01-15 07:21:03.000+05:30,11.86,425.75,25.34,7.16,4.72,15,27.8,13.44,10,0
2025-01-15 07:21:04.000+05:30,10.49,452.29,30.91,3.97,1.67,18,27.8,9.16,10,0
2025-01-15 07:21:05.000+05:30,54.49,819.13,28.25,7.29,4.1,-15,27.7,9.39,10,0
2025-01-15 07:21:06.000+05:30,29.99,362.46,31.06,10.98,4.86,7,27.8,8.34,10,0
2025-01-15 07:21:07.000+05:30,31.73,554.92,28.36,6.01,2.2,15,27.8,8.3,10,0
2025-01-15 07:21:08.000+05:30,36.87,890.84,28.32,11.28,2.69,29,27.5,10.72,10,0
2025-01-15 07:21:09.000+05:30,25.42,611.42,31.69,11.47,0.55,6,27.6,9.2,10,0
2025-01-15 07:21:10.000+05:30,55.88,788.24,22.55,4.16,3.4,22,27.6,2.73,10,0
2025-01-15 07:21:11.000+05:30,8.24,301.18,25.21,7.91,3.55,1,27.7,1.06,10,0
2025-01-15 07:21:12.000+05:30,50.67,734.78,31.89,7.74,1.48,-7,27.5,8.76,10,0
2025-01-15 07:21:13.000+05:30,44.2,769.76,29.03,7.26,4.3,-9,27.7,12.7,10,0
2025-01-15 07:21:14.000+05:30,16.86,400.87,24.42,10.95,4.44,1,27.8,4.52,10,0
2025-01-15 07:21:15.000+05:30,61.79,834.88,22.34,10.05,1.36,19,27.8,2.07,10,0
2025-01-15 07:21:16.000+05:30,18.17,854.17,29.57,6.21,1.32,3,27.7,11.95,10,0
2025-01-15 07:21:17.000+05:30,13.54,724.77,22.33,10.23,3.91,1,27.9,5.74,10,0
2025-01-15 07:21:18.000+05:30,32.86,685.08,30.21,7.49,2.85,-10,27.5,9.46,10,0
2025-01-15 07:21:19.000+05:30,50.12,833.99,22.94,9.82,5.76,5,27.9,1.72,10,0
2025-01-15 07:21:20.000+05:30,52.74,291.54,26.56,11.41,3.24,-11,27.8,5.64,10,0
2025-01-15 07:21:21.000+05:30,66.34,740.11,28.97,6.05,1.13,3,27.5,0.17,10,0
2025-01-15 07:21:22.000+05:30,7.1,838.87,26.67,9.12,2.9,21,27.9,8.32,10,0
2025-01-15 07:21:23.000+05:30,22.98,538.55,27.06,7.02,5.12,-3,27.7,10.22,10,0
2025-01-15 07:21:24.000+05:30,59.29,762.92,23.55,9.87,1.88,-11,27.8,3.07,10,0
2025-01-15 07:21:25.000+05:30,34.89,736,24.9,5.06,5.93,25,27.6,8.08,10,0
2025-01-15 07:21:26.000+05:30,56.97,856.07,25.16,11.03,3.36,-26,27.6,8.63,10,0
2025-01-15 07:21:27.000+05:30,18.42,570.35,22.48,10.97,3.34,-10,27.5,4.04,10,0
2025-01-15 07:21:28.000+05:30,67.71,333.79,23.48,5.88,4.11,-22,27.8,3.53,10,0
2025-01-15 07:21:29.000+05:30,8.66,566.05,30.91,8.07,1.43,-8,27.9,1.06,10,0
2025-01-15 07:21:30.000+05:30,37.67,411.2,31.64,6.4,3.76,29,27.6,10.52,10,0
2025-01-15 07:21:31.000+05:30,14.24,616.26,25.27,5.68,6.07,-3,27.6,3.25,10,0
2025-01-15 07:21:32.000+05:30,45.68,673.15,26.33,7.72,5.1,8,27.8,7.08,10,0
2025-01-15 07:21:33.000+05:30,28.82,678.93,24.35,4.05,1.15,4,27.6,8.84,10,0
2025-01-15 07:21:34.000+05:30,23.53,873.18,28.67,11.39,0.87,24,27.7,6.09,10,0
2025-01-15 07:21:35.000+05:30,18.41,566.49,25.73,7.35,1.85,-25,27.6,8.96,10,0
2025-01-15 07:21:36.000+05:30,38.98,589.74,25.33,6.45,5.14,28,27.7,11,10,0
2025-01-15 07:21:37.000+05:30,65.45,743.81,29.99,7.22,2.63,12,27.7,8.3,10,0
2025-01-15 07:21:38.000+05:30,68.32,341.17,22.25,8.35,4.14,-27,27.6,0.4,10,0
2025-01-15 07:21:39.000+05:30,7.77,443.46,28.87,6.94,2.66,-12,27.5,7.71,10,0
2025-01-15 07:21:40.000+05:30,52.95,302.98,22.69,5.73,1.55,25,27.8,5.72,10,0
2025-01-15 07:21:41.000+05:30,61.79,326.02,21.62,8.49,1.91,-27,27.8,12.37,10,0
2025-01-15 07:21:42.000+05:30,55.07,475.19,22.43,10.9,1.61,9,27.9,9.99,10,0
2025-01-15 07:21:43.000+05:30,26.77,840.38,27.02,7.88,3.75,-20,27.7,13.97,10,0
2025-01-15 07:21:44.000+05:30,53,336.82,24.84,3,3.29,10,27.6,6.84,10,0
2025-01-15 07:21:45.000+05:30,36.65,677.05,26.62,10,4.98,-1,27.8,13.78,10,0
2025-01-15 07:21:46.000+05:30,33.77,290.34,31.18,7.1,3.81,16,27.6,11.38,10,0
2025-01-15 07:21:47.000+05:30,34.55,506.29,20.33,7.5,3.75,21,27.6,6.98,10,0
2025-01-15 07:21:48.000+05:30,28.1,267.13,30.55,3.5,4.16,-7,27.8,3.88,10,0
2025-01-15 07:21:49.000+05:30,34.95,349.92,24.8,11.51,5.6,19,27.8,10.21,10,0
2025-01-15 07:21:50.000+05:30,50.23,271.02,25.3,5.08,1.54,-5,27.6,13.29,10,0
2025-01-15 07:21:51.000+05:30,35.26,361.34,23.48,5.14,2.4,-25,27.8,4.26,10,0
2025-01-15 07:21:52.000+05:30,33.8,337.48,25.51,5.88,3.83,16,27.9,11.76,10,0
2025-01-15 07:21:53.000+05:30,34.86,437.89,27.65,7.98,4.59,24,27.8,8.26,10,0
2025-01-15 07:21:54.000+05:30,36,281.95,26.07,7.51,0.54,-10,27.8,4.61,10,0
2025-01-15 07:21:55.000+05:30,50.51,776.1,24.37,9.67,2.43,-21,27.7,8.77,10,0
2025-01-15 07:21:56.000+05:30,20.67,656.3,24.45,9.92,4.72,-8,27.5,13.63,10,0
2025-01-15 07:21:57.000+05:30,18.96,289.08,27.27,7.04,0.87,-24,27.6,1.8,10,0
2025-01-15 07:21:58.000+05:30,41.49,613.79,29.38,10.45,1.54,3,27.9,12.11,10,0
2025-01-15 07:21:59.000+05:30,21.14,624.26,29.77,9.94,1.14,16,27.7,13.7,10,0
2025-01-15 07:22:00.000+05:30,26.54,402.52,21.24,5.17,5.46,-18,27.7,5.97,10,0
2025-01-15 07:22:01.000+05:30,59.22,598.68,26.37,3.3,3.69,2,27.6,9.57,10,0
2025-01-15 07:22:02.000+05:30,61.2,758.15,29.16,11.36,2.91,4,27.7,2.27,10,0
2025-01-15 07:22:03.000+05:30,28.17,524.81,31.21,7.27,2.62,6,27.6,13.08,10,0
2025-01-15 07:22:04.000+05:30,56.43,730.41,29.04,5.94,1.07,30,27.8,0.04,10,0
2025-01-15 07:22:05.000+05:30,47.24,828.54,25.78,8.93,2.52,-28,27.6,0.17,10,0
2025-01-15 07:22:06.000+05:30,50.37,773.97,26.4,8.53,3.36,10,27.7,0.91,10,0
2025-01-15 07:22:07.000+05:30,27.17,468.21,25.37,4.9,3.26,-7,27.8,4.09,10,0
2025-01-15 07:22:08.000+05:30,46.64,289.74,20.26,5.59,1.15,-25,27.6,11.1,10,0
2025-01-15 07:22:09.000+05:30,56.72,730.49,31.24,5.73,1.89,-30,27.7,5.68,10,0
2025-01-15 07:22:10.000+05:30,14.49,750.58,29.87,3.77,4.12,-3,27.5,8.82,10,0
2025-01-15 07:22:11.000+05:30,47.82,270.65,23.31,8.97,2.53,25,27.8,0.59,10,0
2025-01-15 07:22:12.000+05:30,28.15,452.56,31.39,7.98,1.29,-29,27.7,8.77,10,0
2025-01-15 07:22:13.000+05:30,63.19,658.7,20.45,8.86,2.27,9,27.6,11.05,10,0
2025-01-15 07:22:14.000+05:30,34.54,482.9,28.35,11.06,5.2,28,27.8,13.24,10,0
2025-01-15 07:22:15.000+05:30,56.68,511.99,26.75,6.63,3.28,-11,27.6,12.19,10,0
2025-01-15 07:22:16.000+05:30,55.59,846.43,21.17,3.35,4.66,-26,27.8,3.3,10,0
2025-01-15 07:22:17.000+05:30,55.69,817.55,28.01,5.35,4.19,9,27.8,12.21,10,0
2025-01-15 07:22:18.000+05:30,51.74,516.88,22.97,8.47,4.89,-14,27.6,10.21,10,0
2025-01-15 07:22:19.000+05:30,44.28,866.79,26.59,5.46,6.05,5,27.8,12.63,10,0
2025-01-15 07:22:20.000+05:30,41.26,731.45,25.95,4.49,2.3,13,27.7,4.22,10,0
2025-01-15 07:22:21.000+05:30,13.9,540.02,26.78,7.52,3.05,22,27.5,1.03,10,0
2025-01-15 07:22:22.000+05:30,44.17,879.91,30.65,11.73,5.97,-24,27.6,12.75,10,0
2025-01-15 07:22:23.000+05:30,8.12,809.08,26.55,6.42,1.12,-24,27.6,2.53,10,0
2025-01-15 07:22:24.000+05:30,13.37,421.52,23.13,6.68,6.17,-16,27.5,5.18,10,0
2025-01-15 07:22:25.000+05:30,61.56,400.18,21.3,6.97,3.88,-19,27.8,6.33,10,0
2025-01-15 07:22:26.000+05:30,17.19,743.79,30.64,6.19,3.34,7,27.9,10.44,10,0
2025-01-15 07:22:27.000+05:30,37.76,492.87,26.66,8.68,4.19,-2,27.5,8.64,10,0
2025-01-15 07:22:28.000+05:30,63.94,677.3,21.07,6.03,3.33,-28,27.9,13.06,10,0
2025-01-15 07:22:29.000+05:30,17.87,860.21,29.92,5.39,5.68,-25,27.9,3.53,10,0
2025-01-15 07:22:30.000+05:30,27.98,802.83,23.15,3.94,1.56,-8,27.8,3.66,10,0
2025-01-15 07:22:31.000+05:30,38.51,665.04,27.2,10.12,4.71,-7,27.6,4,10,0
2025-01-15 07:22:32.000+05:30,48.57,797.14,29.58,4.03,1.75,-1,27.7,10.22,10,0
2025-01-15 07:22:33.000+05:30,23.02,583.83,29.94,4.22,3.94,21,27.6,11.35,10,0
2025-01-15 07:22:34.000+05:30,22.53,510.99,23.9,4.48,5.62,12,27.7,11.43,10,0
2025-01-15 07:22:35.000+05:30,51.42,570.94,27.92,4.09,2.99,27,27.6,11.83,10,0
2025-01-15 07:22:36.000+05:30,57.2,538.61,21.49,6.17,2.11,-9,27.7,4.56,10,0
2025-01-15 07:22:37.000+05:30,42.09,351.76,31.34,9.48,5.24,-14,27.9,2.91,10,0
2025-01-15 07:22:38.000+05:30,61.37,490.45,20.87,3.08,4.3,-22,27.8,3.82,10,0
2025-01-15 07:22:39.000+05:30,46.59,754.55,30.4,6.05,2.6,2,27.8,12.64,10,0
2025-01-15 07:22:40.000+05:30,39.16,435.28,30.52,11.3,4.47,0,27.5,6.14,10,0
2025-01-15 07:22:41.000+05:30,31.65,391.53,20.39,8.98,4.24,3,27.9,2.97,10,0
2025-01-15 07:22:42.000+05:30,53.2,418.87,24.88,4.43,1.91,-4,27.6,2.17,10,0
2025-01-15 07:22:43.000+05:30,35.17,721.44,25.27,6.91,4,20,27.7,12.76,10,0
2025-01-15 07:22:44.000+05:30,14.79,666.12,23.51,6.46,6.03,-1,27.8,8.96,10,0
2025-01-15 07:22:45.000+05:30,43.76,356.67,26.9,5.42,3.98,-18,27.7,11.02,10,0
2025-01-15 07:22:46.000+05:30,28.83,826.29,21.88,10.8,4.65,-4,27.7,12.38,10,0
2025-01-15 07:22:47.000+05:30,51.69,646.26,30.52,11.19,2.38,-3,27.9,5.66,10,0
2025-01-15 07:22:48.000+05:30,47.71,393.91,22.24,4.72,2.76,15,27.8,12.63,10,0
2025-01-15 07:22:49.000+05:30,62.08,569.54,27.16,6.07,2.22,5,27.8,12.81,10,0
2025-01-15 07:22:50.000+05:30,20.96,387.81,27.85,10.16,4.29,-24,27.7,12.42,10,0
2025-01-15 07:22:51.000+05:30,13.64,517.8,26.49,3.1,1.92,-27,27.8,1.89,10,0
2025-01-15 07:22:52.000+05:30,61.89,402.13,26.34,9.24,5.71,-7,27.9,9.02,10,0
2025-01-15 07:22:53.000+05:30,11.53,486.31,29.3,9.01,1.87,28,27.5,6.78,10,0
2025-01-15 07:22:54.000+05:30,37.54,426.46,21.04,5.86,5.08,-6,27.8,0.3,10,0
2025-01-15 07:22:55.000+05:30,7.78,528.95,22.2,9.44,2.51,-28,27.9,4.06,10,0
2025-01-15 07:22:56.000+05:30,32.86,892.87,22.1,4.29,5.42,10,27.7,6.92,10,0
2025-01-15 07:22:57.000+05:30,16.11,851.12,24.04,8.74,3.64,25,27.9,9.75,10,0
2025-01-15 07:22:58.000+05:30,33.85,670.38,31.31,9.99,2.42,-22,27.5,13.38,10,0
2025-01-15 07:22:59.000+05:30,40.35,281.23,23.88,7.32,4,29,27.8,8.15,10,0
2025-01-15 07:23:00.000+05:30,31.87,713.82,30.61,3.58,3.72,11,27.6,8.57,10,0
2025-01-15 07:23:01.000+05:30,61.64,530.5,24.75,11.4,0.78,-4,27.7,7.47,10,0
2025-01-15 07:23:02.000+05:30,55.06,616.58,29.71,11.4,1.15,-16,27.7,0.59,10,0
2025-01-15 07:23:03.000+05:30,19.35,596.29,31.68,3.74,2.1,-29,27.6,2.77,10,0
2025-01-15 07:23:04.000+05:30,7.63,831.94,21.86,11.22,2.45,12,27.7,11.07,10,0
2025-01-15 07:23:05.000+05:30,32.06,285.32,20.09,4.6,4.22,-12,27.7,3.98,10,0
2025-01-15 07:23:06.000+05:30,27.56,678.1,27.48,9.45,5.31,-26,27.6,8.62,10,0
2025-01-15 07:23:07.000+05:30,36.1,601.09,30.68,11.45,1.37,-17,27.6,10.99,10,0
2025-01-15 07:23:08.000+05:30,43.22,689.2,22.1,9.94,1.96,7,27.8,1.57,10,0
2025-01-15 07:23:09.000+05:30,49.59,612.43,31.41,11.04,3.29,-12,27.6,12.37,10,0
2025-01-15 07:23:10.000+05:30,12.38,603.68,29.45,6.25,2.03,-27,27.7,7.65,10,0
2025-01-15 07:23:11.000+05:30,46.64,791.31,22.08,11.84,4.8,-4,27.9,3.03,10,0
2025-01-15 07:23:12.000+05:30,59.66,415,30.11,6.24,4.14,-29,27.6,5.12,10,0
2025-01-15 07:23:13.000+05:30,64.84,608.26,26.48,6.25,0.58,17,27.7,10.38,10,0
2025-01-15 07:23:14.000+05:30,8.97,631.88,28.78,4.04,5,26,27.5,1.33,10,0
2025-01-15 07:23:15.000+05:30,21.3,492.04,27.05,7.5,2.11,-23,27.8,2.93,10,0
2025-01-15 07:23:16.000+05:30,30.61,529.19,25.05,3.17,0.78,-29,27.5,4.37,10,0
2025-01-15 07:23:17.000+05:30,45.94,387.93,31.06,4.88,1.56,-3,27.6,11.89,10,0
2025-01-15 07:23:18.000+05:30,17.97,881.92,20.65,8.1,0.94,-13,27.6,5.43,10,0
2025-01-15 07:23:19.000+05:30,31.34,796.24,22.72,4.05,1.04,5,27.9,0.73,10,0
2025-01-15 07:23:20.000+05:30,18.99,264.99,25.7,9.22,1.19,-12,27.6,11.12,10,0
2025-01-15 07:23:21.000+05:30,65.04,420.03,24.01,3.99,4.3,-29,27.7,8.02,10,0
2025-01-15 07:23:22.000+05:30,44.68,714.24,20.07,10.47,5.14,-2,27.8,5.78,10,0
2025-01-15 07:23:23.000+05:30,21.66,489.19,29.63,11.98,2.58,0,27.8,5.17,10,0
2025-01-15 07:23:24.000+05:30,22.03,376.56,21.31,8.87,0.66,21,27.9,9.86,10,0
2025-01-15 07:23:25.000+05:30,40.22,744.54,25.75,3.88,2.76,-3,27.5,4.57,10,0
2025-01-15 07:23:26.000+05:30,25.58,367.27,22.32,10.95,3.01,12,27.6,4.03,10,0
2025-01-15 07:23:27.000+05:30,9.76,561.32,25.98,4.72,1.23,13,27.7,6.94,10,0
2025-01-15 07:23:28.000+05:30,45.94,795,28.33,9.1,2.48,-23,27.6,5.51,10,0
2025-01-15 07:23:29.000+05:30,36.27,844.12,27.49,11.19,5.77,15,27.5,8.33,10,0
2025-01-15 07:23:30.000+05:30,58.39,614.46,22.99,7.3,1.1,-23,27.5,12.12,10,0
2025-01-15 07:23:31.000+05:30,23.26,722.92,21.39,5.63,5.09,-7,27.9,4.36,10,0
2025-01-15 07:23:32.000+05:30,67.87,541.34,20.89,9.06,1.66,17,27.7,1.04,10,0
2025-01-15 07:23:33.000+05:30,60.02,716.93,21.11,11.02,0.5,8,27.6,5.74,10,0
2025-01-15 07:23:34.000+05:30,64,463.19,20.64,6.17,4.72,-14,27.5,0.07,10,0
2025-01-15 07:23:35.000+05:30,14.7,887.5,21.09,7.44,5.53,-29,27.7,1.25,10,0
2025-01-15 07:23:36.000+05:30,20,821.18,21.36,9.05,3.08,24,27.5,7.45,10,0
2025-01-15 07:23:37.000+05:30,67,664.14,27.8,7.1,0.67,-10,27.7,3.42,10,0
2025-01-15 07:23:38.000+05:30,30.98,871.21,25.06,3.11,0.86,19,27.8,0.89,10,0
2025-01-15 07:23:39.000+05:30,65.58,843,23.49,4.17,2.77,27,27.8,0.8,10,0
2025-01-15 07:23:40.000+05:30,41.84,873.93,30.22,3.68,2.9,-13,27.8,3.92,10,0
2025-01-15 07:23:41.000+05:30,17.87,874.65,28.49,10.58,5.27,0,27.6,3.55,10,0
2025-01-15 07:23:42.000+05:30,25.37,513.28,25.24,5.47,4.79,-16,27.9,2.04,10,0
2025-01-15 07:23:43.000+05:30,10.93,532.27,31.91,5.64,4.73,-3,27.9,11.15,10,0
2025-01-15 07:23:44.000+05:30,23.49,295.08,26.22,11.54,3.91,10,27.8,4.87,10,0
2025-01-15 07:23:45.000+05:30,45.64,412.36,31.03,6.8,2.32,18,27.7,0.9,10,0
2025-01-15 07:23:46.000+05:30,33.76,467.84,29.13,5.1,5.9,-13,27.7,10.53,10,0
2025-01-15 07:23:47.000+05:30,26.81,535.29,29.35,8.81,2.14,26,27.6,1.35,10,0
2025-01-15 07:23:48.000+05:30,68.77,854.21,21.25,5.01,4.34,17,27.9,8.97,10,0
2025-01-15 07:23:49.000+05:30,22.25,327.32,28.2,11.52,3.6,-28,27.8,11.87,10,0
2025-01-15 07:23:50.000+05:30,40.74,629.03,28.21,5.89,4.76,5,27.8,0.75,10,0
2025-01-15 07:23:51.000+05:30,40.19,889.71,23.29,9.26,2.34,-13,27.8,12.02,10,0
2025-01-15 07:23:52.000+05:30,37.77,796.2,22.89,5.41,1.77,23,27.8,13.8,10,0
2025-01-15 07:23:53.000+05:30,45.35,419.11,29.11,7.3,1.03,19,27.6,5.97,10,0
2025-01-15 07:23:54.000+05:30,59.67,492.2,22.9,8.99,5.3,25,27.6,6.77,10,0
2025-01-15 07:23:55.000+05:30,23.01,262.62,26.76,7.26,0.97,3,27.6,10.47,10,0
2025-01-15 07:23:56.000+05:30,32.06,626.27,25.37,8.8,4.71,6,27.5,5.02,10,0
2025-01-15 07:23:57.000+05:30,52.63,680.61,24.25,8.39,3.25,2,27.5,7.99,10,0
2025-01-15 07:23:58.000+05:30,23.81,727.15,24.69,7.55,2.76,26,27.7,2.88,10,0
2025-01-15 07:23:59.000+05:30,47.01,370.02,20.92,11.46,1.04,25,27.6,8.36,10,0
2025-01-15 07:24:00.000+05:30,58.19,721.48,31.07,8.73,5.8,17,27.7,5.34,10,0
2025-01-15 07:24:01.000+05:30,47.7,831.17,20.31,11.79,6.18,-27,27.7,10.43,10,0
2025-01-15 07:24:02.000+05:30,57.34,316.98,21.47,11.64,5.18,7,27.6,6.44,10,0
2025-01-15 07:24:03.000+05:30,15.79,614.82,29.34,10.93,1.7,-19,27.6,13.38,10,0
2025-01-15 07:24:04.000+05:30,37.62,347.68,20.03,9.21,5.25,-8,27.9,7.27,10,0
2025-01-15 07:24:05.000+05:30,63.19,338.9,22.1,7.14,1.16,-25,27.6,13.51,10,0
2025-01-15 07:24:06.000+05:30,56.84,577.96,28.5,4.7,1.65,-16,27.8,9.11,10,0
2025-01-15 07:24:07.000+05:30,61.36,375.13,29.41,9.09,2.26,8,27.6,2.11,10,0
2025-01-15 07:24:08.000+05:30,9.19,640.11,30.76,5.35,2.61,-26,27.7,7.11,10,0
2025-01-15 07:24:09.000+05:30,45.84,351.82,20.6,10.73,2.38,12,27.9,7.93,10,0
2025-01-15 07:24:10.000+05:30,57,404.78,30.44,8.77,5.67,6,27.6,12.09,10,0
2025-01-15 07:24:11.000+05:30,50.41,733.08,26.57,7.45,5.06,-16,27.7,9.89,10,0
2025-01-15 07:24:12.000+05:30,49.3,376.57,22.53,8.26,3.09,16,27.8,3.12,10,0
2025-01-15 07:24:13.000+05:30,33.6,695.85,30.85,4.15,1.35,-24,27.5,3.35,10,0
2025-01-15 07:24:14.000+05:30,62.95,307.14,27.87,3.46,0.67,-7,27.9,4.59,10,0
2025-01-15 07:24:15.000+05:30,49.61,374,23.12,11.77,2.09,19,27.8,7.35,10,0
2025-01-15 07:24:16.000+05:30,51.82,821.19,22.05,4.25,4.66,24,27.6,2.54,10,0
2025-01-15 07:24:17.000+05:30,9.1,569.82,22.99,9.77,5.55,0,27.5,12.04,10,0
2025-01-15 07:24:18.000+05:30,55.39,749.04,26.91,4.86,5.24,0,27.5,1.47,10,0
2025-01-15 07:24:19.000+05:30,40.19,486.09,30.54,11.63,1.67,-23,27.6,8.65,10,0
2025-01-15 07:24:20.000+05:30,69.21,531.52,31.36,7.99,1.3,3,27.5,9.09,10,0
2025-01-15 07:24:21.000+05:30,69.72,641.48,25.36,6.35,4.06,-2,27.8,1.04,10,0
2025-01-15 07:24:22.000+05:30,26,717.2,26.53,10.08,5.08,-18,27.7,7.56,10,0
2025-01-15 07:24:23.000+05:30,24.53,676.01,30.65,10.24,3.6,20,27.6,1.34,10,0
2025-01-15 07:24:24.000+05:30,10.86,420.13,23.2,4.52,5.3,-29,27.7,4.38,10,0
2025-01-15 07:24:25.000+05:30,37.76,889.57,20.19,11.22,5.73,30,27.7,4.51,10,0
2025-01-15 07:24:26.000+05:30,15.2,390.86,23.17,9.51,4.3,-29,27.8,10.91,10,0
2025-01-15 07:24:27.000+05:30,58.1,621.38,28.95,7.66,2.34,-22,27.8,11.28,10,0
2025-01-15 07:24:28.000+05:30,40.7,574.98,27.1,7.98,1.45,1,27.8,4.77,10,0
2025-01-15 07:24:29.000+05:30,20.81,304.9,24.45,9.93,1.07,21,27.9,12.38,10,0
2025-01-15 07:24:30.000+05:30,20.63,281.33,29.26,6.43,2.87,-27,27.8,12.48,10,0
2025-01-15 07:24:31.000+05:30,48.74,517.02,29.19,5.1,1.07,-26,27.8,11.04,10,0
2025-01-15 07:24:32.000+05:30,50.91,899.3,31.87,8.31,2.42,8,27.6,3.08,10,0
2025-01-15 07:24:33.000+05:30,19.95,333.02,22.28,9.17,1.81,-26,27.9,6.9,10,0
2025-01-15 07:24:34.000+05:30,7.53,866.67,25.83,8.68,1.7,21,27.7,5.8,10,0
2025-01-15 07:24:35.000+05:30,15.64,292.54,20.17,11.86,2.62,0,27.6,1.81,10,0
2025-01-15 07:24:36.000+05:30,13.08,376.81,23.24,11.76,2.2,5,27.6,4.18,10,0
2025-01-15 07:24:37.000+05:30,37.13,354.36,30.55,11.29,0.85,-9,27.8,5.94,10,0
2025-01-15 07:24:38.000+05:30,43.26,647.78,24.02,11.02,2.69,-2,27.7,12.81,10,0
2025-01-15 07:24:39.000+05:30,14.54,275.51,25.4,4.43,5.62,9,27.6,10.2,10,0
2025-01-15 07:24:40.000+05:30,41.57,683.32,27.26,10.62,2.29,-10,27.5,13.65,10,0
2025-01-15 07:24:41.000+05:30,68.65,323.18,27.25,10.22,6.01,25,27.8,5.8,10,0
2025-01-15 07:24:42.000+05:30,65.85,428.35,23.86,5.94,4.51,17,27.8,13.98,10,0
2025-01-15 07:24:43.000+05:30,40.93,310.84,28.75,5.37,6.18,-10,27.6,0.47,10,0
2025-01-15 07:24:44.000+05:30,65.37,666.94,30.85,11.76,5.75,12,27.6,12.93,10,0
2025-01-15 07:24:45.000+05:30,37.51,891.64,20.12,10.08,0.78,11,27.7,10.21,10,0
2025-01-15 07:24:46.000+05:30,26.91,731.25,28.15,3.32,6.09,26,27.6,1,10,0
2025-01-15 07:24:47.000+05:30,46.54,454.06,20.4,9.64,3.57,0,27.5,5.43,10,0
2025-01-15 07:24:48.000+05:30,11.55,423.1,29.42,11.58,2.55,-30,27.9,7.27,10,0
2025-01-15 07:24:49.000+05:30,7.85,829.25,20.45,5.64,2.85,-14,27.7,11.89,10,0
2025-01-15 07:24:50.000+05:30,31.26,766.84,23.55,11.71,5.12,-7,27.7,4.91,10,0
2025-01-15 07:24:51.000+05:30,24.77,832.92,26.97,4.28,2.11,-10,27.7,5.95,10,0
2025-01-15 07:24:52.000+05:30,10.81,878.36,26.36,9.27,3.93,-25,27.9,10.34,10,0
2025-01-15 07:24:53.000+05:30,14.06,687.26,21.28,10.33,2.51,-7,27.5,9.54,10,0
2025-01-15 07:24:54.000+05:30,49.53,495.61,23.96,3.2,1.87,-29,27.7,4.73,10,0
2025-01-15 07:24:55.000+05:30,59.81,804.2,29.31,5.31,4.1,0,27.9,9.57,10,0
2025-01-15 07:24:56.000+05:30,37.5,750.39,28.66,6.49,1.58,22,27.5,10.78,10,0
2025-01-15 07:24:57.000+05:30,9.51,875.95,22.74,10.41,4.49,-1,27.7,1.7,10,0
2025-01-15 07:24:58.000+05:30,10.65,491.82,31.56,3.9,3.41,-13,27.7,12.89,10,0
2025-01-15 07:24:59.000+05:30,33.42,493.9,31.38,7.55,5.64,13,27.6,2.52,10,0
2025-01-15 07:25:00.000+05:30,66.31,607.04,22.22,11.05,0.88,21,27.8,1.23,10,0
2025-01-15 07:25:01.000+05:30,61.43,664.94,23.26,9.71,4.38,29,27.8,10.74,10,0
2025-01-15 07:25:02.000+05:30,58.47,360.56,26.94,9.73,2.35,15,27.8,8.05,10,0
2025-01-15 07:25:03.000+05:30,64.67,451.58,26.36,11.29,6.16,-30,27.7,0.28,10,0
2025-01-15 07:25:04.000+05:30,26.5,477.44,29.13,7.9,5.61,20,27.7,3.28,10,0
2025-01-15 07:25:05.000+05:30,47.59,445.09,28.9,10.2,3.32,0,27.8,0.26,10,0
2025-01-15 07:25:06.000+05:30,37.14,686.29,28.08,7.3,5.08,0,27.9,11.95,10,0
2025-01-15 07:25:07.000+05:30,35.52,288.98,22.98,10.71,2.5,24,27.7,7.88,10,0
2025-01-15 07:25:08.000+05:30,14.73,341.15,26.46,7.02,3.02,-3,27.7,11.29,10,0
2025-01-15 07:25:09.000+05:30,66.88,742.27,28.3,3.73,1.19,-7,27.6,2.66,10,0
2025-01-15 07:25:10.000+05:30,59.83,340.75,26.92,8.84,1.7,25,27.7,6.28,10,0
2025-01-15 07:25:11.000+05:30,60.26,801.97,26.37,6.2,4.79,6,27.5,6.26,10,0
2025-01-15 07:25:12.000+05:30,46.59,801.26,25.23,10.08,5.04,11,27.8,10.27,10,0
2025-01-15 07:25:13.000+05:30,68.76,570.36,27.94,10.7,4.98,0,27.9,6.68,10,0
2025-01-15 07:25:14.000+05:30,69.64,433.88,24.27,7.05,5.33,-27,27.6,13.22,10,0
2025-01-15 07:25:15.000+05:30,30.01,869.05,20.22,3.77,2.6,9,27.6,3.95,10,0
2025-01-15 07:25:16.000+05:30,47.31,761.91,28.3,10.9,2.33,-22,27.6,11.37,10,0
2025-01-15 07:25:17.000+05:30,69.58,398.54,23.1,11.16,5.82,-8,27.6,7.69,10,0
2025-01-15 07:25:18.000+05:30,28.22,688.23,25.68,11.48,5.86,-17,27.6,9.42,10,0
2025-01-15 07:25:19.000+05:30,28.31,433.75,22.2,9.38,6.1,6,27.9,0.37,10,0
2025-01-15 07:25:20.000+05:30,66.98,759.42,28.23,4.44,5.79,3,27.8,6.58,10,0
2025-01-15 07:25:21.000+05:30,50.82,351.46,24.67,5.94,3.39,-27,27.9,7.79,10,0
2025-01-15 07:25:22.000+05:30,41.99,894.23,30.1,10.77,4.69,-3,27.8,9.03,10,0
2025-01-15 07:25:23.000+05:30,8.44,522.24,25.08,8.49,0.68,19,27.7,8.91,10,0
2025-01-15 07:25:24.000+05:30,49.92,455.99,26.49,8.77,4.89,21,27.9,13.47,10,0
2025-01-15 07:25:25.000+05:30,19.38,490.63,20.68,7.34,5.24,-3,27.6,11.23,10,0
2025-01-15 07:25:26.000+05:30,37.13,817.23,25.6,7.73,1.3,-4,27.9,6.87,10,0
2025-01-15 07:25:27.000+05:30,42.55,301.36,21.34,4.74,4.38,-29,27.8,8.15,10,0
2025-01-15 07:25:28.000+05:30,50.26,773.8,24.12,4.58,0.71,-26,27.6,5.43,10,0
2025-01-15 07:25:29.000+05:30,45.62,599.3,25.76,7.59,1.69,-28,27.5,6.7,10,0
2025-01-15 07:25:30.000+05:30,10.99,398.09,30.2,5.77,4.7,-17,27.9,0.26,10,0
2025-01-15 07:25:31.000+05:30,37.26,408.29,29.97,6.89,5.4,19,27.6,2.46,10,0
2025-01-15 07:25:32.000+05:30,24.73,613.41,21.08,6.41,3.79,9,27.7,4.93,10,0
2025-01-15 07:25:33.000+05:30,14.43,704.33,26.87,5.7,5.64,-26,27.9,0.55,10,0
2025-01-15 07:25:34.000+05:30,41.17,614.11,31.92,11.15,2,7,27.6,12.81,10,0
2025-01-15 07:25:35.000+05:30,68.57,678.26,20.33,4.7,1.81,17,27.9,11.39,10,0
2025-01-15 07:25:36.000+05:30,69.55,645.75,24.62,6.89,2.97,-21,27.6,8.12,10,0
2025-01-15 07:25:37.000+05:30,66.69,445.65,22.27,9.08,4.61,25,27.8,5,10,0
2025-01-15 07:25:38.000+05:30,62.76,443.67,21.91,7.51,2.69,0,27.6,6.64,10,0
2025-01-15 07:25:39.000+05:30,46.55,663.15,23.89,9.62,0.56,-19,27.8,13.74,10,0
2025-01-15 07:25:40.000+05:30,36.92,347.45,29.51,11.96,3.78,-5,27.6,11.4,10,0
2025-01-15 07:25:41.000+05:30,9.93,798.52,24.23,4.42,3.03,-13,27.8,8.49,10,0
2025-01-15 07:25:42.000+05:30,48.24,455.35,29.29,7.6,4.44,5,27.8,2.01,10,0
2025-01-15 07:25:43.000+05:30,55.02,571.95,30.62,9.6,5.51,23,27.6,7.37,10,0
2025-01-15 07:25:44.000+05:30,44.45,772.86,30.26,11.71,3.02,0,27.6,7.09,10,0
2025-01-15 07:25:45.000+05:30,56.67,505.47,27.4,3.47,0.6,25,27.8,5.31,10,0
2025-01-15 07:25:46.000+05:30,17.42,501.38,27.45,10.15,2.29,-12,27.5,11.69,10,0
2025-01-15 07:25:47.000+05:30,26.95,401.06,27.99,3.45,0.6,-26,27.8,0.28,10,0
2025-01-15 07:25:48.000+05:30,7.5,775.63,26.8,4.21,4.92,20,27.8,3.92,10,0
2025-01-15 07:25:49.000+05:30,35.75,892.56,22.16,6.28,3.52,9,27.7,1.4,10,0
2025-01-15 07:25:50.000+05:30,57.42,463.42,20.95,4.89,1.69,-25,27.5,0.88,10,0
2025-01-15 07:25:51.000+05:30,14.17,466.91,23.63,6.56,5.31,-25,27.8,13.36,10,0
2025-01-15 07:25:52.000+05:30,37.06,704.42,28.69,9.44,6.13,-13,27.7,9.7,10,0
2025-01-15 07:25:53.000+05:30,12.81,868.7,24.31,11.56,5.07,-30,27.6,13.98,10,0
2025-01-15 07:25:54.000+05:30,13.53,857.27,31.98,10.65,3.04,-15,27.8,6.34,10,0
2025-01-15 07:25:55.000+05:30,37.31,665.52,20.53,10.57,5.49,26,27.9,1.37,10,0
2025-01-15 07:25:56.000+05:30,42.64,524.79,20.92,10.19,3.64,28,27.8,11.94,10,0
2025-01-15 07:25:57.000+05:30,66.81,693.45,23.13,11.85,2.87,-6,27.6,2.92,10,0
2025-01-15 07:25:58.000+05:30,60.33,639.88,31.12,3.48,5.72,-25,27.9,4.38,10,0
2025-01-15 07:25:59.000+05:30,24.06,478.49,28.66,10.51,5.22,23,27.7,1.17,10,0
2025-01-15 07:26:00.000+05:30,60.77,896.1,20.39,5.73,0.8,17,27.6,12.52,10,0
2025-01-15 07:26:01.000+05:30,11.41,332,31.32,8.5,5.69,22,27.8,13.47,10,0
2025-01-15 07:26:02.000+05:30,10.66,877.04,25.78,8.4,1.59,25,27.6,12.44,10,0
2025-01-15 07:26:03.000+05:30,65.4,744.22,31.96,8.46,2.88,-14,27.9,11.86,10,0
2025-01-15 07:26:04.000+05:30,60.09,472.66,21.8,7.25,0.55,-19,27.6,3.83,10,0
2025-01-15 07:26:05.000+05:30,61.49,744.56,24.64,10.89,4.28,-4,27.8,9.69,10,0
2025-01-15 07:26:06.000+05:30,56.16,746.45,24.05,5.32,1.1,1,27.8,7.26,10,0
2025-01-15 07:26:07.000+05:30,13.89,334.12,26.74,10.45,1.05,5,27.5,0.78,10,0
2025-01-15 07:26:08.000+05:30,11.77,579.5,29.43,5.97,5.69,-20,27.7,0.59,10,0
2025-01-15 07:26:09.000+05:30,53.5,504.11,31.49,10.99,2,-25,27.9,10.28,10,0
2025-01-15 07:26:10.000+05:30,64.09,438.56,21.65,11.76,1.99,-5,27.7,2.03,10,0
2025-01-15 07:26:11.000+05:30,46.64,599.22,20.73,6.12,0.75,-23,27.6,4.6,10,0
2025-01-15 07:26:12.000+05:30,49.15,681.07,31.75,10.94,2.84,9,27.9,3.53,10,0
2025-01-15 07:26:13.000+05:30,34.99,447.72,23.06,6.7,3.71,-12,27.6,7.07,10,0
2025-01-15 07:26:14.000+05:30,64.11,263.57,31.71,8.94,0.95,-28,27.7,9.15,10,0
2025-01-15 07:26:15.000+05:30,11.9,429.39,25.11,8.19,1.38,8,27.8,13.05,10,0
2025-01-15 07:26:16.000+05:30,56.57,510.52,28.85,9.15,2.28,-1,27.8,1.7,10,0
2025-01-15 07:26:17.000+05:30,27.31,278.75,25.93,3.13,4.42,-8,27.8,12.19,10,0
2025-01-15 07:26:18.000+05:30,13.99,735.26,30.57,3.05,3.06,-14,27.6,6.63,10,0
2025-01-15 07:26:19.000+05:30,24.89,495.34,25.48,3.92,4.06,0,27.8,12.89,10,0
2025-01-15 07:26:20.000+05:30,34.31,572.39,28.26,8.44,1.41,5,27.8,11.59,10,0
2025-01-15 07:26:21.000+05:30,25.86,813.05,23.11,3.1,4.12,-23,27.6,11.14,10,0
2025-01-15 07:26:22.000+05:30,35.51,373.09,24.36,7.37,1.77,23,27.7,5.92,10,0
2025-01-15 07:26:23.000+05:30,68.3,762.49,20.65,7.71,3.78,19,27.5,2.39,10,0
2025-01-15 07:26:24.000+05:30,44.36,777.38,29.7,9.19,4.08,7,27.8,10.83,10,0
2025-01-15 07:26:25.000+05:30,40.6,810.76,20.35,4.59,4.91,-5,27.8,4.79,10,0
2025-01-15 07:26:26.000+05:30,10.83,398.35,21.15,3.13,3.69,-8,27.7,0.54,10,0
2025-01-15 07:26:27.000+05:30,48.47,766.96,30.2,10.87,1.46,11,27.7,0.66,10,0
2025-01-15 07:26:28.000+05:30,22.18,299.85,30.82,11.34,4.03,9,27.5,12.39,10,0
2025-01-15 07:26:29.000+05:30,14.76,540.39,24.55,3.69,4.52,6,27.7,2.12,10,0
2025-01-15 07:26:30.000+05:30,57.73,482.22,30.32,11.31,4.75,-27,27.6,5.4,10,0
2025-01-15 07:26:31.000+05:30,29.66,887.72,24.51,7.39,5.78,9,27.6,11.33,10,0
2025-01-15 07:26:32.000+05:30,27.55,436.58,20.55,7.95,5.89,9,27.6,0.27,10,0
2025-01-15 07:26:33.000+05:30,45.59,617.86,31.18,10.37,5.19,25,27.7,12.68,10,0
2025-01-15 07:26:34.000+05:30,64.42,783.02,26.43,4.8,5.57,18,27.5,12.49,10,0
2025-01-15 07:26:35.000+05:30,10.21,262.86,24.67,7.86,3.44,-15,27.8,13.89,10,0
2025-01-15 07:26:36.000+05:30,54.58,765.64,22.78,3.25,0.53,-16,27.8,6.03,10,0
2025-01-15 07:26:37.000+05:30,26.73,676.07,24.97,9.38,3.97,10,27.7,11.94,10,0
2025-01-15 07:26:38.000+05:30,9.4,436.59,30.35,9.15,3.18,-30,27.6,8.73,10,0
2025-01-15 07:26:39.000+05:30,36.45,650.78,20.61,10.47,2.29,-15,27.5,7.76,10,0
2025-01-15 07:26:40.000+05:30,36.6,340.95,27.86,8.19,1.41,-14,27.6,6.38,10,0
2025-01-15 07:26:41.000+05:30,69.86,262.81,31.33,3.43,5.75,27,27.8,11.13,10,0
2025-01-15 07:26:42.000+05:30,63.39,609.07,31.41,11.24,2.37,27,27.7,6.75,10,0
2025-01-15 07:26:43.000+05:30,55.81,606.84,22.16,5.77,2.68,2,27.6,7.15,10,0
2025-01-15 07:26:44.000+05:30,7.17,364.83,23.78,4.65,2.61,4,27.6,1.96,10,0
2025-01-15 07:26:45.000+05:30,27.13,496.67,20.67,4.7,1.39,-25,27.8,6.55,10,0
2025-01-15 07:26:46.000+05:30,41.83,563.35,29.13,9.97,0.58,-17,27.9,5.06,10,0
2025-01-15 07:26:47.000+05:30,46.21,702.64,30.53,8.72,1,17,27.5,0.34,10,0
2025-01-15 07:26:48.000+05:30,25.24,341.39,31.61,11.43,0.52,29,27.5,3.62,10,0
2025-01-15 07:26:49.000+05:30,24.32,885.55,20.81,6.85,3.94,-17,27.8,11.73,10,0
2025-01-15 07:26:50.000+05:30,16.7,520.59,27.5,10.06,2.68,28,27.7,8,10,0
2025-01-15 07:26:51.000+05:30,35.23,586.99,30.05,4.83,3.73,-7,27.6,2.11,10,0
2025-01-15 07:26:52.000+05:30,19.83,291,31.75,6.3,1.63,-2,27.5,11.36,10,0
2025-01-15 07:26:53.000+05:30,26.01,780.33,21.48,7.29,3.98,-25,27.6,4.16,10,0
2025-01-15 07:26:54.000+05:30,26.72,892.62,20.83,5,2.95,25,27.6,8.1,10,0
2025-01-15 07:26:55.000+05:30,25.74,879.47,24.2,9.24,0.98,17,27.9,4.29,10,0
2025-01-15 07:26:56.000+05:30,50.66,641.56,29.51,6.36,2.9,-7,27.5,10.65,10,0
2025-01-15 07:26:57.000+05:30,41.21,464.55,21.31,5.64,4.5,29,27.9,11.06,10,0
2025-01-15 07:26:58.000+05:30,40.65,655.12,26.95,10.9,4.95,13,27.8,3.36,10,0
2025-01-15 07:26:59.000+05:30,15.11,265.01,21.87,10.42,1.87,3,27.7,3.11,10,0
2025-01-15 07:27:00.000+05:30,54.81,326.33,26.84,3.04,1.33,16,27.8,0.38,10,0
2025-01-15 07:27:01.000+05:30,16.67,270.34,20.07,10,1.9,28,27.7,11.69,10,0
2025-01-15 07:27:02.000+05:30,30.91,589.66,25.61,10.31,4.22,17,27.6,5.44,10,0
2025-01-15 07:27:03.000+05:30,26.81,729.56,27.27,11.57,1.65,-8,27.6,7.05,10,0
2025-01-15 07:27:04.000+05:30,69.72,383.86,20.69,7.99,3.5,-18,27.6,13.46,10,0
2025-01-15 07:27:05.000+05:30,60.83,621.11,20.35,8.48,6.16,-12,27.7,7.59,10,0
2025-01-15 07:27:06.000+05:30,10.17,699.95,24.34,7.71,5.76,-30,27.7,1.94,10,0
2025-01-15 07:27:07.000+05:30,48.59,820.81,27.87,11.11,5.29,3,27.9,5.65,10,0
2025-01-15 07:27:08.000+05:30,50.19,583.51,27.8,10.91,3.6,-30,27.5,8.04,10,0
2025-01-15 07:27:09.000+05:30,55.83,835.18,30.24,7.54,5.68,28,27.6,0.89,10,0
2025-01-15 07:27:10.000+05:30,44.04,459.41,30.39,6.33,3.6,-10,27.7,3.73,10,0
2025-01-15 07:27:11.000+05:30,8.46,609.4,20.9,7.05,1.26,-24,27.8,8.84,10,0
2025-01-15 07:27:12.000+05:30,45.41,552.06,27.25,3.08,1.2,3,27.6,7.81,10,0
2025-01-15 07:27:13.000+05:30,42.2,262.81,26.55,10.65,5.54,28,27.7,3.62,10,0
2025-01-15 07:27:14.000+05:30,35.73,627.05,31.33,10.19,2.05,-15,27.6,13.22,10,0
2025-01-15 07:27:15.000+05:30,33.24,769.39,26.47,11.26,3.11,-22,27.7,10.31,10,0
2025-01-15 07:27:16.000+05:30,18.52,398.59,28.04,7.54,0.67,17,27.8,9.85,10,0
2025-01-15 07:27:17.000+05:30,25.75,464.91,27.68,10.96,3.22,-16,27.8,9.57,10,0
2025-01-15 07:27:18.000+05:30,40.47,723.87,20.1,9.32,3.04,11,27.8,2.42,10,0
2025-01-15 07:27:19.000+05:30,51.48,798.21,25.27,4.14,4.69,3,27.7,12.24,10,0
2025-01-15 07:27:20.000+05:30,25.1,833.01,24,11.59,3.27,-24,27.6,13.31,10,0
2025-01-15 07:27:21.000+05:30,53.24,388.18,20.93,10.37,6.05,0,27.8,1.67,10,0
2025-01-15 07:27:22.000+05:30,31.42,348.02,25.77,8.42,6,-18,27.8,3.53,10,0
2025-01-15 07:27:23.000+05:30,38.3,608.55,25.39,9.5,0.72,9,27.7,9.09,10,0
2025-01-15 07:27:24.000+05:30,34.39,280.5,23.71,3.13,5.69,15,27.9,7.29,10,0
2025-01-15 07:27:25.000+05:30,22.94,268.67,21.38,6.98,2.18,-22,27.5,13.59,10,0
2025-01-15 07:27:26.000+05:30,45.71,570.9,27.95,10.58,2.45,27,27.6,1.75,10,0
2025-01-15 07:27:27.000+05:30,60.8,355.8,24.01,10.09,2.79,-19,27.7,2.44,10,0
2025-01-15 07:27:28.000+05:30,10.45,556.46,21.62,9.47,3.19,-3,27.8,3.8,10,0
2025-01-15 07:27:29.000+05:30,13.23,893,23.12,5.05,1.43,29,27.6,10.04,10,0
2025-01-15 07:27:30.000+05:30,32.65,604.03,22.62,5.13,1.27,4,27.8,2.84,10,0
2025-01-15 07:27:31.000+05:30,45.17,509.78,21.86,8.82,1.94,17,27.7,9.09,10,0
2025-01-15 07:27:32.000+05:30,42.47,831.8,31.8,3.54,2.55,-13,27.8,5.22,10,0
2025-01-15 07:27:33.000+05:30,10.26,844.91,22.41,8.87,0.95,19,27.7,4.28,10,0
2025-01-15 07:27:34.000+05:30,32.86,567.87,27.52,3.04,2.77,-26,27.6,0.73,10,0
2025-01-15 07:27:35.000+05:30,33.96,811.54,30.26,8.73,0.71,-26,27.6,11.19,10,0
2025-01-15 07:27:36.000+05:30,56.34,622.6,30.29,3.06,3.9,-8,27.8,6.02,10,0
2025-01-15 07:27:37.000+05:30,44.35,466.77,24.08,5.8,4.61,-24,27.7,0.54,10,0
2025-01-15 07:27:38.000+05:30,39.69,432.01,24.8,8.89,5.45,25,27.8,10.18,10,0
2025-01-15 07:27:39.000+05:30,50.53,774.81,20.05,8.82,1.53,-9,27.8,10,10,0
2025-01-15 07:27:40.000+05:30,41.65,584.13,30.72,9.18,5.2,19,27.9,0.79,10,0
2025-01-15 07:27:41.000+05:30,16.94,523.47,24.76,10.39,5.64,-24,27.5,7.97,10,0
2025-01-15 07:27:42.000+05:30,35.19,661.41,28.15,6.64,5.67,22,27.7,12.1,10,0
2025-01-15 07:27:43.000+05:30,20.44,844.23,20.01,4.32,0.69,-13,27.6,0.31,10,0
2025-01-15 07:27:44.000+05:30,68.66,896.13,30.9,5.32,2.27,-11,27.8,8.05,10,0
2025-01-15 07:27:45.000+05:30,33.08,349.7,25.17,9.17,2.53,-18,27.6,11.86,10,0
2025-01-15 07:27:46.000+05:30,62.99,690.02,23.16,3.74,2.84,-7,27.8,2.2,10,0
2025-01-15 07:27:47.000+05:30,62.26,383.04,30.06,11.13,3.63,-9,27.6,10.1,10,0
2025-01-15 07:27:48.000+05:30,47.28,619,31.08,8.07,4.71,16,27.5,0.83,10,0
2025-01-15 07:27:49.000+05:30,28.69,466.81,31.55,11.68,4.71,-20,27.8,11.77,10,0
2025-01-15 07:27:50.000+05:30,10.13,811.83,24.79,11.47,4.65,12,27.6,0.29,10,0
2025-01-15 07:27:51.000+05:30,67.87,345.7,31.51,7.12,2.09,-12,27.6,9.01,10,0
2025-01-15 07:27:52.000+05:30,55.87,884.17,27.12,5.78,4.37,30,27.9,7.35,10,0
2025-01-15 07:27:53.000+05:30,38.43,671.87,23.39,9.37,2.18,0,27.9,11.99,10,0
2025-01-15 07:27:54.000+05:30,15.16,667.23,29.17,9.47,5.71,20,27.8,6.73,10,0
2025-01-15 07:27:55.000+05:30,53.54,586.36,27.94,5.66,3.71,-2,27.8,0.14,10,0
2025-01-15 07:27:56.000+05:30,56.91,816.99,20.26,8.37,3.02,-19,27.7,4.08,10,0
2025-01-15 07:27:57.000+05:30,17.4,624.75,20.79,8.72,1.25,-22,27.7,1.8,10,0
2025-01-15 07:27:58.000+05:30,38.87,874.66,25.64,9.97,6.01,-19,27.6,12.13,10,0
2025-01-15 07:27:59.000+05:30,44.3,261.13,27.72,7.23,3.77,19,27.8,1.24,10,0
2025-01-15 07:28:00.000+05:30,40.31,427.07,23.17,11.89,5.59,-23,27.8,4.9,10,0
2025-01-15 07:28:01.000+05:30,69.62,402.69,22.45,5.39,0.82,14,27.5,12.17,10,0
2025-01-15 07:28:02.000+05:30,55.65,525.22,27.83,3.64,4.68,9,27.8,8.27,10,0
2025-01-15 07:28:03.000+05:30,22.03,857.09,26.48,10.05,5.72,9,27.5,12,10,0
2025-01-15 07:28:04.000+05:30,36.77,897.96,28.74,4.11,3.48,-24,27.8,1.03,10,0
2025-01-15 07:28:05.000+05:30,18.5,457.48,21.83,11.75,3.41,-14,27.8,4.47,10,0
2025-01-15 07:28:06.000+05:30,68.4,583.34,22.61,7.18,6.04,-27,27.6,0.73,10,0
2025-01-15 07:28:07.000+05:30,8.78,276.09,24.45,8.81,0.61,-22,27.7,5.63,10,0
2025-01-15 07:28:08.000+05:30,20.69,544.02,22.15,5.3,4.24,-18,27.6,10.68,10,0
2025-01-15 07:28:09.000+05:30,28.09,357.87,31.49,7.46,3.49,1,27.5,3.57,10,0
2025-01-15 07:28:10.000+05:30,39.35,899.2,28.91,8.77,3.01,1,27.7,12.94,10,0
2025-01-15 07:28:11.000+05:30,27.72,708.24,27.82,8.58,4.04,-18,27.7,11.7,10,0
2025-01-15 07:28:12.000+05:30,57.75,778.89,23.61,5.49,1.11,7,27.7,9.5,10,0
2025-01-15 07:28:13.000+05:30,21.15,584.44,24.35,11.76,5.57,-20,27.7,2.15,10,0
2025-01-15 07:28:14.000+05:30,16.25,647,21.21,10.23,2.51,16,27.7,4.42,10,0
2025-01-15 07:28:15.000+05:30,17.45,854.25,25.36,10.21,5.24,-24,27.6,13.91,10,0
2025-01-15 07:28:16.000+05:30,27.88,403.28,31.53,3.64,4.19,19,27.6,8.04,10,0
2025-01-15 07:28:17.000+05:30,56.96,396.43,23.59,7.46,5.61,9,27.8,12.32,10,0
2025-01-15 07:28:18.000+05:30,54.21,810,24.55,8.67,1.31,21,27.5,11.24,10,0
2025-01-15 07:28:19.000+05:30,9.73,579.18,25.09,8.97,4.9,22,27.8,4.99,10,0
2025-01-15 07:28:20.000+05:30,49.23,743.42,30.53,3.51,0.53,-22,27.9,1.69,10,0
2025-01-15 07:28:21.000+05:30,21.32,834.38,20.64,8.85,2.9,14,27.5,1.34,10,0
2025-01-15 07:28:22.000+05:30,63.72,827.76,30.02,6.45,3.91,5,27.7,2.39,10,0
2025-01-15 07:28:23.000+05:30,43.26,789.95,22.01,10.84,5.95,23,27.8,4.02,10,0
2025-01-15 07:28:24.000+05:30,55.81,374.55,30.93,9.09,3.21,-26,27.8,2.72,10,0
2025-01-15 07:28:25.000+05:30,28.92,687.73,29.12,4.86,3.3,-29,27.7,12.03,10,0
2025-01-15 07:28:26.000+05:30,35.1,383.4,21.16,10.75,2.21,-13,27.8,9.16,10,0
2025-01-15 07:28:27.000+05:30,57.36,639.98,26.77,8.94,2.3,18,27.8,9.5,10,0
2025-01-15 07:28:28.000+05:30,31.21,665.12,28.03,7.98,0.54,29,27.8,8.05,10,0
2025-01-15 07:28:29.000+05:30,15.89,575.62,31.3,3.67,2.52,-16,27.8,11.95,10,0
2025-01-15 07:28:30.000+05:30,33.08,472.1,27.76,3.53,4.34,-21,27.6,12.54,10,0
2025-01-15 07:28:31.000+05:30,47.72,335.9,20.37,4.72,4.22,-22,27.9,6.08,10,0
2025-01-15 07:28:32.000+05:30,37.04,630.59,23.29,10.46,2.63,28,27.5,6.01,10,0
2025-01-15 07:28:33.000+05:30,32.72,517.55,25.51,6.39,0.55,-9,27.5,1.29,10,0
2025-01-15 07:28:34.000+05:30,24.03,434.15,20.02,3.73,6.13,-7,27.6,5.49,10,0
2025-01-15 07:28:35.000+05:30,30.84,454.62,24.44,10.6,5.32,-5,27.6,11.73,10,0
2025-01-15 07:28:36.000+05:30,35.85,383.25,21.67,8.79,3.23,18,27.5,4.21,10,0
2025-01-15 07:28:37.000+05:30,7.17,592.58,27.37,10.13,5.07,-15,27.5,2.13,10,0
2025-01-15 07:28:38.000+05:30,56.36,830.37,25.11,9.32,1.17,10,27.5,9.84,10,0
2025-01-15 07:28:39.000+05:30,33.34,322.51,24.5,10.5,1.76,-1,27.6,11.72,10,0
2025-01-15 07:28:40.000+05:30,59.63,268.12,22.45,10.88,2.19,-30,27.9,7.6,10,0
2025-01-15 07:28:41.000+05:30,51.69,304.99,30.69,6.76,3.8,6,27.8,0.87,10,0
2025-01-15 07:28:42.000+05:30,30.8,485.03,20.67,4,5.3,-23,27.7,6.05,10,0
2025-01-15 07:28:43.000+05:30,10.44,537.42,30.44,3.52,3.78,-23,27.7,3.77,10,0
2025-01-15 07:28:44.000+05:30,59.91,669.46,28.17,6.99,2.96,8,27.7,2.84,10,0
2025-01-15 07:28:45.000+05:30,24.96,543.63,26.81,8.6,4.34,-13,27.7,7.69,10,0
2025-01-15 07:28:46.000+05:30,59.13,812.32,21.79,10.77,3.41,12,27.8,0.26,10,0
2025-01-15 07:28:47.000+05:30,41.09,459.02,25.63,10.65,3.57,-21,27.6,12.69,10,0
2025-01-15 07:28:48.000+05:30,20.66,482.86,24.84,7.78,2.73,-19,27.7,9.61,10,0
2025-01-15 07:28:49.000+05:30,22.98,581.42,31.27,5.11,5.47,6,27.8,13.23,10,0
2025-01-15 07:28:50.000+05:30,11.08,467.65,25.86,6,6.13,21,27.9,0.22,10,0
2025-01-15 07:28:51.000+05:30,60.68,773.19,22.59,7.07,1.36,-26,27.8,9.21,10,0
2025-01-15 07:28:52.000+05:30,31.06,749.42,26.26,3.6,0.6,4,27.6,2.23,10,0
2025-01-15 07:28:53.000+05:30,25.51,792.65,23.7,8.48,5.23,22,27.5,11.14,10,0
2025-01-15 07:28:54.000+05:30,22.12,311.03,29.51,3.5,2.09,12,27.8,8.96,10,0
2025-01-15 07:28:55.000+05:30,20.65,327.73,30.88,6.67,1.84,-25,27.8,13.77,10,0
2025-01-15 07:28:56.000+05:30,14.44,678.34,27.34,6.28,3.42,-15,27.7,1.04,10,0
2025-01-15 07:28:57.000+05:30,43.55,275,23.31,6.96,0.77,-11,27.6,6.05,10,0
2025-01-15 07:28:58.000+05:30,23.49,752.79,28.19,7.92,2.37,-16,27.7,8.47,10,0
2025-01-15 07:28:59.000+05:30,64.19,576.49,26.78,3.84,5.43,-26,27.7,8.76,10,0
2025-01-15 07:29:00.000+05:30,50.2,537.77,30.1,8.37,0.62,-3,27.9,7.01,10,0
2025-01-15 07:29:01.000+05:30,10.15,530.56,31.07,3.65,5.98,25,27.5,4.08,10,0
2025-01-15 07:29:02.000+05:30,63.48,533.05,28.67,3.86,3.22,-21,27.8,6.53,10,0
2025-01-15 07:29:03.000+05:30,24.53,881.02,24.91,10.79,0.79,-9,27.8,13.57,10,0
2025-01-15 07:29:04.000+05:30,53.87,480.57,21.84,11.99,0.57,0,27.7,8.72,10,0
2025-01-15 07:29:05.000+05:30,50.1,883.98,23.87,7.36,2.12,-16,27.5,0.09,10,0
2025-01-15 07:29:06.000+05:30,12.26,301.28,29.44,10.78,1.03,5,27.7,4.87,10,0
2025-01-15 07:29:07.000+05:30,18.22,357.49,23.72,5.73,5.8,11,27.9,5.87,10,0
2025-01-15 07:29:08.000+05:30,45.43,637.47,30.11,10.77,5.81,-7,27.5,2.54,10,0
2025-01-15 07:29:09.000+05:30,43.07,312.96,21.64,10.75,2.8,29,27.7,2.97,10,0
2025-01-15 07:29:10.000+05:30,15.44,352.75,31.03,7.38,4.83,-10,27.7,0.77,10,0
2025-01-15 07:29:11.000+05:30,60.57,365.87,26.07,5.11,4.25,-7,27.6,5.05,10,0
2025-01-15 07:29:12.000+05:30,50.73,423.88,29.45,3.82,3.48,-23,27.6,0.06,10,0
2025-01-15 07:29:13.000+05:30,61.03,565.46,27.22,10.01,4.33,-24,27.6,5.19,10,0
2025-01-15 07:29:14.000+05:30,41.38,831.47,31.79,10.25,1.92,-17,27.7,12.68,10,0
2025-01-15 07:29:15.000+05:30,7.88,745.18,27.32,5.18,3.14,22,27.6,12.56,10,0
2025-01-15 07:29:16.000+05:30,49.93,719.12,21.77,5.11,4.48,-17,27.7,1.34,10,0
2025-01-15 07:29:17.000+05:30,57.25,568.83,26.91,6.89,5.88,-30,27.7,2.32,10,0
2025-01-15 07:29:18.000+05:30,62.85,499.22,20.15,9.39,5.38,-10,27.8,4.56,10,0
2025-01-15 07:29:19.000+05:30,9.79,831.68,29.38,4.54,5.59,24,27.8,0.58,10,0
2025-01-15 07:29:20.000+05:30,17.03,502.59,24.38,6.13,3.01,-18,27.8,2.52,10,0
2025-01-15 07:29:21.000+05:30,54.2,274.91,25.13,9.77,4.09,2,27.9,5.06,10,0
2025-01-15 07:29:22.000+05:30,52.61,503.54,26.28,6.3,3.57,-22,27.7,11.57,10,0
2025-01-15 07:29:23.000+05:30,54.61,859.73,27.97,11.75,6.16,-29,27.5,5.23,10,0
2025-01-15 07:29:24.000+05:30,30.32,804.07,27.63,7.04,0.64,23,27.6,10.86,10,0
2025-01-15 07:29:25.000+05:30,13.01,838.88,23.43,11.49,3.22,-6,27.8,4.72,10,0
2025-01-15 07:29:26.000+05:30,41.32,705.82,25.06,9.62,1.01,7,27.7,13.82,10,0
2025-01-15 07:29:27.000+05:30,36.77,596.01,30.34,9.21,5.34,-19,27.7,3.47,10,0
2025-01-15 07:29:28.000+05:30,43.75,732.71,20.9,4.58,1.36,-16,27.9,10.96,10,0
2025-01-15 07:29:29.000+05:30,61.74,509.82,29.93,7.08,4.76,18,27.8,11.83,10,0
2025-01-15 07:29:30.000+05:30,56.9,508.91,29.68,5.99,1.4,-6,27.6,4.59,10,0
2025-01-15 07:29:31.000+05:30,17.65,267.7,31.58,8.91,4.97,23,27.6,10.8,10,0
2025-01-15 07:29:32.000+05:30,23.94,888.85,27.06,9.18,2.7,-27,27.7,2.94,10,0
2025-01-15 07:29:33.000+05:30,42.22,824.73,24.51,11.24,2.97,11,27.6,8.3,10,0
2025-01-15 07:29:34.000+05:30,44.73,477.52,20.44,6.46,5.34,16,27.6,2.8,10,0
2025-01-15 07:29:35.000+05:30,15.88,503.93,31.69,7.65,4.66,14,27.6,0.21,10,0
2025-01-15 07:29:36.000+05:30,38.93,708.7,29.54,3.95,0.83,-18,27.8,5.9,10,0
2025-01-15 07:29:37.000+05:30,29.7,643.04,27.82,8.85,2.87,10,27.5,2.47,10,0
2025-01-15 07:29:38.000+05:30,43.62,652.64,20.88,4.93,1.46,9,27.7,7.4,10,0
2025-01-15 07:29:39.000+05:30,57,261.07,31.59,7.94,3.43,29,27.7,10.69,10,0
2025-01-15 07:29:40.000+05:30,8.96,303.9,30.61,3.03,1.07,-19,27.9,8.34,10,0
2025-01-15 07:29:41.000+05:30,19.87,516.16,22.93,11.76,3.41,-9,27.9,7.11,10,0
2025-01-15 07:29:42.000+05:30,48.73,443.17,29.38,5.45,5.07,19,27.5,6.83,10,0
2025-01-15 07:29:43.000+05:30,19.5,536.18,29.48,9.4,6.16,-17,27.8,11.95,10,0
2025-01-15 07:29:44.000+05:30,56.22,403.14,31.31,9.44,0.93,-27,27.8,12.91,10,0
2025-01-15 07:29:45.000+05:30,21.67,830.82,28.38,3.42,3.87,1,27.6,6.57,10,0
2025-01-15 07:29:46.000+05:30,55.6,588.07,29.45,4.59,3.67,-28,27.5,7.79,10,0
2025-01-15 07:29:47.000+05:30,40.11,738,23.35,4.5,1.02,27,27.6,13.35,10,0
2025-01-15 07:29:48.000+05:30,14.75,877.3,24.28,9.23,2.26,-27,27.6,0.1,10,0
2025-01-15 07:29:49.000+05:30,20.39,345.08,25.87,4.02,4.98,-19,27.8,0.24,10,0
2025-01-15 07:29:50.000+05:30,61.73,576.12,23.78,7.9,1.02,-10,27.7,1.11,10,0
2025-01-15 07:29:51.000+05:30,17.51,525.28,20.29,5.36,2.67,-1,27.6,1.82,10,0
2025-01-15 07:29:52.000+05:30,31.96,614.07,26.8,3.09,2.46,-28,27.5,1.36,10,0
2025-01-15 07:29:53.000+05:30,63.63,304.44,27.22,10.55,4.82,-5,27.8,0.9,10,0
2025-01-15 07:29:54.000+05:30,17.7,384.78,27.83,3.68,4.28,-19,27.5,13.37,10,0
2025-01-15 07:29:55.000+05:30,42.64,827.9,30.65,3.82,3.9,25,27.9,0.07,10,0
2025-01-15 07:29:56.000+05:30,24.47,654.32,20.99,9.34,5.15,-1,27.7,0.5,10,0
2025-01-15 07:29:57.000+05:30,63.35,360.3,27.59,5.54,0.78,5,27.5,9.98,10,0
2025-01-15 07:29:58.000+05:30,53.36,833.47,28.28,10.99,2.5,-17,27.6,3.37,10,0
2025-01-15 07:29:59.000+05:30,14.06,517.44,22.25,4.19,6.05,23,27.8,0.5,10,0
2025-01-15 07:30:00.000+05:30,24.14,860.55,25.82,3.32,5.6,21,27.8,9.32,10,0
2025-01-15 07:30:01.000+05:30,28.29,392.44,27.89,3.26,2.76,25,27.8,2.84,10,0
2025-01-15 07:30:02.000+05:30,43.95,859.6,29.51,5.64,0.5,10,27.8,4.33,10,0
2025-01-15 07:30:03.000+05:30,28.29,664.33,25.04,6.04,1.85,20,27.7,0.7,10,0
2025-01-15 07:30:04.000+05:30,48.64,591.19,31.43,7.32,1.64,7,27.6,8.47,10,0
2025-01-15 07:30:05.000+05:30,38.78,709.65,20.33,7.97,1.08,-6,27.7,1.98,10,0
2025-01-15 07:30:06.000+05:30,9.76,716.56,25.17,5.17,1.19,-30,27.9,5.48,10,0
2025-01-15 07:30:07.000+05:30,56.24,404.1,23.07,8.7,6.12,-7,27.7,12.14,10,0
2025-01-15 07:30:08.000+05:30,49.56,719.88,23.49,10.74,2.14,-24,27.7,2.26,10,0
2025-01-15 07:30:09.000+05:30,55.05,845.51,20.26,4.92,0.51,-8,27.5,5.25,10,0
2025-01-15 07:30:10.000+05:30,39.91,856.04,20.08,9.7,5.31,1,27.8,1.57,10,0
2025-01-15 07:30:11.000+05:30,9.04,880.18,21.44,11.85,3.8,22,27.9,2.26,10,0
2025-01-15 07:30:12.000+05:30,36.81,486.76,20.25,6.61,5.55,12,27.6,9.07,10,0
2025-01-15 07:30:13.000+05:30,47.15,589.73,31.35,11.92,4.68,-8,27.7,9.43,10,0
2025-01-15 07:30:14.000+05:30,62.42,817.05,26.7,9.83,3.34,-30,27.6,13.4,10,0
2025-01-15 07:30:15.000+05:30,7.22,801,31.35,11.81,0.96,-16,27.7,0.42,10,0
2025-01-15 07:30:16.000+05:30,49.44,405.59,25.85,9.77,1,-21,27.8,4.08,10,0
2025-01-15 07:30:17.000+05:30,51.77,737.57,21.38,11.16,5.83,-9,27.6,13.13,10,0
2025-01-15 07:30:18.000+05:30,61.41,492.53,24.42,3.14,3.69,-21,27.8,0.71,10,0
2025-01-15 07:30:19.000+05:30,63.56,887.24,28.63,6.15,3.18,-3,27.9,13.63,10,0
2025-01-15 07:30:20.000+05:30,23.02,779.33,28.26,8.34,1.66,-28,27.9,8.81,10,0
2025-01-15 07:30:21.000+05:30,45.44,621.92,31.28,5.35,0.82,-14,27.8,7.3,10,0
2025-01-15 07:30:22.000+05:30,48.9,542.85,21.81,4.78,0.53,1,27.5,4.14,10,0
2025-01-15 07:30:23.000+05:30,33.96,367.14,24.36,6.02,5.68,12,27.5,2.83,10,0
2025-01-15 07:30:24.000+05:30,23.04,319.72,25.06,11.95,3.61,-8,27.6,12.7,10,0
2025-01-15 07:30:25.000+05:30,11.36,496.78,28.15,3.87,1.91,9,27.5,13.69,10,0
2025-01-15 07:30:26.000+05:30,55.6,431.62,21.98,4.02,1.57,18,27.8,2.86,10,0
2025-01-15 07:30:27.000+05:30,53.8,655.8,30.85,3.24,5.73,30,27.7,10.69,10,0
2025-01-15 07:30:28.000+05:30,57.49,530.9,27.93,6.19,5.93,-27,27.8,1.91,10,0
2025-01-15 07:30:29.000+05:30,66.38,442.33,23.33,6.68,5.87,-14,27.7,6.71,10,0
2025-01-15 07:30:30.000+05:30,58.45,504.75,23.97,3.43,1.99,17,27.8,4.94,10,0
2025-01-15 07:30:31.000+05:30,47.87,899.19,31.31,5.23,6.11,7,27.7,13.51,10,0
2025-01-15 07:30:32.000+05:30,29.44,824.98,30.57,8.21,1.47,-30,27.6,6.05,10,0
2025-01-15 07:30:33.000+05:30,28.69,474.37,29.99,5.26,3.51,-10,27.8,12.02,10,0
2025-01-15 07:30:34.000+05:30,15.88,417.51,31.27,9.05,4.63,-9,27.8,10.66,10,0
2025-01-15 07:30:35.000+05:30,14.42,748.03,21.47,10.55,5.01,19,27.6,7.41,10,0
2025-01-15 07:30:36.000+05:30,40.4,391.3,27.26,12,0.74,-18,27.5,12.05,10,0
2025-01-15 07:30:37.000+05:30,34.28,400.36,20.18,9.04,1.78,5,27.9,0.74,10,0
2025-01-15 07:30:38.000+05:30,25.24,326.95,25.17,7.27,5.01,14,27.8,8.29,10,0
2025-01-15 07:30:39.000+05:30,11.11,813.64,21.48,3.16,0.57,-24,27.7,6.85,10,0
2025-01-15 07:30:40.000+05:30,9.21,486.56,25.82,11.74,4.83,15,27.6,4.88,10,0
2025-01-15 07:30:41.000+05:30,60.53,638.3,31.86,4.05,2.26,21,27.7,7.14,10,0
2025-01-15 07:30:42.000+05:30,20.06,671.85,22.95,9.95,5.78,21,27.6,4.44,10,0
2025-01-15 07:30:43.000+05:30,38.21,649.3,27.19,7.16,1.43,17,27.7,5.28,10,0
2025-01-15 07:30:44.000+05:30,17.34,564.56,22.01,5.38,1.8,-18,27.8,10.58,10,0
2025-01-15 07:30:45.000+05:30,46.99,310.46,28,3.36,2.83,13,27.8,10.71,10,0
2025-01-15 07:30:46.000+05:30,13.88,859.31,20.75,5.1,1.59,-5,27.7,12.5,10,0
2025-01-15 07:30:47.000+05:30,60.92,356.2,26.93,7.56,2.69,-25,27.8,9.73,10,0
2025-01-15 07:30:48.000+05:30,54.16,281.37,24.25,9.49,0.99,20,27.5,1.45,10,0
2025-01-15 07:30:49.000+05:30,49.88,379.09,22.85,9.74,3.02,-17,27.7,10.2,10,0
2025-01-15 07:30:50.000+05:30,40.65,303.12,31.64,7.73,2,-18,27.6,4.02,10,0
2025-01-15 07:30:51.000+05:30,49.46,718.08,29.66,9.75,1.31,-24,27.8,1.74,10,0
2025-01-15 07:30:52.000+05:30,25.08,504.32,30.76,3.23,1.67,0,27.9,6.46,10,0
2025-01-15 07:30:53.000+05:30,54.26,729.11,23.74,5.53,6,20,27.9,13.04,10,0
2025-01-15 07:30:54.000+05:30,61.86,549.32,31.25,4.75,4.22,2,27.7,10.9,10,0
2025-01-15 07:30:55.000+05:30,44.32,518.9,22.78,8.73,0.61,11,27.7,7.64,10,0
2025-01-15 07:30:56.000+05:30,45.08,403.1,22.33,4.12,3.62,2,27.8,5.12,10,0
2025-01-15 07:30:57.000+05:30,63.07,518.94,30.82,3.09,3.52,13,27.8,0.66,10,0
2025-01-15 07:30:58.000+05:30,23.67,303.86,28.21,3.34,5.91,-12,27.9,1.82,10,0
2025-01-15 07:30:59.000+05:30,57.81,378.13,26.32,4.53,0.87,14,27.7,2.87,10,0
2025-01-15 07:31:00.000+05:30,65.43,779.38,25.49,9.88,2.97,-14,27.7,2.82,10,0
2025-01-15 07:31:01.000+05:30,50.44,590.42,22.28,11.2,4.85,-18,27.7,8.25,10,0
2025-01-15 07:31:02.000+05:30,69.72,455.54,20.08,5.06,4.92,20,27.8,8.99,10,0
2025-01-15 07:31:03.000+05:30,24.46,331.64,20.97,5.58,2.85,16,27.7,8.13,10,0
2025-01-15 07:31:04.000+05:30,42.33,883.28,26.66,3.86,5.5,0,27.8,12.96,10,0
2025-01-15 07:31:05.000+05:30,62.95,363.27,25.85,9.26,3.68,-7,27.6,7.82,10,0
2025-01-15 07:31:06.000+05:30,20.08,630.97,24.38,7.53,1.92,-25,27.6,13.06,10,0
2025-01-15 07:31:07.000+05:30,37.66,521.18,27.82,5.2,2.27,0,27.8,12.79,10,0
2025-01-15 07:31:08.000+05:30,35.67,268.54,26.13,5.79,6.17,-4,27.9,6.61,10,0
2025-01-15 07:31:09.000+05:30,50.2,599.68,20.85,6.05,0.67,-4,27.7,8.23,10,0
2025-01-15 07:31:10.000+05:30,11.7,599.89,28.03,7,4.11,4,27.6,8.42,10,0
2025-01-15 07:31:11.000+05:30,46.95,402.91,29.08,3.52,3.67,20,27.6,2.17,10,0
2025-01-15 07:31:12.000+05:30,35.23,871.2,21.16,6.83,2.49,-15,27.8,8.31,10,0
2025-01-15 07:31:13.000+05:30,33.57,590.61,21.78,11.52,4.92,-20,27.8,0.6,10,0
2025-01-15 07:31:14.000+05:30,58.3,525.17,30.32,3.77,2.96,23,27.8,12.45,10,0
2025-01-15 07:31:15.000+05:30,54.4,407.97,20.62,9.26,3.34,13,27.7,0.41,10,0
2025-01-15 07:31:16.000+05:30,31.3,283.94,21.02,9.33,0.94,26,27.9,2.11,10,0
2025-01-15 07:31:17.000+05:30,23.09,540.01,31.9,10.98,1.4,-18,27.8,13.82,10,0
2025-01-15 07:31:18.000+05:30,15.07,611.04,23.69,5.97,1.56,4,27.8,11.43,10,0
2025-01-15 07:31:19.000+05:30,42.04,709.69,25.76,4.99,5.07,-1,27.9,11.17,10,0
2025-01-15 07:31:20.000+05:30,8.6,526.25,29.1,8.5,4.21,-26,27.8,4.65,10,0
2025-01-15 07:31:21.000+05:30,32.68,624.17,26.99,6.84,4.9,14,27.7,4.08,10,0
2025-01-15 07:31:22.000+05:30,41.57,672.43,31.5,6.74,5.81,-15,27.7,3.41,10,0
2025-01-15 07:31:23.000+05:30,59.56,497.78,29.37,11.16,3.39,-9,27.7,4.95,10,0
2025-01-15 07:31:24.000+05:30,37.34,577.42,26.29,8.07,4.42,-9,27.7,3.87,10,0
2025-01-15 07:31:25.000+05:30,33.08,602.86,28.17,10.24,5.7,-12,27.6,2.69,10,0
2025-01-15 07:31:26.000+05:30,62.2,838.54,22.28,8.58,6.14,-22,27.6,0.53,10,0
2025-01-15 07:31:27.000+05:30,27.44,376.75,29.99,6.51,4.15,0,27.8,2.18,10,0
2025-01-15 07:31:28.000+05:30,17.9,473.03,31.52,8,5.7,18,27.5,12.78,10,0
2025-01-15 07:31:29.000+05:30,7.21,409.85,28.65,4.87,1.42,-16,27.8,4.08,10,0
2025-01-15 07:31:30.000+05:30,39,784.44,31.48,5.74,3.3,-20,27.7,1.26,10,0
2025-01-15 07:31:31.000+05:30,63.19,611.31,20.12,9.58,2.32,-30,27.7,12.02,10,0
2025-01-15 07:31:32.000+05:30,55.93,325.07,29.91,7.16,6.09,24,27.8,12.13,10,0
2025-01-15 07:31:33.000+05:30,38.65,659.77,22.48,3.72,1.23,-20,27.8,4.26,10,0
2025-01-15 07:31:34.000+05:30,57.04,636.35,22.18,11.12,0.88,-7,27.7,13.17,10,0
2025-01-15 07:31:35.000+05:30,29.99,563.86,26.26,4.91,1.35,-30,27.8,1,10,0
2025-01-15 07:31:36.000+05:30,48.98,688.57,29.05,10.06,2.75,-9,27.9,12.2,10,0
2025-01-15 07:31:37.000+05:30,37.17,594.96,27.51,11.61,2.12,-5,27.5,0.71,10,0
2025-01-15 07:31:38.000+05:30,8.81,536.22,24.55,4.05,5.51,25,27.5,11.26,10,0
2025-01-15 07:31:39.000+05:30,28.6,889.39,25.29,6.65,5.09,-12,27.8,2.3,10,0
2025-01-15 07:31:40.000+05:30,30.73,556.33,27.08,7.59,2.17,14,27.9,3.22,10,0
2025-01-15 07:31:41.000+05:30,58.46,814.76,31.7,5.95,2.39,-14,27.7,11.09,10,0
2025-01-15 07:31:42.000+05:30,8.05,616.22,23.22,12,2.88,-15,27.8,5.22,10,0
2025-01-15 07:31:43.000+05:30,41.43,780.24,23.72,9.34,5.93,-6,27.8,8.24,10,0
2025-01-15 07:31:44.000+05:30,41.44,760.09,31.25,10.32,1.16,-10,27.7,6.53,10,0
2025-01-15 07:31:45.000+05:30,9.28,329.11,27.67,4.74,6.09,3,27.7,13.13,10,0
2025-01-15 07:31:46.000+05:30,28.02,348.39,28.92,4.09,3.71,-2,27.7,3.38,10,0
2025-01-15 07:31:47.000+05:30,61.55,361.23,28.91,8.47,5.51,14,27.6,8.41,10,0
2025-01-15 07:31:48.000+05:30,20.57,861.28,28.24,3.76,1.62,15,27.6,13.91,10,0
2025-01-15 07:31:49.000+05:30,59.38,648.26,27.16,11.28,3.21,-6,27.8,4.8,10,0
2025-01-15 07:31:50.000+05:30,60.71,616.49,21.57,5.25,2.68,-4,27.6,2.94,10,0
2025-01-15 07:31:51.000+05:30,61.4,884.13,25.3,3.66,4.38,20,27.5,1.53,10,0
2025-01-15 07:31:52.000+05:30,13.24,515.32,25.47,11.59,6.18,21,27.7,8.49,10,0
2025-01-15 07:31:53.000+05:30,50.67,389.11,21.54,11.57,2.05,0,27.6,8.42,10,0
2025-01-15 07:31:54.000+05:30,12.01,529.87,23.76,10.02,3.82,-22,27.5,1.66,10,0
2025-01-15 07:31:55.000+05:30,45.1,474.07,28.04,11.3,3.57,14,27.6,8.74,10,0
2025-01-15 07:31:56.000+05:30,25.78,618.28,28.84,4.24,5.29,6,27.6,6.26,10,0
2025-01-15 07:31:57.000+05:30,14.63,692.06,24.64,5.43,3.61,2,27.7,5.97,10,0
2025-01-15 07:31:58.000+05:30,43.74,645.62,20.1,9.89,3.45,28,27.5,3.25,10,0
2025-01-15 07:31:59.000+05:30,67.11,338.21,28.31,5.91,0.72,9,27.6,10.15,10,0
2025-01-15 07:32:00.000+05:30,10.34,440.13,23.49,7.2,1.56,-22,27.6,0.75,10,0
2025-01-15 07:32:01.000+05:30,24.18,724.86,25.77,6.71,0.85,-1,27.8,4.68,10,0
2025-01-15 07:32:02.000+05:30,17.28,564.16,30.86,7.11,6.09,-15,27.7,12.21,10,0
2025-01-15 07:32:03.000+05:30,65.69,504.37,20.09,7.04,1.46,26,27.5,7.82,10,0
2025-01-15 07:32:04.000+05:30,26.79,594.84,27.18,9.2,4.35,11,27.8,0.26,10,0
2025-01-15 07:32:05.000+05:30,40.7,567.4,20.01,9.48,2.54,6,27.8,1.49,10,0
2025-01-15 07:32:06.000+05:30,46.32,796.34,27.21,4.56,2.34,-2,27.8,13.56,10,0
2025-01-15 07:32:07.000+05:30,65.61,899.88,25.74,9.94,4.91,22,27.6,11.34,10,0
2025-01-15 07:32:08.000+05:30,55.07,566.69,25.79,7.67,1.53,-2,27.8,5.69,10,0
2025-01-15 07:32:09.000+05:30,60.6,523.14,24.85,5.09,1.79,-17,27.8,7.86,10,0
2025-01-15 07:32:10.000+05:30,14.52,266.62,22.37,9.7,2.84,22,27.7,4.24,10,0
2025-01-15 07:32:11.000+05:30,33.55,277.42,23.03,6.57,5.11,1,27.7,3.88,10,0
2025-01-15 07:32:12.000+05:30,56,404,23.56,11.67,5.08,6,27.8,11.44,10,0
2025-01-15 07:32:13.000+05:30,25.1,344.45,27.83,6.42,0.78,-28,27.8,7.57,10,0
2025-01-15 07:32:14.000+05:30,51.14,812.98,27.39,11.07,5.73,-30,27.9,2.29,10,0
2025-01-15 07:32:15.000+05:30,56.76,637.1,29.87,6.2,5.39,-12,27.8,4.5,10,0
2025-01-15 07:32:16.000+05:30,32.16,532.84,25.03,3.35,5.79,26,27.6,8.42,10,0
2025-01-15 07:32:17.000+05:30,12.64,839.92,21.6,5.7,5.91,-23,27.9,12.49,10,0
2025-01-15 07:32:18.000+05:30,47.15,469.31,28.27,9.26,1.33,-4,27.9,5.92,10,0
2025-01-15 07:32:19.000+05:30,12.87,778.91,25.76,10.33,4.65,17,27.8,11.79,10,0
2025-01-15 07:32:20.000+05:30,57.67,404.77,29.95,6.92,5.3,-21,27.5,4.35,10,0
2025-01-15 07:32:21.000+05:30,41.74,424.16,23.85,6.54,2.66,22,27.8,5.8,10,0
2025-01-15 07:32:22.000+05:30,66.51,825.91,30.09,11.23,4.9,-4,27.6,0.74,10,0
2025-01-15 07:32:23.000+05:30,7.88,309.8,23.68,8.73,5.85,26,27.6,13.88,10,0
2025-01-15 07:32:24.000+05:30,18.38,521.08,29.92,4.91,4.12,14,27.9,5.99,10,0
2025-01-15 07:32:25.000+05:30,29.81,534.87,20.76,10.36,5.06,18,27.7,3.09,10,0
2025-01-15 07:32:26.000+05:30,53.46,523.27,28.11,6.92,2.23,25,27.7,0.73,10,0
2025-01-15 07:32:27.000+05:30,58.79,588.33,22.07,11.87,5.62,-11,27.8,1.6,10,0
2025-01-15 07:32:28.000+05:30,59.12,888.53,24.08,10.34,1.99,10,27.8,2.52,10,0
2025-01-15 07:32:29.000+05:30,58.57,340.24,31.83,9.02,2.91,-30,27.7,10.47,10,0
2025-01-15 07:32:30.000+05:30,69.35,314.18,29.1,10.04,6.19,15,27.7,3.97,10,0
2025-01-15 07:32:31.000+05:30,27.98,306.71,28.87,5.32,0.75,9,27.5,9.42,10,0
2025-01-15 07:32:32.000+05:30,61.77,463.07,24.49,10.89,5.54,-14,27.5,1.94,10,0
2025-01-15 07:32:33.000+05:30,28.78,857.61,29.23,6.76,2.5,-5,27.7,1.84,10,0
2025-01-15 07:32:34.000+05:30,48.7,672.6,21.3,8.62,4.96,7,27.7,4.88,10,0
2025-01-15 07:32:35.000+05:30,47.27,359.54,22.86,3.01,1.18,-6,27.6,7.49,10,0
2025-01-15 07:32:36.000+05:30,67.85,641.4,23,11.03,4.82,14,27.6,7.66,10,0
2025-01-15 07:32:37.000+05:30,49.38,299.16,31.88,10.02,4.67,6,27.6,2.95,10,0
2025-01-15 07:32:38.000+05:30,65.27,871.74,26.72,5.19,5.52,-18,27.7,4.79,10,0
2025-01-15 07:32:39.000+05:30,60.5,413.53,23.26,9.58,4.1,17,27.7,13.24,10,0
2025-01-15 07:32:40.000+05:30,62.44,351,30.72,9.13,4.88,-8,27.9,5.15,10,0
2025-01-15 07:32:41.000+05:30,52.66,504.85,21.77,7.54,3.96,20,27.6,5.2,10,0
2025-01-15 07:32:42.000+05:30,65.22,609.67,22.64,11.86,1.81,7,27.8,3.4,10,0
2025-01-15 07:32:43.000+05:30,20.07,278.87,28.18,3.72,3.58,18,27.7,7.12,10,0
2025-01-15 07:32:44.000+05:30,34.71,849.52,29.42,7.76,5.38,6,27.6,9.5,10,0
2025-01-15 07:32:45.000+05:30,18.35,816.2,26.12,8.44,3.46,24,27.5,0.17,10,0
2025-01-15 07:32:46.000+05:30,44.96,536.59,24.34,8.79,5.39,-12,27.7,9.53,10,0
2025-01-15 07:32:47.000+05:30,56.99,702.77,20.21,7.06,2.17,-20,27.8,12.17,10,0
2025-01-15 07:32:48.000+05:30,49.77,501.4,25.61,11.06,5.7,30,27.7,6.27,10,0
2025-01-15 07:32:49.000+05:30,47.25,546.24,26.24,10.4,0.8,25,27.5,8.12,10,0
2025-01-15 07:32:50.000+05:30,15.33,570.81,30.63,8.97,1.22,20,27.9,3.53,10,0
2025-01-15 07:32:51.000+05:30,64.41,827.47,31.77,4.87,0.62,-14,27.9,5.58,10,0
2025-01-15 07:32:52.000+05:30,22.84,897.19,22.28,4.51,1.35,-14,27.8,8.81,10,0
2025-01-15 07:32:53.000+05:30,56.08,268.34,25.73,8.72,3.77,4,27.8,1.13,10,0
2025-01-15 07:32:54.000+05:30,54.19,260.27,20.81,3.52,1.62,28,27.6,5.57,10,0
2025-01-15 07:32:55.000+05:30,49.91,675.33,28.82,8.57,4.09,27,27.7,12.99,10,0
2025-01-15 07:32:56.000+05:30,68.66,757.04,24.71,8.96,2.07,-29,27.7,0.93,10,0
2025-01-15 07:32:57.000+05:30,43.11,481.8,25.32,6.78,1.27,-29,27.7,9.81,10,0
2025-01-15 07:32:58.000+05:30,13.7,698.2,30.74,9.76,0.57,17,27.7,0.07,10,0
2025-01-15 07:32:59.000+05:30,47.04,595.93,22.14,5.97,6.14,-27,27.8,13.09,10,0
2025-01-15 07:33:00.000+05:30,38.01,304.46,28.86,10.89,4.55,30,27.5,3.75,10,0
2025-01-15 07:33:01.000+05:30,30.8,773.82,21.78,10.72,1.84,-22,27.6,5.57,10,0
2025-01-15 07:33:02.000+05:30,60.63,452.45,30.04,5.27,2.1,-6,27.5,1.62,10,0
2025-01-15 07:33:03.000+05:30,31.79,535.24,31.51,5.13,5.67,26,27.7,7.4,10,0
2025-01-15 07:33:04.000+05:30,11.56,338.24,21.41,3.54,1.42,2,27.8,8.51,10,0
2025-01-15 07:33:05.000+05:30,36.67,778.37,29.98,9.48,4.64,-1,27.5,9.17,10,0
2025-01-15 07:33:06.000+05:30,28.73,510.05,25.58,10.83,2.94,10,27.6,4.63,10,0
2025-01-15 07:33:07.000+05:30,54.65,547.91,20.26,5.03,4.67,-1,27.8,5.58,10,0
2025-01-15 07:33:08.000+05:30,27.17,637.01,28.73,5.52,3.29,-25,27.8,8.44,10,0
2025-01-15 07:33:09.000+05:30,8.31,633.19,27.42,8.57,5.28,22,27.9,3.04,10,0
2025-01-15 07:33:10.000+05:30,40.34,605.56,30.24,5.83,1.74,-30,27.6,0.6,10,0
2025-01-15 07:33:11.000+05:30,59.88,383.9,30.52,3.22,3.99,-29,27.8,7.62,10,0
2025-01-15 07:33:12.000+05:30,60.47,261.37,21.85,11.58,3.17,-2,27.6,4.73,10,0
2025-01-15 07:33:13.000+05:30,58.18,756.52,25.21,5.62,4.56,-17,27.7,13.28,10,0
2025-01-15 07:33:14.000+05:30,28.51,326.62,30.25,4.27,6.12,-18,27.8,2.83,10,0
2025-01-15 07:33:15.000+05:30,28.98,364.87,25.7,11.62,6.1,13,27.6,13.39,10,0
2025-01-15 07:33:16.000+05:30,8.84,750.67,20.64,11.51,5.73,23,27.8,7.75,10,0
2025-01-15 07:33:17.000+05:30,69.31,268.33,30.67,7.64,2.95,-24,27.6,9.72,10,0
2025-01-15 07:33:18.000+05:30,30.14,273.25,23.65,10.92,0.84,13,27.8,13.74,10,0
2025-01-15 07:33:19.000+05:30,36.26,569.57,21.11,4.2,1.11,-24,27.5,5.67,10,0
2025-01-15 07:33:20.000+05:30,40.44,320.64,31.81,8.94,3.09,-3,27.9,5.82,10,0
2025-01-15 07:33:21.000+05:30,64.51,342.37,24.01,11.39,3.26,-2,27.5,11.59,10,0
2025-01-15 07:33:22.000+05:30,7.79,749.49,31.23,7.81,3.5,-4,27.9,6.06,10,0
2025-01-15 07:33:23.000+05:30,59.38,324.54,25.67,5.12,5.49,-3,27.7,11.76,10,0
2025-01-15 07:33:24.000+05:30,28.15,666.91,23.5,4.67,1.48,29,27.7,6.43,10,0
2025-01-15 07:33:25.000+05:30,43.73,624.57,28.34,9.46,5.12,23,27.7,3.1,10,0
2025-01-15 07:33:26.000+05:30,12.57,660.95,24.63,5.02,1.42,-15,27.8,9.35,10,0
2025-01-15 07:33:27.000+05:30,53.59,279.28,23.18,9.52,5.53,11,27.9,4.94,10,0
2025-01-15 07:33:28.000+05:30,49.77,769.45,29.73,6.16,6.17,9,27.9,1.37,10,0
2025-01-15 07:33:29.000+05:30,52.89,663.95,22.67,5.01,4.21,1,27.6,6.83,10,0
2025-01-15 07:33:30.000+05:30,52.22,527.88,28.42,6.25,6,15,27.6,8.52,10,0
2025-01-15 07:33:31.000+05:30,50.14,809.43,22.76,10,4.91,-22,27.9,1.28,10,0
2025-01-15 07:33:32.000+05:30,69.25,782.44,28.2,11.18,4.91,5,27.8,6.08,10,0
2025-01-15 07:33:33.000+05:30,39.06,465.38,28.35,6.68,0.81,28,27.6,11.6,10,0
2025-01-15 07:33:34.000+05:30,68.13,628.44,20.7,11.47,4.14,29,27.6,3.02,10,0
2025-01-15 07:33:35.000+05:30,58.39,391.09,23,6.92,0.85,3,27.7,13.95,10,0
2025-01-15 07:33:36.000+05:30,45.78,848.25,31.59,5.24,3.28,14,27.6,4.13,10,0
2025-01-15 07:33:37.000+05:30,51.34,556.81,21.73,10.21,3.3,-29,27.7,4.06,10,0
2025-01-15 07:33:38.000+05:30,25.02,452.91,27.23,4.81,2.73,-11,27.7,3.31,10,0
2025-01-15 07:33:39.000+05:30,8.52,720.31,27.66,8.25,2.41,-20,27.7,5.89,10,0
2025-01-15 07:33:40.000+05:30,44.12,616.15,24.18,7.74,1.38,0,27.9,1.96,10,0
2025-01-15 07:33:41.000+05:30,21.06,811.39,22.25,7.69,1.24,23,27.7,10.76,10,0
2025-01-15 07:33:42.000+05:30,36.29,888.99,22.68,3.06,5.05,25,27.8,8.72,10,0
2025-01-15 07:33:43.000+05:30,23.46,891.88,25.1,9.44,5.34,-5,27.8,1.81,10,0
2025-01-15 07:33:44.000+05:30,32.27,770.9,31.28,4.03,3.88,-7,27.5,0.93,10,0
2025-01-15 07:33:45.000+05:30,13.57,497.8,27.88,8.66,2.19,-1,27.5,3.65,10,0
2025-01-15 07:33:46.000+05:30,46.45,469.34,27.51,6.19,5.54,-9,27.8,3.64,10,0
2025-01-15 07:33:47.000+05:30,67.16,570.21,25.03,7.81,3.45,4,27.8,1.61,10,0
2025-01-15 07:33:48.000+05:30,14.49,551.93,20.56,7.82,1.84,-12,27.7,4.9,10,0
2025-01-15 07:33:49.000+05:30,47.14,819.16,21.53,5.31,1.22,21,27.8,11.57,10,0
2025-01-15 07:33:50.000+05:30,40.82,507.62,20.19,4.7,2.58,-24,27.7,3.48,10,0
2025-01-15 07:33:51.000+05:30,51.11,485.82,24.89,10.27,1.06,7,27.8,9.03,10,0
2025-01-15 07:33:52.000+05:30,9.05,323.88,28.08,7.16,1.77,13,27.9,8.97,10,0
2025-01-15 07:33:53.000+05:30,46.65,790.12,26.08,8.87,5.86,-14,27.6,4.39,10,0
2025-01-15 07:33:54.000+05:30,68.94,714.42,28.09,4.21,3.21,-2,27.9,1.9,10,0
2025-01-15 07:33:55.000+05:30,50.93,845.3,24.62,7.52,2.43,8,27.5,11.59,10,0
2025-01-15 07:33:56.000+05:30,44.21,695.94,23.38,7.39,5.69,28,27.7,3.53,10,0
2025-01-15 07:33:57.000+05:30,48.39,278.43,29.63,10.9,3.57,-20,27.7,10.27,10,0
2025-01-15 07:33:58.000+05:30,9.82,517.51,29.94,8.45,4.85,17,27.6,4.56,10,0
2025-01-15 07:33:59.000+05:30,16.74,621.63,25.58,5.27,1.22,-10,27.7,5.82,10,0
2025-01-15 07:34:00.000+05:30,67.87,595.79,31.15,5.14,5.51,-19,27.9,4.48,10,0
2025-01-15 07:34:01.000+05:30,9.76,268.56,20.1,8.22,0.65,25,27.7,12.16,10,0
2025-01-15 07:34:02.000+05:30,41.76,268.65,28.39,3,2.39,4,27.6,2.73,10,0
2025-01-15 07:34:03.000+05:30,68.24,813.77,28.83,8.67,4.98,10,27.6,9.18,10,0
2025-01-15 07:34:04.000+05:30,64.23,899.08,20.12,3.63,6.11,27,27.8,7.59,10,0
2025-01-15 07:34:05.000+05:30,42.98,368.84,22,10.86,3.86,11,27.7,5.3,10,0
2025-01-15 07:34:06.000+05:30,14.11,432.23,24.18,11.8,0.89,5,27.5,8.1,10,0
2025-01-15 07:34:07.000+05:30,7.16,758.3,30.74,7.09,1.26,23,27.8,9.28,10,0
2025-01-15 07:34:08.000+05:30,44.44,803.29,31.19,8.96,2.83,19,27.8,4.65,10,0
2025-01-15 07:34:09.000+05:30,26.3,367.2,30.58,4.8,3.82,22,27.7,12.54,10,0
2025-01-15 07:34:10.000+05:30,47.63,432.37,23.89,8.48,0.8,19,27.8,1.97,10,0
2025-01-15 07:34:11.000+05:30,66.23,490.05,30.19,7.54,3.1,27,27.7,13.53,10,0
2025-01-15 07:34:12.000+05:30,20.93,516,22.59,7.64,3.97,-25,27.8,12.42,10,0
2025-01-15 07:34:13.000+05:30,8.68,465.55,30.92,7.39,1.69,-21,27.7,9.77,10,0
2025-01-15 07:34:14.000+05:30,12.44,720.53,27.22,9.82,6.09,24,27.8,12.25,10,0
2025-01-15 07:34:15.000+05:30,45.41,301.27,25.62,5.95,4.25,-19,27.7,9.13,10,0
2025-01-15 07:34:16.000+05:30,56.19,585.13,28.19,9.21,2.07,29,27.7,11.91,10,0
2025-01-15 07:34:17.000+05:30,58,619.95,27.39,4.09,4.07,-9,27.8,7.19,10,0
2025-01-15 07:34:18.000+05:30,25.95,732.75,23.25,5.32,5.3,-19,27.7,8.07,10,0
2025-01-15 07:34:19.000+05:30,41.82,759.11,31.64,6.12,3.58,26,27.7,0.31,10,0
2025-01-15 07:34:20.000+05:30,18.68,273.7,20.67,8.74,0.63,-29,27.5,6.4,10,0
2025-01-15 07:34:21.000+05:30,63.92,442.54,22.52,9.86,4.29,-10,27.8,4.51,10,0
2025-01-15 07:34:22.000+05:30,48.43,654.82,23.96,11.95,5.66,25,27.8,10.63,10,0
2025-01-15 07:34:23.000+05:30,38.51,709.41,26.57,6.82,3.92,-24,27.6,0.19,10,0
2025-01-15 07:34:24.000+05:30,48.16,331.18,29.36,6.42,1.37,-12,27.7,9.85,10,0
2025-01-15 07:34:25.000+05:30,68.82,442.68,25.8,3.33,1.27,-23,27.7,12.76,10,0
2025-01-15 07:34:26.000+05:30,9.51,833.62,25.38,4.25,4.46,-27,27.7,10.94,10,0
2025-01-15 07:34:27.000+05:30,29.65,875.54,28.27,11.08,5.27,1,27.6,7.46,10,0
2025-01-15 07:34:28.000+05:30,31.34,869.69,31.48,11.5,3.53,-22,27.8,4.67,10,0
2025-01-15 07:34:29.000+05:30,45,864.62,21.13,10.06,0.82,23,27.7,10.03,10,0
2025-01-15 07:34:30.000+05:30,23.82,554.53,27.53,9.07,3.38,26,27.8,11.48,10,0
2025-01-15 07:34:31.000+05:30,9.87,358.55,22.34,5.84,5.45,-8,27.7,6.67,10,0
2025-01-15 07:34:32.000+05:30,20.53,757.38,25.19,8,4.22,2,27.8,2.62,10,0
2025-01-15 07:34:33.000+05:30,30.82,872.83,24.32,6.22,1.29,5,27.6,7.12,10,0
2025-01-15 07:34:34.000+05:30,31.2,605.99,20.29,11.61,4.84,2,27.7,3.74,10,0
2025-01-15 07:34:35.000+05:30,17.57,516.55,30.5,7.59,1.14,-27,27.6,0.63,10,0
2025-01-15 07:34:36.000+05:30,29.2,519.33,23.18,10.64,1.86,2,27.6,6.23,10,0
2025-01-15 07:34:37.000+05:30,43.85,666.68,31.71,5.58,3.09,-23,27.8,4.01,10,0
2025-01-15 07:34:38.000+05:30,26.62,282.54,28,6.47,4.86,-3,27.7,6.75,10,0
2025-01-15 07:34:39.000+05:30,28.1,327.78,20.79,3.94,2.75,4,27.8,1.69,10,0
2025-01-15 07:34:40.000+05:30,60.9,492.94,27.4,5.93,2.09,3,27.9,2.49,10,0
2025-01-15 07:34:41.000+05:30,48.91,417.54,31.17,4.37,0.94,-1,27.8,9.35,10,0
2025-01-15 07:34:42.000+05:30,63.1,720.03,20.97,3.05,1.12,-2,27.8,9.71,10,0
2025-01-15 07:34:43.000+05:30,36.03,862.13,22.32,3.46,2,-30,27.8,8.73,10,0
2025-01-15 07:34:44.000+05:30,39.75,646.31,25.26,11.95,1.77,19,27.6,5.82,10,0
2025-01-15 07:34:45.000+05:30,22.93,646.85,31.63,5.75,3.24,3,27.7,9.76,10,0
2025-01-15 07:34:46.000+05:30,20.37,583.61,20.98,8.69,1.02,12,27.7,12.92,10,0
2025-01-15 07:34:47.000+05:30,35.94,456.56,28.73,7.71,0.82,-25,27.8,4.1,10,0
2025-01-15 07:34:48.000+05:30,33.1,463.56,28.71,11.15,3.05,-28,27.8,7.9,10,0
2025-01-15 07:34:49.000+05:30,8.74,465.62,27.96,4.21,2.89,14,27.8,5.19,10,0
2025-01-15 07:34:50.000+05:30,25.85,349.56,27.54,10.2,4.79,-9,27.7,4.23,10,0
2025-01-15 07:34:51.000+05:30,40.88,879.86,25.3,8.16,2.63,-24,27.8,12.19,10,0
2025-01-15 07:34:52.000+05:30,33.19,317.9,20.42,7.67,3.07,20,27.7,2.94,10,0
2025-01-15 07:34:53.000+05:30,50.46,483.07,31.02,3.98,4.7,-14,27.6,10.71,10,0
2025-01-15 07:34:54.000+05:30,52.16,389.17,29.73,9.24,0.82,-12,27.6,10.49,10,0
2025-01-15 07:34:55.000+05:30,59.71,309.64,21.22,6.45,1.52,-13,27.8,9.79,10,0
2025-01-15 07:34:56.000+05:30,27.98,842.66,23.4,4.13,5.18,1,27.8,2.82,10,0
2025-01-15 07:34:57.000+05:30,16.69,323.77,23.08,11.12,0.69,-26,27.5,7.35,10,0
2025-01-15 07:34:58.000+05:30,30.96,759.95,30.24,6.49,5.23,-17,27.6,3.83,10,0
2025-01-15 07:34:59.000+05:30,33.15,376.13,32,10.98,2.64,-15,27.8,13.44,10,0
2025-01-15 07:35:00.000+05:30,32.08,307.26,24.84,4.61,5.09,1,27.5,9.3,10,0
2025-01-15 07:35:01.000+05:30,17.78,356.48,24.32,9.5,1,16,27.6,9.49,10,0
2025-01-15 07:35:02.000+05:30,29.11,818.39,25.7,8.85,4.31,-7,27.5,12.92,10,0
2025-01-15 07:35:03.000+05:30,53,768.34,23.74,6.27,2.71,18,27.6,8.87,10,0
2025-01-15 07:35:04.000+05:30,52.51,417.32,23.45,7.24,5.5,27,27.6,3.59,10,0
2025-01-15 07:35:05.000+05:30,52.63,490.52,29.76,5.13,4.85,-23,27.9,12.53,10,0
2025-01-15 07:35:06.000+05:30,45.61,262.73,24.39,7.78,3.94,24,27.8,6.63,10,0
2025-01-15 07:35:07.000+05:30,19.37,292.96,25.9,9.77,2.89,12,27.6,11.13,10,0
2025-01-15 07:35:08.000+05:30,28.07,868.01,24.82,7.58,3.86,19,27.6,0.89,10,0
2025-01-15 07:35:09.000+05:30,23.42,394.33,26.77,6.95,3.52,5,27.5,5.45,10,0
2025-01-15 07:35:10.000+05:30,62.08,718.61,25.86,11.63,5.21,28,27.7,11.77,10,0
2025-01-15 07:35:11.000+05:30,36.03,883.1,31.63,6.65,2.71,-12,27.5,8.09,10,0
2025-01-15 07:35:12.000+05:30,22.87,826.07,24.44,3.92,5.1,-4,27.8,0.22,10,0
2025-01-15 07:35:13.000+05:30,31.68,760.33,26.19,9.89,4.11,11,27.7,10.47,10,0
2025-01-15 07:35:14.000+05:30,40.7,514.02,27.09,10.79,4.77,-20,27.6,9.98,10,0
2025-01-15 07:35:15.000+05:30,25.24,286.96,22.88,3.55,1.86,-24,27.8,0.9,10,0
2025-01-15 07:35:16.000+05:30,59.08,805.65,25.63,10.61,4.71,18,27.6,3.45,10,0
2025-01-15 07:35:17.000+05:30,44.28,747.54,29.56,3.82,2.22,23,27.5,10.06,10,0
2025-01-15 07:35:18.000+05:30,59.69,610.46,21.31,10.34,1.73,13,27.8,7.75,10,0
2025-01-15 07:35:19.000+05:30,68.23,337.19,20.02,9.94,4.13,-11,27.6,13.02,10,0
2025-01-15 07:35:20.000+05:30,23.46,640.56,22.05,5.16,1.35,19,27.8,9.68,10,0
2025-01-15 07:35:21.000+05:30,7.95,321.77,21.55,7.74,3.94,13,27.6,7.62,10,0
2025-01-15 07:35:22.000+05:30,48.72,473.06,27.69,10.53,3.73,-16,27.6,10,10,0
2025-01-15 07:35:23.000+05:30,54.81,646.67,31.68,4.05,5.86,-19,27.7,13.96,10,0
2025-01-15 07:35:24.000+05:30,63.34,705.65,23.3,9.62,5.06,27,27.8,4,10,0
2025-01-15 07:35:25.000+05:30,54.48,834.88,27.15,7.09,3.81,-6,27.5,5.08,10,0
2025-01-15 07:35:26.000+05:30,24.33,613.17,20,7.18,3.91,27,27.9,5.49,10,0
2025-01-15 07:35:27.000+05:30,30.73,342.47,31.38,11.19,4.61,0,27.8,4.68,10,0
2025-01-15 07:35:28.000+05:30,17.32,304.07,28.95,11.23,1.63,-21,27.6,2.62,10,0
2025-01-15 07:35:29.000+05:30,58.13,687.85,26.87,9.37,5.43,16,27.8,2.74,10,0
2025-01-15 07:35:30.000+05:30,50.55,384.32,26.03,3.58,2.96,-20,27.6,8.32,10,0
2025-01-15 07:35:31.000+05:30,17.12,599.25,22.68,7.7,4.98,30,27.9,2.76,10,0
2025-01-15 07:35:32.000+05:30,18.13,364.54,24.05,11.95,2.69,-29,27.8,6.79,10,0
2025-01-15 07:35:33.000+05:30,61.29,446.41,31.84,10.66,5.5,-13,27.6,9.62,10,0
2025-01-15 07:35:34.000+05:30,17.82,476.57,21.92,8.31,1.38,-6,27.7,11.35,10,0
2025-01-15 07:35:35.000+05:30,8.66,685.82,27.74,4.98,4.53,14,27.8,12.67,10,0
2025-01-15 07:35:36.000+05:30,9.18,525.59,21.88,11.69,4.44,-1,27.6,2.75,10,0
2025-01-15 07:35:37.000+05:30,29.2,385.92,24.1,10.37,4.65,-16,27.6,13.01,10,0
2025-01-15 07:35:38.000+05:30,39.9,585.42,31.32,6.29,4.06,21,27.9,10.24,10,0
2025-01-15 07:35:39.000+05:30,8.36,415.08,20.39,8.75,2.03,-7,27.7,7.86,10,0
2025-01-15 07:35:40.000+05:30,10.73,707.56,22.22,10.28,3.22,17,27.8,3.15,10,0
2025-01-15 07:35:41.000+05:30,19.04,263.63,20.05,6.79,5.56,8,27.8,7.81,10,0
2025-01-15 07:35:42.000+05:30,38.69,450.71,28.18,5.57,4.6,-20,27.8,10.55,10,0
2025-01-15 07:35:43.000+05:30,13.17,610.54,28.88,11.59,2.67,5,27.8,5.08,10,0
2025-01-15 07:35:44.000+05:30,31,347.28,30.06,7.12,5.85,-30,27.8,13.09,10,0
2025-01-15 07:35:45.000+05:30,27.98,343.32,28.2,10.23,4.12,27,27.8,9.9,10,0
2025-01-15 07:35:46.000+05:30,57.15,737.44,20.75,9.75,2.6,-19,27.8,10.34,10,0
2025-01-15 07:35:47.000+05:30,68.64,351.41,27.92,7.01,5.61,20,27.8,7.1,10,0
2025-01-15 07:35:48.000+05:30,42.89,429.8,20.59,5.82,2.79,-15,27.6,6.77,10,0
2025-01-15 07:35:49.000+05:30,58.75,369.14,23.47,9.89,4.83,-21,27.5,13.7,10,0
2025-01-15 07:35:50.000+05:30,27.17,804.22,28.79,4.26,2.83,-16,27.6,0.94,10,0
2025-01-15 07:35:51.000+05:30,10.7,686.08,30.74,9.9,5.24,-8,27.6,6.7,10,0
2025-01-15 07:35:52.000+05:30,60.04,430.55,29.54,3.39,0.87,29,27.7,9.46,10,0
2025-01-15 07:35:53.000+05:30,22.59,842.62,27.43,11.04,2.58,30,27.5,10.17,10,0
2025-01-15 07:35:54.000+05:30,69.22,364.66,24.36,9.64,4.9,-2,27.6,3.86,10,0
2025-01-15 07:35:55.000+05:30,41.59,299.51,25.26,8.63,2.67,2,27.7,3.95,10,0
2025-01-15 07:35:56.000+05:30,66,408.96,25.6,8.93,0.67,17,27.5,7.34,10,0
2025-01-15 07:35:57.000+05:30,11.36,283.46,21.62,12,6.03,-30,27.6,7.33,10,0
2025-01-15 07:35:58.000+05:30,45.18,450.28,21.55,4.01,3.4,7,27.8,4.3,10,0
2025-01-15 07:35:59.000+05:30,8.61,423.95,20.83,3.49,6.02,-2,27.6,10.12,10,0
2025-01-15 07:36:00.000+05:30,19.12,305.69,30.08,5.64,3.75,-12,27.7,13.99,10,0
2025-01-15 07:36:01.000+05:30,20.1,716.28,24.97,3.51,2.01,-27,27.7,1.82,10,0
2025-01-15 07:36:02.000+05:30,49.29,435.68,31.61,3.68,5.06,-30,27.6,5.19,10,0
2025-01-15 07:36:03.000+05:30,29.96,594.2,25.47,5.85,2.71,-3,27.7,0.22,10,0
2025-01-15 07:36:04.000+05:30,58.02,674.39,23.21,5.38,1.8,-9,27.7,13.12,10,0
2025-01-15 07:36:05.000+05:30,42.71,337.08,28.63,11.38,3.2,-26,27.6,9.59,10,0
2025-01-15 07:36:06.000+05:30,21.51,508.5,21.26,6.01,1.17,-3,27.6,12.7,10,0
2025-01-15 07:36:07.000+05:30,52.67,801.48,23.07,9.76,4.01,-28,27.7,3.69,10,0
2025-01-15 07:36:08.000+05:30,47.77,529.99,23.91,8.69,5.94,-19,27.9,12.23,10,0
2025-01-15 07:36:09.000+05:30,28.91,337.75,28.39,7.47,3.35,-21,27.5,1.04,10,0
2025-01-15 07:36:10.000+05:30,16.14,729.54,26.55,11.9,2.33,-19,27.6,10.14,10,0
2025-01-15 07:36:11.000+05:30,8.26,591.24,28.63,3.31,3.98,-22,27.6,9.44,10,0
2025-01-15 07:36:12.000+05:30,66.55,780.04,24.89,3.89,0.59,17,27.8,13.03,10,0
2025-01-15 07:36:13.000+05:30,43.23,760.57,30,8.32,1.06,23,27.6,10.82,10,0
2025-01-15 07:36:14.000+05:30,10.71,779.26,27.33,7.55,1.44,9,27.7,10.06,10,0
2025-01-15 07:36:15.000+05:30,51.56,896.12,27.05,8.96,5.32,3,27.7,9,10,0
2025-01-15 07:36:16.000+05:30,61.03,455.78,20.92,9.39,5.42,-21,27.8,3.6,10,0
2025-01-15 07:36:17.000+05:30,23.68,382.7,28.49,10.39,1.35,11,27.6,5.97,10,0
2025-01-15 07:36:18.000+05:30,22.3,859.58,25.2,8.36,2.74,-13,27.7,6.12,10,0
2025-01-15 07:36:19.000+05:30,62.36,284.02,20.84,9.89,3.72,14,27.9,10.21,10,0
2025-01-15 07:36:20.000+05:30,16.35,433.5,20.23,6.83,3.18,-16,27.8,8.65,10,0
2025-01-15 07:36:21.000+05:30,35.7,584.86,20.14,3.03,4.44,-27,27.7,1.89,10,0
2025-01-15 07:36:22.000+05:30,56.92,665.15,21,9.25,5.55,18,27.5,2.67,10,0
2025-01-15 07:36:23.000+05:30,29.39,628.85,20.66,4.62,1.92,-25,27.8,6.05,10,0
2025-01-15 07:36:24.000+05:30,31.4,364.94,20.99,10.44,5.73,-10,27.8,8.25,10,0
2025-01-15 07:36:25.000+05:30,49.79,504.07,30.11,6.61,5.53,25,27.7,7.87,10,0
2025-01-15 07:36:26.000+05:30,43.94,756.57,31.73,10.66,0.61,13,27.6,3.79,10,0
2025-01-15 07:36:27.000+05:30,8.7,623.51,27.9,9.04,6.2,0,27.6,5.48,10,0
2025-01-15 07:36:28.000+05:30,32.96,755.7,25.01,10.99,1.68,8,27.8,11.43,10,0
2025-01-15 07:36:29.000+05:30,28.83,510.32,28.43,8.78,3.31,15,27.6,0.12,10,0
2025-01-15 07:36:30.000+05:30,8.25,673.18,27.78,6.06,5.75,-27,27.7,9.5,10,0
2025-01-15 07:36:31.000+05:30,9.71,660.47,22.24,3.43,4.55,23,27.5,10.66,10,0
2025-01-15 07:36:32.000+05:30,68.96,876.56,30.69,11.35,2.28,6,27.8,1.09,10,0
2025-01-15 07:36:33.000+05:30,55.81,800.3,23.13,6.76,2.74,14,27.6,5.21,10,0
2025-01-15 07:36:34.000+05:30,47.05,869.62,27.32,3.38,2.77,18,27.8,8.14,10,0
2025-01-15 07:36:35.000+05:30,13.9,834.88,23.73,10.9,1.7,-14,27.7,6.91,10,0
2025-01-15 07:36:36.000+05:30,21.93,796.05,21.12,6.98,3.71,-25,27.9,13.38,10,0
2025-01-15 07:36:37.000+05:30,55.31,538.69,23.99,3.21,4.45,-28,27.6,9.35,10,0
2025-01-15 07:36:38.000+05:30,59.02,476.95,30.45,9.64,1.1,-8,27.8,11.46,10,0
2025-01-15 07:36:39.000+05:30,48.88,344.65,22.13,5.9,4.58,5,27.7,3.47,10,0
2025-01-15 07:36:40.000+05:30,64.15,865.97,20.71,6.82,2.16,24,27.6,6.01,10,0
2025-01-15 07:36:41.000+05:30,31.93,868.97,30.24,9.95,2.35,-10,27.6,1.05,10,0
2025-01-15 07:36:42.000+05:30,48.67,887.83,25.93,4.82,5.82,3,27.5,6.95,10,0
2025-01-15 07:36:43.000+05:30,10.57,609.24,29.15,9.44,1.68,24,27.5,7.56,10,0
2025-01-15 07:36:44.000+05:30,7.19,665.77,29.63,3.05,1.37,28,27.5,3.35,10,0
2025-01-15 07:36:45.000+05:30,55.41,266.16,28.22,3.22,3.15,3,27.7,6.85,10,0
2025-01-15 07:36:46.000+05:30,57.2,332.81,24.81,3.76,0.61,-14,27.6,12.32,10,0
2025-01-15 07:36:47.000+05:30,63.44,290.7,22.68,8.31,4.75,26,27.7,9.89,10,0
2025-01-15 07:36:48.000+05:30,11.72,873.51,21.7,9.21,6.12,26,27.7,9.66,10,0
2025-01-15 07:36:49.000+05:30,34.19,271.94,23.22,8.83,5.39,16,27.7,0.53,10,0
2025-01-15 07:36:50.000+05:30,53.98,375.25,27.8,10.66,2.85,7,27.6,10.09,10,0
2025-01-15 07:36:51.000+05:30,12.73,599.46,23.8,7.87,5.11,25,27.9,12.65,10,0
2025-01-15 07:36:52.000+05:30,43.3,399.02,22.3,8.26,6.08,26,27.7,4.93,10,0
2025-01-15 07:36:53.000+05:30,10.99,287.3,22.8,5.65,3.01,10,27.6,1.18,10,0
2025-01-15 07:36:54.000+05:30,23.07,728.43,30.17,9.03,4.88,-6,27.8,12.66,10,0
2025-01-15 07:36:55.000+05:30,47.7,657.11,30.15,7.61,3,17,27.7,3.12,10,0
2025-01-15 07:36:56.000+05:30,26.28,511.1,22.59,7.76,1.74,15,27.7,3.57,10,0
2025-01-15 07:36:57.000+05:30,7.82,442.73,27.12,8.78,3.56,-20,27.8,11.15,10,0
2025-01-15 07:36:58.000+05:30,25.61,723.65,27.9,5.86,5,-20,27.5,12.56,10,0
2025-01-15 07:36:59.000+05:30,58.3,574.84,28.82,10.39,5.81,-25,27.5,5.72,10,0
2025-01-15 07:37:00.000+05:30,66.56,533.41,23.81,10.97,3.04,15,27.6,9.49,10,0
2025-01-15 07:37:01.000+05:30,53.31,802.42,24.33,4.18,3.79,-9,27.6,7.8,10,0
2025-01-15 07:37:02.000+05:30,47.23,286.56,27.91,9.5,4.07,-16,27.9,0.25,10,0
2025-01-15 07:37:03.000+05:30,41.68,383.93,30.6,4.79,1.95,-6,27.7,13.72,10,0
2025-01-15 07:37:04.000+05:30,8.43,336.67,23.09,8.46,2.73,8,27.8,0.61,10,0
2025-01-15 07:37:05.000+05:30,57,892.46,22.2,8,5.59,-8,27.8,12.12,10,0
2025-01-15 07:37:06.000+05:30,19.69,566.8,25.6,8.41,6.15,20,27.6,8.65,10,0
2025-01-15 07:37:07.000+05:30,40.19,577.56,25.1,3.21,2.55,18,27.8,7.22,10,0
2025-01-15 07:37:08.000+05:30,21.23,875.29,31.16,5.49,2.32,3,27.6,2.51,10,0
2025-01-15 07:37:09.000+05:30,69.48,736.08,24.16,9.78,3.4,1,27.7,2.79,10,0
2025-01-15 07:37:10.000+05:30,13.81,676.39,29.03,9.38,1.32,-1,27.8,4.9,10,0
2025-01-15 07:37:11.000+05:30,26.44,596.87,21.59,10.39,3.89,-27,27.8,11.56,10,0
2025-01-15 07:37:12.000+05:30,57.56,543.7,25.13,7.02,2.4,19,27.6,0.01,10,0
2025-01-15 07:37:13.000+05:30,68.22,463.96,29.55,10.65,4.1,15,27.5,11.46,10,0
2025-01-15 07:37:14.000+05:30,20.86,809.52,22.51,11.98,0.89,-14,27.7,2.53,10,0
2025-01-15 07:37:15.000+05:30,12.33,488.02,29.94,10.48,4.69,-10,27.7,2.1,10,0
2025-01-15 07:37:16.000+05:30,51.65,670.41,26.1,9.92,5.03,14,27.6,2.19,10,0
2025-01-15 07:37:17.000+05:30,22.25,453.11,24.1,6.99,1.42,-7,27.8,6.29,10,0
2025-01-15 07:37:18.000+05:30,36.87,298.51,24.64,5.34,5.7,1,27.8,0.41,10,0
2025-01-15 07:37:19.000+05:30,55.25,641.1,23.68,11.08,0.84,7,27.6,11.55,10,0
2025-01-15 07:37:20.000+05:30,32.98,586.88,22.43,10.64,2.38,28,27.7,8.41,10,0
2025-01-15 07:37:21.000+05:30,14.96,592.98,27.51,11.68,3.2,-9,27.6,6.7,10,0
2025-01-15 07:37:22.000+05:30,15.45,450.5,31.97,9.86,2.11,-18,27.7,1.6,10,0
2025-01-15 07:37:23.000+05:30,48.5,264.17,21.53,8.83,1.43,21,27.8,11.46,10,0
2025-01-15 07:37:24.000+05:30,55.61,877.03,22.17,5,4.31,-6,27.6,6.7,10,0
2025-01-15 07:37:25.000+05:30,30.3,421.17,28.09,5.33,1.84,10,27.9,4.27,10,0
2025-01-15 07:37:26.000+05:30,54.63,881.04,22.96,7.04,4.03,-5,27.8,4.61,10,0
2025-01-15 07:37:27.000+05:30,46.59,368.49,28.23,10.7,1.99,-14,27.9,0.47,10,0
2025-01-15 07:37:28.000+05:30,38.18,514.54,26.05,9.38,1.65,19,27.8,9.26,10,0
2025-01-15 07:37:29.000+05:30,67.91,303.56,26.75,8.9,2.7,8,27.6,9.68,10,0
2025-01-15 07:37:30.000+05:30,35.12,434.44,22.88,7.86,5.66,25,27.7,2.05,10,0
2025-01-15 07:37:31.000+05:30,10.95,820.65,29.23,7.66,2.05,19,27.6,13.61,10,0
2025-01-15 07:37:32.000+05:30,8.55,786.7,27.44,8.96,5.62,-10,27.6,3.36,10,0
2025-01-15 07:37:33.000+05:30,61.99,373.11,23.36,4.4,5.61,22,27.9,10.77,10,0
2025-01-15 07:37:34.000+05:30,55.17,452.99,25.09,7.73,4.5,9,27.8,12.46,10,0
2025-01-15 07:37:35.000+05:30,42.15,657.96,26.47,7.06,1.64,-14,27.9,12.56,10,0
2025-01-15 07:37:36.000+05:30,17.97,365.96,25.27,7.19,1.14,-1,27.6,6.24,10,0
2025-01-15 07:37:37.000+05:30,56.27,603.69,24.1,6.66,5.28,-26,27.8,5.65,10,0
2025-01-15 07:37:38.000+05:30,20.33,856.74,30.14,5.11,3.51,-26,27.6,6.93,10,0
2025-01-15 07:37:39.000+05:30,51.02,888.07,30.87,8.12,5.31,-4,27.8,5.57,10,0
2025-01-15 07:37:40.000+05:30,52.25,531.49,23.73,9.07,2.76,3,27.8,10.14,10,0
2025-01-15 07:37:41.000+05:30,47.51,536.21,30.56,6.54,5.83,-22,27.6,1.06,10,0
2025-01-15 07:37:42.000+05:30,36.26,883.14,27.56,4.13,3.32,26,27.9,9.13,10,0
2025-01-15 07:37:43.000+05:30,33.69,287.15,28.24,3.92,5.3,-13,27.7,1.29,10,0
2025-01-15 07:37:44.000+05:30,42.96,554.56,21.69,7.1,2.61,-10,27.9,2.42,10,0
2025-01-15 07:37:45.000+05:30,44.65,295.3,31.97,10.07,1.58,-16,27.8,10.62,10,0
2025-01-15 07:37:46.000+05:30,22.07,478.32,21.54,5.57,5.24,-24,27.9,11.46,10,0
2025-01-15 07:37:47.000+05:30,28.79,461.4,31.9,10.72,5.91,22,27.7,7.8,10,0
2025-01-15 07:37:48.000+05:30,12.31,318.93,27.24,3.02,5.19,0,27.8,6.09,10,0
2025-01-15 07:37:49.000+05:30,68.43,647.66,29.92,4.05,1.05,27,27.8,11.87,10,0
2025-01-15 07:37:50.000+05:30,26.7,614.26,22.32,11.01,1.42,-30,27.8,4.51,10,0
2025-01-15 07:37:51.000+05:30,67.54,416.69,28.33,9.64,4.63,16,27.5,2.45,10,0
2025-01-15 07:37:52.000+05:30,13.31,475.87,23.6,6.63,2.37,-26,27.6,11.98,10,0
2025-01-15 07:37:53.000+05:30,44.09,647.39,30.19,9.87,4.81,-16,27.5,6.6,10,0
2025-01-15 07:37:54.000+05:30,57.7,261.19,25.14,8.92,1.22,-19,27.5,7.73,10,0
2025-01-15 07:37:55.000+05:30,63.64,773.03,22.6,5.76,2.71,-18,27.8,12.8,10,0
2025-01-15 07:37:56.000+05:30,62.11,654.29,26.19,10.23,6.04,-3,27.6,6.12,10,0
2025-01-15 07:37:57.000+05:30,46.86,792.74,31.8,5.81,2.26,26,27.5,8.11,10,0
2025-01-15 07:37:58.000+05:30,48.69,855.75,22.33,4.19,2.85,-18,27.7,6.28,10,0
2025-01-15 07:37:59.000+05:30,46.93,501.28,28.52,3.21,1.3,-12,27.6,13.89,10,0
2025-01-15 07:38:00.000+05:30,45.42,349.69,20.92,8.53,1.5,-17,27.8,6.26,10,0
2025-01-15 07:38:01.000+05:30,56.87,478.37,25.17,8.97,3.59,6,27.7,2.37,10,0
2025-01-15 07:38:02.000+05:30,20.04,567.28,30.5,3.85,5.81,-21,27.8,3.02,10,0
2025-01-15 07:38:03.000+05:30,45.76,382.86,29.08,11.75,5.52,-24,27.6,12.83,10,0
2025-01-15 07:38:04.000+05:30,7.16,686.54,29.36,11.79,4.04,1,27.9,13.16,10,0
2025-01-15 07:38:05.000+05:30,11.95,617.64,29.02,9.51,6.07,30,27.6,7.18,10,0
2025-01-15 07:38:06.000+05:30,26.55,878.83,20.37,10.78,2.36,-13,27.8,13.76,10,0
2025-01-15 07:38:07.000+05:30,39.81,310.72,28.41,4.81,5.17,-17,27.9,12.64,10,0
2025-01-15 07:38:08.000+05:30,33.23,846.06,25.92,4.76,1.08,-23,27.9,12.35,10,0
2025-01-15 07:38:09.000+05:30,28.67,627.56,27.43,9.65,4.19,-25,27.8,1.82,10,0
2025-01-15 07:38:10.000+05:30,36.86,730.66,21.29,6.41,6.15,21,27.8,12.39,10,0
2025-01-15 07:38:11.000+05:30,44.94,302.53,24.55,3.59,4.17,14,27.7,4.44,10,0
2025-01-15 07:38:12.000+05:30,8.14,798.19,24.42,8.17,3.59,-5,27.5,2.86,10,0
2025-01-15 07:38:13.000+05:30,42.91,277.47,30.54,3.67,5.2,18,27.5,0.19,10,0
2025-01-15 07:38:14.000+05:30,63.31,787.48,22.6,9.68,0.6,-17,27.7,5.39,10,0
2025-01-15 07:38:15.000+05:30,29.93,800.56,22.35,5.4,3.96,-27,27.5,2.91,10,0
2025-01-15 07:38:16.000+05:30,43.75,281.36,21.4,4.77,1.65,20,27.5,8.83,10,0
2025-01-15 07:38:17.000+05:30,20.89,768.41,24.13,6.89,1.48,5,27.7,4.32,10,0
2025-01-15 07:38:18.000+05:30,61.08,673.99,28.26,11.72,0.6,8,27.7,11.19,10,0
2025-01-15 07:38:19.000+05:30,23.68,436.82,30.6,5.97,2.53,13,27.7,13.87,10,0
2025-01-15 07:38:20.000+05:30,53.13,364.31,23.39,10.59,5.59,-2,27.8,8.94,10,0
2025-01-15 07:38:21.000+05:30,49.35,760.3,21.2,11.2,3.72,6,27.5,5.17,10,0
2025-01-15 07:38:22.000+05:30,7.09,588.38,29.31,3.66,2.76,1,27.7,10.77,10,0
2025-01-15 07:38:23.000+05:30,8.67,815.12,31.81,4.4,6.1,-9,27.8,12.79,10,0
2025-01-15 07:38:24.000+05:30,60.58,502.39,30.5,3.39,4.46,-14,27.6,2.65,10,0
2025-01-15 07:38:25.000+05:30,7.88,897.84,26.18,8.94,3.85,19,27.9,2,10,0
2025-01-15 07:38:26.000+05:30,41.01,666.03,25.81,10.12,3.97,4,27.5,11.46,10,0
2025-01-15 07:38:27.000+05:30,37.13,397.19,25.66,9.76,1.37,5,27.8,5.16,10,0
2025-01-15 07:38:28.000+05:30,32.8,671.17,23.67,6.19,4.44,3,27.7,6.4,10,0
2025-01-15 07:38:29.000+05:30,41.73,774.42,23.08,3.2,3.88,-23,27.9,9.68,10,0
2025-01-15 07:38:30.000+05:30,7.9,296.67,20.86,3.91,4.55,-26,27.7,9.93,10,0
2025-01-15 07:38:31.000+05:30,9.11,283.81,23.31,10.38,2.24,16,27.8,9.2,10,0
2025-01-15 07:38:32.000+05:30,67.83,346.51,22.31,5.26,5.77,16,27.7,0.12,10,0
2025-01-15 07:38:33.000+05:30,49.74,365.86,23.92,5.24,3.76,23,27.6,2.05,10,0
2025-01-15 07:38:34.000+05:30,11.93,432.12,31.24,8.97,4.58,16,27.9,9.69,10,0
2025-01-15 07:38:35.000+05:30,41.15,299.2,30.94,3.53,1.59,-9,27.6,1.81,10,0
2025-01-15 07:38:36.000+05:30,23.11,577.6,25.18,4,5.54,-16,27.6,4.31,10,0
2025-01-15 07:38:37.000+05:30,54.26,284.18,24.87,6.09,4.82,-4,27.8,13.04,10,0
2025-01-15 07:38:38.000+05:30,15.3,508.33,29.45,11.97,3.71,28,27.8,7.23,10,0
2025-01-15 07:38:39.000+05:30,47.14,261.18,20.77,9.39,1.75,-23,27.7,9.74,10,0
2025-01-15 07:38:40.000+05:30,43.52,504.19,31.78,8.63,2.72,-15,27.6,6.51,10,0
2025-01-15 07:38:41.000+05:30,41.55,674.17,31.81,4.73,3.38,-15,27.6,1.39,10,0
2025-01-15 07:38:42.000+05:30,31.76,368.71,29.62,3.2,3.27,11,27.5,9.27,10,0
2025-01-15 07:38:43.000+05:30,68.83,587.96,31.95,9.57,4.94,16,27.7,0.19,10,0
2025-01-15 07:38:44.000+05:30,7.47,748.51,31.04,11.73,1.42,-3,27.7,8.98,10,0
2025-01-15 07:38:45.000+05:30,32.03,472.07,25.35,4.61,0.65,-19,27.7,7.03,10,0
2025-01-15 07:38:46.000+05:30,67.07,338.28,20.6,11.44,3.82,28,27.6,12.83,10,0
2025-01-15 07:38:47.000+05:30,36.02,816.31,26.11,10.54,5.49,-9,27.5,5.22,10,0
2025-01-15 07:38:48.000+05:30,26.66,488.66,31.7,6.31,4.05,10,27.6,3.58,10,0
2025-01-15 07:38:49.000+05:30,15.68,569.7,21.54,5.75,2.01,29,27.8,7.34,10,0
2025-01-15 07:38:50.000+05:30,17.81,602.23,27.96,3.2,1.38,29,27.7,1.06,10,0
2025-01-15 07:38:51.000+05:30,17.86,461.19,21.28,8.83,4.6,-11,27.8,2.04,10,0
2025-01-15 07:38:52.000+05:30,59.98,590.04,21.33,11.9,1.11,18,27.8,5.08,10,0
2025-01-15 07:38:53.000+05:30,15.64,498.64,20.73,3.54,1.29,-16,27.5,11.9,10,0
2025-01-15 07:38:54.000+05:30,14.28,395,23.38,5.72,2.25,-15,27.7,1.17,10,0
2025-01-15 07:38:55.000+05:30,37.12,693.85,28.12,11.68,2.62,9,27.6,9.29,10,0
2025-01-15 07:38:56.000+05:30,15.39,566.19,25.69,11.48,1.22,-11,27.7,0.74,10,0
2025-01-15 07:38:57.000+05:30,32.17,858.42,25.68,8.25,6.01,14,27.6,13.11,10,0
2025-01-15 07:38:58.000+05:30,32.38,638.66,27.78,5.75,0.86,24,27.7,4.87,10,0
2025-01-15 07:38:59.000+05:30,34.37,445.57,27.47,7.07,4.49,-18,27.6,9.89,10,0
2025-01-15 07:39:00.000+05:30,32.89,276.82,20.48,4.02,1.1,1,27.6,12.09,10,0
2025-01-15 07:39:01.000+05:30,48.46,759.79,27.62,4.15,1.04,23,27.8,2.02,10,0
2025-01-15 07:39:02.000+05:30,37.47,778.88,20.1,5.54,1.23,29,27.7,9.8,10,0
2025-01-15 07:39:03.000+05:30,21.07,675.33,30.92,4.89,3.65,-16,27.6,11.31,10,0
2025-01-15 07:39:04.000+05:30,32.6,885.22,20.89,11.86,4.71,12,27.7,8.7,10,0
2025-01-15 07:39:05.000+05:30,49.73,843.18,24.96,7.38,3.28,3,27.8,1.57,10,0
2025-01-15 07:39:06.000+05:30,43.54,834.41,29.5,4.06,3.32,-22,27.6,12.64,10,0
2025-01-15 07:39:07.000+05:30,10.78,386.24,21.41,8.82,5.83,-30,27.6,7.22,10,0
2025-01-15 07:39:08.000+05:30,25.99,394.55,30.44,9.52,2.22,4,27.8,11.16,10,0
2025-01-15 07:39:09.000+05:30,24.99,500.85,26.97,4.86,0.89,11,27.7,3.94,10,0
2025-01-15 07:39:10.000+05:30,28.82,276.52,28.04,6.21,4.45,-26,27.9,8.78,10,0
2025-01-15 07:39:11.000+05:30,58.61,578.54,23.1,5.76,0.78,1,27.8,2.19,10,0
2025-01-15 07:39:12.000+05:30,55.75,645.52,22.04,5.76,1.82,-17,27.7,8.5,10,0
2025-01-15 07:39:13.000+05:30,33.95,293.38,23.71,9.8,4.98,-23,27.5,10.28,10,0
2025-01-15 07:39:14.000+05:30,40.01,520.56,26.31,9.66,4.59,-12,27.8,9.02,10,0
2025-01-15 07:39:15.000+05:30,36.21,636.4,25.26,7.66,2.16,-1,27.9,9.8,10,0
2025-01-15 07:39:16.000+05:30,50.57,415.11,27.61,3.92,3.44,3,27.5,11.24,10,0
2025-01-15 07:39:17.000+05:30,33.17,469.34,23.42,10.38,5.01,19,27.8,3.88,10,0
2025-01-15 07:39:18.000+05:30,29.17,683.6,27.17,8.73,0.67,20,27.8,6.44,10,0
2025-01-15 07:39:19.000+05:30,37,542.86,20.66,5.78,4.15,-17,27.5,4.72,10,0
2025-01-15 07:39:20.000+05:30,8.24,570.36,21.25,11.35,1.09,-8,27.7,6.59,10,0
2025-01-15 07:39:21.000+05:30,13.83,377.4,27.52,6.22,3.05,-27,27.6,1.78,10,0
2025-01-15 07:39:22.000+05:30,28.54,673.27,27.52,5.94,5.28,-12,27.8,6.97,10,0
2025-01-15 07:39:23.000+05:30,29.38,465.26,31.08,6.63,5.7,17,27.6,10.63,10,0
2025-01-15 07:39:24.000+05:30,34.58,358.85,28.93,10.04,0.63,-13,27.5,1.78,10,0
2025-01-15 07:39:25.000+05:30,33.36,838.89,24.87,7.12,2.64,-27,27.9,2.19,10,0
2025-01-15 07:39:26.000+05:30,62.2,328.39,23.34,7.15,0.77,30,27.6,5.76,10,0
2025-01-15 07:39:27.000+05:30,17.73,281.47,26.88,11.92,6.05,-9,27.7,10.29,10,0
2025-01-15 07:39:28.000+05:30,59.89,658.16,29.47,3.53,4.68,-8,27.5,5.91,10,0
2025-01-15 07:39:29.000+05:30,63.3,508.49,27.54,9.06,4.88,4,27.7,4.7,10,0
2025-01-15 07:39:30.000+05:30,24.17,484.79,22.61,5.25,5.67,27,27.8,1.01,10,0
2025-01-15 07:39:31.000+05:30,57.42,768.65,28.13,3.3,3.75,17,27.5,6.88,10,0
2025-01-15 07:39:32.000+05:30,10.68,765.26,21.73,11.51,1.05,14,27.9,5.08,10,0
2025-01-15 07:39:33.000+05:30,36.37,339.75,24.52,8.31,1.52,-29,27.6,8.07,10,0
2025-01-15 07:39:34.000+05:30,34.12,409.99,31.39,9.11,1.71,-19,27.5,12.58,10,0
2025-01-15 07:39:35.000+05:30,59.09,837.33,22.6,10.11,0.76,-20,27.6,6.38,10,0
2025-01-15 07:39:36.000+05:30,42.37,422.43,31.17,8.38,2.4,-18,27.8,7.09,10,0
2025-01-15 07:39:37.000+05:30,37.66,447.56,26.49,6.58,0.97,26,27.8,10.83,10,0
2025-01-15 07:39:38.000+05:30,36.68,814.53,25.4,4.92,3.37,-27,27.5,12.25,10,0
2025-01-15 07:39:39.000+05:30,11.02,392.23,27.83,4.55,5.83,-17,27.7,2.11,10,0
2025-01-15 07:39:40.000+05:30,29.94,877.63,21.78,7.19,2.41,20,27.7,3.78,10,0
2025-01-15 07:39:41.000+05:30,8.89,677.91,27.55,5.38,3.64,5,27.6,8.53,10,0
2025-01-15 07:39:42.000+05:30,9.18,800.31,31.12,9.42,2.88,17,27.6,5.54,10,0
2025-01-15 07:39:43.000+05:30,46.75,343.07,27.03,4.77,3.85,-22,27.5,6.56,10,0
2025-01-15 07:39:44.000+05:30,62.68,689.02,20.93,6.47,5.23,-11,27.7,10.61,10,0
2025-01-15 07:39:45.000+05:30,30.94,292.29,31.58,10.72,4.27,-7,27.6,9.08,10,0
2025-01-15 07:39:46.000+05:30,12.2,738.87,29.09,5.39,3.29,-20,27.7,12.14,10,0
2025-01-15 07:39:47.000+05:30,33.11,851.76,20.39,3.1,2.33,23,27.6,10.9,10,0
2025-01-15 07:39:48.000+05:30,66.81,783.21,31.76,5.47,4.31,21,27.7,10.8,10,0
2025-01-15 07:39:49.000+05:30,25.53,746.42,30.68,10.85,0.98,28,27.7,8.3,10,0
2025-01-15 07:39:50.000+05:30,54.42,728.51,22.11,4.68,2.8,18,27.5,8.47,10,0
2025-01-15 07:39:51.000+05:30,58.3,585.56,21.37,6.13,4.56,-19,27.8,9.54,10,0
2025-01-15 07:39:52.000+05:30,43.65,519.47,23.49,4.26,1.33,8,27.6,12.32,10,0
2025-01-15 07:39:53.000+05:30,28.93,609.62,20.85,6.99,5.01,29,27.7,6.7,10,0
2025-01-15 07:39:54.000+05:30,37.87,499.59,25.81,4.44,1.97,-7,27.8,12.79,10,0
2025-01-15 07:39:55.000+05:30,63.58,593.1,30.35,5.12,2.97,5,27.6,7,10,0
2025-01-15 07:39:56.000+05:30,69.82,440.89,26.17,9.6,5.08,-17,27.7,6.61,10,0
2025-01-15 07:39:57.000+05:30,47.04,485.08,27.61,4.64,2.72,-6,27.8,7.31,10,0
2025-01-15 07:39:58.000+05:30,8.49,864.52,25.78,6.32,2.41,-27,27.6,0.71,10,0
2025-01-15 07:39:59.000+05:30,16.02,899.21,20.16,4.82,2.83,-13,27.7,11.4,10,0
2025-01-15 07:40:00.000+05:30,7.36,359.45,20.43,11.05,3.08,-21,27.8,1.22,10,0
2025-01-15 07:40:01.000+05:30,20.6,562.25,25.39,4.59,5.22,-19,27.8,3.19,10,0
2025-01-15 07:40:02.000+05:30,50.17,893.19,28.44,8.6,5.48,-20,27.7,4.59,10,0
2025-01-15 07:40:03.000+05:30,33.25,820.64,27.33,9.56,4.84,16,27.7,13.16,10,0
2025-01-15 07:40:04.000+05:30,67.86,397.13,29.02,3.27,3.19,2,27.5,11.17,10,0
2025-01-15 07:40:05.000+05:30,69.5,790.57,27.34,3.94,5.69,-26,27.8,5.83,10,0
2025-01-15 07:40:06.000+05:30,8.6,771.63,29.83,3.28,3.55,-14,27.5,10.13,10,0
2025-01-15 07:40:07.000+05:30,20.09,512.18,22.12,4.32,2.03,23,27.6,4.23,10,0
2025-01-15 07:40:08.000+05:30,37.49,645.47,21.63,7.4,5.04,15,27.8,9.65,10,0
2025-01-15 07:40:09.000+05:30,18.31,833.22,21.22,5.84,2.49,-27,27.8,2.04,10,0
2025-01-15 07:40:10.000+05:30,31.72,813.66,22.25,10.86,3.73,-14,27.6,12.71,10,0
2025-01-15 07:40:11.000+05:30,12.38,685.67,24.06,9.32,4.95,-30,27.7,0.96,10,0
2025-01-15 07:40:12.000+05:30,17.93,873.84,30,10.05,5.51,7,27.7,3.15,10,0
2025-01-15 07:40:13.000+05:30,58.24,262.98,28.83,6.07,3.15,11,27.7,11.81,10,0
2025-01-15 07:40:14.000+05:30,31.89,455.09,31.52,3.59,4.38,-17,27.9,7.17,10,0
2025-01-15 07:40:15.000+05:30,15.48,262.44,21.86,9.63,1.18,4,27.6,9.94,10,0
2025-01-15 07:40:16.000+05:30,32.18,852.91,30.32,9.98,5.84,14,27.8,6.06,10,0
2025-01-15 07:40:17.000+05:30,39.04,898.01,29.45,11.73,3.11,-4,27.8,10.32,10,0
2025-01-15 07:40:18.000+05:30,29.72,656.83,31.27,8.22,5.87,22,27.7,8.36,10,0
2025-01-15 07:40:19.000+05:30,34.9,299.32,22.21,4.78,2.07,15,27.7,4.29,10,0
2025-01-15 07:40:20.000+05:30,57.32,699.22,30.17,5.11,4.3,-18,27.9,10.33,10,0
2025-01-15 07:40:21.000+05:30,22.87,359.25,27.29,10.66,1.39,1,27.7,2.77,10,0
2025-01-15 07:40:22.000+05:30,55.13,713.25,23.28,4.63,1.06,-11,27.6,2.6,10,0
2025-01-15 07:40:23.000+05:30,47.68,778.45,29.53,10.57,1.59,12,27.8,7.18,10,0
2025-01-15 07:40:24.000+05:30,57.54,628.86,31,5.32,1.66,-24,27.5,6.35,10,0
2025-01-15 07:40:25.000+05:30,18.13,853.99,26.49,9.56,2.36,-17,27.6,7.09,10,0
2025-01-15 07:40:26.000+05:30,36.86,275.61,23.77,9.62,2.34,-10,27.8,13.51,10,0
2025-01-15 07:40:27.000+05:30,53.11,890.21,28.51,11.97,0.87,-26,27.7,6.15,10,0
2025-01-15 07:40:28.000+05:30,67.71,878.41,30.73,6.43,5.8,-8,27.6,2.74,10,0
2025-01-15 07:40:29.000+05:30,46.58,709.01,30.46,10.79,1.7,10,27.7,13.12,10,0
2025-01-15 07:40:30.000+05:30,63.67,467.13,21.29,10.21,3.6,14,27.8,13.49,10,0
2025-01-15 07:40:31.000+05:30,9.05,850.75,21.6,11.52,3.87,-9,27.8,10.16,10,0
2025-01-15 07:40:32.000+05:30,50.33,371.18,26.15,5.73,3.13,-4,27.7,9.44,10,0
2025-01-15 07:40:33.000+05:30,50.26,323.99,26.77,8.8,6.04,-19,27.6,5.98,10,0
2025-01-15 07:40:34.000+05:30,25.48,647.23,21.28,5.72,1.92,-24,27.6,5.86,10,0
2025-01-15 07:40:35.000+05:30,65,878.46,21.33,5.01,3.16,-6,27.5,4.07,10,0
2025-01-15 07:40:36.000+05:30,13.33,788.66,23.82,5.17,3.08,18,27.8,0.28,10,0
2025-01-15 07:40:37.000+05:30,50.74,411.63,25.64,4.14,4.49,-4,27.7,6.77,10,0
2025-01-15 07:40:38.000+05:30,64.61,499.92,22.87,3.7,1.12,22,27.8,11.05,10,0
2025-01-15 07:40:39.000+05:30,26.06,260.26,28.25,8.6,3.07,-3,27.7,13.82,10,0
2025-01-15 07:40:40.000+05:30,15.87,293.68,21.07,6.87,3.99,18,27.9,0.91,10,0
2025-01-15 07:40:41.000+05:30,47.63,828.88,26.62,10.97,3.08,29,27.7,10.41,10,0
2025-01-15 07:40:42.000+05:30,50.49,574.5,23.1,11,5.54,-21,27.8,8.51,10,0
2025-01-15 07:40:43.000+05:30,28.7,821.29,25.44,6.01,5.06,23,27.5,3.65,10,0
2025-01-15 07:40:44.000+05:30,14.07,711.84,26.5,9.6,5.8,8,27.8,0.68,10,0
2025-01-15 07:40:45.000+05:30,14.92,502.33,24.04,6.11,2.88,-27,27.7,8.25,10,0
2025-01-15 07:40:46.000+05:30,12.61,342.9,31.2,9.77,4.01,-4,27.8,5.49,10,0
2025-01-15 07:40:47.000+05:30,10.54,586.05,27.76,4.44,4.81,-23,27.9,2.6,10,0
2025-01-15 07:40:48.000+05:30,16.36,656.58,25.13,7.61,5.6,-18,27.9,12.03,10,0
2025-01-15 07:40:49.000+05:30,40.75,697.2,24.38,8.21,5.47,19,27.7,6.49,10,0
2025-01-15 07:40:50.000+05:30,22.58,491.66,31.17,9.33,4.25,-9,27.8,2.07,10,0
2025-01-15 07:40:51.000+05:30,50.95,432.65,25.85,6.66,2.9,1,27.5,2.47,10,0
2025-01-15 07:40:52.000+05:30,36.07,334.16,29.69,6.34,1.71,8,27.8,8.92,10,0
2025-01-15 07:40:53.000+05:30,28.87,384.97,23.23,6.32,0.77,3,27.7,9.32,10,0
2025-01-15 07:40:54.000+05:30,38.66,680.69,27.28,7.84,1.84,8,27.7,11.23,10,0
2025-01-15 07:40:55.000+05:30,36.09,356.3,24,9.25,2.08,-17,27.8,6.25,10,0
2025-01-15 07:40:56.000+05:30,55.43,451.49,22.63,5.81,3.73,-20,27.9,1.66,10,0
2025-01-15 07:40:57.000+05:30,29.44,458.41,30.48,10.87,3.8,-6,27.6,6.48,10,0
2025-01-15 07:40:58.000+05:30,64.32,612.16,31.42,7.45,0.69,19,27.6,0.32,10,0
2025-01-15 07:40:59.000+05:30,53.91,702.74,27.64,7.19,5.79,-7,27.6,0.28,10,0
2025-01-15 07:41:00.000+05:30,36.1,503.43,29.76,10.33,0.78,12,27.9,6.34,10,0
2025-01-15 07:41:01.000+05:30,42.93,648.9,23.85,9,0.5,15,27.8,0.39,10,0
2025-01-15 07:41:02.000+05:30,55.29,878.37,21.18,10.66,0.63,21,27.9,2.37,10,0
2025-01-15 07:41:03.000+05:30,24.67,775.04,21.23,9.54,2.05,-26,27.7,9.97,10,0
2025-01-15 07:41:04.000+05:30,39.34,620.7,21.67,8.29,5.19,14,27.6,1.23,10,0
2025-01-15 07:41:05.000+05:30,8.79,374.78,28.26,3.4,4.96,-2,27.6,1.31,10,0
2025-01-15 07:41:06.000+05:30,49.49,801.34,22.12,8.15,4.54,-10,27.6,13.99,10,0
2025-01-15 07:41:07.000+05:30,37.34,380.19,27.42,5.27,5.97,0,27.8,6.92,10,0
2025-01-15 07:41:08.000+05:30,25.46,501.12,26.53,5.55,5.2,-17,27.8,3.25,10,0
2025-01-15 07:41:09.000+05:30,22.47,835.21,27.61,7.9,2.25,-4,27.6,10.22,10,0
2025-01-15 07:41:10.000+05:30,42.96,286.91,28.56,8.05,5.01,-12,27.5,7.83,10,0
2025-01-15 07:41:11.000+05:30,9.59,530.23,20.59,8.96,5,17,27.6,9.26,10,0
2025-01-15 07:41:12.000+05:30,43.64,388.86,27.67,8.09,5.48,29,27.5,4.07,10,0
2025-01-15 07:41:13.000+05:30,37.58,569.78,30.61,11.83,1.66,11,27.6,10.06,10,0
2025-01-15 07:41:14.000+05:30,54.31,663.51,31.49,9.33,5.72,5,27.8,6.35,10,0
2025-01-15 07:41:15.000+05:30,16.57,884.67,27.51,7.78,1.02,-29,27.9,5.36,10,0
2025-01-15 07:41:16.000+05:30,48.9,624.15,31.54,3.6,5.79,10,27.8,6.46,10,0
2025-01-15 07:41:17.000+05:30,14.15,314.37,29.67,3.25,5.07,-21,27.9,13.01,10,0
2025-01-15 07:41:18.000+05:30,21.84,606.67,22.89,6.59,3.79,-30,27.8,6.72,10,0
2025-01-15 07:41:19.000+05:30,15.85,797.69,29.52,7.05,5.53,-8,27.7,3.36,10,0
2025-01-15 07:41:20.000+05:30,24.04,300.86,20.83,8.9,1.58,19,27.7,4.09,10,0
2025-01-15 07:41:21.000+05:30,18.64,510.04,27.1,8.09,2.74,-29,27.8,4.29,10,0
2025-01-15 07:41:22.000+05:30,21.59,709.53,31.61,4.3,1.79,-8,27.7,6.65,10,0
2025-01-15 07:41:23.000+05:30,23.46,266.41,20.53,8.78,4.23,-7,27.8,8.71,10,0
2025-01-15 07:41:24.000+05:30,15.72,832.79,27.39,8.53,1.84,20,27.9,13.31,10,0
2025-01-15 07:41:25.000+05:30,59.4,275.72,30.2,7.33,1.76,-19,27.7,12.88,10,0
2025-01-15 07:41:26.000+05:30,68.12,464.77,22.6,9.85,3.58,-19,27.8,0.73,10,0
2025-01-15 07:41:27.000+05:30,43.32,510.37,27.39,9.34,1.84,5,27.6,7.8,10,0
2025-01-15 07:41:28.000+05:30,27.87,376.75,20.88,9.12,1.14,30,27.9,8.88,10,0
2025-01-15 07:41:29.000+05:30,65.26,695.07,28.14,5.72,2.26,1,27.7,11.89,10,0
2025-01-15 07:41:30.000+05:30,7.25,433.46,24.4,10.19,5.19,-1,27.5,7.69,10,0
2025-01-15 07:41:31.000+05:30,18.89,346.19,21.23,8.87,3.1,-27,27.6,8.61,10,0
2025-01-15 07:41:32.000+05:30,55.97,738.86,27.53,11.44,3.52,-29,27.9,8.04,10,0
2025-01-15 07:41:33.000+05:30,20.15,263.99,23.29,9.51,1.81,2,27.8,6.81,10,0
2025-01-15 07:41:34.000+05:30,10.45,356.12,29.03,8.38,1.48,23,27.7,4.78,10,0
2025-01-15 07:41:35.000+05:30,69.59,826.16,21.37,6.88,3.14,1,27.8,9.01,10,0
2025-01-15 07:41:36.000+05:30,33.86,853.25,27.86,4.9,4.5,-20,27.6,11.15,10,0
2025-01-15 07:41:37.000+05:30,36.42,534.83,30.03,8.61,1.49,1,27.6,12.69,10,0
2025-01-15 07:41:38.000+05:30,17.1,806.1,22.57,6.28,5.58,-19,27.8,4.87,10,0
2025-01-15 07:41:39.000+05:30,66.66,875.65,31.24,6.58,0.86,8,27.9,13.36,10,0
2025-01-15 07:41:40.000+05:30,27.55,642.89,27,9.61,2.23,18,27.6,4.16,10,0
2025-01-15 07:41:41.000+05:30,29.96,393.15,25.27,10.61,4.81,28,27.8,10.65,10,0
2025-01-15 07:41:42.000+05:30,58.84,483.26,25.01,5.63,3.4,28,27.6,7.61,10,0
2025-01-15 07:41:43.000+05:30,38.36,527.32,24.3,8.98,4.36,-30,27.6,6.81,10,0
2025-01-15 07:41:44.000+05:30,42.33,811.41,31.29,3.47,3.14,7,27.7,10.22,10,0
2025-01-15 07:41:45.000+05:30,24.64,475.75,21.19,8.27,0.53,25,27.9,8.63,10,0
2025-01-15 07:41:46.000+05:30,27.88,581.97,20.03,10.85,2.92,9,27.7,5.29,10,0
2025-01-15 07:41:47.000+05:30,29.5,802.77,26.55,10.07,2.21,23,27.5,5.56,10,0
2025-01-15 07:41:48.000+05:30,66.97,509.43,26.09,10.04,5.22,-28,27.8,7.06,10,0
2025-01-15 07:41:49.000+05:30,13.44,351.02,25.58,3,5.05,-29,27.8,8.95,10,0
2025-01-15 07:41:50.000+05:30,16.95,474.16,21.32,9.89,5.14,-19,27.7,7.86,10,0
2025-01-15 07:41:51.000+05:30,49.33,440.29,28.4,6.44,6.13,27,27.7,11.79,10,0
2025-01-15 07:41:52.000+05:30,22.34,872.05,21.15,10.84,3.42,24,27.7,3.69,10,0
2025-01-15 07:41:53.000+05:30,12.77,689.04,21.58,8.38,2.37,21,27.7,5.18,10,0
2025-01-15 07:41:54.000+05:30,22.15,890.29,23.76,11.08,6.14,2,27.8,3.18,10,0
2025-01-15 07:41:55.000+05:30,25.87,482.73,28.69,17.46,2.69,7,27.6,61.66,11,0
2025-01-15 07:41:56.000+05:30,38.88,576.67,27.16,16.8,1.68,15,27.7,63.34,11,0
2025-01-15 07:41:57.000+05:30,33.59,323.75,29.93,16.57,1.09,1,27.8,73.71,11,0
2025-01-15 07:41:58.000+05:30,35.08,437.25,28.13,12.98,1.57,-15,27.6,75.18,11,0
2025-01-15 07:41:59.000+05:30,37.01,469.36,26.88,12.77,2.74,-30,27.6,67.86,11,0
2025-01-15 07:42:00.000+05:30,39.91,396.67,28.02,17.08,1.2,27,27.8,76.36,11,0
2025-01-15 07:42:01.000+05:30,25.38,308.4,27.64,16.94,1.73,-14,27.9,73,11,0
2025-01-15 07:42:02.000+05:30,39.84,407.28,27.88,13.34,1.03,-29,27.8,67.49,11,0
2025-01-15 07:42:03.000+05:30,38.1,544.09,29.01,13.5,2.25,-10,27.6,83.73,11,0
2025-01-15 07:42:04.000+05:30,20.72,439.56,25.54,14.6,1.07,-23,27.6,69.33,11,0
2025-01-15 07:42:05.000+05:30,37.74,481.87,26.59,15.66,2.67,-30,27.9,78.98,11,0
2025-01-15 07:42:06.000+05:30,37.1,548.52,26.63,15.03,2.81,13,27.7,84.67,11,0
2025-01-15 07:42:07.000+05:30,38.16,427.13,24.2,13.69,1.73,22,27.7,62.51,11,0
2025-01-15 07:42:08.000+05:30,35.76,466.98,25.04,16.81,2.96,7,27.8,79.62,11,0
2025-01-15 07:42:09.000+05:30,30.76,348.04,25.7,12.49,1.82,-22,27.9,75.48,11,0
2025-01-15 07:42:10.000+05:30,28.32,551.64,22.88,15,2.13,-14,27.7,76.78,11,0
2025-01-15 07:42:11.000+05:30,28.7,306.25,26.19,13.42,1.85,-20,27.8,60.49,11,0
2025-01-15 07:42:12.000+05:30,27.08,323.09,23.1,19.38,2.53,7,27.8,66.47,11,0
2025-01-15 07:42:13.000+05:30,27.67,332.9,29.61,15.75,2.41,26,27.6,75.02,11,0
2025-01-15 07:42:14.000+05:30,26.92,490.43,25.38,13.64,1.72,14,27.8,81.66,11,0
2025-01-15 07:42:15.000+05:30,31.85,325.51,27.86,17.88,2.78,25,27.5,73.22,11,0
2025-01-15 07:42:16.000+05:30,31.22,326.57,28.27,17.51,2.41,16,27.6,62.19,11,0
2025-01-15 07:42:17.000+05:30,35.93,483.03,29.02,19.49,1.42,-15,27.6,62.34,11,0
2025-01-15 07:42:18.000+05:30,21.63,571.57,22.1,15.72,2.52,1,27.7,62.46,11,0
2025-01-15 07:42:19.000+05:30,35.44,424.88,23.97,16.08,2.52,-28,27.8,75.41,11,0
2025-01-15 07:42:20.000+05:30,34.49,357.59,29.58,13.38,1.1,-21,27.6,72.69,11,0
2025-01-15 07:42:21.000+05:30,21.08,384.58,24.35,18.51,1.48,8,27.7,67.95,11,0
2025-01-15 07:42:22.000+05:30,35.53,533.49,22.78,19.05,2.17,21,27.8,71.9,11,0
2025-01-15 07:42:23.000+05:30,36.02,591.72,27.35,14.73,2.24,15,27.8,60.43,11,0
2025-01-15 07:42:24.000+05:30,32.64,453.36,23.31,14.2,1.19,-23,27.7,61.09,11,0
2025-01-15 07:42:25.000+05:30,35.62,548.75,29.88,18.81,2.57,1,27.8,65.96,11,0
2025-01-15 07:42:26.000+05:30,24.19,310.47,29.9,19.26,2.68,0,27.7,78.47,11,0
2025-01-15 07:42:27.000+05:30,26.64,542.05,22.73,13.79,1.49,-23,27.6,68.69,11,0
2025-01-15 07:42:28.000+05:30,30.02,528.02,22.38,17.03,1.67,29,27.8,63.9,11,0
2025-01-15 07:42:29.000+05:30,32.33,465.91,29.99,15.23,1.16,-2,27.5,69.63,11,0
2025-01-15 07:42:30.000+05:30,21.07,349.24,26.11,19.56,2.65,-1,27.8,66.7,11,0
2025-01-15 07:42:31.000+05:30,33.13,429.81,27.75,17.09,2.34,-21,27.8,65.33,11,0
2025-01-15 07:42:32.000+05:30,22.56,526.91,23.96,17.79,1.09,-24,27.6,81.34,11,0
2025-01-15 07:42:33.000+05:30,25.13,481.72,26.33,17.51,2.97,-10,27.5,80.51,11,0
2025-01-15 07:42:34.000+05:30,22.65,469.03,28.73,16.21,2.02,7,27.6,74.64,11,0
2025-01-15 07:42:35.000+05:30,25.43,573.43,26.67,17.88,1.88,-1,27.8,68.8,11,0
2025-01-15 07:42:36.000+05:30,33.17,529.06,24.31,14.01,2.67,13,27.5,84.79,11,0
2025-01-15 07:42:37.000+05:30,36.73,423.58,26.55,16.69,2.88,-10,27.5,80.33,11,0
2025-01-15 07:42:38.000+05:30,25.67,377.58,25.37,18.41,1.97,21,27.6,72.92,11,0
2025-01-15 07:42:39.000+05:30,26.36,395.12,27.63,16.09,2.02,-5,27.6,76.66,11,0
2025-01-15 07:42:40.000+05:30,26.36,305.15,26.48,13.83,1.05,-25,27.7,65.96,11,0
2025-01-15 07:42:41.000+05:30,31.16,346.58,23.9,16.77,1.45,8,27.7,70.92,11,0
2025-01-15 07:42:42.000+05:30,29.98,378.19,23.75,13.72,1.97,-22,27.8,82.39,11,0
2025-01-15 07:42:43.000+05:30,39.93,521.34,29.99,14.01,1.3,-20,27.9,66.43,11,0
2025-01-15 07:42:44.000+05:30,39.41,596.5,22.01,13.63,2.05,18,27.5,65.26,11,0
2025-01-15 07:42:45.000+05:30,25.76,341.23,23.84,18.92,1.91,-2,27.6,63.66,11,0
2025-01-15 07:42:46.000+05:30,21.38,444.9,23.73,15.82,2.89,-3,27.6,61.3,11,0
2025-01-15 07:42:47.000+05:30,24.69,575.11,26.83,17.31,2.11,-1,27.6,72.24,11,0
2025-01-15 07:42:48.000+05:30,39.12,347.79,29.94,16.25,2.83,10,27.7,64.73,11,0
2025-01-15 07:42:49.000+05:30,27.13,578.65,29.14,18.28,2.94,-20,27.9,83.6,11,0
2025-01-15 07:42:50.000+05:30,30.55,384.34,29.9,18.13,2.76,5,27.7,78.18,11,0
2025-01-15 07:42:51.000+05:30,35.3,469.18,27.51,16.13,2.42,-23,27.9,62.33,11,0
2025-01-15 07:42:52.000+05:30,35.98,480.49,24.16,16.49,1.99,5,27.6,82.22,11,0
2025-01-15 07:42:53.000+05:30,22.7,492.76,25.29,13.52,2.32,11,27.9,74.71,11,0
2025-01-15 07:42:54.000+05:30,26.38,356.42,24.47,13.5,2.13,-24,27.8,71.34,11,0
2025-01-15 07:42:55.000+05:30,28.9,487.63,24.16,18.63,2.74,-17,27.6,76.87,11,0
2025-01-15 07:42:56.000+05:30,22.97,532.55,28.62,19.77,2.67,-29,27.7,60.8,11,0
2025-01-15 07:42:57.000+05:30,21.62,522.14,28.1,13.8,1.75,-12,27.8,65.54,11,0
2025-01-15 07:42:58.000+05:30,20.08,454.73,28.37,15.98,2.92,0,27.7,67.64,11,0
2025-01-15 07:42:59.000+05:30,36.78,521.02,29.38,12.95,1.27,-20,27.6,82.77,11,0
2025-01-15 07:43:00.000+05:30,32.39,461.91,26.7,19.48,2.97,-11,27.8,61.25,11,0
2025-01-15 07:43:01.000+05:30,31.38,450.94,28.52,13.43,2.53,-12,27.8,84.91,11,0
2025-01-15 07:43:02.000+05:30,27.2,599.87,25.53,16.56,2.26,-21,27.8,61.93,11,0
2025-01-15 07:43:03.000+05:30,30.81,325.58,29.47,16.52,1.99,-24,27.7,74.41,11,0
2025-01-15 07:43:04.000+05:30,27.17,574.24,29.45,19.03,1.1,-12,27.9,69.31,11,0
2025-01-15 07:43:05.000+05:30,35.03,440.03,25.12,12.94,2.73,-6,27.6,65.56,11,0
2025-01-15 07:43:06.000+05:30,36.87,410.37,22.2,12.27,1.43,18,27.7,81.51,11,0
2025-01-15 07:43:07.000+05:30,29.43,393.68,26.68,19.45,1.95,5,27.6,76.07,11,0
2025-01-15 07:43:08.000+05:30,35.96,591.46,28.54,12.73,2.39,28,27.6,66.74,11,0
2025-01-15 07:43:09.000+05:30,21.49,416.52,28.89,19.41,1.21,-26,27.7,74.81,11,0
2025-01-15 07:43:10.000+05:30,23.84,358.11,28.83,19.78,1.66,-22,27.7,62.83,11,0
2025-01-15 07:43:11.000+05:30,30.43,309.39,28.96,19.64,2.44,-6,27.6,61.32,11,0
2025-01-15 07:43:12.000+05:30,28.81,408.88,25.07,15.63,1.59,-19,27.8,78.07,11,0
2025-01-15 07:43:13.000+05:30,23.2,598.77,26.61,14.61,2.7,-9,27.9,80.04,11,0
2025-01-15 07:43:14.000+05:30,35.11,501.72,25.95,13.78,1.15,-11,27.6,75.05,11,0
2025-01-15 07:43:15.000+05:30,37.99,585.65,22.43,15.08,1.45,29,27.8,84.98,11,0
2025-01-15 07:43:16.000+05:30,25.64,549.9,23.63,13.27,2.96,-2,27.8,70.92,11,0
2025-01-15 07:43:17.000+05:30,34.91,337.7,25.27,17.58,1.78,11,27.7,72.33,11,0
2025-01-15 07:43:18.000+05:30,20.24,541.42,29.96,14.68,1.33,16,27.8,63.57,11,0
2025-01-15 07:43:19.000+05:30,33.84,408.01,28.25,14.09,2.98,8,27.7,69.16,11,0
2025-01-15 07:43:20.000+05:30,21.05,381.54,25.86,16.94,2.89,-5,27.5,76.37,11,0
2025-01-15 07:43:21.000+05:30,32.94,387.02,28.01,16.09,1.97,-26,27.5,83.64,11,0
2025-01-15 07:43:22.000+05:30,20.93,404.39,28.77,13.88,2.77,-19,27.9,75.07,11,0
2025-01-15 07:43:23.000+05:30,21.92,522.65,27.85,17.45,1.56,-30,27.5,64.59,11,0
2025-01-15 07:43:24.000+05:30,20.46,522.4,23.71,17.11,2.22,15,27.7,79.72,11,0
2025-01-15 07:43:25.000+05:30,36.75,308.03,28.44,13.93,2.05,27,27.6,78.71,11,0
2025-01-15 07:43:26.000+05:30,30.05,584.21,23.8,14.09,1.53,-7,27.8,74.05,11,0
2025-01-15 07:43:27.000+05:30,28.98,469.55,28.09,15.86,1.27,29,27.6,78.34,11,0
2025-01-15 07:43:28.000+05:30,31.62,595.05,27.85,18.79,1.43,21,27.7,73.25,11,0
2025-01-15 07:43:29.000+05:30,28.07,376.75,29.84,19.09,2.06,14,27.9,61.54,11,0
2025-01-15 07:43:30.000+05:30,29.06,558.55,28.99,19.26,1.96,-10,27.6,64.53,11,0
2025-01-15 07:43:31.000+05:30,35.19,332.1,26.24,16.35,1.81,13,27.8,70.98,11,0
2025-01-15 07:43:32.000+05:30,37.72,378.46,22.87,18.77,2.79,13,27.9,82.57,11,0
2025-01-15 07:43:33.000+05:30,23.17,385.02,25.86,17.17,2.29,-21,27.7,75.42,11,0
2025-01-15 07:43:34.000+05:30,23.42,431.73,22.84,19.02,2.45,9,27.9,78.2,11,0
2025-01-15 07:43:35.000+05:30,27.36,483.73,25.09,14.55,2.6,1,27.6,73.99,11,0
2025-01-15 07:43:36.000+05:30,21.11,361.17,23.45,16.5,1.49,13,27.8,61.91,11,0
2025-01-15 07:43:37.000+05:30,21.3,393.53,25.26,18.32,1.22,-20,27.8,83.94,11,0
2025-01-15 07:43:38.000+05:30,36.63,496.95,22.57,12.46,1.85,30,27.5,68.2,11,0
2025-01-15 07:43:39.000+05:30,31.37,516.01,23.23,17.84,2.55,7,27.6,73.11,11,0
2025-01-15 07:43:40.000+05:30,21.42,327.42,22.62,13.52,1.07,15,27.7,66.21,11,0
2025-01-15 07:43:41.000+05:30,32.38,330.4,24.12,18.67,2.18,0,27.8,73.8,11,0
2025-01-15 07:43:42.000+05:30,24.68,364.84,27.1,19.8,2.6,-2,27.6,79.87,11,0
2025-01-15 07:43:43.000+05:30,23.39,392.86,29.41,12.67,1.03,8,27.9,69.99,11,0
2025-01-15 07:43:44.000+05:30,36.3,441.19,22.41,16.76,1.92,-17,27.6,61.57,11,0
2025-01-15 07:43:45.000+05:30,32.59,506.72,25.19,17.95,1.14,-24,27.5,60.22,11,0
2025-01-15 07:43:46.000+05:30,38.21,535.93,28.49,12.33,2,-24,27.5,80.73,11,0
2025-01-15 07:43:47.000+05:30,22.99,342.14,27.8,13.35,1.79,25,27.9,80.72,11,0
2025-01-15 07:43:48.000+05:30,32.28,395.59,28.76,12.29,2.85,18,27.9,80.81,11,0
2025-01-15 07:43:49.000+05:30,30.92,320.45,25.03,13.57,1.54,-30,27.8,74.7,11,0
2025-01-15 07:43:50.000+05:30,38.32,430.91,26.15,15.81,1.13,-23,27.6,80.97,11,0
2025-01-15 07:43:51.000+05:30,26.1,324.47,28.43,18.22,1.85,5,27.6,80.9,11,0
2025-01-15 07:43:52.000+05:30,23.04,333.62,25.05,18.18,2.82,29,27.6,82.93,11,0
2025-01-15 07:43:53.000+05:30,32.62,336.46,25.57,12.87,2.8,25,27.8,72.12,11,0
2025-01-15 07:43:54.000+05:30,36.25,375.96,24.41,18.52,1.78,-20,27.8,68.17,11,0
2025-01-15 07:43:55.000+05:30,38.47,347,27.73,18.76,2.33,28,27.6,79.82,11,0
2025-01-15 07:43:56.000+05:30,35.99,490.95,22.4,17.56,2.9,-9,27.5,75.44,11,0
2025-01-15 07:43:57.000+05:30,37.6,388.32,29.75,17.21,1.28,-7,27.6,65.38,11,0
2025-01-15 07:43:58.000+05:30,22.31,438.88,24.56,16.03,2,13,27.9,63.12,11,0
2025-01-15 07:43:59.000+05:30,23.07,346.37,25.2,17.52,2.23,-30,27.6,75.94,11,0
2025-01-15 07:44:00.000+05:30,35.56,424.6,25.4,17.86,2.63,3,27.9,67,11,0
2025-01-15 07:44:01.000+05:30,23.56,523.67,26.44,15.99,1.39,28,27.8,61.54,11,0
2025-01-15 07:44:02.000+05:30,25.99,429.72,22.25,16.63,1.77,-2,27.8,69.79,11,0
2025-01-15 07:44:03.000+05:30,28.74,470.3,22.25,13.25,2.58,-3,27.9,75.22,11,0
2025-01-15 07:44:04.000+05:30,26.24,482.98,22.56,19.85,1.08,1,27.5,79.8,11,0
2025-01-15 07:44:05.000+05:30,28.3,546.52,26.76,18.92,2.97,10,27.7,84.25,11,0
2025-01-15 07:44:06.000+05:30,25.29,391.41,25.26,15.74,2.43,14,27.8,62.95,11,0
2025-01-15 07:44:07.000+05:30,32.67,333.38,23.58,13.34,2,10,27.8,74.55,11,0
2025-01-15 07:44:08.000+05:30,30.42,554.67,28.16,13.17,2.57,-1,27.8,64.34,11,0
2025-01-15 07:44:09.000+05:30,28.52,396.12,28.05,16.27,1.58,-11,27.8,72.49,11,0
2025-01-15 07:44:10.000+05:30,35.41,386.89,25.43,14.44,2.26,-18,27.9,76.19,11,0
2025-01-15 07:44:11.000+05:30,20.6,308.37,27.15,18.8,1.47,18,27.8,70.39,11,0
2025-01-15 07:44:12.000+05:30,39.3,388.17,29.19,13.61,2.98,-17,27.6,64.31,11,0
2025-01-15 07:44:13.000+05:30,24.98,536.84,24.66,13.96,1.7,21,27.6,70.43,11,0
2025-01-15 07:44:14.000+05:30,22.65,528.41,26.79,17.87,1.83,0,27.8,69.12,11,0
2025-01-15 07:44:15.000+05:30,26.07,570.49,23.19,12.04,2.57,14,27.7,65.53,11,0
2025-01-15 07:44:16.000+05:30,20.01,360.55,28.48,15.73,1.79,-26,27.9,79.81,11,0
2025-01-15 07:44:17.000+05:30,33.44,444.55,22.06,19.31,2.75,-25,27.6,62.88,11,0
2025-01-15 07:44:18.000+05:30,35.44,332.39,25.04,13.23,1.14,-13,27.6,66.08,11,0
2025-01-15 07:44:19.000+05:30,21.47,407.46,25.7,17.78,1.81,19,27.5,60.98,11,0
2025-01-15 07:44:20.000+05:30,24.04,480.04,29.04,14.91,1.74,17,27.7,70.98,11,0
2025-01-15 07:44:21.000+05:30,35.71,341.13,28.97,14.97,1.08,5,27.8,83.46,11,0
2025-01-15 07:44:22.000+05:30,21.24,493.34,28.84,14.36,1.03,1,27.6,63.48,11,0
2025-01-15 07:44:23.000+05:30,35,503.2,24.69,16.53,1.29,10,27.6,76.08,11,0
2025-01-15 07:44:24.000+05:30,20.17,489.87,23.39,18.91,2.87,21,27.7,81.78,11,0
2025-01-15 07:44:25.000+05:30,34.73,508.49,22.8,14.48,1.16,-9,27.6,61.54,11,0
2025-01-15 07:44:26.000+05:30,31.93,559.38,29.04,15.81,1.16,24,27.9,62.72,11,0
2025-01-15 07:44:27.000+05:30,23.72,516.36,24.33,16.74,1.06,21,27.6,69.41,11,0
2025-01-15 07:44:28.000+05:30,27.63,333.61,29.52,16.05,1.4,2,27.8,82.63,11,0
2025-01-15 07:44:29.000+05:30,21.26,449.17,27.67,13.07,2.08,-10,27.9,74.88,11,0
2025-01-15 07:44:30.000+05:30,37.44,406.73,24.28,15.8,1.49,-12,27.7,79.76,11,0
2025-01-15 07:44:31.000+05:30,26.72,538.94,29.59,15.87,2.65,-9,27.8,76.29,11,0
2025-01-15 07:44:32.000+05:30,29.16,469.18,29.54,16.35,1.37,-9,27.6,79.94,11,0
2025-01-15 07:44:33.000+05:30,25.9,518.43,29.5,13.21,1.04,10,27.7,62.82,11,0
2025-01-15 07:44:34.000+05:30,27.99,332.85,28.64,15.79,2.05,-7,27.6,80.01,11,0
2025-01-15 07:44:35.000+05:30,34.78,494.67,27.77,15.52,2.24,29,27.6,69.51,11,0
2025-01-15 07:44:36.000+05:30,34.88,478.37,28.8,13.72,2.13,29,27.9,80.03,11,0
2025-01-15 07:44:37.000+05:30,36.7,309.76,27.37,19.16,2.31,30,27.6,78.46,11,0
2025-01-15 07:44:38.000+05:30,26.69,497.63,28.93,14.95,2.39,22,27.7,71.36,11,0
2025-01-15 07:44:39.000+05:30,34.93,331.65,28.54,13.26,1.72,1,27.8,77.98,11,0
2025-01-15 07:44:40.000+05:30,22.46,599.94,27.9,12.94,1.89,-15,27.8,63.05,11,0
2025-01-15 07:44:41.000+05:30,27.3,358.83,23.14,14.35,2.13,-9,27.5,64.41,11,0
2025-01-15 07:44:42.000+05:30,28.57,392.71,23.76,15.96,2.1,29,27.5,61.75,11,0
2025-01-15 07:44:43.000+05:30,26.47,505.23,26.87,14.79,2.39,7,27.5,72.84,11,0
2025-01-15 07:44:44.000+05:30,21.13,404.94,28.57,16.31,2.54,-9,27.7,84.86,11,0
2025-01-15 07:44:45.000+05:30,34.43,445.17,26.89,18.29,1.4,24,27.5,79.47,11,0
2025-01-15 07:44:46.000+05:30,21.65,346.26,27.15,16.93,2.87,4,27.8,70.52,11,0
2025-01-15 07:44:47.000+05:30,34.07,467.51,23.23,17.56,1.96,-16,27.7,62.57,11,0
2025-01-15 07:44:48.000+05:30,28.79,341.03,27.54,15.52,2.89,-28,27.8,83.62,11,0
2025-01-15 07:44:49.000+05:30,27.51,477.84,27.47,17.13,2.99,24,27.8,73.66,11,0
2025-01-15 07:44:50.000+05:30,30.36,469.61,24.2,12.63,1.57,-17,27.5,74.3,11,0
2025-01-15 07:44:51.000+05:30,38.1,326.15,25.05,17.1,2.08,-29,27.6,67.8,11,0
2025-01-15 07:44:52.000+05:30,34.97,337.55,26.14,15.15,2.39,15,27.6,79.62,11,0
2025-01-15 07:44:53.000+05:30,39.54,374.95,23.85,14.95,1.24,-20,27.6,68.13,11,0
2025-01-15 07:44:54.000+05:30,33.18,428.26,24.83,12.75,2.39,-2,27.8,61.55,11,0
2025-01-15 07:44:55.000+05:30,24.81,486.04,29.64,12.63,2.34,13,27.6,72.78,11,0
2025-01-15 07:44:56.000+05:30,25.42,577.12,23.59,12.03,2.29,22,27.8,79.56,11,0
2025-01-15 07:44:57.000+05:30,37.95,435.22,25.91,19.36,1.24,27,27.7,82.22,11,0
2025-01-15 07:44:58.000+05:30,36.82,547.51,24.77,12.8,1.42,-18,27.8,70.03,11,0
2025-01-15 07:44:59.000+05:30,37.71,366.51,28.28,19.11,2.41,-9,27.7,64.92,11,0
2025-01-15 07:45:00.000+05:30,27.06,506.25,28.51,15.23,1.11,-19,27.8,84.99,11,0
2025-01-15 07:45:01.000+05:30,37.33,306.97,27.75,15.05,1.85,6,27.8,83.41,11,0
2025-01-15 07:45:02.000+05:30,27.14,454.68,24.89,13.18,1.16,2,27.7,61.18,11,0
2025-01-15 07:45:03.000+05:30,27.45,557.85,27.88,13.09,2.53,-13,27.8,66.37,11,0
2025-01-15 07:45:04.000+05:30,32.97,377.91,23.45,14.18,2.35,-18,27.7,80.95,11,0
2025-01-15 07:45:05.000+05:30,30.41,454.44,23.68,16.66,2.54,-30,27.9,61.25,11,0
2025-01-15 07:45:06.000+05:30,31.04,505.92,22.06,16.11,1.21,3,27.9,75.8,11,0
2025-01-15 07:45:07.000+05:30,22.44,364.66,27.42,17.05,1.29,-24,27.7,62.03,11,0
2025-01-15 07:45:08.000+05:30,31.51,366.12,28.73,12.85,2.22,8,27.6,71.95,11,0
2025-01-15 07:45:09.000+05:30,28.27,300.82,28.78,19.64,1.93,-4,27.8,69.05,11,0
2025-01-15 07:45:10.000+05:30,22.05,309.6,26.16,17.7,2.37,-22,27.6,67.99,11,0
2025-01-15 07:45:11.000+05:30,22.62,479.13,22.69,13.03,2.04,2,27.5,65.62,11,0
2025-01-15 07:45:12.000+05:30,35.92,550.14,28.98,14.7,2.5,1,27.6,72.19,11,0
2025-01-15 07:45:13.000+05:30,24.12,553.72,28.14,15.69,1.58,-15,27.6,66.15,11,0
2025-01-15 07:45:14.000+05:30,34.26,537.93,25.91,19.6,2.6,-8,27.6,79.59,11,0
2025-01-15 07:45:15.000+05:30,24.94,447.56,27.27,12.5,2.72,-10,27.7,81.95,11,0
2025-01-15 07:45:16.000+05:30,37.55,487.81,24.7,15.07,2.19,0,27.5,71.39,11,0
2025-01-15 07:45:17.000+05:30,26.59,460.44,23.55,13.38,1.19,30,27.6,78.45,11,0
2025-01-15 07:45:18.000+05:30,22.43,535.26,22.19,13.61,1.8,-11,27.9,77.84,11,0
2025-01-15 07:45:19.000+05:30,28.32,490.41,26.04,14.61,1.6,-3,27.8,78.62,11,0
2025-01-15 07:45:20.000+05:30,26.09,375.88,23.14,16.12,2.78,-17,27.7,84.85,11,0
2025-01-15 07:45:21.000+05:30,31.15,353.07,28.07,19.15,2.81,30,27.7,72.75,11,0
2025-01-15 07:45:22.000+05:30,29.42,546.42,29.2,14.81,1.44,-26,27.6,61.63,11,0
2025-01-15 07:45:23.000+05:30,35.28,413.77,22.43,17.64,1.83,9,27.7,77.33,11,0
2025-01-15 07:45:24.000+05:30,28.58,523.53,26.36,18.31,1.59,-25,27.6,82.11,11,0
2025-01-15 07:45:25.000+05:30,21.74,401.84,23.91,18.41,2.67,19,27.8,83.05,11,0
2025-01-15 07:45:26.000+05:30,25.27,549.37,22.2,14.95,1.92,9,27.8,82.43,11,0
2025-01-15 07:45:27.000+05:30,39.55,486.23,25.56,18.71,1.73,30,27.8,79.11,11,0
2025-01-15 07:45:28.000+05:30,20.85,426.3,25.99,12.39,1.47,-17,27.9,75.17,11,0
2025-01-15 07:45:29.000+05:30,28.81,504.03,25.63,14.49,1.19,27,27.9,81.56,11,0
2025-01-15 07:45:30.000+05:30,31.17,360.89,25.75,12.98,2.54,-19,27.9,62.8,11,0
2025-01-15 07:45:31.000+05:30,21.1,303.67,27.37,19.32,1.07,-9,27.8,78.39,11,0
2025-01-15 07:45:32.000+05:30,30.22,443.21,27.47,19.36,1.97,28,27.6,77.19,11,0
2025-01-15 07:45:33.000+05:30,39.19,315.89,22.64,12.09,1.79,-3,27.8,67.04,11,0
2025-01-15 07:45:34.000+05:30,21.93,583.85,29.46,15.8,2.58,27,27.8,72.46,11,0
2025-01-15 07:45:35.000+05:30,29.34,464.73,29.9,14.8,2,1,27.7,77.61,11,0
2025-01-15 07:45:36.000+05:30,37.59,439.57,26.65,12.68,1.58,-1,27.9,74.97,11,0
2025-01-15 07:45:37.000+05:30,32.03,388.11,22.54,18.94,1.11,15,27.9,69.39,11,0
2025-01-15 07:45:38.000+05:30,23.54,367.59,27.74,18.42,1.19,11,27.9,73.47,11,0
2025-01-15 07:45:39.000+05:30,34.45,520.77,23.63,13.06,1.99,-5,27.7,72.92,11,0
2025-01-15 07:45:40.000+05:30,37.13,462.6,27.28,16.85,2.05,-29,27.6,63.65,11,0
2025-01-15 07:45:41.000+05:30,38.84,581.8,24.65,17.13,2.99,28,27.6,81.96,11,0
2025-01-15 07:45:42.000+05:30,21.88,381.77,23.35,17.87,3,-24,27.9,69.35,11,0
2025-01-15 07:45:43.000+05:30,24.46,401.19,28.71,14.26,1.75,-15,27.8,70.93,11,0
2025-01-15 07:45:44.000+05:30,32.61,470.91,28.9,12.57,1.06,30,27.8,66.76,11,0
2025-01-15 07:45:45.000+05:30,31.34,526.55,26.72,12.43,2.55,-3,27.7,65.15,11,0
2025-01-15 07:45:46.000+05:30,27.97,343.04,28.01,15.59,1.98,30,27.8,63.81,11,0
2025-01-15 07:45:47.000+05:30,37.15,400.58,27.05,15.23,1.14,-16,27.9,67.02,11,0
2025-01-15 07:45:48.000+05:30,22.41,522.31,29.48,19.33,2.25,-11,27.7,77.1,11,0
2025-01-15 07:45:49.000+05:30,36.7,472.91,26.69,18.93,1.49,-19,27.8,83.24,11,0
2025-01-15 07:45:50.000+05:30,38.25,309.57,28.13,16.62,1.09,19,27.5,61.19,11,0
2025-01-15 07:45:51.000+05:30,23.51,331.2,27.42,12.26,1.81,26,27.6,66.29,11,0
2025-01-15 07:45:52.000+05:30,29.82,374.48,22.62,14.39,2.27,-12,27.9,67.78,11,0
2025-01-15 07:45:53.000+05:30,28.8,540.56,26.58,15.86,2.65,-26,27.8,64.06,11,0
2025-01-15 07:45:54.000+05:30,35.67,440.72,28.83,17.27,2.47,16,27.6,83.69,11,0
2025-01-15 07:45:55.000+05:30,38.93,482.91,22.79,18.53,1.99,-13,27.7,72.39,11,0
2025-01-15 07:45:56.000+05:30,22.67,512.56,29.15,19.22,2.53,16,27.9,84.61,11,0
2025-01-15 07:45:57.000+05:30,33.68,426.55,22.64,13.15,2.37,16,27.9,76.56,11,0
2025-01-15 07:45:58.000+05:30,31.74,544.94,26.98,15.36,2.29,-25,27.7,75.83,11,0
2025-01-15 07:45:59.000+05:30,27.84,444.43,24.21,15.87,2.98,14,27.7,67.91,11,0
2025-01-15 07:46:00.000+05:30,33.78,533.66,25.49,18.69,2.85,2,27.6,65.35,11,0
2025-01-15 07:46:01.000+05:30,35.02,438.75,27.41,19.78,1.25,7,27.7,61.65,11,0
2025-01-15 07:46:02.000+05:30,23.9,508.23,28.97,18.3,1.99,0,27.5,78.03,11,0
2025-01-15 07:46:03.000+05:30,37.25,594.17,27.1,12.01,1.34,25,27.7,70.96,11,0
2025-01-15 07:46:04.000+05:30,23.22,382.99,24.69,15.54,2.98,-18,27.5,67.26,11,0
2025-01-15 07:46:05.000+05:30,39.39,365.82,26.36,16.01,2.51,20,27.9,70.5,11,0
2025-01-15 07:46:06.000+05:30,28.47,585.44,28.67,14.46,2.19,24,27.7,76.47,11,0
2025-01-15 07:46:07.000+05:30,30.86,519.78,28.66,16.81,2.02,8,27.8,77.42,11,0
2025-01-15 07:46:08.000+05:30,33.98,302.31,27.77,13.13,1.76,-5,27.7,81.47,11,0
2025-01-15 07:46:09.000+05:30,20.51,505.51,25.76,14.98,2.98,4,27.6,79.81,11,0
2025-01-15 07:46:10.000+05:30,37.17,398.3,27.64,19.18,2.77,7,27.6,65.36,11,0
2025-01-15 07:46:11.000+05:30,34.94,425.57,23.64,19.29,1.22,-19,27.6,63.22,11,0
2025-01-15 07:46:12.000+05:30,29.21,305.72,22.61,13.31,1.79,14,27.8,78.81,11,0
2025-01-15 07:46:13.000+05:30,34.62,300.91,24.25,19.25,1.74,11,27.7,78.48,11,0
2025-01-15 07:46:14.000+05:30,21.96,531.03,23.21,19.66,1.84,12,27.6,63.64,11,0
2025-01-15 07:46:15.000+05:30,28.77,300.73,29.84,13.22,2.36,0,27.9,72.56,11,0
2025-01-15 07:46:16.000+05:30,21.22,343.35,24.53,18.18,2.43,-3,27.6,76.92,11,0
2025-01-15 07:46:17.000+05:30,32.58,496.57,23.91,16.82,1.78,-15,27.8,71.96,11,0
2025-01-15 07:46:18.000+05:30,35.14,536.68,23.79,18.36,2.53,-18,27.8,66.14,11,0
2025-01-15 07:46:19.000+05:30,30.54,545.68,26.43,13.68,2.44,7,27.8,69.96,11,0
2025-01-15 07:46:20.000+05:30,22.99,453.82,29.68,13.68,2.74,4,27.5,70.84,11,0
2025-01-15 07:46:21.000+05:30,39.96,404.58,27.94,14,1.07,10,27.7,80.21,11,0
2025-01-15 07:46:22.000+05:30,34.22,484.71,25.84,19.8,1.47,-22,27.5,75.8,11,0
2025-01-15 07:46:23.000+05:30,32.07,307.52,29.54,14.05,2.83,12,27.6,70.1,11,0
2025-01-15 07:46:24.000+05:30,24.17,386.79,26.75,18.7,2.23,4,27.7,68.77,11,0
2025-01-15 07:46:25.000+05:30,23.08,515.88,25.27,17.05,1.37,-27,27.7,62.2,11,0
2025-01-15 07:46:26.000+05:30,28.81,522.3,25.55,18.19,2.71,12,27.8,84.05,11,0
2025-01-15 07:46:27.000+05:30,34.02,444.65,26.26,12.54,2.22,6,27.7,68.97,11,0
2025-01-15 07:46:28.000+05:30,38.15,450.41,28.3,19.16,1.46,-17,27.8,60.83,11,0
2025-01-15 07:46:29.000+05:30,25.61,500.59,23.26,14.05,1.78,-15,27.6,61.38,11,0
2025-01-15 07:46:30.000+05:30,25.59,466.83,25.78,13.5,1.7,-13,27.8,73.2,11,0
2025-01-15 07:46:31.000+05:30,22.22,460.96,25.27,15.15,1.42,-29,27.7,74.51,11,0
2025-01-15 07:46:32.000+05:30,38.89,591.52,23.46,15.74,2.7,-8,27.7,74.99,11,0
2025-01-15 07:46:33.000+05:30,22.95,419.02,27.6,14.58,1.02,29,27.8,63.5,11,0
2025-01-15 07:46:34.000+05:30,25.98,367.99,27.19,17.56,2.05,-30,27.5,81.83,11,0
2025-01-15 07:46:35.000+05:30,32.44,476.64,26.09,15.47,2.37,-20,27.8,77.5,11,0
2025-01-15 07:46:36.000+05:30,39.52,493.46,29.01,14.5,1.03,25,27.6,68.17,11,0
2025-01-15 07:46:37.000+05:30,20.57,450.97,25.74,13.79,2.44,-13,27.6,72.19,11,0
2025-01-15 07:46:38.000+05:30,25.74,538.45,23.88,15.05,1.59,-24,27.8,74.13,11,0
2025-01-15 07:46:39.000+05:30,29.75,516.48,26.59,17.09,1.91,-21,27.8,63.74,11,0
2025-01-15 07:46:40.000+05:30,26.15,572.24,27.84,12.68,2.98,-15,27.9,83.36,11,0
2025-01-15 07:46:41.000+05:30,20.21,449.03,23.09,18.2,2.48,0,27.8,81.4,11,0
2025-01-15 07:46:42.000+05:30,36.1,595.09,26.89,18.11,2.39,-15,27.8,77.34,11,0
2025-01-15 07:46:43.000+05:30,33.84,569.14,22.87,14.87,2.74,8,27.8,69.43,11,0
2025-01-15 07:46:44.000+05:30,22.34,430.45,29.13,12.56,2.52,1,27.6,82.14,11,0
2025-01-15 07:46:45.000+05:30,20.13,307.59,26.89,18.16,2.24,-8,27.6,62.02,11,0
2025-01-15 07:46:46.000+05:30,37.69,403.92,26.55,18.93,2.79,-21,27.8,63.92,11,0
2025-01-15 07:46:47.000+05:30,25.12,406.78,25.49,13.46,1.36,17,27.9,62.4,11,0
2025-01-15 07:46:48.000+05:30,39.71,392.74,28.13,13.52,2.6,-7,27.8,74.3,11,0
2025-01-15 07:46:49.000+05:30,38.2,420.61,26.8,13.67,1.1,-10,27.7,73.79,11,0
2025-01-15 07:46:50.000+05:30,26.54,573.65,25.85,14.79,2.32,8,27.6,79.1,11,0
2025-01-15 07:46:51.000+05:30,21.3,551.84,28.58,13.67,2.81,-26,27.8,76.27,11,0
2025-01-15 07:46:52.000+05:30,30.38,445.4,22.33,18.46,2.3,22,27.6,61.6,11,0
2025-01-15 07:46:53.000+05:30,20.5,412.73,28.36,13.83,2.06,-10,27.6,61.73,11,0
2025-01-15 07:46:54.000+05:30,28.82,599.75,26.16,16.82,2.16,-22,27.7,74.13,11,0
2025-01-15 07:46:55.000+05:30,39.24,370.37,28.25,13.5,1.57,-26,27.7,69.02,11,0
2025-01-15 07:46:56.000+05:30,20.95,415,22.42,19.49,2.49,-21,27.8,74.27,11,0
2025-01-15 07:46:57.000+05:30,21.07,510.51,26.37,17.95,2.06,-14,27.7,70.53,11,0
2025-01-15 07:46:58.000+05:30,31.03,464.38,24.17,19.69,2.19,30,27.9,66.05,11,0
2025-01-15 07:46:59.000+05:30,28.56,597.02,25.67,16.98,1.37,24,27.9,72.49,11,0
2025-01-15 07:47:00.000+05:30,33.75,411.83,26.08,14.45,1.94,-6,27.6,68.41,11,0
2025-01-15 07:47:01.000+05:30,20.55,535.76,27.81,18.67,1.78,11,27.9,60.17,11,0
2025-01-15 07:47:02.000+05:30,25.44,417.4,22.86,12.08,1.19,28,27.8,81,11,0
2025-01-15 07:47:03.000+05:30,35.57,366.35,24.68,15.34,2.26,-3,27.8,81.49,11,0
2025-01-15 07:47:04.000+05:30,36.93,548.99,22.23,14.79,1.04,-7,27.8,72.78,11,0
2025-01-15 07:47:05.000+05:30,33.92,428.46,25.88,19.13,1.43,6,27.8,80.11,11,0
2025-01-15 07:47:06.000+05:30,24.97,328.87,26.81,15.9,1.45,6,27.8,63.8,11,0
2025-01-15 07:47:07.000+05:30,20.83,357.21,28.96,12.66,2.58,16,27.9,79.4,11,0
2025-01-15 07:47:08.000+05:30,27.75,554.04,26.74,12.22,1.91,-13,27.7,82.66,11,0
2025-01-15 07:47:09.000+05:30,38.19,530.79,24.47,14.01,2.3,-24,27.5,64.21,11,0
2025-01-15 07:47:10.000+05:30,32.65,314.75,25.49,15.33,2.35,-2,27.6,65.86,11,0
2025-01-15 07:47:11.000+05:30,32.65,465.66,28.26,19.59,2.58,27,27.9,60.19,11,0
2025-01-15 07:47:12.000+05:30,24.87,599.01,24.96,13.3,1.98,20,27.5,83.03,11,0
2025-01-15 07:47:13.000+05:30,26.17,365.06,23.57,19.06,2.03,-21,27.8,66.61,11,0
2025-01-15 07:47:14.000+05:30,28.34,421.02,29.19,16.42,1.83,17,27.8,73.29,11,0
2025-01-15 07:47:15.000+05:30,26.67,466.14,22.25,17.72,2.81,-8,27.9,74.39,11,0
2025-01-15 07:47:16.000+05:30,33.99,364.57,22.93,15.75,1.74,28,27.5,82.31,11,0
2025-01-15 07:47:17.000+05:30,26.28,366.26,26.35,17.51,2.61,4,27.5,68.33,11,0
2025-01-15 07:47:18.000+05:30,32.71,588.41,25.63,19.73,2.42,29,27.8,66.84,11,0
2025-01-15 07:47:19.000+05:30,22.13,384.61,26.24,16.16,2.61,18,27.8,68.69,11,0
2025-01-15 07:47:20.000+05:30,39.65,552.02,29.64,14.17,1.81,12,27.7,82.22,11,0
2025-01-15 07:47:21.000+05:30,25.05,436.24,22.28,18.94,1.81,23,27.6,69.09,11,0
2025-01-15 07:47:22.000+05:30,27.91,428.46,26.43,14.32,2.57,-15,27.8,76.68,11,0
2025-01-15 07:47:23.000+05:30,32.68,419.71,25.98,18.42,1.85,9,27.9,69.01,11,0
2025-01-15 07:47:24.000+05:30,32.37,313.66,27.3,14.2,2.85,-16,27.9,79.94,11,0
2025-01-15 07:47:25.000+05:30,31.22,550.42,23.45,15.05,2.94,-11,27.7,72.76,11,0
2025-01-15 07:47:26.000+05:30,22.15,494.44,22.77,15.08,1.32,-5,27.6,72.92,11,0
2025-01-15 07:47:27.000+05:30,26.7,582.14,27.27,18.01,1.4,-25,27.8,76.46,11,0
2025-01-15 07:47:28.000+05:30,21.54,593.54,24.76,12.91,1.22,-30,27.6,71.11,11,0
2025-01-15 07:47:29.000+05:30,30.14,442.45,24.38,15.65,2.66,-2,27.6,79.72,11,0
2025-01-15 07:47:30.000+05:30,23.51,530.95,29.11,17.98,1.97,9,27.8,69.51,11,0
2025-01-15 07:47:31.000+05:30,37.35,467.27,29.05,14.77,2.09,3,27.9,76.66,11,0
2025-01-15 07:47:32.000+05:30,38.66,382.01,23.58,13.72,2.41,13,27.8,67.85,11,0
2025-01-15 07:47:33.000+05:30,26.09,458.32,24.46,14.19,2.73,0,27.6,64.88,11,0
2025-01-15 07:47:34.000+05:30,32.57,331.31,25.9,15.26,1.88,21,27.8,74.74,11,0
2025-01-15 07:47:35.000+05:30,27.7,452.04,23.94,14.31,1.3,2,27.5,63.11,11,0
2025-01-15 07:47:36.000+05:30,26.33,400.12,22.62,19.18,2.33,-7,27.9,67.23,11,0
2025-01-15 07:47:37.000+05:30,30.28,429.6,24.49,14.01,1.13,19,27.5,70.65,11,0
2025-01-15 07:47:38.000+05:30,29.03,567.23,27.2,15.05,2.21,-11,27.6,62.93,11,0
2025-01-15 07:47:39.000+05:30,39.99,447.68,29.68,18.75,1.04,-6,27.7,80.47,11,0
2025-01-15 07:47:40.000+05:30,25.52,582.23,22.87,17.48,1.6,26,27.7,61.91,11,0
2025-01-15 07:47:41.000+05:30,23.76,427.64,29.77,14.16,2.45,-13,27.5,62.22,11,0
2025-01-15 07:47:42.000+05:30,29.83,320.64,26.95,15.9,2.15,-24,27.8,72.05,11,0
2025-01-15 07:47:43.000+05:30,25.98,403.45,24.49,14.87,1.56,11,27.6,81.43,11,0
2025-01-15 07:47:44.000+05:30,30.64,356.83,25.89,13.7,2.1,-1,27.6,83.89,11,0
2025-01-15 07:47:45.000+05:30,27.88,517.94,28.76,16.14,2.07,3,27.7,66.03,11,0
2025-01-15 07:47:46.000+05:30,21.37,548.33,24.49,13.12,1.94,-18,27.8,64.25,11,0
2025-01-15 07:47:47.000+05:30,20.46,478.35,22.25,19.42,2.58,-6,27.6,78.09,11,0
2025-01-15 07:47:48.000+05:30,26.81,370.83,27.3,15.02,1.01,16,27.5,68.94,11,0
2025-01-15 07:47:49.000+05:30,32.2,314.27,22.67,16.11,1.46,-19,27.7,61.32,11,0
2025-01-15 07:47:50.000+05:30,36.48,371.75,29.96,18.46,1.91,20,27.7,64.16,11,0
2025-01-15 07:47:51.000+05:30,36.65,483.93,24.59,14.09,1.42,-6,27.9,82.92,11,0
2025-01-15 07:47:52.000+05:30,26.64,314.42,25.71,14.85,1.65,-4,27.8,63.52,11,0
2025-01-15 07:47:53.000+05:30,33.14,409.82,26.72,12.42,2.59,25,27.6,79.04,11,0
2025-01-15 07:47:54.000+05:30,39.16,440.47,23.52,14.44,1.74,12,27.6,64.87,11,0
2025-01-15 07:47:55.000+05:30,32.29,430.3,23.16,12.47,1.76,-29,27.7,61.55,11,0
2025-01-15 07:47:56.000+05:30,32.44,437.52,25.74,19.06,2.4,11,27.8,62.24,11,0
2025-01-15 07:47:57.000+05:30,22.29,555.74,24.33,18.33,2.22,14,27.6,81.37,11,0
2025-01-15 07:47:58.000+05:30,27.34,393.14,22.4,17.13,2.52,29,27.6,77.45,11,0
2025-01-15 07:47:59.000+05:30,36.53,428.41,22.34,13.02,2.5,-19,27.6,74.38,11,0
2025-01-15 07:48:00.000+05:30,30.41,361.09,28.81,16.87,2.23,8,27.6,73.44,11,0
2025-01-15 07:48:01.000+05:30,31.46,410.18,29.24,16.52,1.31,0,27.6,61.59,11,0
2025-01-15 07:48:02.000+05:30,29.72,352.78,24.17,15.56,1.71,-24,27.6,69.16,11,0
2025-01-15 07:48:03.000+05:30,36.92,543.09,27.39,16.94,1.67,4,27.6,70.89,11,0
2025-01-15 07:48:04.000+05:30,29.81,427.03,28.18,12.47,1.16,-20,27.6,60.08,11,0
2025-01-15 07:48:05.000+05:30,21.43,367.35,28.08,17.6,2.03,-17,27.8,68.91,11,0
2025-01-15 07:48:06.000+05:30,33.61,378.52,22.59,14.3,2.02,-9,27.6,80.61,11,0
2025-01-15 07:48:07.000+05:30,35.51,399.46,28.27,14.31,2.01,-16,27.7,77.8,11,0
2025-01-15 07:48:08.000+05:30,37.71,591.18,26.5,13.02,1.3,-17,27.5,81.69,11,0
2025-01-15 07:48:09.000+05:30,37.14,581.47,27.51,19.46,1.68,-8,27.5,84.11,11,0
2025-01-15 07:48:10.000+05:30,23.91,595.5,28.32,15.36,2.7,-3,27.9,83.51,11,0
2025-01-15 07:48:11.000+05:30,34.48,492.1,28.47,17.88,1.3,0,27.5,78.72,11,0
2025-01-15 07:48:12.000+05:30,27.16,533.86,25.32,12.84,2.09,-26,27.5,76.61,11,0
2025-01-15 07:48:13.000+05:30,24.27,306.08,23.44,12.82,1.28,-7,27.5,74.55,11,0
2025-01-15 07:48:14.000+05:30,21.93,543.94,26.77,13.8,1.38,28,27.6,73.89,11,0
2025-01-15 07:48:15.000+05:30,25.24,337.97,23.31,18.55,2.26,17,27.6,70.31,11,0
2025-01-15 07:48:16.000+05:30,25.9,395.83,29.27,12.85,2.29,-23,27.8,66.67,11,0
2025-01-15 07:48:17.000+05:30,27.86,463.07,25.52,16.4,2.62,-25,27.8,79.14,11,0
2025-01-15 07:48:18.000+05:30,32.78,528.47,22.8,13.43,2.07,28,27.6,64.66,11,0
2025-01-15 07:48:19.000+05:30,33.72,357.05,24.84,14.15,2.22,-18,27.8,61.02,11,0
2025-01-15 07:48:20.000+05:30,36.45,468.79,23.51,12.28,2.76,-25,27.7,68.53,11,0
2025-01-15 07:48:21.000+05:30,24.95,360.08,26.39,14.83,1.68,30,27.7,63.44,11,0
2025-01-15 07:48:22.000+05:30,29.39,491.65,23.29,15.05,2.76,-9,27.7,81.97,11,0
2025-01-15 07:48:23.000+05:30,20.44,502.77,23.86,16.98,2.52,2,27.7,73.35,11,0
2025-01-15 07:48:24.000+05:30,21.57,517.28,22.1,17.57,1.87,-5,27.7,83.45,11,0
2025-01-15 07:48:25.000+05:30,32.13,365.2,26.2,12.87,2.14,26,27.9,76.15,11,0
2025-01-15 07:48:26.000+05:30,31.36,468.59,28.54,17.46,1.55,-15,27.9,62.94,11,0
2025-01-15 07:48:27.000+05:30,21.67,508.78,22.07,13.14,1.18,1,27.8,68.42,11,0
2025-01-15 07:48:28.000+05:30,26.54,528.16,29.25,19.19,2.84,-17,27.6,65.27,11,0
2025-01-15 07:48:29.000+05:30,37.59,310.28,26.04,18.52,2.21,-3,27.7,70.21,11,0
2025-01-15 07:48:30.000+05:30,36.19,580.57,24.95,16.31,2.49,-25,27.7,65.31,11,0
2025-01-15 07:48:31.000+05:30,38.28,317.81,27.37,15.24,2.73,-11,27.8,78.86,11,0
2025-01-15 07:48:32.000+05:30,25.06,438.5,28.3,19.48,2.47,-12,27.8,77.11,11,0
2025-01-15 07:48:33.000+05:30,21.56,401.97,25.51,12.53,1.09,-27,27.9,65.12,11,0
2025-01-15 07:48:34.000+05:30,35.45,438.28,26.59,12.33,2.84,7,27.8,73.64,11,0
2025-01-15 07:48:35.000+05:30,20.48,221.96,22.26,9.92,0.26,-14,27.9,32.1,12,0
2025-01-15 07:48:36.000+05:30,16.88,152.35,19.94,5.33,0.22,15,27.8,31.18,12,0
2025-01-15 07:48:37.000+05:30,24.33,186.65,20.97,7.5,0.23,27,27.7,35.3,12,0
2025-01-15 07:48:38.000+05:30,20.52,236.43,18.33,7.02,0.26,23,27.7,35.1,12,0
2025-01-15 07:48:39.000+05:30,16.15,124.83,24.75,8.22,0.09,-27,27.7,32.51,12,0
2025-01-15 07:48:40.000+05:30,6.16,93.46,6.97,1.8,0.06,8,27.8,16.86,8,0
2025-01-15 07:48:41.000+05:30,16,213.21,7.02,3.67,0.02,-2,27.6,15.65,8,0
2025-01-15 07:48:42.000+05:30,13.61,197.18,8.8,3.22,0.02,8,27.9,15.36,8,0
2025-01-15 07:48:43.000+05:30,10.38,224.03,6.51,1.08,0.1,15,27.8,15.81,8,0
2025-01-15 07:48:44.000+05:30,7.52,194.36,9.72,3.1,0.08,-5,27.7,17.22,8,0
2025-01-15 07:48:45.000+05:30,9.71,186.38,7.81,3.44,0.1,-19,27.5,16.01,8,0
2025-01-15 07:48:46.000+05:30,7.08,190.08,6.41,1.46,0.08,-6,27.5,17.08,8,0
2025-01-15 07:48:47.000+05:30,8.86,107.13,9.07,1.12,0.08,-30,27.7,14.01,8,0
2025-01-15 07:48:48.000+05:30,15.26,179.78,6.06,2.31,0.02,-24,27.8,17.47,8,0
2025-01-15 07:48:49.000+05:30,13.55,185.87,6.3,2.02,0.02,-27,27.6,14.47,8,0
2025-01-15 07:48:50.000+05:30,15.3,232.2,6.96,2.8,0,-11,27.9,15.56,8,0
2025-01-15 07:48:51.000+05:30,8.59,209.77,9.68,2.65,0.02,-1,27.5,15.47,8,0
2025-01-15 07:48:52.000+05:30,7.52,196.39,7.29,1.72,0,25,27.6,14.8,8,0
2025-01-15 07:48:53.000+05:30,16.46,177.82,9.23,1.81,0.08,-26,27.6,17.66,8,0
2025-01-15 07:48:54.000+05:30,15.97,91.89,6.4,1.27,0.04,-12,27.9,14.91,8,0
2025-01-15 07:48:55.000+05:30,14.26,197.7,6.63,2.24,0.04,-11,27.9,14.35,8,0
2025-01-15 07:48:56.000+05:30,6.19,229.69,8.46,3.99,0.06,-11,27.8,16.61,8,0
2025-01-15 07:48:57.000+05:30,7.29,92.93,9.28,2.92,0.02,-6,27.7,17.28,8,0
2025-01-15 07:48:58.000+05:30,6.97,148.16,7.67,3.72,0.02,29,27.6,14.33,8,0
2025-01-15 07:48:59.000+05:30,7.86,167.56,8.56,1.64,0.09,23,27.6,16.75,8,0
2025-01-15 07:49:00.000+05:30,13.26,203.28,9.3,2.79,0.08,15,27.6,16.27,8,0
2025-01-15 07:49:01.000+05:30,15.34,140.4,7.75,1.95,0.02,-8,27.6,16.57,8,0
2025-01-15 07:49:02.000+05:30,13.36,164.35,9.92,2.16,0,-25,27.6,15.73,8,0
2025-01-15 07:49:03.000+05:30,16.23,240.69,8.95,1.23,0.03,-14,27.9,14.62,8,0
2025-01-15 07:49:04.000+05:30,11.53,81.42,9.79,3.67,0,-21,27.7,15.6,8,0
2025-01-15 07:49:05.000+05:30,6.23,112.23,7.08,1.35,0.01,-8,27.6,14.07,8,0
2025-01-15 07:49:06.000+05:30,16.43,186.85,6.8,3.79,0.09,29,27.6,14.67,8,0
2025-01-15 07:49:07.000+05:30,6.82,234.91,7.62,3.84,0.07,-18,27.7,17.76,8,0
2025-01-15 07:49:08.000+05:30,10.6,190.14,9.07,2.83,0.04,-6,27.7,16.64,8,0
2025-01-15 07:49:09.000+05:30,15.41,111.61,8.38,2.23,0.02,-25,27.8,17.57,8,0
2025-01-15 07:49:10.000+05:30,8.27,102.54,8.46,2.68,0.08,30,27.6,16.88,8,0
2025-01-15 07:49:11.000+05:30,7.04,156.88,6.68,3.85,0.07,8,27.7,15.94,8,0
2025-01-15 07:49:12.000+05:30,6.78,225.64,7.13,1.28,0.05,17,27.7,14.48,8,0
2025-01-15 07:49:13.000+05:30,10.65,100.94,7.66,1.12,0.02,30,27.6,15.13,8,0
2025-01-15 07:49:14.000+05:30,13.6,147.72,9.28,2.55,0.02,2,27.7,14.63,8,0
2025-01-15 07:49:15.000+05:30,9.45,148.68,7.23,1.25,0,-6,27.5,17.65,8,0
2025-01-15 07:49:16.000+05:30,16.29,184.55,8.48,1.57,0.07,-2,27.7,17.81,8,0
2025-01-15 07:49:17.000+05:30,6.51,173.02,7.34,3.66,0.04,-27,27.8,14.06,8,0
2025-01-15 07:49:18.000+05:30,15.66,117.84,8.94,3.87,0.07,18,27.8,17.27,8,0
2025-01-15 07:49:19.000+05:30,6.86,88.38,7.88,1.07,0.08,-16,27.8,14.56,8,0
2025-01-15 07:49:20.000+05:30,12.88,243.14,8.55,3.5,0.07,14,27.8,17.28,8,0
2025-01-15 07:49:21.000+05:30,12.52,106.19,9.81,2.39,0.01,-17,27.6,14.18,8,0
2025-01-15 07:49:22.000+05:30,14.1,105.52,6.9,2.62,0.07,14,27.5,14.27,8,0
2025-01-15 07:49:23.000+05:30,8.65,209.97,8.48,2.49,0.07,-15,27.7,17.68,8,0
2025-01-15 07:49:24.000+05:30,13.28,182.27,7.76,3.97,0.04,4,27.8,15.75,8,0
2025-01-15 07:49:25.000+05:30,8.7,81.31,8.21,1.88,0.01,21,27.8,17.08,8,0
2025-01-15 07:49:26.000+05:30,15.33,149.38,6.42,1.77,0.03,-9,27.7,16.04,8,0
2025-01-15 07:49:27.000+05:30,8.18,232.73,6.62,1.07,0.05,13,27.9,15.24,8,0
2025-01-15 07:49:28.000+05:30,12.13,130.79,8.26,2.88,0.06,-21,27.5,16.81,8,0
2025-01-15 07:49:29.000+05:30,15.27,167.37,6.25,1.03,0,29,27.8,15.09,8,0
2025-01-15 07:49:30.000+05:30,12.44,249.95,9.59,2.74,0.05,-26,27.8,17.02,8,0
2025-01-15 07:49:31.000+05:30,12.96,180.45,7,1.59,0.06,-1,27.8,17.98,8,0
2025-01-15 07:49:32.000+05:30,9.08,243.11,6.21,1.85,0.02,-2,27.5,17.49,8,0
2025-01-15 07:49:33.000+05:30,15.25,108.24,8.23,2.95,0,-13,27.9,16.82,8,0
2025-01-15 07:49:34.000+05:30,13.15,209.57,6.45,3.35,0.01,-17,27.9,15.51,8,0
2025-01-15 07:49:35.000+05:30,16.58,217.51,7.09,1.17,0.07,25,27.5,17.07,8,0
2025-01-15 07:49:36.000+05:30,15.8,190.79,6.93,1.72,0.01,27,27.8,15.96,8,0
2025-01-15 07:49:37.000+05:30,11.31,193,6.31,1.73,0.04,-4,27.8,14.63,8,0
2025-01-15 07:49:38.000+05:30,9.68,125.52,8.87,1.39,0.09,-17,27.7,17.18,8,0
2025-01-15 07:49:39.000+05:30,6.92,153.38,7.26,2.55,0.1,-12,27.8,14.47,8,0
2025-01-15 07:49:40.000+05:30,9.06,153.73,9.29,1.82,0.05,-20,27.8,17.29,8,0
2025-01-15 07:49:41.000+05:30,12.82,214.69,6.4,1.18,0.02,-24,27.9,16.42,8,0
2025-01-15 07:49:42.000+05:30,11.74,226.05,9.43,3.59,0.07,5,27.6,17.36,8,0
2025-01-15 07:49:43.000+05:30,6.89,100.53,9.78,1.28,0.04,19,27.8,14.53,8,0
2025-01-15 07:49:44.000+05:30,8.75,137.43,9.14,3.92,0.05,-30,27.5,16.04,8,0
2025-01-15 07:49:45.000+05:30,8.98,88.18,6.45,1.42,0.02,21,27.5,15.72,8,0
2025-01-15 07:49:46.000+05:30,11.45,145.03,6.2,2.36,0.04,-1,27.7,16.33,8,0
2025-01-15 07:49:47.000+05:30,12.96,174.52,9.48,2.54,0.07,-25,27.7,15.84,8,0
2025-01-15 07:49:48.000+05:30,15.39,113.79,9.82,1.69,0.05,17,27.5,17.59,8,0
2025-01-15 07:49:49.000+05:30,16.72,82.15,9.27,3.23,0.03,-30,27.9,14.93,8,0
2025-01-15 07:49:50.000+05:30,12.1,111.41,8.07,3.82,0.02,14,27.6,16.82,8,0
2025-01-15 07:49:51.000+05:30,11.62,132.88,9.54,1.28,0.07,-29,27.6,16.95,8,0
2025-01-15 07:49:52.000+05:30,9.25,144.9,7.86,2.88,0.03,6,27.7,17.19,8,0
2025-01-15 07:49:53.000+05:30,9.3,238.45,9,3.28,0.09,-4,27.7,16.36,8,0
2025-01-15 07:49:54.000+05:30,14.03,118.43,7.11,1.02,0.03,-25,27.8,16.47,8,0
2025-01-15 07:49:55.000+05:30,8.18,87.44,6.11,3.33,0.09,-30,27.7,14.28,8,0
2025-01-15 07:49:56.000+05:30,16.23,145.92,8.89,2.67,0.03,20,27.8,15.66,8,0
2025-01-15 07:49:57.000+05:30,13.42,103.03,8.56,1.09,0.06,3,27.6,15.95,8,0
2025-01-15 07:49:58.000+05:30,11.76,221.67,6.28,1.32,0.04,-22,27.6,15.57,8,0
2025-01-15 07:49:59.000+05:30,9.09,232.45,6.22,2.11,0.01,1,27.8,17.7,8,0
2025-01-15 07:50:00.000+05:30,7.88,214.45,9.12,2.23,0.02,-21,27.5,17.86,8,0
2025-01-15 07:50:01.000+05:30,16.69,92.64,6.03,2.98,0.03,-12,27.9,16.71,8,0
2025-01-15 07:50:02.000+05:30,11.25,199.14,9.46,1.2,0.06,-27,27.8,14.25,8,0
2025-01-15 07:50:03.000+05:30,10.29,248.07,8.11,2.13,0.08,14,27.7,14.54,8,0
2025-01-15 07:50:04.000+05:30,9.99,174.31,6.86,2.04,0.09,29,27.8,16.91,8,0
2025-01-15 07:50:05.000+05:30,6.56,216.71,7.93,3.34,0.09,-25,27.8,16.78,8,0
2025-01-15 07:50:06.000+05:30,14.84,221.39,7.27,3.88,0.04,-13,27.5,17.63,8,0
2025-01-15 07:50:07.000+05:30,10.71,147.16,7.68,1.29,0.05,-23,27.9,17.17,8,0
2025-01-15 07:50:08.000+05:30,15.04,103.86,9.75,1.05,0.05,14,27.6,16.63,8,0
2025-01-15 07:50:09.000+05:30,11.79,176.34,9.06,2.71,0.05,-19,27.8,16.36,8,0
2025-01-15 07:50:10.000+05:30,15.73,111.01,8.89,2.02,0.03,-8,27.5,15.68,8,0
2025-01-15 07:50:11.000+05:30,13.84,223.94,9.51,1.56,0.09,10,27.7,16.43,8,0
2025-01-15 07:50:12.000+05:30,8.84,88.02,8.06,1.2,0.04,14,27.8,17.04,8,0
2025-01-15 07:50:13.000+05:30,14.14,112.5,6.04,1.76,0.03,7,27.7,14.58,8,0
2025-01-15 07:50:14.000+05:30,13.32,164.32,7.49,1.39,0.09,-30,27.5,16.76,8,0
2025-01-15 07:50:15.000+05:30,8.64,233.17,8.18,3.48,0,-30,27.5,14.05,8,0
2025-01-15 07:50:16.000+05:30,11.39,218.25,7.68,2.66,0.08,12,27.7,17.68,8,0
2025-01-15 07:50:17.000+05:30,15.16,98.03,7.22,3.63,0.04,-21,27.8,16.94,8,0
2025-01-15 07:50:18.000+05:30,10.95,163.04,8.69,3.45,0.06,9,27.5,16.44,8,0
2025-01-15 07:50:19.000+05:30,13.5,158.36,8.41,1.02,0.04,24,27.5,15.58,8,0
2025-01-15 07:50:20.000+05:30,12.54,177.81,6.45,3.3,0.08,-13,27.7,15.68,8,0
2025-01-15 07:50:21.000+05:30,11.95,144.67,7.63,3.73,0.04,-18,27.7,15.65,8,0
2025-01-15 07:50:22.000+05:30,10.9,244.34,9.54,2.37,0.07,8,27.7,15.27,8,0
2025-01-15 07:50:23.000+05:30,16.15,176.99,7.2,3.02,0.02,-24,27.6,15.54,8,0
2025-01-15 07:50:24.000+05:30,8.99,171.84,8.46,3.78,0.05,10,27.6,14.35,8,0
2025-01-15 07:50:25.000+05:30,13.59,123.83,9.33,3.38,0.08,-7,27.5,15.89,8,0
2025-01-15 07:50:26.000+05:30,11.87,245.66,7.35,2.01,0.03,-12,27.8,14.65,8,0
2025-01-15 07:50:27.000+05:30,11.88,172.39,9.81,3.61,0.09,4,27.8,17.92,8,0
2025-01-15 07:50:28.000+05:30,16.06,155.12,9.84,3.15,0.09,26,27.7,14.41,8,0
2025-01-15 07:50:29.000+05:30,16.12,114.15,7.85,2.31,0.03,-11,27.9,16.86,8,0
2025-01-15 07:50:30.000+05:30,6.24,120.93,9.35,3.45,0.08,-17,27.7,17.43,8,0
2025-01-15 07:50:31.000+05:30,15.76,109.66,8.66,3.79,0.09,-12,27.7,15.24,8,0
2025-01-15 07:50:32.000+05:30,9.43,170.6,8.75,1.59,0.04,18,27.6,15.76,8,0
2025-01-15 07:50:33.000+05:30,10.52,107.63,9.66,1.7,0.05,-15,27.6,16.28,8,0
2025-01-15 07:50:34.000+05:30,14.54,132.68,8.62,1.85,0.09,-19,27.8,17.86,8,0
2025-01-15 07:50:35.000+05:30,16.74,240.08,6.17,3.75,0.03,-6,27.7,17.83,8,0
2025-01-15 07:50:36.000+05:30,7.12,158.28,8.87,1.56,0.08,29,27.5,15.89,8,0
2025-01-15 07:50:37.000+05:30,12.82,198.16,8.88,2.83,0.09,20,27.8,16.53,8,0
2025-01-15 07:50:38.000+05:30,11.51,215.77,9.71,1.84,0.04,-29,27.7,14.27,8,0
2025-01-15 07:50:39.000+05:30,10.09,95.75,6.16,3.14,0.04,-20,27.6,16.92,8,0
2025-01-15 07:50:40.000+05:30,13.62,102.61,6.23,3.99,0.06,3,27.5,14.13,8,0
2025-01-15 07:50:41.000+05:30,10.99,235.61,8.36,3.11,0.04,-27,27.8,14.1,8,0
2025-01-15 07:50:42.000+05:30,9.28,92.53,7.71,3.53,0.08,-28,27.9,16.72,8,0
2025-01-15 07:50:43.000+05:30,10.12,156.3,6.63,2.12,0.02,25,27.6,17.54,8,0
2025-01-15 07:50:44.000+05:30,7.8,156.67,8.16,1.54,0.09,14,27.5,14.85,8,0
2025-01-15 07:50:45.000+05:30,8.13,84.97,8.98,2.93,0.07,-29,27.9,16.81,8,0
2025-01-15 07:50:46.000+05:30,13.32,111.41,8.69,1.65,0.09,8,27.6,15.12,8,0
2025-01-15 07:50:47.000+05:30,14.54,118.66,7.86,3.77,0.09,0,27.7,15.68,8,0
2025-01-15 07:50:48.000+05:30,8.98,143.9,9.46,1.98,0.08,18,27.6,15.11,8,0
2025-01-15 07:50:49.000+05:30,9.11,151.16,9.91,2.81,0.1,26,27.7,16.91,8,0
2025-01-15 07:50:50.000+05:30,9.95,227.6,9.74,2.31,0.03,17,27.7,15.36,8,0
2025-01-15 07:50:51.000+05:30,10.09,219.67,7.47,3.33,0.06,-2,27.7,15.11,8,0
2025-01-15 07:50:52.000+05:30,8.92,171.49,6.51,2.96,0.07,-25,27.7,17.81,8,0
2025-01-15 07:50:53.000+05:30,7.59,193.39,7.96,3.65,0.03,-1,27.7,14.35,8,0
2025-01-15 07:50:54.000+05:30,10.33,124.13,8.51,1.82,0.06,1,27.7,15.91,8,0
2025-01-15 07:50:55.000+05:30,10.89,149.29,6.79,2.34,0.07,-29,27.6,17.82,8,0
2025-01-15 07:50:56.000+05:30,11.76,154.6,9.1,4,0.08,25,27.7,15.99,8,0
2025-01-15 07:50:57.000+05:30,10.6,89.31,7.64,2.62,0.08,-2,27.8,16.68,8,0
2025-01-15 07:50:58.000+05:30,14.61,204.17,6.7,1.03,0.07,22,27.8,14.12,8,0
2025-01-15 07:50:59.000+05:30,11.18,244.54,7.61,1.43,0.01,19,27.7,14.84,8,0
2025-01-15 07:51:00.000+05:30,7.02,202.61,9.43,3.32,0.03,-26,27.6,14.34,8,0
2025-01-15 07:51:01.000+05:30,6.79,225.97,8.85,1.38,0.06,0,27.7,16.57,8,0
2025-01-15 07:51:02.000+05:30,11.85,221.24,7.72,2.53,0.03,10,27.6,14.43,8,0
2025-01-15 07:51:03.000+05:30,15.22,217.32,9.13,1.31,0,-8,27.7,17.07,8,0
2025-01-15 07:51:04.000+05:30,12.75,158.73,6.43,3.69,0.07,25,27.6,15.48,8,0
2025-01-15 07:51:05.000+05:30,10.26,93.23,6.53,3.98,0.1,-21,27.8,15.5,8,0
2025-01-15 07:51:06.000+05:30,16.29,182.19,8.87,2.68,0.1,-18,27.9,17.87,8,0
2025-01-15 07:51:07.000+05:30,7.26,172.31,6.56,3.82,0.02,-1,27.8,17.19,8,0
2025-01-15 07:51:08.000+05:30,6.91,190.93,8,1.18,0.01,3,27.5,15.11,8,0
2025-01-15 07:51:09.000+05:30,13.92,245.83,7.02,3.92,0.03,-7,27.7,17.41,8,0
2025-01-15 07:51:10.000+05:30,11.34,129.32,8.58,1.45,0.02,-26,27.6,17.53,8,0
2025-01-15 07:51:11.000+05:30,16.94,200.04,6.27,3.38,0.06,7,27.8,15.66,8,0
2025-01-15 07:51:12.000+05:30,16.92,186.03,7,2.76,0.06,-6,27.7,16.1,8,0
2025-01-15 07:51:13.000+05:30,14.94,164.53,6.55,3.94,0.05,-13,27.8,15.26,8,0
2025-01-15 07:51:14.000+05:30,10.7,160.61,9.6,1.57,0.01,28,27.6,14.57,8,0
2025-01-15 07:51:15.000+05:30,15.34,169.29,7.39,2.63,0.06,-27,27.7,14.12,8,0
2025-01-15 07:51:16.000+05:30,16.23,84.78,7.19,2.57,0.1,-21,27.9,17.27,8,0
2025-01-15 07:51:17.000+05:30,10.68,148.93,9.94,2.51,0.05,5,27.7,16.26,8,0
2025-01-15 07:51:18.000+05:30,16.85,125.55,7.2,3.72,0.1,16,27.7,14.33,8,0
2025-01-15 07:51:19.000+05:30,9.08,103.76,9.72,2.74,0.02,-15,27.8,15.22,8,0
2025-01-15 07:51:20.000+05:30,15.1,180.11,6.37,1.24,0.01,18,27.5,14.73,8,0
2025-01-15 07:51:21.000+05:30,13.21,247.91,8.58,2.52,0.01,-13,27.5,15.53,8,0
2025-01-15 07:51:22.000+05:30,9.2,98.39,7.55,2,0.1,-30,27.8,15.95,8,0
2025-01-15 07:51:23.000+05:30,15.46,156.84,7.9,1.23,0.01,-19,27.6,14.18,8,0
2025-01-15 07:51:24.000+05:30,13.98,84.52,6.97,3.28,0.05,-15,27.6,16.99,8,0
2025-01-15 07:51:25.000+05:30,11.14,123.62,8.13,2.27,0.1,19,27.5,14.88,8,0
2025-01-15 07:51:26.000+05:30,14.86,115.51,6.87,1.7,0.09,21,27.6,17.23,8,0
2025-01-15 07:51:27.000+05:30,10.91,153.89,9.56,1.71,0.07,4,27.6,16.19,8,0
2025-01-15 07:51:28.000+05:30,12.83,230.53,7.11,2.02,0.1,-21,27.6,15.68,8,0
2025-01-15 07:51:29.000+05:30,8.27,234.96,8.72,3.64,0.01,-7,27.9,17.81,8,0
2025-01-15 07:51:30.000+05:30,11.52,168.35,8.94,1.51,0.02,-23,27.6,15.91,8,0
2025-01-15 07:51:31.000+05:30,7.4,211.84,7.32,1.06,0.04,-1,27.7,17.61,8,0
2025-01-15 07:51:32.000+05:30,12.82,194.69,9.89,2.96,0.06,-11,27.6,17.37,8,0
2025-01-15 07:51:33.000+05:30,13.84,138.4,8.94,3.85,0.03,-2,27.5,16.41,8,0
2025-01-15 07:51:34.000+05:30,8.54,98.73,9.23,3.08,0.04,1,27.6,16.11,8,0
2025-01-15 07:51:35.000+05:30,13.41,102.19,6.63,3.41,0.03,-3,27.9,16.9,8,0
2025-01-15 07:51:36.000+05:30,12.29,127.56,7.71,1.86,0.05,21,27.5,16.83,8,0
2025-01-15 07:51:37.000+05:30,12.3,112.7,7.38,3.04,0.05,-6,27.6,15.9,8,0
2025-01-15 07:51:38.000+05:30,8.06,216.49,7.4,3.52,0.05,-21,27.7,14.28,8,0
2025-01-15 07:51:39.000+05:30,8.03,206.8,6.69,2.65,0.04,24,27.7,14.65,8,0
2025-01-15 07:51:40.000+05:30,15.26,85.27,7,3.93,0.09,15,27.8,17.56,8,0
2025-01-15 07:51:41.000+05:30,12.26,163.92,7.52,2.87,0.03,-30,27.8,16.84,8,0
2025-01-15 07:51:42.000+05:30,13.52,99.89,9.29,2.99,0.08,12,27.9,14.88,8,0
2025-01-15 07:51:43.000+05:30,8.64,150.39,6.76,2,0,-26,27.8,14.29,8,0
2025-01-15 07:51:44.000+05:30,15.71,247.93,7.89,3.06,0.1,25,27.6,14.16,8,0
2025-01-15 07:51:45.000+05:30,7.41,89.36,6.94,3.25,0,6,27.8,16.35,8,0
2025-01-15 07:51:46.000+05:30,10.22,210.28,8.12,2.59,0.03,24,27.7,15.53,8,0
2025-01-15 07:51:47.000+05:30,15.19,82.64,6.37,2.41,0.05,-1,27.8,15.05,8,0
2025-01-15 07:51:48.000+05:30,15.87,184.35,6.4,1.37,0.05,20,27.7,16.27,8,0
2025-01-15 07:51:49.000+05:30,9.57,205.16,8.06,2.89,0.05,-3,27.8,15.85,8,0
2025-01-15 07:51:50.000+05:30,8.01,241.19,6.79,2.27,0.02,-27,27.6,17.95,8,0
2025-01-15 07:51:51.000+05:30,9.36,227.97,6.06,3.47,0.1,-1,27.8,14.51,8,0
2025-01-15 07:51:52.000+05:30,16.46,238.64,8.78,2.05,0.08,-25,27.8,15.1,8,0
2025-01-15 07:51:53.000+05:30,16.38,183.43,7.03,3.3,0.07,-11,27.7,15.73,8,0
2025-01-15 07:51:54.000+05:30,10.57,159.36,9.09,3.8,0.07,9,27.8,15.02,8,0
2025-01-15 07:51:55.000+05:30,7.32,108.19,8.02,1.03,0,-30,27.8,17.62,8,0
2025-01-15 07:51:56.000+05:30,7.21,209.21,9.85,1.79,0.04,16,27.5,15.08,8,0
2025-01-15 07:51:57.000+05:30,14.34,120.84,9.25,1.57,0.02,16,27.9,15.3,8,0
2025-01-15 07:51:58.000+05:30,13.54,197.27,6.89,2.28,0.08,16,27.6,14.66,8,0
2025-01-15 07:51:59.000+05:30,16.96,202.52,7.07,1.13,0.03,1,27.7,14.47,8,0gi