datetime,wind_speed,rotor_speed,generator_speed,gear_ratio_calc,power_output,operating_regime,pitch_reliable,cp_estimated,generator_temperature,blade_pitch_deg,supply_voltage,relative_wind_direction,yaw_offset,turbine_status
2025-01-15 06:10:10.000+05:30,3.0,32.82,395.64,12.054844606946983,0.53,below_rated,True,0.2452091717697449,20.59,14.0,27.9,-30,0,10
2025-01-15 06:10:11.000+05:30,3.1,33.73,408.06,12.0978357545212,0.19,below_rated,True,0.07966968947686437,19.92,14.0,27.9,5,0,10
2025-01-15 06:10:12.000+05:30,3.0,34.26,414.32,12.093403385872739,0.39,below_rated,True,0.18043693771735944,19.64,13.72,27.9,26,0,10
2025-01-15 06:10:13.000+05:30,3.0,32.26,383.04,11.8735275883447,0.52,below_rated,True,0.24058258362314594,19.09,13.8,27.9,20,0,10
2025-01-15 06:10:14.000+05:30,3.0,34.76,415.71,11.959436133486767,0.35,below_rated,True,0.16193058513096362,18.45,13.87,27.8,11,0,10
2025-01-15 06:10:15.000+05:30,3.23,35.11,427.52,12.176587866704642,0.59,below_rated,True,0.21871020600353555,17.63,13.69,27.9,-4,0,10
2025-01-15 06:10:16.000+05:30,3.3,36.45,433.96,11.905624142661178,0.77,below_rated,True,0.267653859720601,16.58,13.58,27.9,10,0,10
2025-01-15 06:10:17.000+05:30,3.15,34.97,419.34,11.991421218187018,0.42,below_rated,True,0.16785807334599404,15.96,13.53,27.9,-27,0,10
2025-01-15 06:10:18.000+05:30,3.0,35.34,424.6,12.014714204867007,0.26,below_rated,True,0.12029129181157297,15.53,12.0,27.9,-3,0,10
2025-01-15 06:10:19.000+05:30,3.15,34.92,419.55,12.014604810996563,0.41,below_rated,True,0.1638614525520418,15.1,12.14,27.9,2,0,10
2025-01-15 06:10:20.000+05:30,3.0,33.0,393.95,11.937878787878788,0.37,below_rated,True,0.17118376142416153,15.17,12.45,27.9,6,0,10
2025-01-15 06:10:21.000+05:30,3.2,33.88,412.6,12.17827626918536,0.59,below_rated,True,0.22491927848914006,14.53,12.42,27.9,-25,0,10
2025-01-15 06:10:22.000+05:30,3.31,35.64,430.55,12.080527497194163,0.46,below_rated,True,0.15845226636774346,14.75,12.75,27.9,19,0,10
2025-01-15 06:10:23.000+05:30,3.73,37.8,453.48,11.996825396825399,1.1,below_rated,True,0.2647834245252576,15.28,11.62,27.9,-18,0,10
2025-01-15 06:10:24.000+05:30,3.7,40.38,484.87,12.007677067855374,1.02,below_rated,True,0.25154726779723874,14.82,11.35,27.9,9,0,10
2025-01-15 06:10:25.000+05:30,3.56,38.78,466.35,12.025528623001547,0.79,below_rated,True,0.21872665049579265,14.54,11.39,27.9,-17,0,10
2025-01-15 06:10:26.000+05:30,3.56,36.54,438.47,11.999726327312535,0.65,below_rated,True,0.17996496559780406,14.17,11.04,27.9,-21,0,10
2025-01-15 06:10:27.000+05:30,3.35,38.93,466.49,11.982789622399178,0.6,below_rated,True,0.19936156501937577,14.21,10.27,27.9,14,0,10
2025-01-15 06:10:28.000+05:30,3.31,36.14,434.85,12.032374100719425,0.49,below_rated,True,0.16878610982650932,14.18,10.16,27.9,24,0,10
2025-01-15 06:10:29.000+05:30,3.24,36.23,438.45,12.101849296163401,0.41,below_rated,True,0.15058212830437223,14.4,10.48,27.9,15,0,10
2025-01-15 06:10:30.000+05:30,3.34,37.84,452.83,11.96696617336152,0.68,below_rated,True,0.22797861832599886,14.61,10.73,27.9,-1,0,10
2025-01-15 06:10:31.000+05:30,3.25,36.48,438.05,12.00794956140351,0.69,below_rated,True,0.25108664446758633,14.4,11.83,27.9,13,0,10
2025-01-15 06:10:32.000+05:30,3.13,34.64,425.29,12.27742494226328,0.14,below_rated,True,0.05703213477923225,14.1,12.39,27.9,10,0,10
2025-01-15 06:10:33.000+05:30,3.28,35.89,438.97,12.23098356088047,0.42,below_rated,True,0.14867993558304135,13.93,13.91,27.9,-5,0,10
2025-01-15 06:10:34.000+05:30,3.24,32.69,398.69,12.196084429489142,0.36,below_rated,True,0.13221845412091218,13.35,13.74,27.9,-16,0,10
2025-01-15 06:10:35.000+05:30,3.34,37.14,444.56,11.969843834141088,0.51,below_rated,True,0.17098396374449915,13.55,13.35,27.9,7,0,10
2025-01-15 06:10:36.000+05:30,3.08,34.57,414.25,11.982933179056985,0.33,below_rated,True,0.1410868039187362,12.88,13.12,27.8,-22,0,10
2025-01-15 06:10:37.000+05:30,3.22,33.08,396.62,11.989721886336156,0.46,below_rated,True,0.1721134545599705,13.15,13.21,27.9,16,0,10
2025-01-15 06:10:38.000+05:30,3.31,38.06,454.9,11.952180767209668,0.61,below_rated,True,0.21012148366157285,12.22,13.51,27.9,-4,0,10
2025-01-15 06:10:39.000+05:30,3.28,33.18,396.29,11.943640747438216,0.37,below_rated,True,0.1309799432517269,12.22,13.48,27.9,-22,0,10
2025-01-15 06:10:40.000+05:30,3.39,36.17,433.91,11.996405861210949,0.56,below_rated,True,0.17956162928437838,12.0,14.0,27.9,-16,0,10
2025-01-15 06:10:41.000+05:30,3.42,38.69,469.68,12.139570948565522,0.91,below_rated,True,0.28417618466984806,11.42,14.0,27.9,-19,0,10
2025-01-15 06:10:42.000+05:30,3.52,39.21,473.63,12.079316500892629,1.06,below_rated,True,0.30360049815799073,11.57,13.53,27.9,-30,0,10
2025-01-15 06:10:43.000+05:30,3.36,38.98,469.86,12.053873781426374,0.73,below_rated,True,0.24039732619872628,11.94,13.66,27.9,-2,0,10
2025-01-15 06:10:44.000+05:30,3.48,37.29,451.92,12.119066773934032,0.76,below_rated,True,0.22526849908099,12.27,13.23,27.9,-28,0,10
2025-01-15 06:10:45.000+05:30,3.3,34.66,420.9,12.143681477207156,0.5,below_rated,True,0.17380120761077988,11.61,13.14,27.9,15,0,10
2025-01-15 06:10:46.000+05:30,3.34,33.91,409.92,12.088469478030081,1.09,below_rated,True,0.3654363146696158,11.96,12.55,27.8,3,0,10
2025-01-15 06:10:47.000+05:30,3.24,35.85,432.32,12.059135285913529,0.13,below_rated,True,0.04774555287699607,11.94,13.03,27.8,26,0,10
2025-01-15 06:10:48.000+05:30,3.15,32.93,397.23,12.062860613422412,0.39,below_rated,True,0.15586821096413733,11.73,13.91,27.8,3,0,10
2025-01-15 06:10:49.000+05:30,3.05,32.9,394.24,11.982978723404257,0.36,below_rated,True,0.1584993872965293,10.91,13.78,27.8,4,0,10
2025-01-15 06:10:50.000+05:30,3.15,33.63,405.53,12.058578650014866,0.24,below_rated,True,0.09591889905485373,10.49,14.0,27.8,-18,0,10
2025-01-15 06:10:51.000+05:30,3.11,35.99,432.93,12.029174770769657,0.31,below_rated,True,0.1287375179633205,10.4,13.68,27.8,15,0,10
2025-01-15 06:10:52.000+05:30,3.0,31.41,377.79,12.027698185291309,0.37,below_rated,True,0.17118376142416153,9.91,13.82,27.8,30,0,10
2025-01-15 06:10:53.000+05:30,3.16,34.87,416.69,11.949813593346716,0.71,below_rated,True,0.2810746676806439,10.09,14.0,27.8,-21,0,10
2025-01-15 06:10:54.000+05:30,3.26,34.6,417.82,12.075722543352601,0.55,below_rated,True,0.19830537889016195,9.67,14.0,27.8,10,0,10
2025-01-15 06:10:55.000+05:30,3.55,38.86,467.93,12.04143077714874,0.82,below_rated,True,0.22895672178994442,9.29,14.0,27.8,21,0,10
2025-01-15 06:10:56.000+05:30,3.86,42.42,514.72,12.133899104196134,1.11,below_rated,True,0.2410935932792904,9.49,14.0,27.8,-25,0,10
2025-01-15 06:10:57.000+05:30,3.85,41.34,493.88,11.946782776971455,1.04,below_rated,True,0.22765424651711713,9.66,14.0,27.9,-27,0,10
2025-01-15 06:10:58.000+05:30,3.83,43.25,517.21,11.958612716763007,1.28,below_rated,True,0.2846021998984478,9.54,13.89,27.9,28,0,10
2025-01-15 06:10:59.000+05:30,3.87,42.28,508.06,12.016556291390728,1.48,below_rated,True,0.3189726344601598,9.57,14.0,27.8,5,0,10
2025-01-15 06:11:00.000+05:30,3.94,40.05,478.88,11.95705368289638,1.48,below_rated,True,0.3022718158062636,9.94,14.0,27.9,-7,0,10
2025-01-15 06:11:01.000+05:30,3.77,38.4,465.5,12.122395833333334,1.2,below_rated,True,0.2797575400033185,10.6,14.0,27.9,-9,0,10
2025-01-15 06:11:02.000+05:30,3.59,38.64,461.32,11.938923395445133,1.08,below_rated,True,0.29158488984391595,11.05,13.9,27.9,10,0,10
2025-01-15 06:11:03.000+05:30,3.58,37.18,448.82,12.07154384077461,0.65,below_rated,True,0.17696561173805886,10.36,13.79,27.9,-14,0,10
2025-01-15 06:11:04.000+05:30,3.1,33.48,404.31,12.076164874551973,0.23,below_rated,True,0.09644225568252002,10.1,13.53,27.9,10,0,10
2025-01-15 06:11:05.000+05:30,3.1,33.27,400.07,12.024947400060112,0.49,below_rated,True,0.20546393601928178,10.4,13.8,27.9,20,0,10
2025-01-15 06:11:06.000+05:30,3.32,38.04,447.42,11.761829652996846,0.47,below_rated,True,0.1604383592041836,10.54,14.0,27.9,5,0,10
2025-01-15 06:11:07.000+05:30,3.22,33.5,403.34,12.04,0.55,below_rated,True,0.20578782610431257,10.36,13.51,27.9,19,0,10
2025-01-15 06:11:08.000+05:30,3.45,36.45,442.9,12.150891632373112,0.7,below_rated,True,0.21294397650163696,10.31,13.54,27.9,-19,0,10
2025-01-15 06:11:09.000+05:30,3.72,39.86,479.06,12.018564977420974,1.06,below_rated,True,0.25721817387145535,10.53,14.0,27.9,-1,0,10
2025-01-15 06:11:10.000+05:30,3.86,40.9,496.92,12.149633251833741,1.04,below_rated,True,0.225889492802218,10.91,13.61,27.9,23,0,10
2025-01-15 06:11:11.000+05:30,3.84,40.24,488.39,12.136928429423458,1.24,below_rated,True,0.27356001385606343,10.57,13.33,27.9,20,0,10
2025-01-15 06:11:12.000+05:30,3.59,39.27,473.59,12.059842118665646,1.1,below_rated,True,0.2969846100262107,10.59,14.0,27.9,23,0,10
2025-01-15 06:11:13.000+05:30,3.77,41.96,505.69,12.051715919923737,1.0,below_rated,True,0.23313128333609873,11.01,14.0,27.9,-13,0,10
2025-01-15 06:11:14.000+05:30,3.62,39.76,481.94,12.121227364185112,1.03,below_rated,True,0.27122899709472353,10.97,14.0,27.9,-11,0,10
2025-01-15 06:11:15.000+05:30,3.75,41.27,499.87,12.112188030046038,1.2,below_rated,True,0.2842575757270401,11.29,14.0,27.8,-21,0,10
2025-01-15 06:11:16.000+05:30,3.88,42.19,504.36,11.954491585683812,1.29,below_rated,True,0.2758793147060232,11.15,14.0,27.9,25,0,10
2025-01-15 06:11:17.000+05:30,4.12,44.6,537.19,12.044618834080719,1.71,below_rated,True,0.3054422197980288,10.72,12.44,27.9,-23,0,10
2025-01-15 06:11:18.000+05:30,4.47,48.08,575.2,11.963394342762065,2.48,below_rated,True,0.3468595980036398,11.25,12.47,27.9,-28,0,10
2025-01-15 06:11:19.000+05:30,4.62,50.22,604.85,12.044006371963363,2.46,below_rated,True,0.3116260719551883,11.59,12.47,27.9,-12,0,10
2025-01-15 06:11:20.000+05:30,4.6,49.6,597.72,12.050806451612903,2.7,below_rated,True,0.34650928319127994,12.14,12.9,27.9,-30,0,10
2025-01-15 06:11:21.000+05:30,4.55,50.88,610.36,11.996069182389936,2.48,below_rated,True,0.3288835077743346,13.03,13.4,27.9,6,0,10
2025-01-15 06:11:22.000+05:30,4.55,48.75,585.11,12.002256410256411,2.45,below_rated,True,0.3249050782448064,13.29,13.59,27.9,0,0,10
2025-01-15 06:11:23.000+05:30,4.53,49.9,597.19,11.967735470941886,2.61,below_rated,True,0.3507280545852463,13.91,13.43,27.9,14,0,10
2025-01-15 06:11:24.000+05:30,4.46,47.71,579.6,12.1483965625655,2.27,below_rated,True,0.31962878657148003,13.47,12.78,27.9,4,0,10
2025-01-15 06:11:25.000+05:30,4.62,48.59,589.49,12.131920148178637,2.82,below_rated,True,0.35722988736326466,13.65,12.83,27.9,-11,0,10
2025-01-15 06:11:26.000+05:30,4.53,48.43,583.57,12.049762543877764,2.51,below_rated,True,0.3372901980877273,14.56,12.11,27.9,9,0,10
2025-01-15 06:11:27.000+05:30,4.67,54.1,648.5,11.987060998151572,3.04,below_rated,True,0.37286150388580497,14.58,12.57,27.9,-26,0,10
2025-01-15 06:11:28.000+05:30,4.53,48.65,586.21,12.049537512846866,2.5,below_rated,True,0.3359464124379754,14.19,12.64,27.9,-22,0,10
2025-01-15 06:11:29.000+05:30,4.52,48.76,586.04,12.018867924528301,2.44,below_rated,True,0.3300647359725126,14.18,12.59,27.9,7,0,10
2025-01-15 06:11:30.000+05:30,4.35,43.65,523.11,11.984192439862543,1.99,below_rated,True,0.3020020636100515,14.46,12.95,27.9,22,0,10
2025-01-15 06:11:31.000+05:30,4.2,45.65,547.07,11.984008762322016,2.0,below_rated,True,0.3372148794897201,14.76,13.59,27.9,17,0,10
2025-01-15 06:11:32.000+05:30,4.37,45.82,552.01,12.047359231776516,1.96,below_rated,True,0.2933839594606312,14.89,13.31,27.9,22,0,10
2025-01-15 06:11:33.000+05:30,4.42,49.42,593.48,12.008903278025091,2.05,below_rated,True,0.296559375178924,15.06,12.75,27.9,11,0,10
2025-01-15 06:11:34.000+05:30,4.38,49.2,586.59,11.922560975609755,2.34,below_rated,True,0.34787092411904774,14.82,12.57,27.9,-30,0,10
2025-01-15 06:11:35.000+05:30,4.16,45.88,549.96,11.986922406277245,1.64,below_rated,True,0.28456957231524477,14.99,12.17,27.9,-11,0,10
2025-01-15 06:11:36.000+05:30,3.86,41.05,501.0,12.204628501827042,0.87,below_rated,True,0.18896524878647084,15.22,11.7,27.9,-8,0,10
2025-01-15 06:11:37.000+05:30,3.85,40.97,496.66,12.122528679521603,1.0,below_rated,True,0.21889831395876647,15.8,11.24,27.9,-27,0,10
2025-01-15 06:11:38.000+05:30,4.04,44.93,540.79,12.036278655686623,1.53,below_rated,True,0.28984908951365157,15.78,11.25,27.9,-3,0,10
2025-01-15 06:11:39.000+05:30,3.9,44.0,526.94,11.975909090909092,1.44,below_rated,True,0.3032447396951526,15.42,11.04,27.9,-18,0,10
2025-01-15 06:11:40.000+05:30,3.63,38.71,468.43,12.101007491604237,0.86,below_rated,True,0.2245966018711806,15.96,10.71,27.9,-22,0,10
2025-01-15 06:11:41.000+05:30,3.67,40.41,483.33,11.960653303637715,1.0,below_rated,True,0.2527123185330022,15.9,11.51,27.9,11,0,10
2025-01-15 06:11:42.000+05:30,3.77,43.1,516.08,11.97401392111369,1.32,below_rated,True,0.3077332940036503,15.52,10.58,27.9,-1,0,10
2025-01-15 06:11:43.000+05:30,3.76,41.6,502.46,12.078365384615383,1.3,below_rated,True,0.3054952222352426,14.72,10.13,27.8,-15,0,10
2025-01-15 06:11:44.000+05:30,3.73,42.62,511.41,11.99929610511497,1.12,below_rated,True,0.26959766860753503,14.61,9.75,27.8,0,0,10
2025-01-15 06:11:45.000+05:30,3.66,40.36,488.97,12.115213082259665,1.17,below_rated,True,0.29810359300562506,15.58,8.99,27.8,19,0,10
2025-01-15 06:11:46.000+05:30,3.63,37.69,453.24,12.02547094720085,0.94,below_rated,True,0.2454893090219881,15.9,9.58,27.8,12,0,10
2025-01-15 06:11:47.000+05:30,3.62,37.57,451.98,12.030343359063083,0.97,below_rated,True,0.25542924969114744,15.32,8.98,27.9,0,0,10
2025-01-15 06:11:48.000+05:30,3.3,34.97,419.77,12.003717472118959,0.32,below_rated,True,0.11123277287089912,15.84,9.29,27.9,-12,0,10
2025-01-15 06:11:49.000+05:30,3.34,35.43,426.02,12.024273214789726,0.42,below_rated,True,0.14081032308370517,15.93,10.03,27.9,-20,0,10
2025-01-15 06:11:50.000+05:30,3.15,33.82,411.91,12.179479597871083,0.6,below_rated,True,0.23979724763713434,15.71,9.71,27.8,-22,0,10
2025-01-15 06:11:51.000+05:30,3.13,35.13,421.82,12.007401081696555,0.71,below_rated,True,0.28923439780896354,15.64,9.66,27.8,-19,0,10
2025-01-15 06:11:52.000+05:30,3.34,35.82,428.87,11.972920156337242,0.73,below_rated,True,0.24474175202643994,15.98,9.22,27.8,-15,0,10
2025-01-15 06:11:53.000+05:30,3.37,35.83,432.84,12.080379570192576,0.68,below_rated,True,0.22194420759739156,15.91,9.52,27.8,1,0,10
2025-01-15 06:11:54.000+05:30,3.37,35.27,427.6,12.123617805500425,0.63,below_rated,True,0.20562478056817157,15.4,9.0,27.8,6,0,10
2025-01-15 06:11:55.000+05:30,3.23,33.45,404.1,12.080717488789237,0.57,below_rated,True,0.2112963007152801,14.87,8.48,27.8,17,0,10
2025-01-15 06:11:56.000+05:30,3.55,39.14,475.79,12.156106285130301,0.76,below_rated,True,0.21220379092726555,14.85,8.11,27.8,3,0,10
2025-01-15 06:11:57.000+05:30,3.54,38.0,454.22,11.953157894736842,0.48,below_rated,True,0.13516245029722493,14.55,8.6,27.8,28,0,10
2025-01-15 06:11:58.000+05:30,3.4,38.38,458.67,11.950755601875978,0.6,below_rated,True,0.19069491139554032,14.08,8.51,27.8,-13,0,10
2025-01-15 06:11:59.000+05:30,3.47,36.74,443.02,12.058247142079477,0.5,below_rated,True,0.14948794955915734,13.82,8.23,27.8,-18,0,10
2025-01-15 06:12:00.000+05:30,3.24,36.83,443.34,12.037469454249253,0.54,below_rated,True,0.1983276811813683,13.63,8.14,27.8,-26,0,10
2025-01-15 06:12:01.000+05:30,3.25,36.58,440.87,12.052214324767633,0.64,below_rated,True,0.23289196008587718,13.49,8.57,27.8,-25,0,10
2025-01-15 06:12:02.000+05:30,3.44,38.46,461.82,12.00780031201248,0.65,below_rated,True,0.1994631319137283,13.22,8.8,27.8,-23,0,10
2025-01-15 06:12:03.000+05:30,3.54,40.58,485.34,11.960078856579596,0.62,below_rated,True,0.17458483163391553,13.15,8.2,27.8,-19,0,10
2025-01-15 06:12:04.000+05:30,3.54,40.72,488.6,11.999017681728882,0.93,below_rated,True,0.2618772474508733,12.91,8.76,27.8,-3,0,10
2025-01-15 06:12:05.000+05:30,3.33,35.34,425.94,12.052631578947366,0.48,below_rated,True,0.16238022612587025,13.1,8.81,27.8,-27,0,10
2025-01-15 06:12:06.000+05:30,3.32,36.58,441.46,12.068343357025697,0.69,below_rated,True,0.23553716564018443,12.94,9.72,27.8,-5,0,10
2025-01-15 06:12:07.000+05:30,3.48,40.06,483.16,12.060908637044433,0.96,below_rated,True,0.2845496830496716,13.38,10.25,27.8,-24,0,10
2025-01-15 06:12:08.000+05:30,3.53,38.28,455.8,11.907001044932079,0.99,below_rated,True,0.2811484434554123,13.34,10.29,27.8,11,0,10
2025-01-15 06:12:09.000+05:30,3.26,34.71,415.89,11.981849611063094,0.22,below_rated,True,0.07932215155606477,12.7,10.09,27.8,30,0,10
2025-01-15 06:12:10.000+05:30,3.28,33.98,411.82,12.119482048263686,0.58,below_rated,True,0.20531991104324757,12.44,9.53,27.8,-16,0,10
2025-01-15 06:12:11.000+05:30,3.29,34.49,408.82,11.853290808930124,0.42,below_rated,True,0.1473283081172159,11.93,9.76,27.8,-5,0,10
2025-01-15 06:12:12.000+05:30,3.77,40.42,484.4,11.984166254329539,1.21,below_rated,True,0.28208885283667945,11.67,10.34,27.8,23,0,10
2025-01-15 06:12:13.000+05:30,3.84,41.23,499.31,12.110356536502549,1.26,below_rated,True,0.27797227214406445,11.93,10.16,27.8,27,0,10
2025-01-15 06:12:14.000+05:30,4.02,40.82,492.06,12.05438510534052,1.41,below_rated,True,0.2711224987242669,12.08,10.63,27.8,-28,0,10
2025-01-15 06:12:15.000+05:30,4.24,45.41,550.23,12.116934595903988,1.96,below_rated,True,0.32120559872571103,12.06,10.15,27.9,23,0,10
2025-01-15 06:12:16.000+05:30,4.39,49.34,594.33,12.045601945683016,2.05,below_rated,True,0.30268082242067057,12.75,8.94,27.9,-5,0,10
2025-01-15 06:12:17.000+05:30,4.57,48.54,581.76,11.985166872682324,2.29,below_rated,True,0.2997170760701657,13.22,8.67,27.9,29,0,10
2025-01-15 06:12:18.000+05:30,4.79,52.08,627.1,12.041090629800308,3.24,below_rated,True,0.3682672298100105,13.25,9.02,27.9,-15,0,10
2025-01-15 06:12:19.000+05:30,4.72,51.98,623.92,12.003078106964217,3.14,below_rated,True,0.37301668412105243,13.33,9.1,27.9,7,0,10
2025-01-15 06:12:20.000+05:30,4.97,55.84,674.98,12.087750716332378,3.48,below_rated,True,0.35410713922571935,13.6,9.46,27.9,-18,0,10
2025-01-15 06:12:21.000+05:30,5.09,55.4,663.36,11.974007220216608,4.21,below_rated,True,0.3987983509582627,13.89,10.21,27.9,23,0,10
2025-01-15 06:12:22.000+05:30,5.2,57.64,694.56,12.049965301873698,4.24,below_rated,True,0.37668682509007234,14.48,10.13,27.8,18,0,10
2025-01-15 06:12:23.000+05:30,5.31,57.51,693.13,12.052338723700226,4.45,below_rated,True,0.3712795702608957,15.55,9.62,27.9,9,0,10
2025-01-15 06:12:24.000+05:30,5.25,57.8,695.1,12.025951557093427,4.63,below_rated,True,0.39969405236157546,16.05,9.83,27.8,15,0,10
2025-01-15 06:12:25.000+05:30,5.0,55.95,674.24,12.050759606791777,3.35,below_rated,True,0.3347799182879007,16.4,9.05,27.9,3,0,10
2025-01-15 06:12:26.000+05:30,4.89,54.48,660.03,12.115088105726873,3.11,below_rated,True,0.3322449715008235,16.19,9.16,27.9,9,0,10
2025-01-15 06:12:27.000+05:30,4.83,51.37,620.66,12.08214911426903,3.15,below_rated,True,0.3492157049042881,16.69,9.25,27.9,-24,0,10
2025-01-15 06:12:28.000+05:30,4.61,52.12,627.23,12.03434382194935,2.43,below_rated,True,0.30983330696532896,16.82,8.58,27.9,-17,0,10
2025-01-15 06:12:29.000+05:30,4.7,49.21,595.86,12.108514529567161,2.82,below_rated,True,0.3392970935939481,17.14,8.79,27.9,-28,0,10
2025-01-15 06:12:30.000+05:30,4.84,53.15,642.1,12.08090310442145,2.94,below_rated,True,0.323918572974824,16.67,8.95,27.9,-1,0,10
2025-01-15 06:12:31.000+05:30,4.9,53.16,640.77,12.053611738148984,3.17,below_rated,True,0.33658567388367505,17.41,9.23,27.9,16,0,10
2025-01-15 06:12:32.000+05:30,4.72,49.39,597.05,12.08847944928123,2.98,below_rated,True,0.3540094645480052,17.31,9.45,27.9,-23,0,10
2025-01-15 06:12:33.000+05:30,4.78,49.2,590.84,12.008943089430895,3.11,below_rated,True,0.35571428334536215,16.98,9.38,27.9,26,0,10
2025-01-15 06:12:34.000+05:30,4.68,50.45,606.17,12.015262636273537,2.69,below_rated,True,0.3278229286345649,17.31,9.51,27.9,-18,0,10
2025-01-15 06:12:35.000+05:30,4.38,48.64,585.26,12.032483552631579,2.11,below_rated,True,0.31367848285948324,17.71,9.59,27.9,-1,0,10
2025-01-15 06:12:36.000+05:30,4.16,45.73,553.03,12.093374152635032,1.89,below_rated,True,0.32794908029012965,18.13,10.01,27.9,30,0,10
2025-01-15 06:12:37.000+05:30,4.1,44.3,538.43,12.154176072234762,1.79,below_rated,True,0.3244337794360613,16.7,10.97,27.9,7,0,10
2025-01-15 06:12:38.000+05:30,3.94,44.64,537.7,12.045250896057349,1.45,below_rated,True,0.29614468440478525,16.32,11.06,27.9,-3,0,10
2025-01-15 06:12:39.000+05:30,3.78,40.94,492.7,12.034684904738642,1.14,below_rated,True,0.2636659551565713,16.21,10.83,27.9,0,0,10
2025-01-15 06:12:40.000+05:30,3.77,39.87,481.36,12.073238023576625,1.2,below_rated,True,0.2797575400033185,15.47,10.24,27.8,-24,0,10
2025-01-15 06:12:41.000+05:30,3.8,41.48,498.58,12.019768563162971,0.8,below_rated,True,0.18212258340599496,15.46,10.16,27.8,11,0,10
2025-01-15 06:12:42.000+05:30,3.83,41.42,497.18,12.003380009657171,1.02,below_rated,True,0.2267923780440756,15.39,10.16,27.9,7,0,10
2025-01-15 06:12:43.000+05:30,3.85,39.11,466.45,11.926617233444132,1.39,below_rated,True,0.3042686564026854,14.98,10.3,27.9,10,0,10
2025-01-15 06:12:44.000+05:30,4.06,42.7,517.16,12.111475409836064,1.45,below_rated,True,0.2706540352622606,14.83,10.31,27.9,18,0,10
2025-01-15 06:12:45.000+05:30,4.42,47.63,573.79,12.046819231576736,2.18,below_rated,True,0.3153655794585631,15.34,9.45,27.9,-27,0,10
2025-01-15 06:12:46.000+05:30,4.09,44.45,535.93,12.05691788526434,1.5,below_rated,True,0.2738709321898035,15.53,9.35,27.8,-28,0,10
2025-01-15 06:12:47.000+05:30,4.16,45.33,545.22,12.027796161482463,1.65,below_rated,True,0.28630475263424016,15.72,9.17,27.8,-23,0,10
2025-01-15 06:12:48.000+05:30,4.02,43.99,523.58,11.902250511479883,1.43,below_rated,True,0.2749682079260296,14.99,8.52,27.9,18,0,10
2025-01-15 06:12:49.000+05:30,4.16,47.7,574.16,12.036897274633123,1.79,below_rated,True,0.3105972771001757,14.71,8.43,27.9,3,0,10
2025-01-15 06:12:50.000+05:30,4.24,43.59,523.66,12.013305804083505,2.02,below_rated,True,0.3310384231764981,14.5,7.94,27.9,-7,0,10
2025-01-15 06:12:51.000+05:30,3.89,39.26,478.54,12.188996434029548,1.43,below_rated,True,0.3034672565274053,14.28,8.37,27.9,27,0,10
2025-01-15 06:12:52.000+05:30,4.06,45.17,544.63,12.057338941775514,1.63,below_rated,True,0.3042524672258516,14.4,9.5,27.9,-21,0,10
2025-01-15 06:12:53.000+05:30,3.93,42.07,510.25,12.128595198478726,1.32,below_rated,True,0.27165699046482666,14.55,9.21,27.9,-2,0,10
2025-01-15 06:12:54.000+05:30,3.93,43.06,519.06,12.054342777519738,1.45,below_rated,True,0.29841108801060506,13.8,9.11,27.9,3,0,10
2025-01-15 06:12:55.000+05:30,3.8,43.42,520.96,11.998157531091664,1.35,below_rated,True,0.3073318594976165,13.52,8.71,27.9,-2,0,10
2025-01-15 06:12:56.000+05:30,3.62,40.61,487.41,12.00221620290569,0.95,below_rated,True,0.2501626672232887,13.15,8.88,27.9,-7,0,10
2025-01-15 06:12:57.000+05:30,3.57,39.48,473.58,11.995440729483283,0.89,below_rated,True,0.24434866089627597,13.58,9.33,27.9,-12,0,10
2025-01-15 06:12:58.000+05:30,3.61,38.64,458.95,11.877587991718427,0.93,below_rated,True,0.24693687500739947,13.25,9.61,27.9,-23,0,10
2025-01-15 06:12:59.000+05:30,3.64,40.68,491.36,12.07866273352999,1.13,below_rated,True,0.29268394325305414,13.52,9.88,27.9,-8,0,10
2025-01-15 06:13:00.000+05:30,3.74,42.75,514.09,12.025497076023392,1.11,below_rated,True,0.26505303236795597,13.5,10.32,27.9,29,0,10
2025-01-15 06:13:01.000+05:30,3.74,41.26,501.71,12.159718856034901,1.09,below_rated,True,0.26027730205501987,13.76,9.9,27.9,15,0,10
2025-01-15 06:13:02.000+05:30,3.65,42.41,509.61,12.016269747701015,1.19,below_rated,True,0.305698264395077,13.66,10.92,27.8,21,0,10
2025-01-15 06:13:03.000+05:30,3.52,39.34,472.89,12.020589730554143,0.48,below_rated,True,0.13747947086399578,13.78,10.2,27.9,-11,0,10
2025-01-15 06:13:04.000+05:30,3.72,41.02,496.63,12.10702096538274,0.97,below_rated,True,0.23537889495784123,14.12,10.31,27.8,-18,0,10
2025-01-15 06:13:05.000+05:30,3.67,39.7,481.7,12.133501259445843,1.02,below_rated,True,0.25776656490366223,13.47,10.68,27.9,-25,0,10
2025-01-15 06:13:06.000+05:30,3.82,39.76,478.92,12.045271629778673,1.14,below_rated,True,0.25546968211724214,13.39,10.61,27.8,12,0,10
2025-01-15 06:13:07.000+05:30,3.89,41.35,496.2,12.0,1.38,below_rated,True,0.2928565132921814,12.75,10.9,27.9,25,0,10
2025-01-15 06:13:08.000+05:30,3.79,43.32,518.43,11.967451523545705,1.01,below_rated,True,0.23175459244683141,12.9,10.77,27.9,-20,0,10
2025-01-15 06:13:09.000+05:30,3.41,38.85,470.32,12.106048906048905,0.84,below_rated,True,0.2646310220276249,13.03,9.82,27.9,0,0,10
2025-01-15 06:13:10.000+05:30,3.6,37.58,458.49,12.200372538584354,0.77,below_rated,True,0.20616162458803233,12.71,9.78,27.9,-30,0,10
2025-01-15 06:13:11.000+05:30,3.78,42.29,507.96,12.011350200993142,0.89,below_rated,True,0.20584447376258638,12.8,9.23,27.9,-6,0,10
2025-01-15 06:13:12.000+05:30,3.73,41.41,496.31,11.985269258633181,0.92,below_rated,True,0.2214552277847609,12.5,9.79,27.9,17,0,10
2025-01-15 06:13:13.000+05:30,3.74,40.95,498.56,12.174847374847374,1.01,below_rated,True,0.24117438080327527,11.91,10.18,27.9,27,0,10
2025-01-15 06:13:14.000+05:30,3.72,42.49,509.24,11.98493763238409,1.31,below_rated,True,0.3178828375203835,12.06,10.49,27.9,1,0,10
2025-01-15 06:13:15.000+05:30,3.72,38.7,460.37,11.895865633074935,0.93,below_rated,True,0.22567254877401272,11.73,10.47,27.9,14,0,10
2025-01-15 06:13:16.000+05:30,3.78,41.3,496.69,12.026392251815981,1.12,below_rated,True,0.25904023664505255,12.24,10.03,27.8,-21,0,10
2025-01-15 06:13:17.000+05:30,4.06,45.04,541.79,12.029085257548845,1.72,below_rated,True,0.3210516832076471,12.65,10.23,27.8,-12,0,10
2025-01-15 06:13:18.000+05:30,4.0,44.63,538.28,12.060945552319067,1.3,below_rated,True,0.2537394436650367,12.18,10.92,27.8,8,0,10
2025-01-15 06:13:19.000+05:30,3.81,39.7,476.96,12.01410579345088,1.07,below_rated,True,0.24167596181284884,11.94,11.57,27.8,-24,0,10
2025-01-15 06:13:20.000+05:30,3.68,40.74,491.76,12.070692194403534,0.95,below_rated,True,0.23812486909122965,12.56,11.47,27.8,-4,0,10
2025-01-15 06:13:21.000+05:30,3.95,43.78,527.45,12.047738693467338,1.49,below_rated,True,0.3020087922256473,13.02,11.7,27.8,23,0,10
2025-01-15 06:13:22.000+05:30,4.23,45.73,546.04,11.940520446096654,1.92,below_rated,True,0.3168872251410074,12.74,11.42,27.8,28,0,10
2025-01-15 06:13:23.000+05:30,4.36,46.87,563.27,12.017708555579262,2.25,below_rated,True,0.33911551148889185,13.23,11.92,27.8,8,0,10
2025-01-15 06:13:24.000+05:30,3.97,43.99,531.9,12.091384405546714,1.42,below_rated,True,0.2834924055366938,13.03,11.73,27.8,-22,0,10
2025-01-15 06:13:25.000+05:30,3.9,43.45,523.96,12.05891829689298,1.36,below_rated,True,0.28639780971208856,12.79,11.77,27.7,-26,0,10
2025-01-15 06:13:26.000+05:30,4.07,43.65,526.32,12.057731958762888,1.81,below_rated,True,0.33536671138684027,12.99,11.84,27.7,7,0,10
2025-01-15 06:13:27.000+05:30,4.1,45.4,544.12,11.985022026431718,1.42,below_rated,True,0.2573720484911771,13.17,11.83,27.7,-17,0,10
2025-01-15 06:13:28.000+05:30,4.02,43.74,525.99,12.025377229080933,1.65,below_rated,True,0.3172710091454187,13.7,11.66,27.7,-13,0,10
2025-01-15 06:13:29.000+05:30,3.97,44.93,540.71,12.034498108168263,1.31,below_rated,True,0.26153172623455556,13.5,11.97,27.7,7,0,10
2025-01-15 06:13:30.000+05:30,3.99,42.78,507.5,11.863020102851799,1.57,below_rated,True,0.3087490076097743,14.07,11.36,27.7,-30,0,10
2025-01-15 06:13:31.000+05:30,3.98,45.21,543.62,12.024330900243308,1.29,below_rated,True,0.25560250106946464,13.65,11.49,27.7,-24,0,10
2025-01-15 06:13:32.000+05:30,4.03,43.37,523.57,12.072169702559375,1.54,below_rated,True,0.2939207095665647,13.83,11.92,27.7,-10,0,10
2025-01-15 06:13:33.000+05:30,4.09,46.59,559.92,12.018029620090147,1.43,below_rated,True,0.2610902886876127,14.12,12.47,27.7,-23,0,10
2025-01-15 06:13:34.000+05:30,3.96,43.13,514.72,11.934152562021794,1.47,below_rated,True,0.2957034435044519,13.85,12.84,27.7,-4,0,10
2025-01-15 06:13:35.000+05:30,4.25,46.96,567.24,12.079216354344123,1.76,below_rated,True,0.2863983309279154,13.77,12.91,27.7,13,0,10
2025-01-15 06:13:36.000+05:30,4.18,43.63,526.96,12.077928031171213,1.84,below_rated,True,0.314712202730119,13.92,12.92,27.7,-5,0,10
2025-01-15 06:13:37.000+05:30,3.79,38.27,462.17,12.076561275150247,1.27,below_rated,True,0.2914141905024514,13.93,12.87,27.7,24,0,10
2025-01-15 06:13:38.000+05:30,3.86,43.53,520.05,11.946933149552033,1.22,below_rated,True,0.2649857511718327,14.45,12.85,27.7,7,0,10
2025-01-15 06:13:39.000+05:30,3.72,37.34,446.77,11.964916979110871,1.24,below_rated,True,0.30089673169868364,15.42,13.23,27.7,2,0,10
2025-01-15 06:13:40.000+05:30,3.68,41.13,496.62,12.074398249452953,0.79,below_rated,True,0.19801962798112782,15.2,14.0,27.7,-22,0,10
2025-01-15 06:13:41.000+05:30,3.72,39.2,473.77,12.085969387755101,1.08,below_rated,True,0.2620713469633696,14.77,14.0,27.7,-11,0,10
2025-01-15 06:13:42.000+05:30,3.67,42.43,513.15,12.094037237803441,1.02,below_rated,True,0.25776656490366223,13.94,13.84,27.7,-18,0,10
2025-01-15 06:13:43.000+05:30,3.84,42.0,506.99,12.071190476190477,1.06,below_rated,True,0.23384968926405422,14.48,13.22,27.7,-3,0,10
2025-01-15 06:13:44.000+05:30,3.9,39.86,481.7,12.084796788760663,1.27,below_rated,True,0.2674450134811415,14.42,13.05,27.6,-19,0,10
2025-01-15 06:13:45.000+05:30,3.8,43.74,525.03,12.003429355281206,1.16,below_rated,True,0.2640777459386927,14.21,12.79,27.6,-23,0,10
2025-01-15 06:13:46.000+05:30,3.64,38.04,456.78,12.00788643533123,0.76,below_rated,True,0.19684937776311606,14.13,12.55,27.6,-20,0,10
2025-01-15 06:13:47.000+05:30,3.63,39.87,477.93,11.987208427389016,0.85,below_rated,True,0.22198501347732966,14.31,11.22,27.6,-29,0,10
2025-01-15 06:13:48.000+05:30,3.56,37.19,451.83,12.1492336649637,0.64,below_rated,True,0.1771962738193763,13.78,11.08,27.6,10,0,10
2025-01-15 06:13:49.000+05:30,3.62,40.8,488.62,11.975980392156863,1.1,below_rated,True,0.28966203573222904,13.7,10.81,27.6,7,0,10
2025-01-15 06:13:50.000+05:30,3.82,42.28,507.98,12.014664143803216,1.28,below_rated,True,0.28684315185093856,14.06,11.2,27.6,-28,0,10
2025-01-15 06:13:51.000+05:30,3.89,41.23,495.94,12.028619936939123,1.53,below_rated,True,0.3246887429978533,13.09,10.22,27.5,-6,0,10
2025-01-15 06:13:52.000+05:30,3.77,42.69,515.97,12.086437104708365,1.09,below_rated,True,0.2541130988363476,12.79,10.03,27.5,1,0,10
2025-01-15 06:13:53.000+05:30,3.77,42.97,515.3,11.992087502909005,1.24,below_rated,True,0.2890827913367624,12.04,9.66,27.5,20,0,10
2025-01-15 06:13:54.000+05:30,4.03,44.31,535.84,12.092981268336718,1.46,below_rated,True,0.2786521012773925,12.57,10.11,27.5,21,0,10
2025-01-15 06:13:55.000+05:30,4.27,48.29,583.64,12.086146200041416,2.02,below_rated,True,0.32410993919965714,13.33,10.92,27.5,0,0,10
2025-01-15 06:13:56.000+05:30,4.15,47.83,578.51,12.095128580388877,1.59,below_rated,True,0.27789289247008875,13.34,11.12,27.5,12,0,10
2025-01-15 06:13:57.000+05:30,4.12,46.3,552.53,11.933693304535637,1.75,below_rated,True,0.3125870670447663,13.42,10.55,27.5,15,0,10
2025-01-15 06:13:58.000+05:30,4.03,41.84,503.75,12.03991395793499,1.67,below_rated,True,0.3187321980364695,12.65,10.52,27.5,-13,0,10
2025-01-15 06:13:59.000+05:30,3.96,41.58,497.05,11.954064454064454,1.48,below_rated,True,0.29771503155550255,12.36,9.87,27.5,-7,0,10
2025-01-15 06:14:00.000+05:30,3.85,42.04,501.0,11.91722169362512,1.32,below_rated,True,0.28894577442557173,12.05,9.96,27.5,25,0,10
2025-01-15 06:14:01.000+05:30,3.8,43.05,520.29,12.085714285714285,0.97,below_rated,True,0.2208236323797689,12.0,10.11,27.6,-5,0,10
2025-01-15 06:14:02.000+05:30,3.81,44.28,534.03,12.06029810298103,1.11,below_rated,True,0.25071057720772166,12.41,10.39,27.5,-3,0,10
2025-01-15 06:14:03.000+05:30,3.96,44.45,540.39,12.157255343082113,1.45,below_rated,True,0.2916802674023505,12.37,10.51,27.5,11,0,10
2025-01-15 06:14:04.000+05:30,4.19,45.53,548.25,12.041511091587964,1.84,below_rated,True,0.3124642669509499,12.36,9.48,27.5,8,0,10
2025-01-15 06:14:05.000+05:30,4.24,45.51,544.93,11.973851900681169,1.62,below_rated,True,0.265486260171251,11.85,10.5,27.6,23,0,10
2025-01-15 06:14:06.000+05:30,4.29,46.56,553.65,11.891108247422679,1.7,below_rated,True,0.2689686417281072,11.87,10.69,27.6,30,0,10
2025-01-15 06:14:07.000+05:30,4.11,44.95,536.99,11.946384872080088,1.5,below_rated,True,0.2698922403846706,11.67,10.47,27.6,17,0,10
2025-01-15 06:14:08.000+05:30,3.92,42.98,520.67,12.114239181014426,1.4,below_rated,True,0.2903316883361749,11.92,11.0,27.6,-13,0,10
2025-01-15 06:14:09.000+05:30,3.96,42.38,505.11,11.918593676262388,1.67,below_rated,True,0.3359352045254657,11.86,10.51,27.6,13,0,10
2025-01-15 06:14:10.000+05:30,3.96,43.52,522.33,12.002068014705882,1.27,below_rated,True,0.255471682483438,11.95,10.91,27.7,-11,0,10
2025-01-15 06:14:11.000+05:30,4.01,42.13,503.46,11.95015428435794,1.19,below_rated,True,0.2305358381122967,11.73,10.16,27.6,-15,0,10
2025-01-15 06:14:12.000+05:30,4.01,42.38,506.63,11.954459650778668,1.68,below_rated,True,0.3254623596879483,11.51,10.65,27.7,4,0,10
2025-01-15 06:14:13.000+05:30,3.79,43.6,518.5,11.892201834862385,1.41,below_rated,True,0.3235385894554775,11.58,9.81,27.7,22,0,10
2025-01-15 06:14:14.000+05:30,3.8,42.1,505.54,12.008076009501188,1.04,below_rated,True,0.23675935842779344,11.72,9.39,27.7,21,0,10
2025-01-15 06:14:15.000+05:30,3.64,40.52,491.01,12.117719644619939,0.64,below_rated,True,0.1657678970636767,11.26,10.37,27.7,23,0,10
2025-01-15 06:14:16.000+05:30,3.57,39.64,476.54,12.021695257315843,0.92,below_rated,True,0.25258513261188076,11.51,10.83,27.7,-26,0,10
2025-01-15 06:14:17.000+05:30,3.73,38.55,463.45,12.022049286640726,1.08,below_rated,True,0.2599691804429802,12.05,11.15,27.7,10,0,10
2025-01-15 06:14:18.000+05:30,3.53,39.62,477.11,12.042150429076225,0.75,below_rated,True,0.21299124504197903,12.45,11.4,27.7,-23,0,10
2025-01-15 06:14:19.000+05:30,3.68,39.73,478.85,12.052605084319156,0.71,below_rated,True,0.17796700742607688,12.09,12.32,27.6,-10,0,10
2025-01-15 06:14:20.000+05:30,3.39,37.72,455.55,12.077147401908803,0.55,below_rated,True,0.17635517161858594,11.8,12.63,27.6,-12,0,10
2025-01-15 06:14:21.000+05:30,3.54,41.49,505.45,12.182453603277898,0.72,below_rated,True,0.20274367544583738,11.88,13.05,27.7,29,0,10
2025-01-15 06:14:22.000+05:30,3.34,36.7,443.09,12.073297002724795,0.5,below_rated,True,0.16763133700441094,11.85,12.8,27.7,24,0,10
2025-01-15 06:14:23.000+05:30,3.48,38.55,466.61,12.104020752269781,0.83,below_rated,True,0.24601691347002855,11.99,12.45,27.7,15,0,10
2025-01-15 06:14:24.000+05:30,3.22,37.81,452.74,11.974080930970642,0.39,below_rated,True,0.1459222766921489,11.87,12.31,27.7,-17,0,10
2025-01-15 06:14:25.000+05:30,3.5,37.09,444.95,11.996495012132648,0.78,below_rated,True,0.22725585158571218,12.13,12.4,27.7,22,0,10
2025-01-15 06:14:26.000+05:30,3.45,36.45,440.43,12.08312757201646,0.8,below_rated,True,0.2433645445732994,12.32,13.13,27.7,-14,0,10
2025-01-15 06:14:27.000+05:30,3.62,41.56,499.58,12.020692974013473,0.87,below_rated,True,0.2290963373518539,11.5,13.14,27.7,14,0,10
2025-01-15 06:14:28.000+05:30,3.53,37.5,453.62,12.096533333333333,0.77,below_rated,True,0.2186710115764318,11.38,13.35,27.7,5,0,10
2025-01-15 06:14:29.000+05:30,3.58,42.46,518.38,12.208666980687706,0.87,below_rated,True,0.23686166494170954,11.87,13.45,27.7,17,0,10
2025-01-15 06:14:30.000+05:30,3.59,37.8,454.97,12.036243386243388,1.11,below_rated,True,0.29968447011735805,11.8,13.4,27.7,-22,0,10
2025-01-15 06:14:31.000+05:30,3.55,38.28,454.0,11.85997910135841,0.83,below_rated,True,0.23174887693372423,11.9,13.06,27.7,-10,0,10
2025-01-15 06:14:32.000+05:30,3.51,38.33,464.12,12.108531176624055,0.97,below_rated,True,0.2802044253013051,11.82,12.55,27.7,23,0,10
2025-01-15 06:14:33.000+05:30,3.65,41.31,496.89,12.028322440087145,1.24,below_rated,True,0.31854272928562644,12.27,11.57,27.7,-3,0,10
2025-01-15 06:14:34.000+05:30,3.75,43.59,524.61,12.035099793530625,1.27,below_rated,True,0.30083926764445074,12.89,11.3,27.7,12,0,10
2025-01-15 06:14:35.000+05:30,3.63,40.18,485.11,12.073419611747138,1.09,below_rated,True,0.28466313492975215,13.06,11.36,27.7,-23,0,10
2025-01-15 06:14:36.000+05:30,3.97,44.81,540.18,12.05489846016514,1.38,below_rated,True,0.2755067039722799,12.63,11.33,27.7,1,0,10
2025-01-15 06:14:37.000+05:30,4.13,46.25,557.54,12.054918918918919,1.8,below_rated,True,0.3191882937048169,13.05,11.6,27.7,22,0,10
2025-01-15 06:14:38.000+05:30,4.08,42.94,514.94,11.992081974848627,1.79,below_rated,True,0.32922829031444545,13.03,12.65,27.7,6,0,10
2025-01-15 06:14:39.000+05:30,4.39,49.73,600.98,12.084858234466118,2.25,below_rated,True,0.33221065875439454,12.96,12.66,27.8,-23,0,10
2025-01-15 06:14:40.000+05:30,4.23,48.98,587.98,12.004491629236425,1.9,below_rated,True,0.3135863165457886,13.18,13.07,27.8,23,0,10
2025-01-15 06:14:41.000+05:30,4.06,43.6,523.44,12.005504587155965,1.47,below_rated,True,0.2743871943693263,13.7,12.8,27.8,-2,0,10
2025-01-15 06:14:42.000+05:30,3.95,42.88,508.83,11.866371268656716,1.3,below_rated,True,0.2634976039552627,13.53,13.52,27.8,-27,0,10
2025-01-15 06:14:43.000+05:30,3.84,39.63,473.26,11.94196315922281,1.16,below_rated,True,0.2559109807040593,13.71,13.77,27.8,-15,0,10
2025-01-15 06:14:44.000+05:30,4.13,47.67,577.04,12.104887770086007,1.83,below_rated,True,0.3245080985998972,14.32,13.55,27.8,-12,0,10
2025-01-15 06:14:45.000+05:30,3.83,42.99,519.11,12.075133752035358,0.98,below_rated,True,0.2178985592972491,14.9,13.79,27.8,8,0,10
2025-01-15 06:14:46.000+05:30,3.98,44.47,532.3,11.969867326287384,1.14,below_rated,True,0.22588128001487573,14.82,14.0,27.8,0,0,10
2025-01-15 06:14:47.000+05:30,4.19,46.62,560.04,12.012870012870012,1.86,below_rated,True,0.3158606176786776,14.7,14.0,27.7,2,0,10
2025-01-15 06:14:48.000+05:30,4.1,45.15,548.17,12.141085271317829,1.73,below_rated,True,0.31355890414770166,15.04,14.0,27.7,10,0,10
2025-01-15 06:14:49.000+05:30,4.05,44.36,534.92,12.058611361587015,1.43,below_rated,True,0.2689029538032419,15.52,13.8,27.7,-11,0,10
2025-01-15 06:14:50.000+05:30,4.14,45.19,544.97,12.05952644390352,1.76,below_rated,True,0.30983911924841373,15.51,13.29,27.7,-24,0,10
2025-01-15 06:14:51.000+05:30,4.13,45.74,551.74,12.062527328377787,1.57,below_rated,True,0.27840312284253477,14.86,12.51,27.7,-29,0,10
2025-01-15 06:14:52.000+05:30,4.3,47.43,572.74,12.075479654227282,1.95,below_rated,True,0.30637537061948666,14.97,12.99,27.7,26,0,10
2025-01-15 06:14:53.000+05:30,4.18,43.17,514.59,11.920083391243919,1.86,below_rated,True,0.31813298754240293,14.49,12.86,27.7,21,0,10
2025-01-15 06:14:54.000+05:30,4.21,46.02,550.05,11.952411994784875,1.89,below_rated,True,0.31640265687193003,14.38,13.15,27.8,4,0,10
2025-01-15 06:14:55.000+05:30,4.23,46.43,556.05,11.976093043290975,1.91,below_rated,True,0.315236770843398,14.06,13.88,27.7,16,0,10
2025-01-15 06:14:56.000+05:30,4.02,45.39,546.03,12.02974223397224,1.4,below_rated,True,0.2691996441233856,13.49,13.94,27.7,-5,0,10
2025-01-15 06:14:57.000+05:30,3.96,44.06,532.4,12.083522469359963,1.2,below_rated,True,0.24139056612608314,13.47,14.0,27.7,0,0,10
2025-01-15 06:14:58.000+05:30,3.83,39.99,483.15,12.081770442610651,1.24,below_rated,True,0.27570838115162133,13.18,13.42,27.7,-11,0,10
2025-01-15 06:14:59.000+05:30,3.75,41.36,502.01,12.137572533849129,0.95,below_rated,True,0.2250372474505734,12.68,13.2,27.7,-29,0,10
2025-01-15 06:15:00.000+05:30,3.87,42.97,521.11,12.12729811496393,1.3,below_rated,True,0.2801786654041944,12.57,12.69,27.8,-30,0,10
2025-01-15 06:15:01.000+05:30,4.05,44.94,537.08,11.951045838896308,1.56,below_rated,True,0.2933486768762639,12.46,12.22,27.7,-28,0,10
2025-01-15 06:15:02.000+05:30,3.88,40.68,487.54,11.984759095378566,1.16,below_rated,True,0.24807752330154023,11.81,12.26,27.7,1,0,10
2025-01-15 06:15:03.000+05:30,3.93,43.22,518.15,11.988662656177695,1.32,below_rated,True,0.27165699046482666,11.38,12.91,27.7,-23,0,10
2025-01-15 06:15:04.000+05:30,3.58,37.81,458.99,12.139381116106849,0.99,below_rated,True,0.2695322394164281,11.43,12.95,27.6,-18,0,10
2025-01-15 06:15:05.000+05:30,3.61,39.37,471.35,11.97231394462789,0.6,below_rated,True,0.15931411290799966,11.73,12.29,27.6,-1,0,10
2025-01-15 06:15:06.000+05:30,3.69,39.48,467.92,11.852077001013173,1.13,below_rated,True,0.28094670955295703,11.26,12.59,27.6,17,0,10
2025-01-15 06:15:07.000+05:30,3.82,41.65,502.67,12.068907563025212,1.42,below_rated,True,0.318216621584635,11.72,12.88,27.6,-19,0,10
2025-01-15 06:15:08.000+05:30,3.89,43.76,528.69,12.08158135283364,1.42,below_rated,True,0.30134510788036056,11.78,13.53,27.5,-17,0,10
2025-01-15 06:15:09.000+05:30,3.69,41.24,495.75,12.02109602327837,0.93,below_rated,True,0.23122162821615047,12.04,13.29,27.5,21,0,10
2025-01-15 06:15:10.000+05:30,3.83,41.37,497.09,12.015711868503747,1.23,below_rated,True,0.2734849264649147,12.35,13.49,27.5,-9,0,10
2025-01-15 06:15:11.000+05:30,3.58,37.31,453.86,12.164567140176896,0.7,below_rated,True,0.19057835110252494,12.62,13.57,27.5,-24,0,10
2025-01-15 06:15:12.000+05:30,3.49,36.67,442.71,12.072811562585219,0.81,below_rated,True,0.2380309023630029,12.38,12.47,27.5,-24,0,10
2025-01-15 06:15:13.000+05:30,3.29,35.46,423.7,11.94867456288776,0.49,below_rated,True,0.17188302613675188,12.35,12.62,27.5,-17,0,10
2025-01-15 06:15:14.000+05:30,3.36,36.39,441.26,12.125858752404506,0.39,below_rated,True,0.12843144824315514,12.18,12.46,27.5,-24,0,10
2025-01-15 06:15:15.000+05:30,3.48,37.4,452.6,12.101604278074868,1.14,below_rated,True,0.337902748621485,12.18,12.57,27.5,23,0,10
2025-01-15 06:15:16.000+05:30,3.53,38.0,457.49,12.03921052631579,0.64,below_rated,True,0.18175252910248876,12.54,12.15,27.5,-7,0,10
2025-01-15 06:15:17.000+05:30,3.45,35.9,432.64,12.05125348189415,0.64,below_rated,True,0.1946916356586395,11.67,12.16,27.6,27,0,10
2025-01-15 06:15:18.000+05:30,3.16,35.05,419.31,11.963195435092725,0.53,below_rated,True,0.20981630122639613,11.62,12.41,27.5,-30,0,10
2025-01-15 06:15:19.000+05:30,3.0,33.45,398.56,11.915097159940208,0.47,below_rated,True,0.21744964289015115,11.17,12.82,27.6,-28,0,10
2025-01-15 06:15:20.000+05:30,3.0,33.3,400.32,12.021621621621623,0.16,below_rated,True,0.07402541034558337,10.6,12.22,27.6,12,0,10
2025-01-15 06:15:21.000+05:30,3.0,34.39,412.23,11.98691480081419,0.03,below_rated,True,0.01387976443979688,10.42,11.3,27.6,-8,0,10
2025-01-15 06:15:22.000+05:30,3.12,30.87,370.52,12.002591512795593,0.36,below_rated,True,0.1480687205542737,9.97,11.32,27.6,-17,0,10
2025-01-15 06:15:23.000+05:30,3.0,31.78,379.53,11.94241661422278,0.55,below_rated,True,0.2544623480629428,9.58,10.93,27.6,26,0,10
2025-01-15 06:15:24.000+05:30,3.0,31.65,385.28,12.173143759873618,0.32,below_rated,True,0.14805082069116673,9.36,11.06,27.6,4,0,10
2025-01-15 06:15:25.000+05:30,3.06,33.0,397.36,12.041212121212121,0.28,below_rated,True,0.12207264561214284,10.01,10.48,27.6,7,0,10
2025-01-15 06:15:26.000+05:30,3.05,32.89,398.93,12.129218607479476,0.11,below_rated,True,0.04843036834060618,9.91,11.43,27.6,23,0,10
2025-01-15 06:15:27.000+05:30,3.2,35.42,425.58,12.015245623941276,0.42,below_rated,True,0.16011202875498107,9.71,11.33,27.6,-1,0,10
2025-01-15 06:15:28.000+05:30,3.14,34.36,409.77,11.925785797438882,0.35,below_rated,True,0.14122243814415597,8.81,11.64,27.6,12,0,10
2025-01-15 06:15:29.000+05:30,3.1,34.95,421.85,12.070100143061516,0.16,below_rated,True,0.06709026482262262,8.52,11.4,27.5,3,0,10
2025-01-15 06:15:30.000+05:30,3.09,32.92,396.2,12.035236938031591,0.42,below_rated,True,0.17782730925213375,8.16,11.16,27.5,-21,0,10
2025-01-15 06:15:31.000+05:30,3.0,33.14,401.61,12.118587809293905,0.21,below_rated,True,0.09715835107857816,7.84,11.32,27.5,3,0,10
2025-01-15 06:15:32.000+05:30,3.0,33.42,396.43,11.862058647516458,0.14,below_rated,True,0.06477223405238544,7.6,11.69,27.5,-2,0,10
2025-01-15 06:15:33.000+05:30,3.0,31.33,379.03,12.097989147781679,0.47,below_rated,True,0.21744964289015115,7.29,11.63,27.5,15,0,10
2025-01-15 06:15:34.000+05:30,3.0,32.31,385.9,11.943670690188794,0.41,below_rated,True,0.18969011401055738,7.44,11.58,27.5,5,0,10
2025-01-15 06:15:35.000+05:30,3.27,34.9,423.02,12.120916905444126,0.68,below_rated,True,0.2429350956378037,7.8,11.17,27.5,-7,0,10
2025-01-15 06:15:36.000+05:30,3.22,35.18,424.29,12.060545764639,0.66,below_rated,True,0.2469453913251751,8.45,11.62,27.5,-4,0,10
2025-01-15 06:15:37.000+05:30,3.32,35.65,430.69,12.081065918653577,0.43,below_rated,True,0.14678403076127436,8.76,11.89,27.6,25,0,10
2025-01-15 06:15:38.000+05:30,3.48,37.51,454.73,12.122900559850708,0.68,below_rated,True,0.20155602549351737,9.16,12.05,27.6,23,0,10
2025-01-15 06:15:39.000+05:30,3.28,34.16,408.07,11.945843091334895,0.59,below_rated,True,0.20885990950951047,8.48,12.09,27.6,-10,0,10
2025-01-15 06:15:40.000+05:30,3.46,36.81,441.06,11.98207008964955,0.85,below_rated,True,0.2563393237899207,8.41,12.46,27.6,-28,0,10
2025-01-15 06:15:41.000+05:30,3.38,34.82,422.35,12.129523262492821,0.47,below_rated,True,0.15204507672755646,7.87,12.4,27.6,15,0,10
2025-01-15 06:15:42.000+05:30,3.3,35.73,429.22,12.012874335292473,0.75,below_rated,True,0.2607018114161698,7.87,13.07,27.6,18,0,10
2025-01-15 06:15:43.000+05:30,3.36,38.4,463.52,12.070833333333333,0.59,below_rated,True,0.1942937293934911,8.21,13.28,27.6,-29,0,10
2025-01-15 06:15:44.000+05:30,3.35,38.02,452.71,11.907154129405574,0.56,below_rated,True,0.18607079401808405,8.22,13.62,27.6,4,0,10
2025-01-15 06:15:45.000+05:30,3.25,36.45,441.99,12.125925925925925,0.55,below_rated,True,0.2001415281988007,7.66,14.0,27.6,-10,0,10
2025-01-15 06:15:46.000+05:30,3.2,36.95,444.36,12.02598105548038,0.46,below_rated,True,0.1753607933983126,8.0,14.0,27.6,19,0,10
2025-01-15 06:15:47.000+05:30,3.27,36.34,435.48,11.983489268024215,0.46,below_rated,True,0.1643384470491025,8.21,13.75,27.6,-6,0,10
2025-01-15 06:15:48.000+05:30,3.34,37.48,449.76,12.0,0.91,below_rated,True,0.3050890333480279,8.07,13.91,27.6,-27,0,10
2025-01-15 06:15:49.000+05:30,3.58,38.27,460.86,12.042330807420957,0.73,below_rated,True,0.19874599472120458,8.3,13.41,27.6,-1,0,10
2025-01-15 06:15:50.000+05:30,3.53,40.7,490.75,12.057739557739557,0.84,below_rated,True,0.2385501944470165,8.4,13.35,27.7,5,0,10
2025-01-15 06:15:51.000+05:30,3.48,39.96,481.65,12.053303303303302,0.63,below_rated,True,0.18673572950134698,8.36,13.36,27.7,10,0,10
2025-01-15 06:15:52.000+05:30,3.21,36.37,440.81,12.120153973054716,0.55,below_rated,True,0.20771707447244123,8.69,13.36,27.6,30,0,10
2025-01-15 06:15:53.000+05:30,3.37,36.87,438.47,11.892324382967184,0.7,below_rated,True,0.22847197840907954,8.53,13.34,27.7,-30,0,10
2025-01-15 06:15:54.000+05:30,3.68,40.11,485.19,12.096484667165296,0.76,below_rated,True,0.19049989527298372,7.34,13.75,27.7,23,0,10
2025-01-15 06:15:55.000+05:30,3.53,38.65,465.08,12.033117723156533,0.63,below_rated,True,0.17891264583526237,7.37,13.6,27.7,-23,0,10
2025-01-15 06:15:56.000+05:30,3.65,43.03,518.01,12.038345340460143,1.01,below_rated,True,0.259458190789099,8.02,12.9,27.7,21,0,10
2025-01-15 06:15:57.000+05:30,3.86,43.17,519.83,12.041463979615473,1.09,below_rated,True,0.23674956457155544,8.24,12.69,27.7,-9,0,10
2025-01-15 06:15:58.000+05:30,3.95,41.63,507.11,12.18135959644487,1.62,below_rated,True,0.3283585526211736,9.16,13.91,27.7,8,0,10
2025-01-15 06:15:59.000+05:30,4.0,42.35,513.61,12.127744982290437,1.32,below_rated,True,0.2576431274137296,9.37,13.67,27.7,20,0,10
2025-01-15 06:16:00.000+05:30,4.15,42.34,508.22,12.003306565895134,1.8,below_rated,True,0.3145957273246288,9.25,13.16,27.6,-23,0,10
2025-01-15 06:16:01.000+05:30,4.37,46.55,562.7,12.088077336197639,2.37,below_rated,True,0.3547550938376,9.6,13.38,27.6,-1,0,10
2025-01-15 06:16:02.000+05:30,4.3,49.53,596.64,12.04603270745003,2.02,below_rated,True,0.31737346084685286,9.31,13.62,27.6,15,0,10
2025-01-15 06:16:03.000+05:30,4.36,46.78,562.79,12.030568619067976,2.0,below_rated,True,0.3014360102123483,9.24,13.3,27.6,-13,0,10
2025-01-15 06:16:04.000+05:30,4.12,44.93,540.73,12.034943245047852,1.89,below_rated,True,0.3375940324083476,9.47,13.33,27.7,-23,0,10
2025-01-15 06:16:05.000+05:30,3.98,43.6,522.85,11.99197247706422,1.27,below_rated,True,0.2516396715955195,9.42,12.7,27.6,-26,0,10
2025-01-15 06:16:06.000+05:30,3.77,43.66,530.71,12.155519926706368,1.31,below_rated,True,0.3054019811702893,8.97,12.27,27.6,16,0,10
2025-01-15 06:16:07.000+05:30,3.67,36.0,432.12,12.003333333333334,0.82,below_rated,True,0.2072241011970618,9.06,11.59,27.7,-1,0,10
2025-01-15 06:16:08.000+05:30,3.83,40.9,488.58,11.945721271393642,1.29,below_rated,True,0.2868256545851544,8.97,11.59,27.7,24,0,10
2025-01-15 06:16:09.000+05:30,3.83,40.35,482.51,11.95811648079306,1.4,below_rated,True,0.3112836561389273,9.38,11.36,27.7,-13,0,10
2025-01-15 06:16:10.000+05:30,3.99,43.02,520.66,12.102742910274289,1.3,below_rated,True,0.2556520445176475,10.22,11.05,27.7,21,0,10
2025-01-15 06:16:11.000+05:30,4.03,43.83,529.73,12.086014145562402,1.57,below_rated,True,0.29964643767500426,10.56,11.57,27.7,10,0,10
2025-01-15 06:16:12.000+05:30,4.0,43.47,523.66,12.046468829077524,1.58,below_rated,True,0.3083910161467369,9.86,11.49,27.7,23,0,10
2025-01-15 06:16:13.000+05:30,4.07,45.92,555.38,12.09451219512195,1.64,below_rated,True,0.3038681804831039,10.31,11.52,27.7,19,0,10
2025-01-15 06:16:14.000+05:30,3.94,44.48,537.36,12.080935251798563,1.67,below_rated,True,0.3410769813489596,11.23,11.21,27.7,28,0,10
2025-01-15 06:16:15.000+05:30,3.97,42.98,522.12,12.14797580269893,1.67,below_rated,True,0.33340304031428075,11.06,11.31,27.7,10,0,10
2025-01-15 06:16:16.000+05:30,3.91,43.2,520.47,12.047916666666666,1.41,below_rated,True,0.29465474925915647,10.85,11.41,27.7,9,0,10
2025-01-15 06:16:17.000+05:30,3.8,40.26,487.69,12.113512170889221,1.17,below_rated,True,0.2663542782312676,11.14,10.81,27.7,9,0,10
2025-01-15 06:16:18.000+05:30,3.97,43.3,520.71,12.0256351039261,1.23,below_rated,True,0.24556032310572773,11.15,11.24,27.7,-24,0,10
2025-01-15 06:16:19.000+05:30,4.09,45.86,553.56,12.070649803750545,1.81,below_rated,True,0.3304709248423629,11.13,12.05,27.7,-4,0,10
2025-01-15 06:16:20.000+05:30,3.89,42.84,517.26,12.074229691876749,1.37,below_rated,True,0.2907343646451366,11.27,12.13,27.6,7,0,10
2025-01-15 06:16:21.000+05:30,4.04,42.84,519.74,12.132119514472455,1.36,below_rated,True,0.25764363512324584,11.55,12.14,27.6,-9,0,10
2025-01-15 06:16:22.000+05:30,3.93,40.85,491.37,12.028641370869034,1.43,below_rated,True,0.2942950730035622,11.85,13.42,27.6,22,0,10
2025-01-15 06:16:23.000+05:30,3.68,40.72,492.34,12.090864440078585,1.31,below_rated,True,0.3283616615889588,11.97,13.13,27.6,12,0,10
2025-01-15 06:16:24.000+05:30,3.45,35.53,428.72,12.066422741345342,0.84,below_rated,True,0.2555327718019644,11.53,13.25,27.6,-9,0,10
2025-01-15 06:16:25.000+05:30,3.35,38.06,458.45,12.045454545454545,0.57,below_rated,True,0.18939348676840698,11.46,13.54,27.6,-16,0,10
2025-01-15 06:16:26.000+05:30,3.29,36.41,441.7,12.1312826146663,0.59,below_rated,True,0.20696119473608898,10.7,13.01,27.6,21,0,10
2025-01-15 06:16:27.000+05:30,3.19,39.07,469.69,12.021755822882007,0.51,below_rated,True,0.1962559046127712,10.84,13.62,27.6,-12,0,10
2025-01-15 06:16:28.000+05:30,3.0,34.08,408.89,11.997946009389672,0.42,below_rated,True,0.19431670215715632,10.74,13.88,27.6,-12,0,10
2025-01-15 06:16:29.000+05:30,3.28,34.55,414.22,11.989001447178005,0.52,below_rated,True,0.18407992024567024,11.42,13.79,27.6,28,0,10
2025-01-15 06:16:30.000+05:30,3.51,39.79,482.42,12.124151796933903,0.89,below_rated,True,0.25709478197748614,11.18,14.0,27.6,-17,0,10
2025-01-15 06:16:31.000+05:30,3.61,37.45,458.61,12.245927903871829,0.76,below_rated,True,0.2017978763501329,11.94,14.0,27.6,26,0,10
2025-01-15 06:16:32.000+05:30,3.59,39.9,479.27,12.011779448621553,0.96,below_rated,True,0.2591865687501475,12.35,13.76,27.6,14,0,10
2025-01-15 06:16:33.000+05:30,3.74,40.71,494.16,12.138540899042004,1.14,below_rated,True,0.2722166278373602,12.52,14.0,27.6,20,0,10
2025-01-15 06:16:34.000+05:30,3.8,40.77,489.11,11.996811380917341,1.3,below_rated,True,0.2959491980347418,12.85,14.0,27.7,7,0,10
2025-01-15 06:16:35.000+05:30,3.74,41.7,501.5,12.026378896882493,1.03,below_rated,True,0.24595011111621143,12.16,14.0,27.6,11,0,10
2025-01-15 06:16:36.000+05:30,3.74,39.95,480.74,12.03354192740926,1.04,below_rated,True,0.24833797627267948,11.69,13.52,27.6,0,0,10
2025-01-15 06:16:37.000+05:30,3.57,40.53,491.47,12.12607944732297,0.76,below_rated,True,0.20865728346198845,11.9,13.46,27.6,-18,0,10
2025-01-15 06:16:38.000+05:30,3.46,38.19,462.92,12.121497774286464,0.67,below_rated,True,0.20205570228146688,11.98,13.57,27.6,23,0,10
2025-01-15 06:16:39.000+05:30,3.6,39.82,476.79,11.973631341034656,0.94,below_rated,True,0.25167782741915634,11.58,13.71,27.6,9,0,10
2025-01-15 06:16:40.000+05:30,3.51,37.12,448.08,12.071120689655173,0.67,below_rated,True,0.19354326283698395,11.53,14.0,27.6,-29,0,10
2025-01-15 06:16:41.000+05:30,3.61,38.38,467.13,12.171182907764459,1.05,below_rated,True,0.2787996975889994,11.0,13.71,27.6,20,0,10
2025-01-15 06:16:42.000+05:30,3.59,40.35,487.74,12.087732342007435,0.76,below_rated,True,0.2051893669272001,10.89,14.0,27.6,13,0,10
2025-01-15 06:16:43.000+05:30,3.7,38.44,462.1,12.021331945889699,1.27,below_rated,True,0.31320100990440514,12.33,14.0,27.6,18,0,10
2025-01-15 06:16:44.000+05:30,3.66,39.91,485.71,12.170132798797294,0.95,below_rated,True,0.2420499259447383,12.63,13.39,27.6,-5,0,10
2025-01-15 06:16:45.000+05:30,3.57,38.85,462.65,11.908622908622908,0.49,below_rated,True,0.1345290380215452,13.22,13.39,27.6,-16,0,10
2025-01-15 06:16:46.000+05:30,3.61,37.69,454.38,12.055717697001858,0.97,below_rated,True,0.2575578158679328,12.51,14.0,27.6,16,0,10
2025-01-15 06:16:47.000+05:30,3.48,39.6,470.29,11.8760101010101,0.91,below_rated,True,0.2697293870575012,12.09,14.0,27.7,24,0,10
2025-01-15 06:16:48.000+05:30,3.35,35.94,431.93,12.0180856983862,0.63,below_rated,True,0.20932964327034456,11.98,13.83,27.6,21,0,10
2025-01-15 06:16:49.000+05:30,3.23,36.91,444.47,12.041994039555679,0.25,below_rated,True,0.09267381610319303,11.71,13.91,27.6,7,0,10
2025-01-15 06:16:50.000+05:30,3.49,38.94,468.07,12.020287621982538,0.9,below_rated,True,0.26447878040333656,11.59,14.0,27.6,10,0,10
2025-01-15 06:16:51.000+05:30,3.17,34.07,404.83,11.882301144702083,0.7,below_rated,True,0.2745015862047218,11.88,13.55,27.6,0,0,10
2025-01-15 06:16:52.000+05:30,3.32,33.35,403.39,12.095652173913043,0.65,below_rated,True,0.22188283719727517,11.9,13.96,27.7,5,0,10
2025-01-15 06:16:53.000+05:30,3.57,38.91,470.59,12.09432022616294,1.18,below_rated,True,0.32396788748045574,11.72,13.87,27.7,-12,0,10
2025-01-15 06:16:54.000+05:30,3.54,40.49,488.75,12.070881699184984,0.97,below_rated,True,0.27314078497564204,12.38,13.71,27.6,-4,0,10
2025-01-15 06:16:55.000+05:30,3.83,43.04,518.06,12.03671003717472,1.06,below_rated,True,0.23568619679090208,12.56,14.0,27.6,25,0,10
2025-01-15 06:16:56.000+05:30,3.87,41.96,501.86,11.9604385128694,0.99,below_rated,True,0.2133668298078096,11.96,14.0,27.6,7,0,10
2025-01-15 06:16:57.000+05:30,4.1,45.12,546.48,12.111702127659576,1.63,below_rated,True,0.2954341120004357,12.29,13.68,27.6,-15,0,10
2025-01-15 06:16:58.000+05:30,3.78,42.54,509.84,11.984955336154208,0.92,below_rated,True,0.2127830515298646,11.96,13.5,27.6,-12,0,10
2025-01-15 06:16:59.000+05:30,3.51,40.79,491.86,12.058347634224075,0.65,below_rated,True,0.18776585200602922,12.21,12.95,27.5,-4,0,10
2025-01-15 06:17:00.000+05:30,3.51,38.26,457.4,11.95504443282802,0.88,below_rated,True,0.2542060765620088,12.03,14.0,27.6,6,0,10
2025-01-15 06:17:01.000+05:30,3.64,40.71,493.56,12.123802505526898,1.21,below_rated,True,0.31340493038601375,11.5,14.0,27.6,-26,0,10
2025-01-15 06:17:02.000+05:30,3.57,39.39,477.63,12.125666412795125,1.05,below_rated,True,0.2882765100461683,11.49,13.24,27.6,-7,0,10
2025-01-15 06:17:03.000+05:30,3.6,38.06,456.04,11.982133473462953,0.93,below_rated,True,0.2490004037232079,11.06,13.29,27.6,-26,0,10
2025-01-15 06:17:04.000+05:30,3.45,36.47,439.79,12.05895256375103,0.65,below_rated,True,0.19773369246580577,11.17,12.71,27.6,-28,0,10
2025-01-15 06:17:05.000+05:30,3.46,37.2,447.86,12.039247311827957,0.56,below_rated,True,0.16888237802630068,11.55,13.1,27.6,-15,0,10
2025-01-15 06:17:06.000+05:30,3.42,36.27,437.18,12.053487730907085,0.85,below_rated,True,0.26543929337293504,12.14,12.58,27.6,8,0,10
2025-01-15 06:17:07.000+05:30,3.5,37.95,461.4,12.158102766798418,0.9,below_rated,True,0.26221829029120636,12.0,12.09,27.6,-8,0,10
2025-01-15 06:17:08.000+05:30,3.6,40.85,489.47,11.982129742962057,0.86,below_rated,True,0.2302584378515686,11.99,12.8,27.6,10,0,10
2025-01-15 06:17:09.000+05:30,3.4,34.11,408.7,11.98182351216652,0.75,below_rated,True,0.2383686392444254,11.96,12.58,27.6,19,0,10
2025-01-15 06:17:10.000+05:30,3.33,36.46,445.53,12.219692814042785,0.61,below_rated,True,0.2063582040349601,11.94,12.81,27.6,-29,0,10
2025-01-15 06:17:11.000+05:30,3.32,38.44,463.93,12.068938605619147,0.89,below_rated,True,0.30380880785473063,12.11,13.08,27.6,-20,0,10
2025-01-15 06:17:12.000+05:30,3.31,33.52,403.19,12.028341288782816,0.49,below_rated,True,0.16878610982650932,12.47,12.93,27.6,9,0,10
2025-01-15 06:17:13.000+05:30,3.49,37.95,457.59,12.057707509881421,0.91,below_rated,True,0.26741743351892916,12.59,13.16,27.6,-10,0,10
2025-01-15 06:17:14.000+05:30,3.6,39.77,483.19,12.149610258989187,0.86,below_rated,True,0.2302584378515686,13.04,13.19,27.6,-28,0,10
2025-01-15 06:17:15.000+05:30,3.64,41.76,504.12,12.071839080459771,0.94,below_rated,True,0.24347159881227512,11.83,12.98,27.6,24,0,10
2025-01-15 06:17:16.000+05:30,3.54,39.81,480.75,12.07611152976639,0.72,below_rated,True,0.20274367544583738,11.49,12.81,27.6,29,0,10
2025-01-15 06:17:17.000+05:30,3.5,40.13,485.08,12.08771492648891,0.69,below_rated,True,0.20103402255659153,11.7,12.46,27.6,-9,0,10
2025-01-15 06:17:18.000+05:30,3.83,40.14,484.48,12.069755854509218,1.19,below_rated,True,0.2645911077180882,11.28,12.59,27.6,15,0,10
2025-01-15 06:17:19.000+05:30,3.82,39.63,475.33,11.994196315922279,1.42,below_rated,True,0.318216621584635,11.39,11.79,27.6,-27,0,10
2025-01-15 06:17:20.000+05:30,3.93,43.44,525.77,12.103360957642726,1.29,below_rated,True,0.2654829679542624,11.24,12.24,27.6,16,0,10
2025-01-15 06:17:21.000+05:30,3.72,39.39,473.53,12.02157908098502,1.27,below_rated,True,0.308176491336555,11.34,12.21,27.5,-4,0,10
2025-01-15 06:17:22.000+05:30,3.65,42.8,516.15,12.059579439252337,0.91,below_rated,True,0.23376926100800005,11.58,11.88,27.6,4,0,10
2025-01-15 06:17:23.000+05:30,3.76,40.94,492.24,12.023448949682463,1.01,below_rated,True,0.23734628804430385,11.9,12.78,27.6,-19,0,10
2025-01-15 06:17:24.000+05:30,3.74,41.36,497.16,12.020309477756287,1.16,below_rated,True,0.2769923581502963,12.42,12.8,27.6,-21,0,10
2025-01-15 06:17:25.000+05:30,3.72,42.33,510.23,12.053626269785024,0.95,below_rated,True,0.23052572186592699,11.97,13.09,27.6,-1,0,10
2025-01-15 06:17:26.000+05:30,3.62,39.7,479.84,12.086649874055414,0.93,below_rated,True,0.24489608475543,12.25,13.83,27.6,-2,0,10
2025-01-15 06:17:27.000+05:30,3.6,38.14,461.92,12.11116937598322,0.86,below_rated,True,0.2302584378515686,11.89,14.0,27.6,-3,0,10
2025-01-15 06:17:28.000+05:30,3.36,36.97,439.6,11.890722207195024,0.64,below_rated,True,0.2107592996810751,11.73,13.97,27.6,-6,0,10
2025-01-15 06:17:29.000+05:30,3.39,36.39,434.42,11.937895026106073,0.61,below_rated,True,0.19559391761334075,11.82,14.0,27.6,-11,0,10
2025-01-15 06:17:30.000+05:30,3.25,35.12,422.13,12.019646924829157,0.63,below_rated,True,0.22925302320953536,12.07,14.0,27.6,-21,0,10
2025-01-15 06:17:31.000+05:30,3.24,33.65,402.95,11.974739970282318,0.62,below_rated,True,0.22770955987490432,11.65,14.0,27.6,17,0,10
2025-01-15 06:17:32.000+05:30,3.12,32.92,393.21,11.944410692588091,0.38,below_rated,True,0.1562947605850667,11.59,14.0,27.7,28,0,10
2025-01-15 06:17:33.000+05:30,3.37,39.01,474.7,12.168674698795181,0.57,below_rated,True,0.18604146813310762,11.52,14.0,27.6,15,0,10
2025-01-15 06:17:34.000+05:30,3.14,33.64,400.95,11.91884661117717,0.64,below_rated,True,0.25823531546359946,11.18,14.0,27.6,-15,0,10
2025-01-15 06:17:35.000+05:30,3.18,36.67,445.88,12.159258249250067,0.5,below_rated,True,0.1942286311266582,11.42,13.5,27.6,30,0,10
2025-01-15 06:17:36.000+05:30,3.14,31.39,373.52,11.899330997132845,0.44,below_rated,True,0.17753677938122464,11.28,13.15,27.6,19,0,10
2025-01-15 06:17:37.000+05:30,3.27,37.32,450.53,12.072079314040728,0.53,below_rated,True,0.18934647160005286,11.87,12.56,27.6,-20,0,10
2025-01-15 06:17:38.000+05:30,3.32,35.09,429.94,12.252493587916785,0.51,below_rated,True,0.17409268764709282,11.45,12.23,27.6,-11,0,10
2025-01-15 06:17:39.000+05:30,3.07,32.26,391.44,12.133911965282083,0.5,below_rated,True,0.21586363345265008,11.58,13.13,27.6,-13,0,10
2025-01-15 06:17:40.000+05:30,3.07,32.58,393.85,12.088704726826276,0.65,below_rated,True,0.2806227234884451,11.46,11.97,27.6,-30,0,10
2025-01-15 06:17:41.000+05:30,3.22,35.99,432.59,12.019727702139482,0.65,below_rated,True,0.24320379448691487,11.51,11.52,27.6,-22,0,10
2025-01-15 06:17:42.000+05:30,3.25,37.11,445.78,12.01239558070601,0.56,below_rated,True,0.20378046507514253,11.21,11.82,27.6,-27,0,10
2025-01-15 06:17:43.000+05:30,3.0,36.87,446.19,12.101708706265256,0.2,below_rated,True,0.0925317629319792,11.24,12.33,27.6,10,0,10
2025-01-15 06:17:44.000+05:30,3.06,32.69,395.27,12.091465279902112,0.26,below_rated,True,0.11335317092556121,11.55,12.69,27.6,0,0,10
2025-01-15 06:17:45.000+05:30,3.09,33.89,412.24,12.164060194747714,0.32,below_rated,True,0.13548747371591144,11.46,13.08,27.6,-17,0,10
2025-01-15 06:17:46.000+05:30,3.07,30.1,357.03,11.861461794019933,0.4,below_rated,True,0.17269090676212007,10.48,13.07,27.6,0,0,10
2025-01-15 06:17:47.000+05:30,3.0,34.82,417.76,11.997702469844917,0.43,below_rated,True,0.1989432903037553,10.45,12.68,27.6,-5,0,10
2025-01-15 06:17:48.000+05:30,3.0,32.04,387.93,12.107677902621724,0.45,below_rated,True,0.2081964665969532,10.66,12.8,27.6,14,0,10
2025-01-15 06:17:49.000+05:30,3.16,34.51,418.17,12.117357287742685,0.58,below_rated,True,0.2296102919081316,11.24,12.9,27.6,-15,0,10
2025-01-15 06:17:50.000+05:30,3.02,32.21,384.96,11.951567836075752,0.25,below_rated,True,0.11338191419781671,11.25,13.41,27.6,10,0,10
2025-01-15 06:17:51.000+05:30,3.0,33.02,402.82,12.199273167777104,0.4,below_rated,True,0.1850635258639584,10.97,13.88,27.6,8,0,10
2025-01-15 06:17:52.000+05:30,3.0,33.25,397.7,11.960902255639098,0.65,below_rated,True,0.3007282295289324,10.6,13.96,27.7,0,0,10
2025-01-15 06:17:53.000+05:30,3.0,31.5,378.78,12.024761904761904,0.42,below_rated,True,0.19431670215715632,10.83,14.0,27.7,6,0,10
2025-01-15 06:17:54.000+05:30,3.05,35.16,424.07,12.061149032992038,0.6,below_rated,True,0.2641656454942155,11.17,13.22,27.7,5,0,10
2025-01-15 06:17:55.000+05:30,3.04,31.03,369.85,11.91911053818885,0.37,below_rated,True,0.16451502895561063,11.09,14.0,27.7,30,0,10
2025-01-15 06:17:56.000+05:30,3.0,30.73,371.87,12.101204035144809,0.51,below_rated,True,0.23595599547654697,11.76,13.82,27.7,27,0,10
2025-01-15 06:17:57.000+05:30,3.08,31.62,384.93,12.173624288425048,0.32,below_rated,True,0.13681144622422906,11.2,13.67,27.7,10,0,10
2025-01-15 06:17:58.000+05:30,3.07,32.6,386.82,11.86564417177914,0.61,below_rated,True,0.2633536328122331,10.88,13.46,27.7,8,0,10
2025-01-15 06:17:59.000+05:30,3.13,32.96,396.1,12.017597087378642,0.2,below_rated,True,0.08147447825604608,10.99,14.0,27.6,-3,0,10
2025-01-15 06:18:00.000+05:30,3.17,35.18,424.36,12.062535531552019,0.66,below_rated,True,0.2588157812787377,11.29,13.67,27.6,29,0,10
2025-01-15 06:18:01.000+05:30,3.5,37.95,455.8,12.010540184453227,0.91,below_rated,True,0.26513182684999753,11.26,13.43,27.6,7,0,10
2025-01-15 06:18:02.000+05:30,3.22,36.52,439.38,12.031215772179626,0.34,below_rated,True,0.12721429250084776,11.59,13.22,27.6,20,0,10
2025-01-15 06:18:03.000+05:30,3.37,36.55,445.89,12.199452804377566,0.66,below_rated,True,0.21541643678570357,11.25,13.02,27.7,-12,0,10
2025-01-15 06:18:04.000+05:30,3.47,35.98,434.26,12.069483046136744,0.88,below_rated,True,0.2630987912241169,11.69,12.52,27.7,21,0,10
2025-01-15 06:18:05.000+05:30,3.43,39.15,470.51,12.018135376756067,0.59,below_rated,True,0.18263930948061577,11.9,12.26,27.7,10,0,10
2025-01-15 06:18:06.000+05:30,3.51,38.04,455.22,11.966876971608833,0.93,below_rated,True,0.26864960363939566,11.83,11.75,27.7,22,0,10
2025-01-15 06:18:07.000+05:30,3.23,34.93,419.94,12.022330375035786,0.16,below_rated,True,0.05931124230604354,11.79,12.08,27.6,16,0,10
2025-01-15 06:18:08.000+05:30,3.0,31.3,371.97,11.884025559105432,0.51,below_rated,True,0.23595599547654697,11.66,12.98,27.6,-9,0,10
2025-01-15 06:18:09.000+05:30,3.08,34.96,425.25,12.163901601830663,0.48,below_rated,True,0.20521716933634357,11.39,12.7,27.6,14,0,10
2025-01-15 06:18:10.000+05:30,3.17,36.46,442.6,12.139330773450357,0.22,below_rated,True,0.08627192709291258,10.93,12.3,27.7,24,0,10
2025-01-15 06:18:11.000+05:30,3.12,32.57,388.93,11.941357077064783,0.47,below_rated,True,0.1933119407236351,11.08,11.93,27.6,21,0,10
2025-01-15 06:18:12.000+05:30,3.12,36.58,440.68,12.04702022963368,0.21,below_rated,True,0.08637342032332633,10.7,11.12,27.7,24,0,10
2025-01-15 06:18:13.000+05:30,3.41,38.64,466.44,12.071428571428571,0.65,below_rated,True,0.20477400514042404,10.92,10.26,27.7,-27,0,10
2025-01-15 06:18:14.000+05:30,3.55,37.98,459.96,12.110584518167457,0.98,below_rated,True,0.27363120409042135,11.44,10.66,27.7,-15,0,10
2025-01-15 06:18:15.000+05:30,3.57,39.24,476.65,12.147043832823648,0.8,below_rated,True,0.21963924574946153,11.0,9.9,27.7,20,0,10
2025-01-15 06:18:16.000+05:30,3.54,36.04,435.2,12.075471698113207,0.67,below_rated,True,0.18866425353987645,11.33,9.71,27.7,-2,0,10
2025-01-15 06:18:17.000+05:30,3.6,40.21,482.42,11.997513056453618,0.74,below_rated,True,0.19812935350018693,11.79,10.21,27.7,6,0,10
2025-01-15 06:18:18.000+05:30,3.37,38.53,466.13,12.097845834414741,0.14,below_rated,True,0.04569439568181591,12.75,10.31,27.7,14,0,10
2025-01-15 06:18:19.000+05:30,3.45,38.04,462.49,12.157991587802314,0.58,below_rated,True,0.17643929481564205,12.9,10.46,27.7,-29,0,10
2025-01-15 06:18:20.000+05:30,3.23,35.74,426.75,11.940402909904869,0.77,below_rated,True,0.2854353535978345,13.07,11.03,27.7,4,0,10
2025-01-15 06:18:21.000+05:30,3.0,34.64,423.3,12.219976905311778,0.25,below_rated,True,0.11566470366497401,13.08,11.62,27.7,-19,0,10
2025-01-15 06:18:22.000+05:30,3.16,34.48,415.96,12.063805104408353,0.25,below_rated,True,0.09896995340867741,12.62,11.64,27.7,-25,0,10
2025-01-15 06:18:23.000+05:30,3.05,34.35,410.68,11.95574963609898,0.35,below_rated,True,0.15409662653829237,12.07,13.01,27.7,30,0,10
2025-01-15 06:18:24.000+05:30,3.0,36.35,439.67,12.095460797799175,0.42,below_rated,True,0.19431670215715632,11.76,12.69,27.7,4,0,10
2025-01-15 06:18:25.000+05:30,3.07,31.88,386.67,12.12892095357591,0.36,below_rated,True,0.15542181608590805,11.39,12.48,27.7,-24,0,10
2025-01-15 06:18:26.000+05:30,3.04,34.15,411.55,12.051244509516838,0.42,below_rated,True,0.18674678962528773,11.09,12.35,27.7,-22,0,10
2025-01-15 06:18:27.000+05:30,3.0,33.48,402.3,12.016129032258066,0.28,below_rated,True,0.12954446810477088,10.97,12.19,27.7,27,0,10
2025-01-15 06:18:28.000+05:30,3.09,35.93,431.03,11.99638185360423,0.46,below_rated,True,0.19476324346662266,10.83,12.66,27.7,-17,0,10
2025-01-15 06:18:29.000+05:30,3.19,34.88,420.94,12.068233944954127,0.61,below_rated,True,0.234737454536844,10.41,13.43,27.7,8,0,10
2025-01-15 06:18:30.000+05:30,3.33,35.43,431.43,12.17696867061812,0.32,below_rated,True,0.1082534840839135,11.02,14.0,27.7,-15,0,10
2025-01-15 06:18:31.000+05:30,3.37,38.1,462.66,12.143307086614174,0.73,below_rated,True,0.23826363462661151,10.78,14.0,27.7,-13,0,10
2025-01-15 06:18:32.000+05:30,3.53,38.56,465.66,12.076244813278008,0.92,below_rated,True,0.2612692605848276,10.77,14.0,27.7,30,0,10
2025-01-15 06:18:33.000+05:30,3.74,43.11,517.07,11.994200881466018,1.35,below_rated,True,0.3223617961231897,10.41,14.0,27.7,14,0,10
2025-01-15 06:18:34.000+05:30,3.63,39.66,478.87,12.0743822491175,1.07,below_rated,True,0.2794399581420503,10.58,13.82,27.7,18,0,10
2025-01-15 06:18:35.000+05:30,3.72,36.78,438.89,11.93284393692224,1.02,below_rated,True,0.24751182768762686,10.89,13.75,27.7,-22,0,10
2025-01-15 06:18:36.000+05:30,3.71,40.07,478.12,11.932118792113801,1.16,below_rated,True,0.28376633128335566,11.34,14.0,27.7,-13,0,10
2025-01-15 06:18:37.000+05:30,3.79,41.05,494.25,12.040194884287455,1.35,below_rated,True,0.30977098990418056,11.35,14.0,27.7,-8,0,10
2025-01-15 06:18:38.000+05:30,3.84,41.75,505.75,12.113772455089821,1.51,below_rated,True,0.3331255007440772,11.17,13.44,27.7,22,0,10
2025-01-15 06:18:39.000+05:30,4.05,44.97,542.13,12.05537024683122,1.27,below_rated,True,0.23881591002106103,11.14,13.8,27.7,-15,0,10
2025-01-15 06:18:40.000+05:30,4.14,47.54,574.08,12.075725704669752,1.53,below_rated,True,0.26934877980117783,11.11,13.7,27.8,25,0,10
2025-01-15 06:18:41.000+05:30,4.16,42.37,512.38,12.092990323341988,1.88,below_rated,True,0.32621389997113426,11.07,13.19,27.7,4,0,10
2025-01-15 06:18:42.000+05:30,4.11,42.5,507.25,11.935294117647059,1.65,below_rated,True,0.2968814644231377,10.61,12.7,27.7,14,0,10
2025-01-15 06:18:43.000+05:30,4.08,44.55,546.32,12.263075196408531,1.33,below_rated,True,0.24462213749620806,11.26,13.44,27.7,-28,0,10
2025-01-15 06:18:44.000+05:30,3.78,39.92,475.15,11.90255511022044,1.03,below_rated,True,0.23822450334321796,11.24,12.63,27.7,-26,0,10
2025-01-15 06:18:45.000+05:30,3.84,42.37,508.32,11.997167807410905,1.22,below_rated,True,0.2691477555680624,11.64,12.53,27.7,13,0,10
2025-01-15 06:18:46.000+05:30,3.84,42.07,504.97,12.003090087948658,1.18,below_rated,True,0.26032323899206034,11.97,13.16,27.7,-17,0,10
2025-01-15 06:18:47.000+05:30,3.84,44.13,538.12,12.193972354407432,1.06,below_rated,True,0.23384968926405422,11.16,12.27,27.7,29,0,10
2025-01-15 06:18:48.000+05:30,3.64,38.42,462.74,12.044247787610619,0.85,below_rated,True,0.2201604882876956,10.93,12.43,27.7,-8,0,10
2025-01-15 06:18:49.000+05:30,3.73,39.26,475.92,12.12226184411615,1.07,below_rated,True,0.2575620584018415,11.13,12.34,27.8,27,0,10
2025-01-15 06:18:50.000+05:30,3.77,40.37,486.19,12.043349021550657,1.06,below_rated,True,0.24711916033626463,10.94,12.55,27.7,-5,0,10
2025-01-15 06:18:51.000+05:30,3.87,41.18,494.67,12.012384652744052,1.72,below_rated,True,0.3706979265347803,10.87,13.03,27.7,-22,0,10
2025-01-15 06:18:52.000+05:30,3.77,39.37,478.65,12.15773431546863,1.16,below_rated,True,0.2704322886698745,11.17,13.46,27.7,-28,0,10
2025-01-15 06:18:53.000+05:30,3.89,42.89,512.71,11.954068547446958,0.98,below_rated,True,0.20797056741038966,12.24,13.4,27.7,-23,0,10
2025-01-15 06:18:54.000+05:30,3.72,41.47,494.84,11.932481311791657,0.94,below_rated,True,0.22809913531996984,12.77,13.7,27.7,26,0,10
2025-01-15 06:18:55.000+05:30,3.87,39.49,480.55,12.16890351987845,1.54,below_rated,True,0.3319039574788149,12.86,13.65,27.7,-8,0,10
2025-01-15 06:18:56.000+05:30,3.61,39.69,482.41,12.154446963970775,0.69,below_rated,True,0.1832112298441996,13.62,13.65,27.7,17,0,10
2025-01-15 06:18:57.000+05:30,3.62,40.21,480.33,11.945535936334245,1.01,below_rated,True,0.2659624146268649,13.49,13.61,27.7,-13,0,10
2025-01-15 06:18:58.000+05:30,3.65,41.07,494.38,12.037496956415875,1.01,below_rated,True,0.259458190789099,13.16,12.61,27.7,15,0,10
2025-01-15 06:18:59.000+05:30,3.58,37.15,449.47,12.098788694481831,1.15,below_rated,True,0.3130930053827195,12.96,12.53,27.7,-23,0,10
2025-01-15 06:19:00.000+05:30,3.61,42.95,516.65,12.029103608847496,0.73,below_rated,True,0.1938321707047329,13.08,12.63,27.7,-25,0,10
2025-01-15 06:19:01.000+05:30,3.5,37.94,458.85,12.094095940959411,0.77,below_rated,True,0.22434231502692098,12.85,11.87,27.7,-3,0,10
2025-01-15 06:19:02.000+05:30,3.42,37.29,451.42,12.105658353445964,0.6,below_rated,True,0.1873689129691306,13.03,11.53,27.7,-10,0,10
2025-01-15 06:19:03.000+05:30,3.36,36.81,442.18,12.012496604183646,0.74,below_rated,True,0.2436904402562431,12.81,12.27,27.7,-3,0,10
2025-01-15 06:19:04.000+05:30,3.51,37.55,454.05,12.091877496671106,0.81,below_rated,True,0.23398513865366716,12.76,13.38,27.7,5,0,10
2025-01-15 06:19:05.000+05:30,3.43,39.63,477.01,12.036588443098662,0.5,below_rated,True,0.15477907583103032,12.39,12.8,27.7,-13,0,10
2025-01-15 06:19:06.000+05:30,3.47,38.53,462.92,12.014534129249935,0.74,below_rated,True,0.22124216534755284,12.11,13.28,27.8,7,0,10
2025-01-15 06:19:07.000+05:30,3.4,36.37,436.57,12.003574374484465,0.7,below_rated,True,0.22247739662813037,12.52,13.41,27.8,-11,0,10
2025-01-15 06:19:08.000+05:30,3.33,37.21,452.63,12.16420317119054,0.7,below_rated,True,0.23680449643356077,12.49,11.92,27.8,5,0,10
2025-01-15 06:19:09.000+05:30,3.03,30.27,361.83,11.953419226957383,0.29,below_rated,True,0.1302251053346254,11.96,11.97,27.8,-23,0,10
2025-01-15 06:19:10.000+05:30,3.07,30.65,372.39,12.149755301794453,0.34,below_rated,True,0.14678727074780204,11.82,11.87,27.8,8,0,10
2025-01-15 06:19:11.000+05:30,3.46,41.53,507.51,12.220322658319287,0.89,below_rated,True,0.2684023507917993,12.05,11.57,27.8,1,0,10
2025-01-15 06:19:12.000+05:30,3.34,37.47,450.87,12.032826261008807,0.61,below_rated,True,0.20451023114538133,11.58,10.64,27.8,19,0,10
2025-01-15 06:19:13.000+05:30,3.47,38.13,455.44,11.944400734329923,0.66,below_rated,True,0.19732409341808768,12.39,10.65,27.8,2,0,10
2025-01-15 06:19:14.000+05:30,3.25,34.29,412.41,12.027121609798776,0.56,below_rated,True,0.20378046507514253,12.86,10.87,27.8,5,0,10
2025-01-15 06:19:15.000+05:30,3.32,36.08,429.77,11.911585365853659,0.31,below_rated,True,0.10582104543254663,12.64,10.46,27.8,25,0,10
2025-01-15 06:19:16.000+05:30,3.37,36.94,450.4,12.192744991878723,0.63,below_rated,True,0.20562478056817157,12.51,9.77,27.8,-8,0,10
2025-01-15 06:19:17.000+05:30,3.08,36.93,446.41,12.088004332520986,0.3,below_rated,True,0.12826073083521475,12.88,9.22,27.8,-12,0,10
2025-01-15 06:19:18.000+05:30,3.05,34.57,411.05,11.890367370552502,0.43,below_rated,True,0.18931871260418778,13.68,9.37,27.8,-19,0,10
2025-01-15 06:19:19.000+05:30,3.08,31.21,379.44,12.157641781480294,0.3,below_rated,True,0.12826073083521475,13.35,8.82,27.8,30,0,10
2025-01-15 06:19:20.000+05:30,3.0,31.61,377.79,11.951597595697566,0.36,below_rated,True,0.1665571732775626,12.91,7.99,27.8,-13,0,10
2025-01-15 06:19:21.000+05:30,3.2,33.91,403.68,11.904452963727515,0.56,below_rated,True,0.21348270500664143,12.56,8.31,27.8,0,0,10
2025-01-15 06:19:22.000+05:30,3.28,37.12,452.45,12.188846982758621,0.62,below_rated,True,0.21947990490829913,12.86,8.48,27.8,16,0,10
2025-01-15 06:19:23.000+05:30,3.39,40.04,483.98,12.087412587412588,0.45,below_rated,True,0.1442905949606612,12.78,8.1,27.8,-3,0,10
2025-01-15 06:19:24.000+05:30,3.4,37.92,456.36,12.034810126582279,0.44,below_rated,True,0.13984293502339623,12.51,9.19,27.8,21,0,10
2025-01-15 06:19:25.000+05:30,3.41,37.78,460.56,12.19057702488089,0.7,below_rated,True,0.2205258516896874,12.6,9.01,27.8,19,0,10
2025-01-15 06:19:26.000+05:30,3.48,37.91,456.12,12.031653917172251,1.13,below_rated,True,0.33493868942305094,12.37,9.15,27.8,-24,0,10
2025-01-15 06:19:27.000+05:30,3.41,36.79,446.18,12.127752106550693,0.87,below_rated,True,0.27408212995718295,12.86,9.28,27.7,-11,0,10
2025-01-15 06:19:28.000+05:30,3.36,38.99,471.03,12.080789946140035,0.58,below_rated,True,0.19100061533597432,12.58,9.53,27.8,22,0,10
2025-01-15 06:19:29.000+05:30,3.42,39.27,472.72,12.037687802393684,0.69,below_rated,True,0.2154742499145002,12.52,10.36,27.8,-6,0,10
2025-01-15 06:19:30.000+05:30,3.55,39.29,479.15,12.195215067447187,0.6,below_rated,True,0.1675293086267886,12.92,10.95,27.8,22,0,10
2025-01-15 06:19:31.000+05:30,3.45,37.66,455.81,12.103292618162508,0.69,below_rated,True,0.20990191969447072,13.1,11.3,27.8,-7,0,10
2025-01-15 06:19:32.000+05:30,3.74,42.59,510.31,11.98192063864757,1.17,below_rated,True,0.27938022330676443,13.48,10.78,27.8,8,0,10
2025-01-15 06:19:33.000+05:30,3.89,41.11,493.21,11.99732425200681,1.21,below_rated,True,0.2567799862924199,13.64,11.38,27.8,1,0,10
2025-01-15 06:19:34.000+05:30,3.7,41.42,494.26,11.932882665379044,1.04,below_rated,True,0.25647956716581205,13.55,10.39,27.8,29,0,10
2025-01-15 06:19:35.000+05:30,3.67,40.82,486.44,11.91670749632533,1.08,below_rated,True,0.27292930401564236,14.16,10.56,27.8,-23,0,10
2025-01-15 06:19:36.000+05:30,3.33,36.38,439.33,12.076140736668497,0.7,below_rated,True,0.23680449643356077,13.97,9.97,27.8,-6,0,10
2025-01-15 06:19:37.000+05:30,3.47,38.49,460.04,11.952195375422187,0.62,below_rated,True,0.1853650574533551,14.37,8.63,27.9,28,0,10
2025-01-15 06:19:38.000+05:30,3.48,36.21,436.06,12.042529687931511,0.48,below_rated,True,0.1422748415248358,14.0,9.15,27.9,-6,0,10
2025-01-15 06:19:39.000+05:30,3.6,38.92,469.43,12.061408016443988,0.8,below_rated,True,0.21419389567587777,14.15,8.3,27.9,-17,0,10
2025-01-15 06:19:40.000+05:30,3.62,36.14,432.46,11.966242390702822,0.98,below_rated,True,0.2580625409250768,13.96,8.3,27.9,-8,0,10
2025-01-15 06:19:41.000+05:30,3.85,41.29,491.61,11.90627270525551,1.31,below_rated,True,0.2867567912859841,13.06,8.35,27.9,-4,0,10
2025-01-15 06:19:42.000+05:30,3.86,43.01,518.4,12.053010927691234,1.48,below_rated,True,0.3214581243723872,12.93,9.28,27.9,-6,0,10
2025-01-15 06:19:43.000+05:30,3.63,39.97,484.32,12.117087815861897,1.06,below_rated,True,0.27682836974819935,12.37,9.13,27.9,-20,0,10
2025-01-15 06:19:44.000+05:30,3.77,41.79,503.78,12.05503709021297,0.88,below_rated,True,0.20515552933576686,12.02,9.22,27.9,-21,0,10
2025-01-15 06:19:45.000+05:30,3.6,40.85,495.09,12.11970624235006,0.85,below_rated,True,0.22758101415562013,11.9,9.61,27.8,11,0,10
2025-01-15 06:19:46.000+05:30,3.56,40.71,495.3,12.166543846720707,1.1,below_rated,True,0.30455609562705305,12.03,9.23,27.9,2,0,10
2025-01-15 06:19:47.000+05:30,3.69,42.06,501.83,11.931288635282929,1.08,below_rated,True,0.26851543921875537,12.0,8.15,27.9,-11,0,10
2025-01-15 06:19:48.000+05:30,3.65,42.17,514.43,12.198956604221008,0.55,below_rated,True,0.141289113796044,11.76,7.64,27.9,-22,0,10
2025-01-15 06:19:49.000+05:30,3.5,38.81,470.83,12.131667096109249,0.41,below_rated,True,0.11945499891043845,11.52,8.11,27.9,14,0,10
2025-01-15 06:19:50.000+05:30,3.37,35.14,418.69,11.914911781445646,0.78,below_rated,True,0.2545830616558315,12.08,8.19,27.9,11,0,10
2025-01-15 06:19:51.000+05:30,3.43,38.37,462.41,12.051342194422727,0.56,below_rated,True,0.17335256493075396,11.99,8.57,27.9,-24,0,10
2025-01-15 06:19:52.000+05:30,3.61,39.57,473.81,11.97397017942886,0.71,below_rated,True,0.18852170027446627,11.74,8.84,27.9,-28,0,10
2025-01-15 06:19:53.000+05:30,3.67,40.01,485.12,12.124968757810548,0.98,below_rated,True,0.24765807216234217,11.89,8.7,27.9,-11,0,10
2025-01-15 06:19:54.000+05:30,3.81,41.42,501.71,12.112747464992756,1.27,below_rated,True,0.28684903878721313,12.52,8.73,27.9,16,0,10
2025-01-15 06:19:55.000+05:30,3.88,41.21,498.98,12.108226158699345,1.17,below_rated,True,0.25021612264034665,11.85,8.52,27.9,-29,0,10
2025-01-15 06:19:56.000+05:30,3.75,38.53,460.86,11.96106929665196,1.08,below_rated,True,0.2558318181543361,12.06,8.27,27.9,-1,0,10
2025-01-15 06:19:57.000+05:30,3.85,41.81,504.34,12.06266443434585,1.46,below_rated,True,0.31959153837979903,12.51,8.61,27.9,2,0,10
2025-01-15 06:19:58.000+05:30,3.61,37.5,445.81,11.888266666666667,0.77,below_rated,True,0.20445311156526624,12.98,8.53,27.9,-9,0,10
2025-01-15 06:19:59.000+05:30,3.81,41.55,499.24,12.01540312876053,0.96,below_rated,True,0.2168307694769485,12.99,8.66,27.9,8,0,10
2025-01-15 06:20:00.000+05:30,3.89,41.32,495.01,11.979912875121007,1.33,below_rated,True,0.2822457700569574,12.78,8.8,27.9,25,0,10
2025-01-15 06:20:01.000+05:30,4.17,42.55,509.04,11.963337250293772,1.76,below_rated,True,0.30319993781747034,13.01,9.11,27.9,-26,0,10
2025-01-15 06:20:02.000+05:30,4.14,46.11,556.12,12.06072435480373,1.73,below_rated,True,0.3045577706248612,12.78,9.57,27.9,0,0,10
2025-01-15 06:20:03.000+05:30,4.11,46.15,563.06,12.20065005417118,1.51,below_rated,True,0.27169152198723506,12.46,8.51,27.9,-12,0,10
2025-01-15 06:20:04.000+05:30,3.87,43.0,516.99,12.023023255813953,1.07,below_rated,True,0.2306085938326831,12.97,9.09,27.9,30,0,10
2025-01-15 06:20:05.000+05:30,3.93,43.8,533.97,12.19109589041096,1.03,below_rated,True,0.21197477286270566,13.92,8.62,27.9,-27,0,10
2025-01-15 06:20:06.000+05:30,3.92,42.96,516.91,12.032355679702047,1.42,below_rated,True,0.2944792838838345,13.63,8.25,27.9,-20,0,10
2025-01-15 06:20:07.000+05:30,3.79,44.53,534.73,12.008309005165057,1.04,below_rated,True,0.23863839222247987,13.07,8.42,27.9,22,0,10
2025-01-15 06:20:08.000+05:30,3.73,40.46,480.45,11.874691052891745,1.3,below_rated,True,0.3129258653480317,12.75,8.46,27.9,-18,0,10
2025-01-15 06:20:09.000+05:30,3.76,42.89,517.59,12.067847983212872,1.36,below_rated,True,0.319595001723023,13.07,8.09,27.9,4,0,10
2025-01-15 06:20:10.000+05:30,3.86,41.37,496.1,11.991781484167273,1.45,below_rated,True,0.3149420813107847,13.18,8.56,27.9,-6,0,10
2025-01-15 06:20:11.000+05:30,3.96,39.31,473.82,12.053421521241413,1.51,below_rated,True,0.3037497957086546,13.82,8.9,27.9,-3,0,10
2025-01-15 06:20:12.000+05:30,3.94,43.55,524.9,12.052812858783009,1.27,below_rated,True,0.2593818959959154,13.94,9.6,27.9,15,0,10
2025-01-15 06:20:13.000+05:30,3.98,46.66,562.19,12.048649807115304,1.49,below_rated,True,0.29523079580891654,14.23,9.84,27.9,18,0,10
2025-01-15 06:20:14.000+05:30,3.95,44.86,538.88,12.01248328131966,1.14,below_rated,True,0.23106712962230733,13.98,10.16,27.8,14,0,10
2025-01-15 06:20:15.000+05:30,4.08,43.45,517.28,11.905178365937859,1.49,below_rated,True,0.2740503645634211,14.14,9.32,27.9,7,0,10
2025-01-15 06:20:16.000+05:30,3.98,47.11,566.57,12.026533644661432,1.43,below_rated,True,0.283342307387081,13.47,9.02,27.9,-10,0,10
2025-01-15 06:20:17.000+05:30,4.01,43.17,517.61,11.990039379198517,1.73,below_rated,True,0.3351487394405658,13.37,9.56,27.9,16,0,10
2025-01-15 06:20:18.000+05:30,4.18,46.05,553.12,12.011292073832792,1.4,below_rated,True,0.23945493685987318,13.67,9.57,27.9,-24,0,10
2025-01-15 06:20:19.000+05:30,4.23,48.42,583.61,12.053077240809582,1.67,below_rated,True,0.2756258677007721,13.74,9.87,27.9,-18,0,10
2025-01-15 06:20:20.000+05:30,4.43,51.13,616.05,12.048699393702327,2.57,below_rated,True,0.3692721454680523,14.0,9.75,27.9,2,0,10
2025-01-15 06:20:21.000+05:30,4.36,47.65,571.35,11.99055613850997,2.18,below_rated,True,0.3285652511314597,14.28,7.89,27.9,18,0,10
2025-01-15 06:20:22.000+05:30,4.18,44.31,534.21,12.056194989844279,1.69,below_rated,True,0.28905631663798975,14.2,8.87,27.9,-3,0,10
2025-01-15 06:20:23.000+05:30,4.38,46.35,557.22,12.02200647249191,2.35,below_rated,True,0.3493575519998984,14.98,8.66,27.8,-25,0,10
2025-01-15 06:20:24.000+05:30,4.4,46.88,561.1,11.968856655290102,2.05,below_rated,True,0.3006217762892707,15.23,8.44,27.8,18,0,10
2025-01-15 06:20:25.000+05:30,4.27,45.35,547.54,12.07364939360529,1.73,below_rated,True,0.27757930436406275,15.34,8.05,27.8,19,0,10
2025-01-15 06:20:26.000+05:30,4.13,45.7,553.44,12.110284463894967,1.96,below_rated,True,0.3475605864785784,16.03,8.19,27.8,28,0,10
2025-01-15 06:20:27.000+05:30,4.2,43.86,522.45,11.911764705882353,2.03,below_rated,True,0.34227310268206584,16.08,7.65,27.7,-13,0,10
2025-01-15 06:20:28.000+05:30,4.29,48.28,576.71,11.945111847555925,1.88,below_rated,True,0.29744767438167147,16.16,7.38,27.7,27,0,10
2025-01-15 06:20:29.000+05:30,4.27,47.07,568.74,12.082855321861057,1.78,below_rated,True,0.28560182761157904,16.05,8.25,27.7,-20,0,10
2025-01-15 06:20:30.000+05:30,4.72,51.8,631.8,12.196911196911197,2.97,below_rated,True,0.3528215133246897,16.7,7.85,27.8,23,0,10
2025-01-15 06:20:31.000+05:30,4.83,54.33,650.42,11.9716547027425,3.32,below_rated,True,0.3680622667562656,16.59,6.79,27.8,-20,0,10
2025-01-15 06:20:32.000+05:30,4.77,52.67,630.81,11.976647047655211,2.83,below_rated,True,0.32572860805241066,16.18,6.87,27.8,23,0,10
2025-01-15 06:20:33.000+05:30,4.44,47.73,574.12,12.02849360988896,2.33,below_rated,True,0.33253059979096666,16.25,7.03,27.8,19,0,10
2025-01-15 06:20:34.000+05:30,4.41,47.27,562.66,11.903109794795853,2.34,below_rated,True,0.3408197032743526,16.43,6.96,27.8,17,0,10
2025-01-15 06:20:35.000+05:30,3.98,41.57,502.2,12.080827519846043,1.64,below_rated,True,0.32495201686350544,16.35,6.39,27.8,23,0,10
2025-01-15 06:20:36.000+05:30,3.99,44.18,526.89,11.9259846084201,1.38,below_rated,True,0.27138447802642585,15.92,7.25,27.8,29,0,10
2025-01-15 06:20:37.000+05:30,4.01,43.59,530.09,12.160816701078229,1.71,below_rated,True,0.33127418753951876,15.99,8.25,27.8,-14,0,10
2025-01-15 06:20:38.000+05:30,4.06,43.03,518.13,12.041134092493609,1.66,below_rated,True,0.30985220588645007,15.56,8.12,27.8,1,0,10
2025-01-15 06:20:39.000+05:30,3.92,43.01,518.56,12.056730992792373,1.49,below_rated,True,0.30899586830064324,15.87,7.42,27.8,-2,0,10
2025-01-15 06:20:40.000+05:30,3.95,44.14,531.52,12.041685545990031,1.2,below_rated,True,0.2432285574971656,15.48,7.13,27.8,-28,0,10
2025-01-15 06:20:41.000+05:30,4.04,48.2,580.11,12.035477178423236,1.53,below_rated,True,0.28984908951365157,15.09,6.2,27.8,-23,0,10
2025-01-15 06:20:42.000+05:30,4.05,46.12,555.78,12.050737207285342,1.73,below_rated,True,0.3253161608948312,15.67,6.31,27.8,-23,0,10
2025-01-15 06:20:43.000+05:30,4.03,44.58,536.21,12.02803947958726,1.45,below_rated,True,0.27674352524124596,15.51,6.45,27.8,-25,0,10
2025-01-15 06:20:44.000+05:30,3.92,42.22,513.13,12.153718616769304,1.17,below_rated,True,0.242634339538089,15.36,6.96,27.8,-5,0,10
2025-01-15 06:20:45.000+05:30,3.87,45.07,541.1,12.005768804082539,0.89,below_rated,True,0.1918146247767177,15.69,7.27,27.9,7,0,10
2025-01-15 06:20:46.000+05:30,3.77,42.89,515.43,12.017486593611563,1.24,below_rated,True,0.2890827913367624,15.26,8.1,27.9,17,0,10
2025-01-15 06:20:47.000+05:30,3.9,43.57,525.43,12.059444571953177,1.44,below_rated,True,0.3032447396951526,15.72,8.48,27.8,-2,0,10
2025-01-15 06:20:48.000+05:30,3.92,40.87,491.78,12.032786885245901,1.27,below_rated,True,0.2633723172763872,16.25,8.59,27.9,11,0,10
2025-01-15 06:20:49.000+05:30,3.86,42.68,515.07,12.06818181818182,1.11,below_rated,True,0.2410935932792904,16.15,8.4,27.9,-17,0,10
2025-01-15 06:20:50.000+05:30,3.78,41.52,498.35,12.002649325626203,1.13,below_rated,True,0.26135309590081196,15.99,7.99,27.9,-9,0,10
2025-01-15 06:20:51.000+05:30,3.97,44.42,537.0,12.089149031967581,1.47,below_rated,True,0.29347453249221117,15.92,7.84,27.9,5,0,10
2025-01-15 06:20:52.000+05:30,3.93,45.25,540.85,11.952486187845304,1.65,below_rated,True,0.33957123808103334,16.19,8.51,27.9,-4,0,10
2025-01-15 06:20:53.000+05:30,3.79,40.53,491.37,12.12361213915618,1.2,below_rated,True,0.2753519910259383,16.28,8.64,27.9,-23,0,10
2025-01-15 06:20:54.000+05:30,3.85,41.48,502.02,12.102700096432017,1.14,below_rated,True,0.2495440779129938,15.93,8.85,27.9,11,0,10
2025-01-15 06:20:55.000+05:30,3.66,40.12,488.41,12.173728813559324,1.27,below_rated,True,0.3235825325787554,16.22,9.41,27.9,3,0,10
2025-01-15 06:20:56.000+05:30,3.87,42.96,517.79,12.052839851024208,1.35,below_rated,True,0.29095476791974034,15.48,9.59,27.9,-13,0,10
2025-01-15 06:20:57.000+05:30,4.0,44.97,540.46,12.01823437847454,1.47,below_rated,True,0.28692075552892615,15.04,10.34,27.9,1,0,10
2025-01-15 06:20:58.000+05:30,4.23,47.25,570.88,12.082116402116402,1.83,below_rated,True,0.3020331364625227,14.95,9.28,27.9,-27,0,10
2025-01-15 06:20:59.000+05:30,4.15,45.28,544.88,12.03356890459364,1.62,below_rated,True,0.2831361545921659,15.42,10.27,27.9,21,0,10
2025-01-15 06:21:00.000+05:30,3.93,46.5,559.44,12.030967741935486,1.44,below_rated,True,0.29635308050708364,15.09,11.06,27.9,20,0,10
2025-01-15 06:21:01.000+05:30,3.94,44.26,530.82,11.993221870763671,1.14,below_rated,True,0.232830993256176,14.51,10.93,27.9,29,0,10
2025-01-15 06:21:02.000+05:30,4.05,46.42,563.12,12.130978026712624,1.56,below_rated,True,0.2933486768762639,13.67,11.36,27.9,27,0,10
2025-01-15 06:21:03.000+05:30,4.14,46.52,556.22,11.956577815993121,1.6,below_rated,True,0.28167192658946705,14.01,11.8,27.9,16,0,10
2025-01-15 06:21:04.000+05:30,4.07,44.77,534.36,11.93567120839848,1.42,below_rated,True,0.2631053757841509,14.54,11.82,27.9,-15,0,10
2025-01-15 06:21:05.000+05:30,3.87,42.87,517.23,12.065080475857243,1.25,below_rated,True,0.2694025628886485,14.7,11.88,27.9,22,0,10
2025-01-15 06:21:06.000+05:30,3.74,39.4,478.96,12.156345177664974,1.09,below_rated,True,0.26027730205501987,14.11,12.26,27.9,-10,0,10
2025-01-15 06:21:07.000+05:30,3.61,39.72,471.54,11.871601208459216,0.9,below_rated,True,0.2389711693619995,14.03,11.98,27.9,-2,0,10
2025-01-15 06:21:08.000+05:30,3.73,40.97,491.4,11.994142055162314,1.05,below_rated,True,0.25274781431956406,14.15,11.54,27.9,-11,0,10
2025-01-15 06:21:09.000+05:30,3.67,41.15,496.52,12.06609963547995,1.03,below_rated,True,0.2602936880889923,14.44,11.98,27.9,-13,0,10
2025-01-15 06:21:10.000+05:30,3.89,41.38,498.96,12.057999033349443,1.35,below_rated,True,0.286490067351047,14.29,12.11,27.9,-3,0,10
2025-01-15 06:21:11.000+05:30,4.03,44.67,535.19,11.980971569285876,1.58,below_rated,True,0.3015550137111508,14.62,11.71,27.9,29,0,10
2025-01-15 06:21:12.000+05:30,3.92,41.25,499.0,12.096969696969698,1.18,below_rated,True,0.24470813731191882,14.42,11.9,27.9,-3,0,10
2025-01-15 06:21:13.000+05:30,3.95,43.96,534.06,12.148771610555048,1.61,below_rated,True,0.32633164797536385,14.14,11.9,27.9,4,0,10
2025-01-15 06:21:14.000+05:30,4.04,42.44,507.74,11.963713477851085,1.48,below_rated,True,0.2803768970458852,14.21,12.11,27.9,16,0,10
2025-01-15 06:21:15.000+05:30,3.83,41.97,506.49,12.067905646890637,1.42,below_rated,True,0.3157305655123405,14.07,11.81,27.9,-30,0,10
2025-01-15 06:21:16.000+05:30,3.98,43.02,514.66,11.963272896327288,1.33,below_rated,True,0.263528160017355,14.78,12.14,27.9,-15,0,10
2025-01-15 06:21:17.000+05:30,4.18,46.87,556.94,11.882654149775979,1.88,below_rated,True,0.32155377235468685,14.58,12.36,27.9,-29,0,10
2025-01-15 06:21:18.000+05:30,4.23,48.27,583.24,12.0828672053035,1.99,below_rated,True,0.3284404052242733,14.2,12.71,27.9,0,0,10
2025-01-15 06:21:19.000+05:30,4.14,46.04,556.0,12.076455256298871,1.54,below_rated,True,0.27110922934236203,14.89,12.72,27.9,3,0,10
2025-01-15 06:21:20.000+05:30,3.89,42.7,512.69,12.006791569086651,1.35,below_rated,True,0.286490067351047,14.46,12.7,27.9,1,0,10
2025-01-15 06:21:21.000+05:30,3.44,39.4,474.04,12.031472081218276,0.73,below_rated,True,0.2240124404569564,13.91,12.68,27.9,27,0,10
2025-01-15 06:21:22.000+05:30,3.22,37.19,443.42,11.923097606883571,0.38,below_rated,True,0.1421806798538887,13.71,12.59,27.9,3,0,10
2025-01-15 06:21:23.000+05:30,3.19,34.55,415.08,12.013892908827787,0.4,below_rated,True,0.15392619969629115,13.22,13.57,27.9,17,0,10
2025-01-15 06:21:24.000+05:30,3.14,34.54,417.14,12.077012159814707,0.55,below_rated,True,0.2219209742265308,12.88,13.07,27.9,-24,0,10
2025-01-15 06:21:25.000+05:30,3.07,30.75,363.05,11.80650406504065,0.49,below_rated,True,0.21154636078359706,12.43,12.61,27.9,13,0,10
2025-01-15 06:21:26.000+05:30,3.0,29.81,355.09,11.911774572291177,0.3,below_rated,True,0.13879764439796882,12.5,12.97,27.9,7,0,10
2025-01-15 06:21:27.000+05:30,3.0,31.84,375.76,11.801507537688442,0.43,below_rated,True,0.1989432903037553,12.44,12.56,27.9,-30,0,10
2025-01-15 06:21:28.000+05:30,3.0,32.04,386.1,12.05056179775281,0.53,below_rated,True,0.2452091717697449,12.2,12.57,27.9,12,0,10
2025-01-15 06:21:29.000+05:30,3.15,34.98,419.11,11.981417953116068,0.46,below_rated,True,0.183844556521803,12.16,12.95,27.9,1,0,10
2025-01-15 06:21:30.000+05:30,3.09,33.86,407.57,12.036916715888955,0.39,below_rated,True,0.16512535859126704,12.38,13.45,27.9,-12,0,10
2025-01-15 06:21:31.000+05:30,3.0,32.38,394.39,12.180049413218034,0.25,below_rated,True,0.11566470366497401,12.59,14.0,27.9,-3,0,10
2025-01-15 06:21:32.000+05:30,3.0,33.21,403.12,12.138512496236073,0.15,below_rated,True,0.06939882219898441,12.94,13.9,27.9,10,0,10
2025-01-15 06:21:33.000+05:30,3.1,32.16,390.73,12.149564676616917,0.3,below_rated,True,0.12579424654241741,12.93,14.0,27.9,26,0,10
2025-01-15 06:21:34.000+05:30,3.01,32.6,390.73,11.98558282208589,0.45,below_rated,True,0.2061283049693788,13.13,14.0,27.9,-11,0,10
2025-01-15 06:21:35.000+05:30,3.13,33.56,406.23,12.104588796185935,0.66,below_rated,True,0.26886577824495206,13.08,14.0,27.9,3,0,10
2025-01-15 06:21:36.000+05:30,3.01,35.15,421.36,11.987482219061167,0.17,below_rated,True,0.077870692988432,12.93,14.0,27.9,-4,0,10
2025-01-15 06:21:37.000+05:30,3.0,32.69,393.77,12.045579687977975,0.26,below_rated,True,0.12029129181157297,13.26,14.0,27.9,20,0,10
2025-01-15 06:21:38.000+05:30,3.01,34.27,415.35,12.119929967901955,0.21,below_rated,True,0.09619320898571011,12.91,14.0,27.9,18,0,10
2025-01-15 06:21:39.000+05:30,3.0,31.41,378.46,12.049028971665074,0.14,below_rated,True,0.06477223405238544,12.77,13.73,27.9,-13,0,10
2025-01-15 06:21:40.000+05:30,3.1,33.67,406.59,12.075735075735075,0.36,below_rated,True,0.1509530958509009,13.02,13.1,27.9,-9,0,10
2025-01-15 06:21:41.000+05:30,3.05,32.48,390.07,12.00954433497537,0.13,below_rated,True,0.05723588985708002,12.31,12.58,27.9,1,0,10
2025-01-15 06:21:42.000+05:30,3.26,35.1,421.25,12.0014245014245,0.36,below_rated,True,0.12979988436446963,11.72,13.38,27.9,29,0,10
2025-01-15 06:21:43.000+05:30,3.26,35.05,426.04,12.155206847360915,0.53,below_rated,True,0.19109427420324696,11.75,13.29,27.9,-17,0,10
2025-01-15 06:21:44.000+05:30,3.29,34.53,415.62,12.036490008688098,0.67,below_rated,True,0.23502372961555867,11.54,13.36,27.9,0,0,10
2025-01-15 06:21:45.000+05:30,3.26,34.11,412.67,12.098211668132514,0.33,below_rated,True,0.11898322733409716,11.76,13.7,27.9,-3,0,10
2025-01-15 06:21:46.000+05:30,3.28,37.46,454.86,12.142552055525895,0.56,below_rated,True,0.1982399141107218,12.13,13.78,27.9,14,0,10
2025-01-15 06:21:47.000+05:30,3.23,37.52,455.12,12.13006396588486,0.46,below_rated,True,0.17051982162987517,11.81,13.6,27.8,14,0,10
2025-01-15 06:21:48.000+05:30,3.28,36.26,434.94,11.99503585217871,0.54,below_rated,True,0.19115991717819603,11.91,13.07,27.9,-6,0,10
2025-01-15 06:21:49.000+05:30,3.29,33.51,402.85,12.021784541927785,0.53,below_rated,True,0.18591429357648673,12.62,12.42,27.8,-1,0,10
2025-01-15 06:21:50.000+05:30,3.41,38.24,460.46,12.041317991631798,0.39,below_rated,True,0.12286440308425442,12.46,12.05,27.8,-17,0,10
2025-01-15 06:21:51.000+05:30,3.6,39.78,477.34,11.99949723479135,0.79,below_rated,True,0.2115164719799293,12.31,11.91,27.8,15,0,10
2025-01-15 06:21:52.000+05:30,3.66,40.48,483.06,11.933300395256918,1.02,below_rated,True,0.25988518364592955,12.21,11.69,27.8,23,0,10
2025-01-15 06:21:53.000+05:30,3.54,39.13,465.06,11.884998722208024,0.67,below_rated,True,0.18866425353987645,12.2,10.97,27.8,-22,0,10
2025-01-15 06:21:54.000+05:30,3.48,36.31,435.19,11.985403470118424,0.78,below_rated,True,0.23119661747785816,12.0,10.34,27.8,-29,0,10
2025-01-15 06:21:55.000+05:30,3.4,37.68,456.78,12.122611464968152,0.61,below_rated,True,0.19387315991879933,11.98,10.54,27.7,21,0,10
2025-01-15 06:21:56.000+05:30,3.64,42.24,512.32,12.128787878787879,0.93,below_rated,True,0.2408814754206552,11.58,10.09,27.7,-4,0,10
2025-01-15 06:21:57.000+05:30,3.61,39.94,480.85,12.039308963445169,0.75,below_rated,True,0.19914264113499958,11.16,10.09,27.7,-29,0,10
2025-01-15 06:21:58.000+05:30,3.73,40.33,482.85,11.972477064220184,1.26,below_rated,True,0.3032973771834769,11.19,9.89,27.7,-18,0,10
2025-01-15 06:21:59.000+05:30,3.89,41.62,500.9,12.03507928880346,1.14,below_rated,True,0.24192494576310636,10.57,9.74,27.7,-25,0,10
2025-01-15 06:22:00.000+05:30,3.71,40.09,480.92,11.996008979795459,1.16,below_rated,True,0.28376633128335566,9.91,9.39,27.7,-7,0,10
2025-01-15 06:22:01.000+05:30,3.52,37.47,447.97,11.955431011475849,0.46,below_rated,True,0.13175115957799596,9.83,9.69,27.7,-18,0,10
2025-01-15 06:22:02.000+05:30,3.61,38.17,459.98,12.050825255436207,0.78,below_rated,True,0.20710834678039955,9.55,9.12,27.7,-22,0,10
2025-01-15 06:22:03.000+05:30,3.46,35.72,428.62,11.999440089585667,0.7,below_rated,True,0.21110297253287585,9.43,8.41,27.7,1,0,10
2025-01-15 06:22:04.000+05:30,3.49,37.63,454.95,12.090087695987243,1.08,below_rated,True,0.3173745364840038,9.24,9.08,27.7,-14,0,10
2025-01-15 06:22:05.000+05:30,3.57,38.5,462.61,12.015844155844157,1.05,below_rated,True,0.2882765100461683,9.39,9.28,27.7,9,0,10
2025-01-15 06:22:06.000+05:30,3.42,39.66,479.06,12.079172970247102,0.83,below_rated,True,0.2591936629406307,9.74,9.28,27.8,28,0,10
2025-01-15 06:22:07.000+05:30,3.4,37.57,454.29,12.091828586638275,0.97,below_rated,True,0.3082901067561235,10.07,9.8,27.8,22,0,10
2025-01-15 06:22:08.000+05:30,3.37,35.29,419.59,11.889770473221876,0.64,below_rated,True,0.20888866597401556,10.23,8.67,27.7,30,0,10
2025-01-15 06:22:09.000+05:30,3.29,33.66,404.66,12.021984551396319,0.61,below_rated,True,0.21397682845595642,9.69,9.13,27.8,29,0,10
2025-01-15 06:22:10.000+05:30,3.45,38.94,468.04,12.019517205957886,0.77,below_rated,True,0.23423837415180065,9.77,9.44,27.8,2,0,10
2025-01-15 06:22:11.000+05:30,3.59,39.68,479.25,12.077872983870968,0.81,below_rated,True,0.21868866738293696,9.91,8.57,27.8,20,0,10
2025-01-15 06:22:12.000+05:30,3.66,41.52,496.4,11.955684007707127,0.96,below_rated,True,0.24459781990205132,9.5,8.0,27.7,-27,0,10
2025-01-15 06:22:13.000+05:30,3.76,42.75,513.34,12.00795321637427,1.08,below_rated,True,0.2537960307800477,10.01,8.55,27.8,27,0,10
2025-01-15 06:22:14.000+05:30,3.69,39.9,480.84,12.051127819548872,1.04,below_rated,True,0.2585704229513941,10.6,8.79,27.7,-16,0,10
2025-01-15 06:22:15.000+05:30,3.82,40.06,487.48,12.168746879680478,1.27,below_rated,True,0.2846021897271031,10.9,9.01,27.7,-27,0,10
2025-01-15 06:22:16.000+05:30,3.89,42.74,515.4,12.05896116050538,1.17,below_rated,True,0.24829139170424072,11.41,9.13,27.7,-15,0,10
2025-01-15 06:22:17.000+05:30,3.89,43.85,527.35,12.026225769669328,1.25,below_rated,True,0.26526858088059907,11.71,8.54,27.7,15,0,10
2025-01-15 06:22:18.000+05:30,3.88,43.31,520.36,12.014777187716462,1.2,below_rated,True,0.25663192065676577,10.86,8.08,27.7,19,0,10
2025-01-15 06:22:19.000+05:30,3.78,44.52,534.48,12.005390835579515,1.31,below_rated,True,0.3029845625044811,11.23,8.12,27.7,-4,0,10
2025-01-15 06:22:20.000+05:30,3.72,40.54,490.06,12.08830784410459,1.33,below_rated,True,0.3227360106122978,12.09,7.44,27.7,-16,0,10
2025-01-15 06:22:21.000+05:30,3.9,44.35,534.21,12.04532130777903,1.28,below_rated,True,0.26955087972902453,12.16,8.02,27.7,18,0,10
2025-01-15 06:22:22.000+05:30,3.83,41.51,499.79,12.040231269573598,1.18,below_rated,True,0.2623676530313816,12.53,8.09,27.7,22,0,10
2025-01-15 06:22:23.000+05:30,3.82,40.61,491.87,12.112041369120906,1.21,below_rated,True,0.2711564169840904,12.27,8.39,27.7,-6,0,10
2025-01-15 06:22:24.000+05:30,3.88,43.68,526.79,12.060210622710622,1.15,below_rated,True,0.24593892396273387,12.17,8.88,27.8,-29,0,10
2025-01-15 06:22:25.000+05:30,3.75,43.42,522.4,12.03132197144173,1.34,below_rated,True,0.3174209595618614,12.22,8.39,27.8,16,0,10
2025-01-15 06:22:26.000+05:30,3.82,39.66,479.67,12.094553706505296,1.2,below_rated,True,0.2689154548602549,12.1,7.93,27.7,-24,0,10
2025-01-15 06:22:27.000+05:30,3.7,40.01,485.41,12.13221694576356,1.02,below_rated,True,0.25154726779723874,11.54,8.3,27.7,19,0,10
2025-01-15 06:22:28.000+05:30,3.61,37.73,457.63,12.129075006626028,0.99,below_rated,True,0.2628682862981994,11.45,8.27,27.7,-30,0,10
2025-01-15 06:22:29.000+05:30,3.84,47.42,571.23,12.046183045128638,1.1,below_rated,True,0.24267420584005625,11.38,7.99,27.7,-13,0,10
2025-01-15 06:22:30.000+05:30,3.69,40.99,488.11,11.908026347889729,0.96,below_rated,True,0.23868039041667147,11.26,8.55,27.7,6,0,10
2025-01-15 06:22:31.000+05:30,3.45,36.48,439.58,12.049890350877194,0.73,below_rated,True,0.2220701469231357,11.57,8.86,27.7,10,0,10
2025-01-15 06:22:32.000+05:30,3.51,41.75,505.25,12.10179640718563,0.76,below_rated,True,0.2195416115762803,12.05,8.57,27.7,-10,0,10
2025-01-15 06:22:33.000+05:30,3.47,40.57,488.24,12.034508257333005,0.92,below_rated,True,0.27505782718884947,12.04,8.52,27.7,25,0,10
2025-01-15 06:22:34.000+05:30,3.43,37.87,456.49,12.054132558753633,0.58,below_rated,True,0.17954372796399515,11.25,8.42,27.7,7,0,10
2025-01-15 06:22:35.000+05:30,3.6,43.1,527.05,12.228538283062644,0.88,below_rated,True,0.23561328524346553,11.98,8.59,27.7,24,0,10
2025-01-15 06:22:36.000+05:30,3.46,36.75,440.8,11.994557823129252,0.88,below_rated,True,0.26538659404132964,12.13,9.22,27.7,2,0,10
2025-01-15 06:22:37.000+05:30,3.51,37.18,447.15,12.02662721893491,0.74,below_rated,True,0.21376420074532557,11.78,8.37,27.7,-29,0,10
2025-01-15 06:22:38.000+05:30,3.38,36.27,439.39,12.114419630548662,0.56,below_rated,True,0.18116009142006728,11.34,9.15,27.7,-12,0,10
2025-01-15 06:22:39.000+05:30,3.32,37.35,450.22,12.054082998661313,0.57,below_rated,True,0.19457418031145668,10.74,10.26,27.7,2,0,10
2025-01-15 06:22:40.000+05:30,3.27,36.31,432.53,11.912145414486366,0.68,below_rated,True,0.2429350956378037,10.59,9.46,27.7,7,0,10
2025-01-15 06:22:41.000+05:30,3.32,39.92,481.67,12.065881763527054,0.62,below_rated,True,0.21164209086509325,10.82,8.17,27.7,2,0,10
2025-01-15 06:22:42.000+05:30,3.53,38.46,459.37,11.944097763910555,1.04,below_rated,True,0.2953478597915442,11.41,8.16,27.8,21,0,10
2025-01-15 06:22:43.000+05:30,3.58,38.99,468.73,12.021800461656834,1.17,below_rated,True,0.31853810112850595,11.37,7.63,27.8,-15,0,10
2025-01-15 06:22:44.000+05:30,3.71,40.75,493.26,12.104539877300613,1.27,below_rated,True,0.3106752075257428,11.33,6.32,27.8,-2,0,10
2025-01-15 06:22:45.000+05:30,3.4,38.32,454.75,11.867171189979123,0.66,below_rated,True,0.20976440253509435,10.99,6.02,27.7,-2,0,10
2025-01-15 06:22:46.000+05:30,3.43,39.59,468.93,11.844657741854002,0.8,below_rated,True,0.2476465213296485,10.85,5.66,27.7,28,0,10
2025-01-15 06:22:47.000+05:30,3.54,39.6,476.16,12.024242424242425,0.95,below_rated,True,0.2675090162132577,11.23,5.91,27.7,-21,0,10
2025-01-15 06:22:48.000+05:30,3.35,37.11,440.49,11.869846402586905,0.64,below_rated,True,0.2126523360206675,11.14,5.59,27.7,-23,0,10
2025-01-15 06:22:49.000+05:30,3.47,36.38,442.86,12.173172072567343,0.93,below_rated,True,0.2780475861800326,11.19,5.45,27.7,-20,0,10
2025-01-15 06:22:50.000+05:30,3.55,41.14,490.3,11.917841516771999,0.96,below_rated,True,0.26804689380286173,11.0,5.44,27.7,-5,0,10
2025-01-15 06:22:51.000+05:30,3.45,39.05,471.38,12.071190781049937,0.6,below_rated,True,0.18252340842997455,10.82,5.31,27.7,16,0,10
2025-01-15 06:22:52.000+05:30,3.68,39.3,475.78,12.106361323155216,0.87,below_rated,True,0.21807224853617874,11.06,5.54,27.7,23,0,10
2025-01-15 06:22:53.000+05:30,3.78,39.06,469.68,12.024577572964668,0.94,below_rated,True,0.21740877004138337,11.27,5.29,27.6,-21,0,10
2025-01-15 06:22:54.000+05:30,3.94,41.63,504.45,12.117463367763632,1.26,below_rated,True,0.2573395188620893,11.61,4.88,27.6,2,0,10
2025-01-15 06:22:55.000+05:30,3.82,40.74,489.56,12.016691212567501,1.2,below_rated,True,0.2689154548602549,11.19,4.94,27.6,2,0,10
2025-01-15 06:22:56.000+05:30,3.91,42.2,510.42,12.095260663507108,1.37,below_rated,True,0.28629574928017326,11.46,4.5,27.7,22,0,10
2025-01-15 06:22:57.000+05:30,3.81,40.06,481.17,12.011233150274588,1.48,below_rated,True,0.33428076961029557,11.42,4.44,27.7,-20,0,10
2025-01-15 06:22:58.000+05:30,3.89,39.7,480.33,12.098992443324935,1.22,below_rated,True,0.2589021349394647,12.29,4.71,27.7,8,0,10
2025-01-15 06:22:59.000+05:30,3.55,38.17,461.13,12.08095362850406,1.12,below_rated,True,0.3127213761033387,12.28,4.57,27.7,27,0,10
2025-01-15 06:23:00.000+05:30,3.86,41.25,496.22,12.029575757575758,0.97,below_rated,True,0.21068539232514566,12.29,4.83,27.7,-7,0,10
2025-01-15 06:23:01.000+05:30,4.2,44.88,534.79,11.915998217468804,1.78,below_rated,True,0.3001212427458509,12.35,4.1,27.7,15,0,10
2025-01-15 06:23:02.000+05:30,4.27,48.0,575.63,11.992291666666667,2.01,below_rated,True,0.32250543455015385,12.6,3.97,27.7,-13,0,10
2025-01-15 06:23:03.000+05:30,4.19,46.33,559.17,12.069285560112238,1.57,below_rated,True,0.26661353212662575,12.44,3.85,27.7,-13,0,10
2025-01-15 06:23:04.000+05:30,3.96,43.03,516.99,12.01464094817569,1.29,below_rated,True,0.2594948585855394,11.71,4.09,27.7,-28,0,10
2025-01-15 06:23:05.000+05:30,4.1,43.58,527.11,12.095227168425884,1.45,below_rated,True,0.2628094861353569,11.86,4.21,27.7,10,0,10
2025-01-15 06:23:06.000+05:30,4.02,41.38,495.1,11.964717254712422,1.53,below_rated,True,0.29419675393484285,12.19,3.94,27.7,0,0,10
2025-01-15 06:23:07.000+05:30,4.25,45.21,546.24,12.082282680822827,2.19,below_rated,True,0.35637065041598565,13.09,3.89,27.7,17,0,10
2025-01-15 06:23:08.000+05:30,4.28,44.75,539.08,12.046480446927376,1.96,below_rated,True,0.31228373809890875,13.08,4.41,27.7,14,0,10
2025-01-15 06:23:09.000+05:30,4.43,47.33,565.45,11.946968096344815,2.28,below_rated,True,0.32760330415064565,13.38,3.8,27.7,-16,0,10
2025-01-15 06:23:10.000+05:30,4.59,48.0,578.23,12.046458333333334,2.43,below_rated,True,0.3139010887169388,13.27,3.27,27.7,-12,0,10
2025-01-15 06:23:11.000+05:30,4.63,48.86,586.41,12.001841997544004,3.07,below_rated,True,0.3863847769239182,13.3,3.89,27.7,-23,0,10
2025-01-15 06:23:12.000+05:30,4.79,51.66,619.61,11.993999225706544,3.01,below_rated,True,0.34212480300250975,13.7,5.01,27.7,26,0,10
2025-01-15 06:23:13.000+05:30,4.82,52.8,635.96,12.044696969696972,3.26,below_rated,True,0.3636646523549066,13.2,4.49,27.7,20,0,10
2025-01-15 06:23:14.000+05:30,4.66,49.93,605.24,12.121770478670138,2.52,below_rated,True,0.31107663735122365,13.76,4.84,27.7,-3,0,10
2025-01-15 06:23:15.000+05:30,4.86,55.48,664.99,11.986121124729634,3.46,below_rated,True,0.37652333436901747,13.96,4.75,27.7,6,0,10
2025-01-15 06:23:16.000+05:30,4.99,54.64,656.46,12.014275256222549,3.76,below_rated,True,0.3780165490339286,14.23,4.31,27.7,-22,0,10
2025-01-15 06:23:17.000+05:30,4.97,51.65,625.78,12.115779283639883,3.64,below_rated,True,0.37038792723609726,15.13,4.16,27.7,5,0,10
2025-01-15 06:23:18.000+05:30,5.01,55.24,668.71,12.105539464156408,3.91,below_rated,True,0.38840801640725725,15.41,4.22,27.7,-5,0,10
2025-01-15 06:23:19.000+05:30,4.93,50.75,610.0,12.019704433497537,3.5,below_rated,True,0.36488153942864465,15.57,4.57,27.6,-28,0,10
2025-01-15 06:23:20.000+05:30,5.07,53.68,645.67,12.028129657228018,3.8,below_rated,True,0.36423722084457966,15.77,3.87,27.6,-12,0,10
2025-01-15 06:23:21.000+05:30,5.18,55.42,667.04,12.036088054853842,4.15,below_rated,True,0.37297817747046713,16.25,3.93,27.6,-22,0,10
2025-01-15 06:23:22.000+05:30,5.3,58.32,701.2,12.023319615912209,4.2,below_rated,True,0.3524084283162088,16.57,3.0,27.6,16,0,10
2025-01-15 06:23:23.000+05:30,5.32,56.28,680.45,12.09044065387349,4.68,below_rated,True,0.3882715426111772,17.05,3.33,27.6,8,0,10
2025-01-15 06:23:24.000+05:30,5.48,57.68,696.68,12.078363384188625,4.93,below_rated,True,0.37422245955836975,17.89,2.65,27.6,-24,0,10
2025-01-15 06:23:25.000+05:30,5.7,62.48,758.78,12.144366197183098,5.92,below_rated,True,0.39932062731981105,18.05,2.24,27.6,28,0,10
2025-01-15 06:23:26.000+05:30,5.65,58.19,706.99,12.149682075958069,5.47,below_rated,True,0.37884938612871205,17.61,1.67,27.6,18,0,10
2025-01-15 06:23:27.000+05:30,5.63,65.49,786.76,12.01343716597954,5.52,below_rated,True,0.38640122819699907,17.79,1.89,27.6,11,0,10
2025-01-15 06:23:28.000+05:30,5.6,60.7,729.9,12.02471169686985,5.26,below_rated,True,0.3741504467588286,18.15,2.15,27.6,30,0,10
2025-01-15 06:23:29.000+05:30,5.61,62.82,751.59,11.964183381088827,5.42,below_rated,True,0.3834734562387245,18.37,2.59,27.6,19,0,10
2025-01-15 06:23:30.000+05:30,5.45,59.36,709.0,11.944070080862534,5.11,below_rated,True,0.39432653111938554,18.9,2.61,27.6,8,0,10
2025-01-15 06:23:31.000+05:30,5.46,57.28,690.72,12.058659217877095,4.73,below_rated,True,0.36300099681073655,18.99,2.3,27.6,-10,0,10
2025-01-15 06:23:32.000+05:30,5.29,55.49,666.42,12.009731483150116,4.37,below_rated,True,0.36875594094430125,18.38,2.44,27.6,-3,0,10
2025-01-15 06:23:33.000+05:30,5.15,55.41,667.11,12.03952355170547,3.92,below_rated,True,0.35849985545230145,17.63,2.45,27.6,-28,0,10
2025-01-15 06:23:34.000+05:30,5.29,56.45,677.07,11.994154118689107,4.58,below_rated,True,0.38647647815215097,18.56,2.07,27.6,-4,0,10
2025-01-15 06:23:35.000+05:30,5.36,59.04,714.8,12.107046070460704,4.5,below_rated,True,0.365041928136064,18.33,1.68,27.6,-7,0,10
2025-01-15 06:23:36.000+05:30,5.28,57.07,691.54,12.117399684597862,4.48,below_rated,True,0.38019014164858095,17.73,1.57,27.6,-7,0,10
2025-01-15 06:23:37.000+05:30,5.26,58.3,706.25,12.114065180102916,4.21,below_rated,True,0.36136781383024663,18.13,0.42,27.6,3,0,10
2025-01-15 06:23:38.000+05:30,5.23,56.7,684.36,12.06984126984127,3.75,below_rated,True,0.32745438168705654,18.52,0.0,27.5,-30,0,10
2025-01-15 06:23:39.000+05:30,5.32,56.31,677.46,12.030900372935536,4.52,below_rated,True,0.37499730183814545,18.59,0.0,27.6,-8,0,10
2025-01-15 06:23:40.000+05:30,5.11,55.7,671.08,12.048114901256733,3.94,below_rated,True,0.3688570821338545,19.06,0.0,27.6,28,0,10
2025-01-15 06:23:41.000+05:30,4.97,56.22,675.04,12.007114905727498,3.57,below_rated,True,0.3632650824815569,18.61,0.0,27.6,-26,0,10
2025-01-15 06:23:42.000+05:30,4.91,53.81,649.75,12.074893142538562,3.28,below_rated,True,0.3461417398918555,18.59,0.0,27.5,3,0,10
2025-01-15 06:23:43.000+05:30,4.77,54.43,653.26,12.001837222120153,2.96,below_rated,True,0.34069140630216804,18.86,0.0,27.5,12,0,10
2025-01-15 06:23:44.000+05:30,4.86,54.2,652.56,12.039852398523983,3.31,below_rated,True,0.3602000684281641,19.77,0.0,27.5,9,0,10
2025-01-15 06:23:45.000+05:30,4.93,52.95,638.26,12.054013220018884,3.38,below_rated,True,0.3523713152196626,19.38,0.31,27.5,12,0,10
2025-01-15 06:23:46.000+05:30,4.81,52.59,631.0,11.998478798250618,2.9,below_rated,True,0.32552726829455164,19.74,0.39,27.5,15,0,10
2025-01-15 06:23:47.000+05:30,4.83,52.49,636.32,12.12269003619737,2.96,below_rated,True,0.3281519004814898,20.57,0.0,27.5,23,0,10
2025-01-15 06:23:48.000+05:30,4.81,51.1,616.45,12.063600782778865,3.08,below_rated,True,0.345732409085248,20.23,0.27,27.5,-23,0,10
2025-01-15 06:23:49.000+05:30,4.76,52.25,626.83,11.996746411483254,3.1,below_rated,True,0.35905868885214703,19.88,0.21,27.5,-17,0,10
2025-01-15 06:23:50.000+05:30,4.53,50.35,605.33,12.022442899702085,2.22,below_rated,True,0.29832041424492217,20.31,0.0,27.5,-30,0,10
2025-01-15 06:23:51.000+05:30,4.66,52.83,632.91,11.980124929017604,3.05,below_rated,True,0.3765014856830286,20.63,0.23,27.5,-30,0,10
2025-01-15 06:23:52.000+05:30,4.63,50.35,609.61,12.107447864945382,2.91,below_rated,True,0.3662474595598052,20.68,0.14,27.5,-14,0,10
2025-01-15 06:23:53.000+05:30,4.68,51.01,613.47,12.026465398941385,2.64,below_rated,True,0.32172956564879235,20.2,0.03,27.5,-19,0,10
2025-01-15 06:23:54.000+05:30,4.38,47.9,571.3,11.926931106471816,2.19,below_rated,True,0.32557150590628825,20.0,0.2,27.5,27,0,10
2025-01-15 06:23:55.000+05:30,4.15,48.03,583.24,12.143243805954612,1.87,below_rated,True,0.32683000560947545,20.04,0.63,27.5,15,0,10
2025-01-15 06:23:56.000+05:30,4.22,41.96,502.85,11.984032411820783,1.91,below_rated,True,0.3174831052092415,20.28,0.72,27.5,-29,0,10
2025-01-15 06:23:57.000+05:30,4.41,46.32,561.93,12.131476683937823,2.6,below_rated,True,0.3786885591937251,20.07,1.58,27.5,-30,0,10
2025-01-15 06:23:58.000+05:30,4.55,50.92,609.25,11.964846818538884,2.77,below_rated,True,0.36734165989310763,20.24,1.4,27.5,2,0,10
2025-01-15 06:23:59.000+05:30,4.65,51.18,612.6,11.969519343493552,2.58,below_rated,True,0.32054237637475247,19.64,1.47,27.5,23,0,10
2025-01-15 06:24:00.000+05:30,4.65,50.64,612.43,12.093799368088467,2.63,below_rated,True,0.3267544379324027,19.95,1.43,27.6,14,0,10
2025-01-15 06:24:01.000+05:30,4.83,54.55,657.29,12.049312557286893,3.22,below_rated,True,0.3569760539021612,19.71,2.39,27.6,-29,0,10
2025-01-15 06:24:02.000+05:30,4.86,53.38,645.54,12.093293368302733,3.44,below_rated,True,0.37434689891023704,20.04,1.51,27.6,-15,0,10
2025-01-15 06:24:03.000+05:30,5.07,54.33,654.08,12.039020798822015,3.53,below_rated,True,0.33835720778457,19.94,2.44,27.6,-12,0,10
2025-01-15 06:24:04.000+05:30,5.11,55.35,668.41,12.076061427280939,3.99,below_rated,True,0.37353800957210137,20.79,2.69,27.6,-19,0,10
2025-01-15 06:24:05.000+05:30,5.09,55.86,670.84,12.009308986752597,3.95,below_rated,True,0.37416947417699237,20.92,2.49,27.6,23,0,10
2025-01-15 06:24:06.000+05:30,4.9,56.3,679.1,12.062166962699823,3.19,below_rated,True,0.3387092428040768,21.16,1.79,27.6,-17,0,10
2025-01-15 06:24:07.000+05:30,4.89,51.65,621.24,12.027879961277833,3.45,below_rated,True,0.3685675728867656,21.6,1.33,27.6,17,0,10
2025-01-15 06:24:08.000+05:30,4.91,53.82,645.72,11.997770345596432,3.32,below_rated,True,0.35036298062224397,21.53,1.12,27.6,-23,0,10
2025-01-15 06:24:09.000+05:30,4.89,53.67,644.44,12.007452953232718,3.47,below_rated,True,0.37070419649770336,21.04,0.57,27.5,-10,0,10
2025-01-15 06:24:10.000+05:30,4.82,52.84,635.94,12.035200605601817,3.02,below_rated,True,0.3368917945128276,21.09,0.0,27.6,11,0,10
2025-01-15 06:24:11.000+05:30,4.77,52.81,631.01,11.948683961370952,2.94,below_rated,True,0.3383894373406669,20.48,0.0,27.6,7,0,10
2025-01-15 06:24:12.000+05:30,4.63,48.27,584.54,12.109799047027137,2.68,below_rated,True,0.33730006584889277,20.7,0.0,27.5,-9,0,10
2025-01-15 06:24:13.000+05:30,4.64,51.61,622.01,12.052121681844604,3.07,below_rated,True,0.38389197962218885,20.78,1.11,27.5,-3,0,10
2025-01-15 06:24:14.000+05:30,4.7,51.06,615.2,12.048570309439874,2.51,below_rated,True,0.301998476922273,20.53,0.0,27.5,26,0,10
2025-01-15 06:24:15.000+05:30,4.57,49.36,592.74,12.008508914100487,2.51,below_rated,True,0.32851085630398075,20.01,0.0,27.5,-27,0,10
2025-01-15 06:24:16.000+05:30,4.69,51.56,615.4,11.935608999224204,2.74,below_rated,True,0.331784917488514,19.96,0.0,27.5,-30,0,10
2025-01-15 06:24:17.000+05:30,4.61,51.51,622.54,12.085808580858085,2.91,below_rated,True,0.37103494784736923,19.32,0.2,27.5,-21,0,10
2025-01-15 06:24:18.000+05:30,4.49,47.91,579.32,12.091838864537676,2.3,below_rated,True,0.3174047472740129,19.53,0.0,27.5,13,0,10
2025-01-15 06:24:19.000+05:30,4.56,50.07,600.62,11.995606151388056,2.55,below_rated,True,0.33594660567512097,19.74,0.0,27.5,-10,0,10
2025-01-15 06:24:20.000+05:30,4.56,50.35,599.89,11.914399205561072,2.64,below_rated,True,0.34780354469894875,19.07,0.0,27.5,-3,0,10
2025-01-15 06:24:21.000+05:30,4.46,50.56,609.48,12.054588607594937,2.31,below_rated,True,0.32526101188551493,19.11,0.0,27.5,-15,0,10
2025-01-15 06:24:22.000+05:30,4.37,48.63,581.87,11.965247789430393,2.13,below_rated,True,0.3188305273730329,18.09,0.33,27.5,11,0,10
2025-01-15 06:24:23.000+05:30,4.54,49.97,604.16,12.090454272563537,2.57,below_rated,True,0.3430758671761389,18.14,0.74,27.5,-11,0,10
2025-01-15 06:24:24.000+05:30,4.33,51.03,616.0,12.071330589849108,1.98,below_rated,True,0.30466748407014216,18.1,1.35,27.5,13,0,10
2025-01-15 06:24:25.000+05:30,4.32,45.95,552.76,12.029597388465723,1.82,below_rated,True,0.281997171679758,17.35,1.51,27.5,-20,0,10
2025-01-15 06:24:26.000+05:30,4.24,45.12,545.44,12.088652482269506,1.51,below_rated,True,0.247459415344808,17.24,2.1,27.5,-5,0,10
2025-01-15 06:24:27.000+05:30,4.26,47.73,578.71,12.124659543264196,2.11,below_rated,True,0.3409402403573726,17.54,1.37,27.5,19,0,10
2025-01-15 06:24:28.000+05:30,4.13,43.76,526.23,12.025365630712981,1.78,below_rated,True,0.3156417571080967,16.34,1.44,27.5,4,0,10
2025-01-15 06:24:29.000+05:30,3.83,41.95,509.51,12.14564958283671,1.13,below_rated,True,0.25125037959784846,16.1,1.49,27.5,9,0,10
2025-01-15 06:24:30.000+05:30,3.8,42.77,515.74,12.05845218611176,1.3,below_rated,True,0.2959491980347418,16.24,0.95,27.6,-7,0,10
2025-01-15 06:24:31.000+05:30,3.87,43.45,520.81,11.986421173762944,1.04,below_rated,True,0.22414293232335553,16.31,0.59,27.6,-12,0,10
2025-01-15 06:24:32.000+05:30,3.85,41.14,499.12,12.132231404958677,1.12,below_rated,True,0.24516611163381846,15.89,0.66,27.5,-28,0,10
2025-01-15 06:24:33.000+05:30,3.82,43.44,524.17,12.066528545119706,1.25,below_rated,True,0.2801202654794322,14.92,0.94,27.5,-8,0,10
2025-01-15 06:24:34.000+05:30,4.04,44.34,539.47,12.166666666666666,1.67,below_rated,True,0.31637122842339743,14.34,0.81,27.5,3,0,10
2025-01-15 06:24:35.000+05:30,4.03,44.41,530.99,11.956541319522632,1.36,below_rated,True,0.25956634091592723,14.34,0.74,27.5,2,0,10
2025-01-15 06:24:36.000+05:30,4.09,46.94,562.91,11.992117596932253,1.59,below_rated,True,0.2903031881211917,14.35,0.72,27.5,30,0,10
2025-01-15 06:24:37.000+05:30,3.85,41.48,506.02,12.199132111861138,1.03,below_rated,True,0.22546526337752948,14.35,0.71,27.5,-11,0,10
2025-01-15 06:24:38.000+05:30,3.71,41.2,491.55,11.930825242718447,1.23,below_rated,True,0.30089016161942017,14.4,0.3,27.5,-17,0,10
2025-01-15 06:24:39.000+05:30,3.55,36.22,435.35,12.019602429596908,1.06,below_rated,True,0.29596844524065985,13.61,0.28,27.5,13,0,10
2025-01-15 06:24:40.000+05:30,3.54,39.49,480.45,12.1663712332236,0.77,below_rated,True,0.21682309735179833,13.22,0.33,27.5,-1,0,10
2025-01-15 06:24:41.000+05:30,3.31,37.16,450.02,12.110333692142088,0.59,below_rated,True,0.20323225468906225,13.35,0.18,27.5,15,0,10
2025-01-15 06:24:42.000+05:30,3.18,33.02,399.47,12.097819503331314,0.29,below_rated,True,0.11265260605346175,13.02,0.0,27.5,5,0,10
2025-01-15 06:24:43.000+05:30,3.19,36.25,431.59,11.905931034482759,0.53,below_rated,True,0.20395221459758578,13.01,0.0,27.6,13,0,10
2025-01-15 06:24:44.000+05:30,3.07,32.59,389.11,11.939552009818962,0.52,below_rated,True,0.2244981787907561,13.06,0.32,27.6,-8,0,10
2025-01-15 06:24:45.000+05:30,3.19,34.75,418.36,12.039136690647483,0.31,below_rated,True,0.11929280476462564,12.65,0.0,27.6,7,0,10
2025-01-15 06:24:46.000+05:30,3.26,31.23,380.12,12.171629843099584,0.94,below_rated,True,0.33892192028500406,12.73,0.4,27.6,5,0,10
2025-01-15 06:24:47.000+05:30,3.0,34.19,406.37,11.885639075753145,0.57,below_rated,True,0.26371552435614076,12.87,0.0,27.6,-17,0,10
2025-01-15 06:24:48.000+05:30,3.19,35.38,427.53,12.083945732052005,0.52,below_rated,True,0.2001040596051785,12.11,0.0,27.6,-5,0,10
2025-01-15 06:24:49.000+05:30,3.15,37.68,452.74,12.015392781316349,0.69,below_rated,True,0.2757668347827045,11.65,0.22,27.6,13,0,10
2025-01-15 06:24:50.000+05:30,3.4,36.43,442.04,12.133955531155642,0.44,below_rated,True,0.13984293502339623,12.02,0.01,27.6,1,0,10
2025-01-15 06:24:51.000+05:30,3.27,35.46,429.09,12.10067681895093,0.44,below_rated,True,0.15719329717740238,12.61,0.27,27.6,18,0,10
2025-01-15 06:24:52.000+05:30,3.18,36.12,433.22,11.993909191583612,0.23,below_rated,True,0.08934517031826276,11.58,0.34,27.6,-4,0,10
2025-01-15 06:24:53.000+05:30,3.22,37.28,447.65,12.00777896995708,0.49,below_rated,True,0.1833382450747512,11.14,0.45,27.6,-29,0,10
2025-01-15 06:24:54.000+05:30,3.17,33.15,397.74,11.998190045248869,0.57,below_rated,True,0.2235227201952735,11.28,0.78,27.5,17,0,10
2025-01-15 06:24:55.000+05:30,3.01,34.13,413.21,12.106944037503661,0.64,below_rated,True,0.29316025595644984,10.64,0.32,27.5,-15,0,10
2025-01-15 06:24:56.000+05:30,3.17,35.88,430.74,12.005016722408026,0.37,below_rated,True,0.14509369556535298,11.35,1.37,27.5,-17,0,10
2025-01-15 06:24:57.000+05:30,3.09,32.38,389.97,12.04354539839407,0.48,below_rated,True,0.20323121057386714,10.74,1.15,27.5,21,0,10
2025-01-15 06:24:58.000+05:30,3.0,33.65,404.29,12.014561664190195,0.0,below_rated,True,0.0,10.84,0.88,27.5,-30,0,10
2025-01-15 06:24:59.000+05:30,3.0,33.88,405.05,11.95543093270366,0.35,below_rated,True,0.16193058513096362,10.95,0.38,27.5,26,0,10
2025-01-15 06:25:00.000+05:30,3.0,33.24,395.88,11.909747292418771,0.29,below_rated,True,0.13417105625136985,10.84,0.13,27.5,0,0,10
2025-01-15 06:25:01.000+05:30,3.0,30.27,364.29,12.034687809712588,0.28,below_rated,True,0.12954446810477088,10.05,0.48,27.5,10,0,10
2025-01-15 06:25:02.000+05:30,3.0,33.47,404.22,12.077083955781298,0.3,below_rated,True,0.13879764439796882,10.71,0.06,27.5,18,0,10
2025-01-15 06:25:03.000+05:30,3.0,34.51,416.86,12.079397276151841,0.41,below_rated,True,0.18969011401055738,10.35,0.0,27.5,-9,0,10
2025-01-15 06:25:04.000+05:30,3.0,34.28,410.68,11.980163360560093,0.32,below_rated,True,0.14805082069116673,10.58,0.0,27.5,-12,0,10
2025-01-15 06:25:05.000+05:30,3.0,33.23,399.97,12.036412879927777,0.36,below_rated,True,0.1665571732775626,10.81,0.0,27.6,-29,0,10
2025-01-15 06:25:06.000+05:30,3.03,32.35,391.38,12.098299845440494,0.42,below_rated,True,0.18860187669152642,10.67,0.47,27.5,10,0,10
2025-01-15 06:25:07.000+05:30,3.25,34.82,419.72,12.053991958644458,0.45,below_rated,True,0.1637521594353824,10.03,0.34,27.5,-14,0,10
2025-01-15 06:25:08.000+05:30,3.23,35.64,431.54,12.108305274971942,0.4,below_rated,True,0.14827810576510883,9.85,0.25,27.5,16,0,10
2025-01-15 06:25:09.000+05:30,3.21,34.97,427.59,12.227337718044037,0.25,below_rated,True,0.09441685203292782,9.49,0.0,27.5,2,0,10
2025-01-15 06:25:10.000+05:30,3.15,35.68,427.0,11.967488789237668,0.53,below_rated,True,0.21182090207946866,9.92,0.45,27.5,-19,0,10
2025-01-15 06:25:11.000+05:30,3.17,34.21,412.26,12.050862320958784,0.55,below_rated,True,0.21567981773228143,10.23,0.36,27.5,16,0,10
2025-01-15 06:25:12.000+05:30,3.22,34.24,414.85,12.115946261682243,0.77,below_rated,True,0.2881029565460376,9.82,0.0,27.5,23,0,10
2025-01-15 06:25:13.000+05:30,3.0,29.76,358.14,12.034274193548386,0.18,below_rated,True,0.0832785866387813,10.29,0.25,27.5,30,0,10
2025-01-15 06:25:14.000+05:30,3.0,31.12,373.49,12.001606683804628,0.3,below_rated,True,0.13879764439796882,9.46,0.41,27.6,21,0,10
2025-01-15 06:25:15.000+05:30,3.07,34.76,418.15,12.029631760644419,0.14,below_rated,True,0.06044181736674202,9.24,0.42,27.5,14,0,10
2025-01-15 06:25:16.000+05:30,3.05,34.56,415.84,12.032407407407407,0.31,below_rated,True,0.13648558350534468,9.85,0.11,27.5,16,0,10
2025-01-15 06:25:17.000+05:30,3.0,31.83,385.28,12.1043041156142,0.36,below_rated,True,0.1665571732775626,9.4,0.61,27.5,-1,0,10
2025-01-15 06:25:18.000+05:30,3.25,38.14,460.87,12.083639223911904,0.68,below_rated,True,0.24744770759124451,9.64,1.21,27.5,-2,0,10
2025-01-15 06:25:19.000+05:30,3.3,35.89,428.25,11.932293117860128,0.59,below_rated,True,0.20508542498072027,9.01,0.87,27.5,-23,0,10
2025-01-15 06:25:20.000+05:30,3.27,34.59,413.29,11.948250939577912,0.38,below_rated,True,0.13575784756230205,8.55,0.34,27.5,-30,0,10
2025-01-15 06:25:21.000+05:30,3.43,39.6,475.19,11.999747474747474,0.85,below_rated,True,0.2631244289127515,8.56,0.25,27.5,-14,0,10
2025-01-15 06:25:22.000+05:30,3.5,38.03,461.66,12.13936366026821,0.73,below_rated,True,0.21268816879175625,9.04,0.0,27.6,18,0,10
2025-01-15 06:25:23.000+05:30,3.44,41.38,496.5,11.998550024166263,0.73,below_rated,True,0.2240124404569564,9.49,0.0,27.6,-11,0,10
2025-01-15 06:25:24.000+05:30,3.69,39.14,475.04,12.136944302503833,1.06,below_rated,True,0.26354293108507476,9.38,0.56,27.6,-24,0,10
2025-01-15 06:25:25.000+05:30,3.59,39.25,471.21,12.005350318471336,0.87,below_rated,True,0.23488782792982119,9.31,0.12,27.6,6,0,10
2025-01-15 06:25:26.000+05:30,3.53,39.12,473.86,12.112985685071576,0.85,below_rated,True,0.2413900777142429,9.59,0.0,27.6,12,0,10
2025-01-15 06:25:27.000+05:30,3.84,41.74,503.8,12.069956875898418,0.97,below_rated,True,0.2139945269680496,9.58,0.72,27.7,0,0,10
2025-01-15 06:25:28.000+05:30,4.1,43.95,531.0,12.081911262798634,1.6,below_rated,True,0.28999667435625587,9.08,0.34,27.7,-10,0,10
2025-01-15 06:25:29.000+05:30,4.15,46.33,558.06,12.045327001942585,1.57,below_rated,True,0.274397384388704,9.66,0.0,27.7,21,0,10
2025-01-15 06:25:30.000+05:30,4.25,46.09,560.46,12.160121501410284,1.98,below_rated,True,0.3221981222939048,10.47,0.43,27.7,-14,0,10
2025-01-15 06:25:31.000+05:30,4.39,50.42,605.27,12.004561681872271,2.36,below_rated,True,0.3484520687379427,10.85,0.04,27.7,2,0,10
2025-01-15 06:25:32.000+05:30,4.28,47.61,573.99,12.056080655324513,1.91,below_rated,True,0.30431731620863045,10.16,0.19,27.6,7,0,10
2025-01-15 06:25:33.000+05:30,4.36,48.26,578.56,11.98839618731869,1.81,below_rated,True,0.27279958924217523,10.07,0.89,27.6,8,0,10
2025-01-15 06:25:34.000+05:30,4.31,48.43,584.09,12.060499690274623,1.87,below_rated,True,0.291765811649207,10.21,0.8,27.6,-12,0,10
2025-01-15 06:25:35.000+05:30,4.36,46.38,558.88,12.05002156101768,1.97,below_rated,True,0.2969144700591631,10.58,0.8,27.6,-11,0,10
2025-01-15 06:25:36.000+05:30,4.19,44.6,537.95,12.061659192825113,1.59,below_rated,True,0.27000988285435346,10.57,0.51,27.6,5,0,10
2025-01-15 06:25:37.000+05:30,4.17,45.93,557.73,12.143043762246897,1.87,below_rated,True,0.3221499339310622,10.7,1.36,27.6,24,0,10
2025-01-15 06:25:38.000+05:30,4.0,43.75,524.63,11.991542857142857,1.43,below_rated,True,0.2791133880315404,11.07,2.02,27.6,-7,0,10
2025-01-15 06:25:39.000+05:30,4.2,44.79,539.26,12.039741013619112,1.78,below_rated,True,0.3001212427458509,11.52,1.91,27.6,-5,0,10
2025-01-15 06:25:40.000+05:30,4.29,47.16,566.89,12.020568278201866,2.13,below_rated,True,0.33700188640051076,11.71,1.07,27.6,6,0,10
2025-01-15 06:25:41.000+05:30,4.3,46.99,566.63,12.058523090019152,1.84,below_rated,True,0.2890926574050541,11.37,0.18,27.6,17,0,10
2025-01-15 06:25:42.000+05:30,4.36,47.01,565.53,12.029993618379068,2.22,below_rated,True,0.3345939713357066,11.99,0.28,27.6,24,0,10
2025-01-15 06:25:43.000+05:30,4.54,46.62,561.37,12.041398541398543,2.23,below_rated,True,0.2976883983668443,11.91,0.0,27.6,-2,0,10
2025-01-15 06:25:44.000+05:30,4.91,54.44,657.6,12.079353416605437,3.44,below_rated,True,0.3630267028134094,12.79,0.0,27.6,-1,0,10
2025-01-15 06:25:45.000+05:30,4.87,51.78,627.36,12.11587485515643,3.29,below_rated,True,0.35582267419302244,13.85,0.23,27.6,-29,0,10
2025-01-15 06:25:46.000+05:30,5.0,56.39,683.74,12.12519950345806,3.38,below_rated,True,0.3377779474068969,13.84,0.25,27.6,4,0,10
2025-01-15 06:25:47.000+05:30,5.06,53.35,638.58,11.969634489222118,4.0,below_rated,True,0.385685263868748,14.41,0.33,27.6,19,0,10
2025-01-15 06:25:48.000+05:30,5.14,57.63,696.0,12.077043206663197,4.01,below_rated,True,0.3688753381541089,14.78,0.68,27.5,-22,0,10
2025-01-15 06:25:49.000+05:30,5.05,56.28,677.82,12.043710021321962,3.81,below_rated,True,0.36955190581442515,15.0,0.47,27.5,-13,0,10
2025-01-15 06:25:50.000+05:30,5.08,55.56,668.28,12.028077753779696,4.07,below_rated,True,0.3878179241181945,14.74,1.59,27.5,-23,0,10
2025-01-15 06:25:51.000+05:30,4.96,55.0,662.03,12.03690909090909,3.33,below_rated,True,0.3408974942921957,14.64,0.82,27.5,-17,0,10
2025-01-15 06:25:52.000+05:30,4.98,57.24,694.74,12.137316561844864,3.35,below_rated,True,0.3388296317314514,14.89,0.15,27.6,3,0,10
2025-01-15 06:25:53.000+05:30,5.16,57.53,688.66,11.970450199895705,3.86,below_rated,True,0.3509641888031868,15.14,0.58,27.6,-25,0,10
2025-01-15 06:25:54.000+05:30,5.2,56.78,685.12,12.066220500176119,4.12,below_rated,True,0.36602587721016466,15.54,0.13,27.5,21,0,10
2025-01-15 06:25:55.000+05:30,5.39,59.65,717.74,12.032523051131601,4.73,below_rated,True,0.3773283618895647,16.53,0.51,27.5,-16,0,10
2025-01-15 06:25:56.000+05:30,5.45,58.57,702.89,12.000853679358032,4.51,below_rated,True,0.34802595995076885,17.09,0.51,27.5,-13,0,10
2025-01-15 06:25:57.000+05:30,5.13,56.86,684.82,12.043967639817096,3.96,below_rated,True,0.3664103186951887,17.14,1.44,27.5,0,0,10
2025-01-15 06:25:58.000+05:30,5.13,57.06,681.35,11.940939362075008,3.88,below_rated,True,0.3590080900346798,17.07,1.26,27.5,-4,0,10
2025-01-15 06:25:59.000+05:30,4.99,56.18,679.59,12.096653613385547,3.8,below_rated,True,0.38203800168322577,17.12,1.54,27.5,29,0,10
2025-01-15 06:26:00.000+05:30,5.06,54.04,650.63,12.03978534418949,3.53,below_rated,True,0.3403672453641701,16.71,1.73,27.5,-14,0,10
2025-01-15 06:26:01.000+05:30,5.04,55.1,658.65,11.953720508166969,3.74,below_rated,True,0.3649258244477874,17.19,1.84,27.5,4,0,10
2025-01-15 06:26:02.000+05:30,4.89,52.6,633.01,12.034410646387832,3.63,below_rated,True,0.3877971853852056,17.46,2.32,27.5,-25,0,10
2025-01-15 06:26:03.000+05:30,4.92,53.43,637.8,11.9371139809096,3.55,below_rated,True,0.3723553942291335,16.93,2.86,27.5,21,0,10
2025-01-15 06:26:04.000+05:30,4.84,49.66,599.14,12.06484091824406,3.32,below_rated,True,0.3657855994137469,17.48,2.54,27.6,-7,0,10
2025-01-15 06:26:05.000+05:30,4.78,53.19,642.27,12.075014100394812,2.86,below_rated,True,0.3271198875780501,17.84,3.02,27.6,21,0,10
2025-01-15 06:26:06.000+05:30,4.88,53.86,649.18,12.053100631266245,3.02,below_rated,True,0.32461761449891385,18.34,2.89,27.6,-24,0,10
2025-01-15 06:26:07.000+05:30,4.99,53.26,640.45,12.02497183627488,3.4,below_rated,True,0.34182347519025463,18.05,2.84,27.6,26,0,10
2025-01-15 06:26:08.000+05:30,4.96,53.47,646.35,12.088086777632318,3.63,below_rated,True,0.3716089802644656,18.69,3.9,27.6,24,0,10
2025-01-15 06:26:09.000+05:30,5.03,55.22,665.49,12.051611734878668,3.75,below_rated,True,0.368088218899626,18.9,3.78,27.6,20,0,10
2025-01-15 06:26:10.000+05:30,5.04,56.75,683.51,12.044229074889868,3.75,below_rated,True,0.3659015619463109,18.84,4.29,27.6,25,0,10
2025-01-15 06:26:11.000+05:30,4.86,53.39,640.12,11.989511144409065,3.1,below_rated,True,0.3373474961109694,19.08,3.95,27.6,19,0,10
2025-01-15 06:26:12.000+05:30,4.72,52.57,632.93,12.039756515122692,2.74,below_rated,True,0.3254986351884343,19.67,3.91,27.6,19,0,10
2025-01-15 06:26:13.000+05:30,4.66,49.69,597.15,12.017508553028778,2.74,below_rated,True,0.3382341215644257,19.21,3.69,27.6,4,0,10
2025-01-15 06:26:14.000+05:30,4.73,51.0,614.43,12.047647058823529,2.8,below_rated,True,0.3305211187788485,19.06,3.94,27.6,25,0,10
2025-01-15 06:26:15.000+05:30,4.87,52.0,633.9,12.190384615384614,3.16,below_rated,True,0.34176281168691514,19.36,2.82,27.7,26,0,10
2025-01-15 06:26:16.000+05:30,4.96,54.81,658.12,12.007297938332421,3.74,below_rated,True,0.3828698584542979,19.53,2.82,27.6,-8,0,10
2025-01-15 06:26:17.000+05:30,4.92,53.08,642.59,12.106066314996234,3.44,below_rated,True,0.36081762145020263,19.01,2.25,27.6,3,0,10
2025-01-15 06:26:18.000+05:30,4.97,53.36,638.65,11.968703148425787,3.57,below_rated,True,0.3632650824815569,18.89,2.51,27.6,29,0,10
2025-01-15 06:26:19.000+05:30,4.88,52.6,634.81,12.068631178707223,3.19,below_rated,True,0.3428907914740183,19.82,3.15,27.6,-12,0,10
2025-01-15 06:26:20.000+05:30,4.74,50.3,607.26,12.072763419483103,2.84,below_rated,True,0.33312553206594825,20.28,3.54,27.6,-11,0,10
2025-01-15 06:26:21.000+05:30,4.74,51.36,622.06,12.11176012461059,2.85,below_rated,True,0.33429850929153254,20.31,3.13,27.6,-4,0,10
2025-01-15 06:26:22.000+05:30,4.85,55.14,670.67,12.163039535727238,3.62,below_rated,True,0.39637655585173,20.19,3.57,27.6,-5,0,10
2025-01-15 06:26:23.000+05:30,4.64,51.33,618.56,12.050652639781804,2.66,below_rated,True,0.33262301817427437,20.36,3.32,27.6,27,0,10
2025-01-15 06:26:24.000+05:30,4.44,46.65,559.31,11.989496248660235,2.31,below_rated,True,0.32967625987859783,20.36,3.79,27.6,-13,0,10
2025-01-15 06:26:25.000+05:30,4.42,49.2,595.72,12.108130081300812,2.37,below_rated,True,0.3428515703288048,19.62,4.11,27.6,-11,0,10
2025-01-15 06:26:26.000+05:30,4.5,48.55,583.48,12.018125643666325,2.59,below_rated,True,0.355047801472335,19.07,3.54,27.6,16,0,10
2025-01-15 06:26:27.000+05:30,4.6,50.2,605.56,12.062948207171313,2.58,below_rated,True,0.3311088706050008,18.49,4.03,27.6,26,0,10
2025-01-15 06:26:28.000+05:30,4.53,48.25,581.19,12.04538860103627,2.4,below_rated,True,0.3225085559404564,18.37,3.06,27.6,16,0,10
2025-01-15 06:26:29.000+05:30,4.41,50.46,604.66,11.982956797463336,1.96,below_rated,True,0.28547291385373125,18.59,2.41,27.6,10,0,10
2025-01-15 06:26:30.000+05:30,4.61,51.7,618.45,11.962282398452611,2.82,below_rated,True,0.35955964018198666,18.26,2.93,27.6,-9,0,10
2025-01-15 06:26:31.000+05:30,4.75,51.8,628.1,12.125482625482627,3.12,below_rated,True,0.3636623745450907,18.33,3.14,27.6,7,0,10
2025-01-15 06:26:32.000+05:30,4.64,53.5,644.09,12.039065420560748,2.5,below_rated,True,0.3126156185848443,18.31,3.3,27.6,6,0,10
2025-01-15 06:26:33.000+05:30,4.77,51.42,615.87,11.977246207701283,2.88,below_rated,True,0.33148353045616347,18.56,3.74,27.5,6,0,10
2025-01-15 06:26:34.000+05:30,5.09,55.75,675.16,12.1104932735426,3.78,below_rated,True,0.3580659778200079,18.22,4.47,27.5,22,0,10
2025-01-15 06:26:35.000+05:30,5.24,59.44,717.99,12.079239569313595,4.11,below_rated,True,0.3568392072902677,17.55,3.97,27.5,22,0,10
2025-01-15 06:26:36.000+05:30,5.33,55.21,667.46,12.089476544104329,4.53,below_rated,True,0.37371555952259866,18.12,3.19,27.5,10,0,10
2025-01-15 06:26:37.000+05:30,5.31,56.65,681.34,12.027184466019419,4.15,below_rated,True,0.3462494868725207,18.35,3.98,27.5,-8,0,10
2025-01-15 06:26:38.000+05:30,5.07,54.97,666.97,12.133345461160634,3.68,below_rated,True,0.3527349928179087,19.02,5.02,27.5,10,0,10
2025-01-15 06:26:39.000+05:30,5.34,60.78,729.3,11.999012833168804,4.5,below_rated,True,0.3691589037903674,18.99,5.23,27.6,22,0,10
2025-01-15 06:26:40.000+05:30,5.42,60.38,728.45,12.064425306392845,4.53,below_rated,True,0.3554061571744131,19.1,5.75,27.5,-16,0,10
2025-01-15 06:26:41.000+05:30,5.54,60.13,720.53,11.982870447364043,5.27,below_rated,True,0.38717376883819926,19.08,5.94,27.5,-18,0,10
2025-01-15 06:26:42.000+05:30,5.52,58.63,710.27,12.114446529080675,5.29,below_rated,True,0.39288282494896065,19.09,6.72,27.5,-20,0,10
2025-01-15 06:26:43.000+05:30,5.58,59.33,713.15,12.020057306590259,5.12,below_rated,True,0.36812216637927364,19.48,5.77,27.5,-5,0,10
2025-01-15 06:26:44.000+05:30,5.54,62.44,754.38,12.081678411274824,5.35,below_rated,True,0.39305116950367475,19.58,5.63,27.5,24,0,10
2025-01-15 06:26:45.000+05:30,5.77,62.74,756.6,12.059292317500796,5.92,below_rated,True,0.3849628955307769,20.74,5.14,27.5,26,0,10
2025-01-15 06:26:46.000+05:30,5.84,65.03,782.43,12.031831462401968,6.21,below_rated,True,0.3894732762222271,21.92,4.48,27.5,-15,0,10
2025-01-15 06:26:47.000+05:30,5.77,64.74,783.7,12.105344454742047,5.56,below_rated,True,0.3615529897214729,22.23,4.4,27.5,11,0,10
2025-01-15 06:26:48.000+05:30,5.8,62.22,756.6,12.160077145612345,6.15,below_rated,True,0.3937456239199831,22.29,4.14,27.5,-2,0,10
2025-01-15 06:26:49.000+05:30,5.9,63.76,769.98,12.076223337515685,6.23,below_rated,True,0.37892792940827,22.14,3.67,27.5,-6,0,10
2025-01-15 06:26:50.000+05:30,5.89,67.04,806.55,12.030877088305488,6.36,below_rated,True,0.38880857657081935,22.94,2.88,27.5,27,0,10
2025-01-15 06:26:51.000+05:30,5.84,63.66,765.58,12.026076028903551,6.07,below_rated,True,0.3806928803009531,23.56,2.69,27.5,20,0,10
2025-01-15 06:26:52.000+05:30,5.77,65.59,789.08,12.030492453117853,5.76,below_rated,True,0.374558492948864,23.8,2.63,27.5,-10,0,10
2025-01-15 06:26:53.000+05:30,5.94,66.22,794.91,12.004077318030806,6.15,below_rated,True,0.3665560448581262,24.24,2.69,27.5,-13,0,10
2025-01-15 06:26:54.000+05:30,5.9,63.08,757.06,12.001585288522511,6.04,below_rated,True,0.3673715399078573,24.88,2.62,27.5,-20,0,10
2025-01-15 06:26:55.000+05:30,5.92,62.03,742.2,11.965178139609867,6.5,below_rated,True,0.39135676142244286,25.53,1.99,27.5,16,0,10
2025-01-15 06:26:56.000+05:30,5.9,64.69,778.49,12.034162930901221,6.26,below_rated,True,0.3807526224872826,25.55,2.37,27.6,18,0,10
2025-01-15 06:26:57.000+05:30,5.75,64.34,770.26,11.971712775878146,5.8,below_rated,True,0.3811088768017869,25.48,2.49,27.6,26,0,10
2025-01-15 06:26:58.000+05:30,5.59,61.49,732.04,11.905025207350787,5.08,below_rated,True,0.3632895399897278,25.12,2.46,27.7,9,0,10
2025-01-15 06:26:59.000+05:30,5.67,60.61,730.68,12.055436396634217,5.63,below_rated,True,0.38581918844223434,25.09,1.73,27.7,-18,0,10
2025-01-15 06:27:00.000+05:30,5.68,62.03,744.93,12.009189102047396,5.7,below_rated,True,0.38855674608263957,25.76,2.41,27.7,1,0,10
2025-01-15 06:27:01.000+05:30,5.54,61.37,737.56,12.018249959263484,4.96,below_rated,True,0.36439884125948163,25.89,2.83,27.6,0,0,10
2025-01-15 06:27:02.000+05:30,5.63,62.65,755.85,12.06464485235435,5.38,below_rated,True,0.3766011970470752,25.21,3.18,27.7,1,0,10
2025-01-15 06:27:03.000+05:30,5.69,63.5,763.8,12.028346456692912,5.62,below_rated,True,0.38108698896270604,25.2,3.32,27.7,-14,0,10
2025-01-15 06:27:04.000+05:30,5.9,64.9,781.29,12.038366718027733,6.32,below_rated,True,0.38440200864530766,25.64,3.41,27.7,3,0,10
2025-01-15 06:27:05.000+05:30,5.91,67.02,804.27,12.000447627573859,6.36,below_rated,True,0.38487462432989716,26.12,3.1,27.7,10,0,10
2025-01-15 06:27:06.000+05:30,5.84,64.02,773.48,12.081849422055608,6.4,below_rated,True,0.40138952782967047,25.76,2.88,27.7,8,0,10
2025-01-15 06:27:07.000+05:30,5.91,65.53,789.42,12.04669616969327,6.24,below_rated,True,0.3776128389651821,26.16,1.98,27.7,9,0,10
2025-01-15 06:27:08.000+05:30,6.09,68.94,828.21,12.013489991296781,6.81,rated_capped,False,,26.17,2.13,27.7,-12,0,10
2025-01-15 06:27:09.000+05:30,6.23,65.01,784.35,12.065066912782648,6.82,rated_capped,False,,26.78,1.87,27.7,-9,0,10
2025-01-15 06:27:10.000+05:30,6.55,64.08,770.62,12.025905118601749,6.69,rated_capped,False,,27.11,1.44,27.7,5,0,10
2025-01-15 06:27:11.000+05:30,6.59,68.46,818.91,11.96187554776512,6.78,rated_capped,False,,27.5,2.24,27.7,28,0,10
2025-01-15 06:27:12.000+05:30,6.31,64.15,768.1,11.973499610288385,6.52,rated_capped,False,,27.3,2.36,27.7,-25,0,10
2025-01-15 06:27:13.000+05:30,6.19,65.16,781.64,11.995702885205649,6.73,rated_capped,False,,27.3,1.71,27.7,-10,0,10
2025-01-15 06:27:14.000+05:30,6.36,64.94,785.92,12.102248229134586,6.64,rated_capped,False,,27.74,2.35,27.7,1,0,10
2025-01-15 06:27:15.000+05:30,6.37,64.73,776.1,11.989803800401669,7.06,rated_capped,False,,28.11,1.71,27.7,14,0,10
2025-01-15 06:27:16.000+05:30,6.64,65.75,792.78,12.057490494296578,6.95,rated_capped,False,,27.96,2.03,27.6,6,0,10
2025-01-15 06:27:17.000+05:30,6.58,63.65,768.78,12.078240377062057,6.8,rated_capped,False,,28.56,1.99,27.7,-27,0,10
2025-01-15 06:27:18.000+05:30,6.68,63.86,770.38,12.063576573755089,6.86,rated_capped,False,,28.4,1.31,27.7,13,0,10
2025-01-15 06:27:19.000+05:30,6.37,67.63,817.99,12.095076149637736,6.61,rated_capped,False,,28.8,2.31,27.7,-17,0,10
2025-01-15 06:27:20.000+05:30,6.18,66.91,806.44,12.052607980869826,6.82,rated_capped,False,,28.87,2.01,27.7,-12,0,10
2025-01-15 06:27:21.000+05:30,6.19,62.89,766.04,12.1806328510097,6.72,rated_capped,False,,29.21,2.38,27.7,23,0,10
2025-01-15 06:27:22.000+05:30,6.11,63.8,765.7,12.001567398119123,6.74,rated_capped,False,,30.22,2.55,27.6,13,0,10
2025-01-15 06:27:23.000+05:30,5.99,64.63,781.63,12.093919232554542,6.54,below_rated,True,0.3801210201699662,30.2,2.31,27.7,-4,0,10
2025-01-15 06:27:24.000+05:30,6.05,66.03,793.43,12.016204755414204,6.78,rated_capped,False,,30.03,1.87,27.7,-30,0,10
2025-01-15 06:27:25.000+05:30,5.94,63.34,761.55,12.023208083359645,6.46,below_rated,True,0.38503285362333256,29.97,1.69,27.7,27,0,10
2025-01-15 06:27:26.000+05:30,5.96,64.16,772.07,12.033509975062346,6.58,below_rated,True,0.3882502279569471,29.11,1.51,27.7,15,0,10
2025-01-15 06:27:27.000+05:30,5.89,64.07,770.12,12.019978148899643,6.34,below_rated,True,0.3875859080910369,29.71,1.11,27.7,26,0,10
2025-01-15 06:27:28.000+05:30,5.91,65.13,782.47,12.013972055888225,6.4,below_rated,True,0.38729521945146883,29.76,1.32,27.7,0,0,10
2025-01-15 06:27:29.000+05:30,5.98,64.47,776.64,12.046533271288972,6.42,below_rated,True,0.3750214262020628,29.86,1.48,27.7,-2,0,10
2025-01-15 06:27:30.000+05:30,5.97,65.44,783.46,11.97218826405868,6.24,below_rated,True,0.3663415691469331,29.87,0.94,27.7,19,0,10
2025-01-15 06:27:31.000+05:30,6.1,63.97,766.19,11.9773331249023,7.06,rated_capped,False,,30.35,0.0,27.7,-18,0,10
2025-01-15 06:27:32.000+05:30,6.14,62.85,761.7,12.119331742243437,6.65,rated_capped,False,,30.42,0.0,27.7,10,0,10
2025-01-15 06:27:33.000+05:30,6.35,66.64,804.37,12.070378151260504,6.81,rated_capped,False,,30.05,0.0,27.7,-21,0,10
2025-01-15 06:27:34.000+05:30,6.22,65.92,794.4,12.050970873786406,6.73,rated_capped,False,,30.15,0.0,27.8,16,0,10
2025-01-15 06:27:35.000+05:30,6.52,66.11,797.67,12.065799425200423,6.83,rated_capped,False,,29.92,0.0,27.8,22,0,10
2025-01-15 06:27:36.000+05:30,6.38,67.08,803.71,11.981365533691116,6.94,rated_capped,False,,30.17,0.42,27.8,-29,0,10
2025-01-15 06:27:37.000+05:30,6.11,64.67,777.79,12.027060460800989,6.96,rated_capped,False,,29.72,1.08,27.8,13,0,10
2025-01-15 06:27:38.000+05:30,6.0,67.6,813.38,12.032248520710061,6.44,rated_capped,False,,29.9,1.11,27.7,-1,0,10
2025-01-15 06:27:39.000+05:30,5.97,66.82,808.05,12.092936246632744,6.98,below_rated,True,0.4097859218983322,30.84,1.55,27.7,-7,0,10
2025-01-15 06:27:40.000+05:30,5.96,64.89,782.09,12.0525504700262,6.34,below_rated,True,0.37408912541748396,31.26,1.01,27.7,24,0,10
2025-01-15 06:27:41.000+05:30,6.11,64.32,777.33,12.085354477611942,6.7,rated_capped,False,,30.77,1.26,27.8,-2,0,10
2025-01-15 06:27:42.000+05:30,6.27,64.34,778.39,12.098072738576313,6.88,rated_capped,False,,31.21,1.1,27.8,-15,0,10
2025-01-15 06:27:43.000+05:30,6.36,68.37,820.9,12.006728097118618,6.58,rated_capped,False,,31.63,1.45,27.8,18,0,10
2025-01-15 06:27:44.000+05:30,6.4,64.98,785.11,12.08233302554632,6.58,rated_capped,False,,31.72,0.98,27.7,-2,0,10
2025-01-15 06:27:45.000+05:30,6.67,63.43,765.67,12.071102002207157,6.79,rated_capped,False,,31.54,1.09,27.7,-6,0,10
2025-01-15 06:27:46.000+05:30,6.82,65.81,792.11,12.03631666919921,6.81,rated_capped,False,,32.07,0.88,27.7,-19,0,10
2025-01-15 06:27:47.000+05:30,7.06,65.16,780.27,11.974677716390424,6.91,rated_capped,False,,32.23,0.61,27.8,-1,0,10
2025-01-15 06:27:48.000+05:30,7.07,65.64,786.82,11.986898232784888,6.56,rated_capped,False,,31.79,1.43,27.7,3,0,10
2025-01-15 06:27:49.000+05:30,6.76,63.14,760.55,12.045454545454545,6.77,rated_capped,False,,31.9,1.04,27.7,24,0,10
2025-01-15 06:27:50.000+05:30,7.06,63.96,773.99,12.101156973108193,6.88,rated_capped,False,,31.86,1.66,27.7,-26,0,10
2025-01-15 06:27:51.000+05:30,7.31,64.09,767.03,11.968013730691215,6.8,rated_capped,False,,31.85,0.85,27.7,5,0,10
2025-01-15 06:27:52.000+05:30,7.47,65.89,794.61,12.05964486264987,6.89,rated_capped,False,,31.68,1.72,27.7,5,0,10
2025-01-15 06:27:53.000+05:30,7.42,65.26,792.47,12.143273061599754,6.53,rated_capped,False,,31.57,2.48,27.7,-2,0,10
2025-01-15 06:27:54.000+05:30,7.45,66.74,801.22,12.005094396164221,6.51,rated_capped,False,,31.65,2.56,27.7,7,0,10
2025-01-15 06:27:55.000+05:30,7.2,64.66,781.19,12.081503247757503,7.05,rated_capped,False,,32.64,3.16,27.7,6,0,10
2025-01-15 06:27:56.000+05:30,7.12,66.74,805.03,12.062181600239736,6.85,rated_capped,False,,32.98,3.54,27.7,13,0,10
2025-01-15 06:27:57.000+05:30,7.17,65.38,783.46,11.983175282961152,6.43,rated_capped,False,,32.63,4.42,27.7,30,0,10
2025-01-15 06:27:58.000+05:30,7.21,67.24,809.25,12.035246876859013,6.62,rated_capped,False,,32.24,3.97,27.7,-20,0,10
2025-01-15 06:27:59.000+05:30,7.29,65.14,784.85,12.048664415105925,6.74,rated_capped,False,,32.15,2.55,27.7,11,0,10
2025-01-15 06:28:00.000+05:30,7.3,63.98,771.37,12.056423882463271,7.0,rated_capped,False,,32.36,2.98,27.7,18,0,10
2025-01-15 06:28:01.000+05:30,7.12,65.83,797.33,12.111955035698012,6.51,rated_capped,False,,32.81,2.92,27.7,-11,0,10
2025-01-15 06:28:02.000+05:30,6.88,65.2,785.61,12.049233128834356,6.65,rated_capped,False,,32.25,3.66,27.7,-9,0,10
2025-01-15 06:28:03.000+05:30,7.01,65.44,787.44,12.033007334963326,6.68,rated_capped,False,,32.07,4.18,27.7,-18,0,10
2025-01-15 06:28:04.000+05:30,6.9,68.38,819.76,11.98830067271132,6.95,rated_capped,False,,32.4,4.21,27.7,-10,0,10
2025-01-15 06:28:05.000+05:30,6.65,65.61,790.15,12.043133668648071,6.65,rated_capped,False,,32.44,4.47,27.7,6,0,10
2025-01-15 06:28:06.000+05:30,6.73,65.64,789.95,12.034582571602682,7.03,rated_capped,False,,32.54,3.65,27.7,25,0,10
2025-01-15 06:28:07.000+05:30,6.7,63.56,769.48,12.106356198867212,6.72,rated_capped,False,,32.25,2.52,27.7,9,0,10
2025-01-15 06:28:08.000+05:30,6.87,66.27,802.67,12.112117096725516,6.82,rated_capped,False,,32.35,3.06,27.8,30,0,10
2025-01-15 06:28:09.000+05:30,6.96,64.55,776.6,12.030983733539893,6.61,rated_capped,False,,32.14,2.93,27.7,22,0,10
2025-01-15 06:28:10.000+05:30,7.1,64.74,778.3,12.021933889403769,6.71,rated_capped,False,,32.7,4.33,27.8,25,0,10
2025-01-15 06:28:11.000+05:30,6.98,65.47,790.58,12.075454406598443,6.74,rated_capped,False,,32.96,4.13,27.7,-18,0,10
2025-01-15 06:28:12.000+05:30,6.91,66.36,799.83,12.052893309222425,6.56,rated_capped,False,,32.93,3.39,27.7,-20,0,10
2025-01-15 06:28:13.000+05:30,7.08,66.98,805.11,12.02015527022992,6.68,rated_capped,False,,32.88,3.24,27.7,-15,0,10
2025-01-15 06:28:14.000+05:30,6.87,66.62,801.64,12.033023116181326,6.76,rated_capped,False,,32.72,3.1,27.7,-26,0,10
2025-01-15 06:28:15.000+05:30,6.88,66.43,795.79,11.979376787595964,6.86,rated_capped,False,,32.98,3.88,27.7,17,0,10
2025-01-15 06:28:16.000+05:30,6.82,65.95,787.39,11.939196360879453,6.69,rated_capped,False,,32.45,3.49,27.6,-26,0,10
2025-01-15 06:28:17.000+05:30,6.72,66.78,805.13,12.05645402815214,6.63,rated_capped,False,,32.28,3.29,27.7,4,0,10
2025-01-15 06:28:18.000+05:30,6.82,65.12,783.6,12.033169533169533,6.66,rated_capped,False,,32.61,3.29,27.7,-1,0,10
2025-01-15 06:28:19.000+05:30,7.05,64.99,784.7,12.074165256193263,6.64,rated_capped,False,,32.93,3.77,27.7,-6,0,10
2025-01-15 06:28:20.000+05:30,7.03,66.34,800.72,12.069942719324692,6.97,rated_capped,False,,32.9,3.82,27.7,-5,0,10
2025-01-15 06:28:21.000+05:30,7.14,62.53,757.09,12.10762833839757,7.05,rated_capped,False,,32.94,4.27,27.7,0,0,10
2025-01-15 06:28:22.000+05:30,7.22,66.98,806.88,12.046581068975813,6.64,rated_capped,False,,32.95,4.63,27.7,5,0,10
2025-01-15 06:28:23.000+05:30,7.32,64.4,770.03,11.956987577639751,6.88,rated_capped,False,,32.38,4.17,27.7,-8,0,10
2025-01-15 06:28:24.000+05:30,7.37,64.74,782.55,12.08758109360519,6.73,rated_capped,False,,32.64,4.13,27.7,30,0,10
2025-01-15 06:28:25.000+05:30,7.38,65.72,789.47,12.012629336579428,6.66,rated_capped,False,,32.41,2.88,27.7,9,0,10
2025-01-15 06:28:26.000+05:30,7.44,65.02,787.57,12.112734543217472,6.87,rated_capped,False,,31.71,3.06,27.7,-7,0,10
2025-01-15 06:28:27.000+05:30,7.37,65.66,790.72,12.04264392324094,7.06,rated_capped,False,,31.48,3.54,27.6,27,0,10
2025-01-15 06:28:28.000+05:30,7.24,68.1,818.99,12.026284875183554,6.57,rated_capped,False,,31.32,4.56,27.6,-9,0,10
2025-01-15 06:28:29.000+05:30,6.93,64.94,775.9,11.947951955651371,6.62,rated_capped,False,,31.21,5.42,27.6,22,0,10
2025-01-15 06:28:30.000+05:30,7.01,65.21,785.22,12.041404692531822,6.69,rated_capped,False,,31.24,4.89,27.6,18,0,10
2025-01-15 06:28:31.000+05:30,7.11,65.19,790.84,12.13130848289615,6.55,rated_capped,False,,31.24,4.34,27.6,-6,0,10
2025-01-15 06:28:32.000+05:30,7.16,65.36,788.62,12.06578947368421,6.79,rated_capped,False,,31.19,3.47,27.6,-15,0,10
2025-01-15 06:28:33.000+05:30,7.17,67.14,803.52,11.967828418230562,6.66,rated_capped,False,,31.65,3.04,27.6,-10,0,10
2025-01-15 06:28:34.000+05:30,7.02,66.47,796.45,11.982097186700768,6.96,rated_capped,False,,31.59,2.66,27.6,-23,0,10
2025-01-15 06:28:35.000+05:30,7.07,64.29,771.79,12.00482190076217,6.76,rated_capped,False,,31.21,3.12,27.6,24,0,10
2025-01-15 06:28:36.000+05:30,7.19,65.71,791.68,12.048090092832142,6.61,rated_capped,False,,30.71,3.14,27.6,-25,0,10
2025-01-15 06:28:37.000+05:30,7.38,65.43,786.46,12.019868561821793,6.82,rated_capped,False,,30.49,3.69,27.6,29,0,10
2025-01-15 06:28:38.000+05:30,7.36,65.05,780.06,11.991698693312836,6.8,rated_capped,False,,30.76,4.09,27.6,-29,0,10
2025-01-15 06:28:39.000+05:30,7.58,65.03,781.09,12.011225588190067,6.98,rated_capped,False,,30.37,3.63,27.6,11,0,10
2025-01-15 06:28:40.000+05:30,7.53,63.58,762.17,11.987574709027996,6.68,rated_capped,False,,30.19,3.91,27.6,18,0,10
2025-01-15 06:28:41.000+05:30,7.4,66.32,799.23,12.051115802171292,6.8,rated_capped,False,,30.51,4.66,27.6,3,0,10
2025-01-15 06:28:42.000+05:30,7.53,66.69,804.47,12.062828010196432,6.72,rated_capped,False,,30.71,5.33,27.6,-9,0,10
2025-01-15 06:28:43.000+05:30,7.35,64.99,780.57,12.01061701800277,6.64,rated_capped,False,,31.17,4.75,27.6,22,0,10
2025-01-15 06:28:44.000+05:30,7.38,65.74,785.51,11.948737450562824,6.77,rated_capped,False,,31.36,5.03,27.6,13,0,10
2025-01-15 06:28:45.000+05:30,7.36,64.61,779.88,12.07057731001393,6.79,rated_capped,False,,31.44,5.23,27.6,25,0,10
2025-01-15 06:28:46.000+05:30,7.44,63.88,771.9,12.083594239198497,6.62,rated_capped,False,,31.73,5.56,27.6,-12,0,10
2025-01-15 06:28:47.000+05:30,7.45,63.71,770.92,12.10045518756867,6.81,rated_capped,False,,31.9,5.36,27.6,-30,0,10
2025-01-15 06:28:48.000+05:30,7.42,66.82,802.05,12.003142771625262,6.83,rated_capped,False,,31.6,5.52,27.6,-21,0,10
2025-01-15 06:28:49.000+05:30,7.34,64.28,770.58,11.987865588052271,6.7,rated_capped,False,,31.76,5.51,27.6,8,0,10
2025-01-15 06:28:50.000+05:30,7.34,66.7,801.28,12.01319340329835,6.66,rated_capped,False,,31.43,5.84,27.5,-2,0,10
2025-01-15 06:28:51.000+05:30,7.21,65.39,787.6,12.044655146046797,6.8,rated_capped,False,,31.7,5.33,27.5,25,0,10
2025-01-15 06:28:52.000+05:30,7.28,65.39,784.74,12.000917571494112,6.72,rated_capped,False,,31.48,6.14,27.5,7,0,10
2025-01-15 06:28:53.000+05:30,7.15,66.2,791.42,11.954984894259818,6.63,rated_capped,False,,31.49,6.8,27.5,-11,0,10
2025-01-15 06:28:54.000+05:30,7.43,66.15,794.9,12.01662887377173,6.9,rated_capped,False,,31.43,6.88,27.5,-10,0,10
2025-01-15 06:28:55.000+05:30,7.47,62.12,743.95,11.976014166130073,6.79,rated_capped,False,,31.64,6.9,27.5,30,0,10
2025-01-15 06:28:56.000+05:30,7.47,67.69,811.15,11.983306249076673,6.54,rated_capped,False,,31.13,7.6,27.5,30,0,10
2025-01-15 06:28:57.000+05:30,7.47,66.32,799.81,12.059861278648976,6.74,rated_capped,False,,30.81,6.84,27.5,-3,0,10
2025-01-15 06:28:58.000+05:30,7.46,65.09,787.99,12.106160700568443,6.75,rated_capped,False,,30.98,6.35,27.5,-23,0,10
2025-01-15 06:28:59.000+05:30,7.57,64.17,773.21,12.049400031167213,6.66,rated_capped,False,,31.58,7.3,27.5,13,0,10
2025-01-15 06:29:00.000+05:30,7.66,66.35,798.03,12.027581009796535,6.94,rated_capped,False,,32.05,6.31,27.5,-1,0,10
2025-01-15 06:29:01.000+05:30,7.51,65.08,782.56,12.02458512599877,6.6,rated_capped,False,,32.01,5.93,27.5,-26,0,10
2025-01-15 06:29:02.000+05:30,7.4,67.05,808.06,12.051603281133483,6.67,rated_capped,False,,32.06,6.23,27.5,-30,0,10
2025-01-15 06:29:03.000+05:30,7.37,66.49,800.08,12.033087682358252,6.88,rated_capped,False,,31.42,7.02,27.5,-29,0,10
2025-01-15 06:29:04.000+05:30,7.19,66.37,803.35,12.104113304203706,6.94,rated_capped,False,,30.33,5.89,27.5,-28,0,10
2025-01-15 06:29:05.000+05:30,6.99,66.96,804.04,12.007765830346477,6.77,rated_capped,False,,30.5,4.75,27.5,-7,0,10
2025-01-15 06:29:06.000+05:30,7.11,66.31,794.96,11.988538681948425,6.53,rated_capped,False,,31.13,5.01,27.5,16,0,10
2025-01-15 06:29:07.000+05:30,7.08,64.12,773.42,12.062071116656268,6.9,rated_capped,False,,30.87,4.96,27.5,-12,0,10
2025-01-15 06:29:08.000+05:30,7.22,67.23,806.56,11.997025137587386,6.44,rated_capped,False,,31.42,5.56,27.5,-25,0,10
2025-01-15 06:29:09.000+05:30,7.03,66.73,798.48,11.965832459163794,6.81,rated_capped,False,,31.62,5.33,27.5,-28,0,10
2025-01-15 06:29:10.000+05:30,6.85,66.33,798.49,12.038142620232174,6.64,rated_capped,False,,32.09,6.26,27.5,17,0,10
2025-01-15 06:29:11.000+05:30,7.07,67.62,815.44,12.059154096421176,6.98,rated_capped,False,,32.48,6.85,27.5,-23,0,10
2025-01-15 06:29:12.000+05:30,7.26,63.55,764.68,12.03273013375295,6.75,rated_capped,False,,32.96,6.81,27.5,30,0,10
2025-01-15 06:29:13.000+05:30,7.35,64.19,776.44,12.095965103598692,6.92,rated_capped,False,,33.0,6.7,27.5,-5,0,10
2025-01-15 06:29:14.000+05:30,7.08,65.77,794.6,12.081496122852366,6.55,rated_capped,False,,32.93,6.56,27.5,-24,0,10
2025-01-15 06:29:15.000+05:30,7.29,67.41,811.77,12.042278593680463,6.52,rated_capped,False,,32.92,6.99,27.5,21,0,10
2025-01-15 06:29:16.000+05:30,7.36,68.8,831.59,12.087063953488373,6.77,rated_capped,False,,32.97,7.17,27.5,22,0,10
2025-01-15 06:29:17.000+05:30,7.56,65.21,787.59,12.077748811531976,6.77,rated_capped,False,,32.97,7.48,27.5,13,0,10
2025-01-15 06:29:18.000+05:30,7.67,67.0,805.69,12.025223880597016,6.66,rated_capped,False,,32.95,7.64,27.5,14,0,10
2025-01-15 06:29:19.000+05:30,7.59,66.4,794.56,11.966265060240962,6.53,rated_capped,False,,32.54,7.34,27.5,13,0,10
2025-01-15 06:29:20.000+05:30,7.55,65.34,787.38,12.05050505050505,6.67,rated_capped,False,,31.79,7.35,27.5,-6,0,10
2025-01-15 06:29:21.000+05:30,7.29,66.43,805.19,12.12087912087912,6.51,rated_capped,False,,31.29,6.76,27.5,-6,0,10
2025-01-15 06:29:22.000+05:30,7.46,66.91,803.74,12.012255268270811,6.7,rated_capped,False,,31.29,6.9,27.5,16,0,10
2025-01-15 06:29:23.000+05:30,7.27,66.32,796.32,12.007237635705671,6.93,rated_capped,False,,31.04,7.31,27.5,5,0,10
2025-01-15 06:29:24.000+05:30,7.32,65.82,795.51,12.086144029170466,6.84,rated_capped,False,,31.13,6.34,27.5,25,0,10
2025-01-15 06:29:25.000+05:30,7.29,65.48,789.36,12.054978619425778,6.87,rated_capped,False,,30.59,6.15,27.5,4,0,10
2025-01-15 06:29:26.000+05:30,7.27,63.51,762.24,12.001889466225792,6.44,rated_capped,False,,30.66,6.02,27.5,-12,0,10
2025-01-15 06:29:27.000+05:30,7.23,64.56,774.26,11.992874845105328,6.4,rated_capped,False,,31.07,5.6,27.5,-15,0,10
2025-01-15 06:29:28.000+05:30,7.49,66.64,796.22,11.948079231692677,6.77,rated_capped,False,,31.02,5.63,27.5,-19,0,10
2025-01-15 06:29:29.000+05:30,7.79,64.62,776.83,12.021510368307025,6.49,rated_capped,False,,31.21,5.12,27.5,-20,0,10
2025-01-15 06:29:30.000+05:30,7.95,67.32,809.29,12.021538918597743,6.63,rated_capped,False,,31.39,5.75,27.5,14,0,10
2025-01-15 06:29:31.000+05:30,8.05,64.64,775.23,11.993038366336634,6.72,rated_capped,False,,31.82,6.14,27.5,14,0,10
2025-01-15 06:29:32.000+05:30,8.0,65.21,792.38,12.151203803097685,6.66,rated_capped,False,,32.13,6.22,27.5,28,0,10
2025-01-15 06:29:33.000+05:30,8.34,65.75,793.31,12.065551330798478,6.81,rated_capped,False,,32.33,6.29,27.5,4,0,10
2025-01-15 06:29:34.000+05:30,8.26,67.92,819.92,12.071849234393403,6.82,rated_capped,False,,32.71,6.57,27.5,5,0,10
2025-01-15 06:29:35.000+05:30,8.28,67.86,814.82,12.007368110816387,6.85,rated_capped,False,,32.64,6.32,27.5,3,0,10
2025-01-15 06:29:36.000+05:30,8.18,68.59,826.12,12.044321329639889,6.98,rated_capped,False,,33.01,5.74,27.5,25,0,10
2025-01-15 06:29:37.000+05:30,8.2,64.03,771.36,12.046853037638607,6.85,rated_capped,False,,32.48,5.45,27.5,24,0,10
2025-01-15 06:29:38.000+05:30,8.22,66.75,806.25,12.07865168539326,6.8,rated_capped,False,,32.38,5.18,27.5,2,0,10
2025-01-15 06:29:39.000+05:30,8.22,67.31,806.83,11.986777596196703,6.87,rated_capped,False,,32.99,5.54,27.5,-4,0,10
2025-01-15 06:29:40.000+05:30,8.37,67.3,806.46,11.983060921248144,6.98,rated_capped,False,,33.01,5.74,27.5,29,0,10
2025-01-15 06:29:41.000+05:30,8.49,64.58,780.45,12.085010839269124,6.67,rated_capped,False,,32.95,5.92,27.5,-4,0,10
2025-01-15 06:29:42.000+05:30,8.33,66.62,805.44,12.090063044130892,6.7,rated_capped,False,,32.96,5.25,27.5,-3,0,10
2025-01-15 06:29:43.000+05:30,8.24,64.61,778.84,12.054480730537069,6.51,rated_capped,False,,32.92,4.53,27.5,-13,0,10
2025-01-15 06:29:44.000+05:30,7.98,66.61,800.67,12.020267227143071,6.63,rated_capped,False,,32.79,4.73,27.5,-11,0,10
2025-01-15 06:29:45.000+05:30,7.84,65.69,793.08,12.073070482569646,6.59,rated_capped,False,,32.21,3.89,27.5,8,0,10
2025-01-15 06:29:46.000+05:30,7.74,64.86,781.13,12.043324082639531,6.62,rated_capped,False,,32.21,3.34,27.5,3,0,10
2025-01-15 06:29:47.000+05:30,7.7,62.96,760.92,12.085768742058448,6.62,rated_capped,False,,32.31,2.54,27.5,-10,0,10
2025-01-15 06:29:48.000+05:30,7.86,64.76,781.75,12.071494749845582,6.84,rated_capped,False,,31.92,2.18,27.5,-4,0,10
2025-01-15 06:29:49.000+05:30,8.06,64.65,774.41,11.978499613302397,6.59,rated_capped,False,,32.1,2.02,27.5,-18,0,10
2025-01-15 06:29:50.000+05:30,8.01,64.23,772.59,12.028491359177954,6.82,rated_capped,False,,31.64,1.59,27.5,-19,0,10
2025-01-15 06:29:51.000+05:30,8.17,66.59,798.3,11.988286529508933,6.64,rated_capped,False,,31.24,1.49,27.6,21,0,10
2025-01-15 06:29:52.000+05:30,8.06,64.31,774.57,12.044316591509874,6.59,rated_capped,False,,31.07,1.5,27.6,-21,0,10
2025-01-15 06:29:53.000+05:30,8.12,66.53,798.14,11.99669322110326,6.71,rated_capped,False,,31.76,1.84,27.6,-14,0,10
2025-01-15 06:29:54.000+05:30,8.26,67.48,812.26,12.037048014226437,6.73,rated_capped,False,,32.27,1.6,27.6,-18,0,10
2025-01-15 06:29:55.000+05:30,8.69,64.25,776.03,12.078287937743191,6.86,rated_capped,False,,32.21,1.2,27.6,-23,0,10
2025-01-15 06:29:56.000+05:30,8.51,68.24,823.55,12.068434935521688,6.73,rated_capped,False,,32.68,1.89,27.6,-13,0,10
2025-01-15 06:29:57.000+05:30,8.56,63.93,773.96,12.106366338182388,6.81,rated_capped,False,,32.84,1.86,27.6,9,0,10
2025-01-15 06:29:58.000+05:30,8.54,65.56,791.48,12.072605247101892,6.56,rated_capped,False,,32.4,1.46,27.6,29,0,10
2025-01-15 06:29:59.000+05:30,8.44,67.05,806.46,12.027740492170024,6.86,rated_capped,False,,32.66,1.83,27.5,-17,0,10
2025-01-15 06:30:00.000+05:30,8.42,66.54,804.47,12.090021039975953,6.45,rated_capped,False,,31.91,1.81,27.5,21,0,10
2025-01-15 06:30:01.000+05:30,8.42,64.62,776.33,12.013772825750541,6.78,rated_capped,False,,32.06,2.01,27.5,-24,0,10
2025-01-15 06:30:02.000+05:30,8.65,62.76,758.04,12.078393881453154,6.86,rated_capped,False,,31.75,2.02,27.5,-16,0,10
2025-01-15 06:30:03.000+05:30,8.68,63.92,769.44,12.037546933667084,6.61,rated_capped,False,,31.48,1.89,27.5,4,0,10
2025-01-15 06:30:04.000+05:30,8.69,64.76,776.81,11.995213094502777,6.86,rated_capped,False,,31.29,1.56,27.5,-29,0,10
2025-01-15 06:30:05.000+05:30,8.69,63.76,764.38,11.988393977415308,6.93,rated_capped,False,,30.9,1.92,27.5,-6,0,10
2025-01-15 06:30:06.000+05:30,8.77,65.78,794.74,12.081787777439951,6.72,rated_capped,False,,31.56,2.36,27.5,27,0,10
2025-01-15 06:30:07.000+05:30,8.97,65.56,791.44,12.071995118974986,6.72,rated_capped,False,,31.46,2.25,27.5,21,0,10
2025-01-15 06:30:08.000+05:30,9.16,65.31,786.76,12.046547236257847,6.61,rated_capped,False,,31.64,2.34,27.5,-3,0,10
2025-01-15 06:30:09.000+05:30,9.23,66.92,809.15,12.091303048416018,6.76,rated_capped,False,,32.04,2.4,27.5,11,0,10
2025-01-15 06:30:10.000+05:30,9.04,65.64,791.03,12.051035953686776,6.73,rated_capped,False,,32.13,2.34,27.6,-16,0,10
2025-01-15 06:30:11.000+05:30,9.22,66.77,805.05,12.057061554590385,6.78,rated_capped,False,,32.52,2.98,27.6,-12,0,10
2025-01-15 06:30:12.000+05:30,9.32,66.16,795.21,12.019498186215237,6.68,rated_capped,False,,32.62,3.4,27.6,-26,0,10
2025-01-15 06:30:13.000+05:30,9.39,66.2,798.68,12.064652567975829,6.4,rated_capped,False,,32.76,4.09,27.6,5,0,10
2025-01-15 06:30:14.000+05:30,9.23,65.64,790.76,12.046922608165753,6.96,rated_capped,False,,32.65,4.19,27.6,-26,0,10
2025-01-15 06:30:15.000+05:30,9.26,64.64,780.66,12.07704207920792,6.88,rated_capped,False,,32.7,4.31,27.5,-21,0,10
2025-01-15 06:30:16.000+05:30,9.17,65.81,789.71,11.999848047409209,6.82,rated_capped,False,,32.96,4.25,27.6,22,0,10
2025-01-15 06:30:17.000+05:30,9.19,65.78,793.69,12.065825478868957,6.79,rated_capped,False,,32.97,4.5,27.6,23,0,10
2025-01-15 06:30:18.000+05:30,9.01,63.89,770.05,12.052746908749413,6.7,rated_capped,False,,32.35,5.15,27.6,-20,0,10
2025-01-15 06:30:19.000+05:30,8.82,66.1,799.15,12.090015128593041,6.76,rated_capped,False,,32.52,5.59,27.6,-5,0,10
2025-01-15 06:30:20.000+05:30,8.59,66.79,801.96,12.007186704596496,6.65,rated_capped,False,,32.12,5.34,27.5,20,0,10
2025-01-15 06:30:21.000+05:30,8.44,63.0,755.44,11.991111111111111,6.74,rated_capped,False,,31.68,5.34,27.5,21,0,10
2025-01-15 06:30:22.000+05:30,8.5,68.38,823.1,12.037145364141564,7.0,rated_capped,False,,32.3,5.38,27.5,-6,0,10
2025-01-15 06:30:23.000+05:30,8.6,66.42,802.86,12.087624209575429,6.78,rated_capped,False,,32.17,5.25,27.5,25,0,10
2025-01-15 06:30:24.000+05:30,8.39,67.2,813.2,12.101190476190476,6.69,rated_capped,False,,32.3,4.8,27.5,27,0,10
2025-01-15 06:30:25.000+05:30,8.55,65.64,784.24,11.94759293113955,6.83,rated_capped,False,,31.93,4.24,27.5,-27,0,10
2025-01-15 06:30:26.000+05:30,8.55,65.06,782.23,12.023209345219797,6.66,rated_capped,False,,32.18,4.52,27.5,28,0,10
2025-01-15 06:30:27.000+05:30,8.69,66.32,796.33,12.007388419782872,6.9,rated_capped,False,,31.34,3.9,27.5,25,0,10
2025-01-15 06:30:28.000+05:30,8.73,64.87,783.25,12.074148296593185,6.74,rated_capped,False,,31.38,3.75,27.5,-24,0,10
2025-01-15 06:30:29.000+05:30,8.91,65.83,793.34,12.05134437186693,6.94,rated_capped,False,,31.84,3.73,27.5,21,0,10
2025-01-15 06:30:30.000+05:30,8.81,64.84,783.16,12.078346699568167,6.82,rated_capped,False,,31.4,3.43,27.5,26,0,10
2025-01-15 06:30:31.000+05:30,8.87,65.09,784.62,12.054386234444614,6.52,rated_capped,False,,31.27,3.45,27.5,-21,0,10
2025-01-15 06:30:32.000+05:30,9.01,64.64,775.53,11.997679455445544,6.74,rated_capped,False,,31.03,3.25,27.5,-21,0,10
2025-01-15 06:30:33.000+05:30,8.91,64.69,779.07,12.043128767970321,6.8,rated_capped,False,,31.3,2.95,27.5,-4,0,10
2025-01-15 06:30:34.000+05:30,8.77,65.89,791.85,12.017756867506451,6.65,rated_capped,False,,31.25,2.73,27.5,28,0,10
2025-01-15 06:30:35.000+05:30,9.21,65.85,792.14,12.029460895975703,6.5,rated_capped,False,,31.42,2.8,27.6,-20,0,10
2025-01-15 06:30:36.000+05:30,9.37,66.96,807.78,12.06362007168459,6.93,rated_capped,False,,31.19,2.54,27.6,-7,0,10
2025-01-15 06:30:37.000+05:30,9.07,67.42,815.91,12.101898546425392,6.58,rated_capped,False,,30.94,2.5,27.6,3,0,10
2025-01-15 06:30:38.000+05:30,9.19,65.12,780.5,11.98556511056511,6.72,rated_capped,False,,31.5,3.13,27.6,27,0,10
2025-01-15 06:30:39.000+05:30,9.47,65.98,796.79,12.076235222794786,6.71,rated_capped,False,,32.69,2.77,27.6,-27,0,10
2025-01-15 06:30:40.000+05:30,9.59,65.96,793.13,12.024408732565192,6.82,rated_capped,False,,32.9,2.64,27.6,20,0,10
2025-01-15 06:30:41.000+05:30,9.96,65.69,793.99,12.086923428223475,6.87,rated_capped,False,,32.48,2.36,27.6,-4,0,10
2025-01-15 06:30:42.000+05:30,9.84,65.6,794.0,12.103658536585368,6.97,rated_capped,False,,32.33,2.19,27.6,19,0,10
2025-01-15 06:30:43.000+05:30,10.13,66.58,803.6,12.069690597777111,6.9,rated_capped,False,,32.99,1.34,27.6,-23,0,10
2025-01-15 06:30:44.000+05:30,10.07,68.94,829.93,12.038439222512329,6.68,rated_capped,False,,32.95,1.88,27.6,-3,0,10
2025-01-15 06:30:45.000+05:30,9.97,64.92,783.12,12.062846580406655,6.87,rated_capped,False,,32.83,1.65,27.7,-25,0,10
2025-01-15 06:30:46.000+05:30,10.18,66.43,802.41,12.07903055848261,7.04,rated_capped,False,,32.32,2.06,27.7,20,0,10
2025-01-15 06:30:47.000+05:30,9.98,65.5,789.27,12.049923664122137,6.83,rated_capped,False,,32.69,2.09,27.7,13,0,10
2025-01-15 06:30:48.000+05:30,10.18,65.18,783.62,12.022399509051855,6.83,rated_capped,False,,32.97,1.71,27.7,-24,0,10
2025-01-15 06:30:49.000+05:30,10.23,65.35,787.62,12.052333588370315,6.67,rated_capped,False,,32.95,2.4,27.7,1,0,10
2025-01-15 06:30:50.000+05:30,10.39,64.13,769.67,12.00171526586621,6.82,rated_capped,False,,32.66,2.81,27.7,-26,0,10
2025-01-15 06:30:51.000+05:30,10.46,67.67,811.22,11.987882370326584,6.74,rated_capped,False,,32.69,3.29,27.7,-5,0,10
2025-01-15 06:30:52.000+05:30,10.59,64.57,772.3,11.960662846523153,6.65,rated_capped,False,,32.95,2.7,27.7,-12,0,10
2025-01-15 06:30:53.000+05:30,10.36,67.21,810.77,12.063234637702724,6.48,rated_capped,False,,32.73,1.69,27.7,-1,0,10
2025-01-15 06:30:54.000+05:30,10.42,67.25,811.64,12.06899628252788,6.81,rated_capped,False,,32.85,1.93,27.7,-2,0,10
2025-01-15 06:30:55.000+05:30,10.59,66.82,803.58,12.026040107752172,6.86,rated_capped,False,,32.45,1.84,27.7,29,0,10
2025-01-15 06:30:56.000+05:30,10.37,63.61,764.57,12.019650998270713,6.86,rated_capped,False,,32.36,0.89,27.7,0,0,10
2025-01-15 06:30:57.000+05:30,10.25,66.37,804.63,12.123399126111194,6.85,rated_capped,False,,32.5,0.54,27.6,22,0,10
2025-01-15 06:30:58.000+05:30,10.03,63.61,768.76,12.08552114447414,6.72,rated_capped,False,,32.67,0.55,27.6,-10,0,10
2025-01-15 06:30:59.000+05:30,9.79,62.33,750.52,12.041071715064977,6.46,rated_capped,False,,32.91,0.0,27.7,-20,0,10
2025-01-15 06:31:00.000+05:30,9.94,61.04,735.64,12.051769331585845,6.95,rated_capped,False,,33.0,0.0,27.7,-15,0,10
2025-01-15 06:31:01.000+05:30,9.93,66.49,800.93,12.045871559633028,6.8,rated_capped,False,,32.97,0.0,27.7,-9,0,10
2025-01-15 06:31:02.000+05:30,9.97,67.22,809.41,12.041207973817317,6.84,rated_capped,False,,32.56,0.0,27.7,-17,0,10
2025-01-15 06:31:03.000+05:30,10.15,63.57,764.94,12.033034450212366,6.91,rated_capped,False,,32.07,0.52,27.7,29,0,10
2025-01-15 06:31:04.000+05:30,10.03,68.06,817.77,12.015427563914193,6.53,rated_capped,False,,32.21,0.17,27.7,5,0,10
2025-01-15 06:31:05.000+05:30,10.52,65.83,796.59,12.100713960200517,6.78,rated_capped,False,,32.36,0.0,27.7,23,0,10
2025-01-15 06:31:06.000+05:30,10.77,67.26,807.73,12.009069283377936,6.78,rated_capped,False,,32.69,0.0,27.7,7,0,10
2025-01-15 06:31:07.000+05:30,10.89,63.65,768.19,12.068970934799687,6.56,rated_capped,False,,32.3,0.76,27.6,-30,0,10
2025-01-15 06:31:08.000+05:30,10.85,67.06,806.48,12.026245153593797,6.63,rated_capped,False,,32.52,0.73,27.7,-26,0,10
2025-01-15 06:31:09.000+05:30,10.73,63.77,764.67,11.991061627724633,6.85,rated_capped,False,,32.98,0.98,27.6,10,0,10
2025-01-15 06:31:10.000+05:30,10.79,64.59,774.65,11.99334262269701,6.6,rated_capped,False,,32.7,0.15,27.6,5,0,10
2025-01-15 06:31:11.000+05:30,10.87,70.0,840.28,12.004,6.71,rated_capped,False,,32.42,0.29,27.6,13,0,10
2025-01-15 06:31:12.000+05:30,10.75,65.55,792.62,12.091838291380625,7.04,rated_capped,False,,32.98,0.48,27.6,16,0,10
2025-01-15 06:31:13.000+05:30,10.97,64.13,773.8,12.066115702479339,6.7,rated_capped,False,,32.96,0.24,27.6,29,0,10
2025-01-15 06:31:14.000+05:30,10.84,64.73,775.37,11.978526185694422,6.84,rated_capped,False,,32.98,1.94,27.6,-23,0,10
2025-01-15 06:31:15.000+05:30,10.83,68.1,821.9,12.069016152716594,6.41,rated_capped,False,,32.9,2.0,27.6,-2,0,10
2025-01-15 06:31:16.000+05:30,10.74,66.45,796.82,11.991271632806622,6.59,rated_capped,False,,32.82,2.5,27.6,9,0,10
2025-01-15 06:31:17.000+05:30,10.8,64.14,770.78,12.017149984409105,6.82,rated_capped,False,,32.98,2.61,27.6,28,0,10
2025-01-15 06:31:18.000+05:30,11.03,65.67,789.46,12.021623267854423,6.84,rated_capped,False,,32.98,2.15,27.6,-20,0,10
2025-01-15 06:31:19.000+05:30,11.0,69.83,840.88,12.041815838464844,6.62,rated_capped,False,,32.72,2.68,27.6,18,0,10
2025-01-15 06:31:20.000+05:30,10.75,65.75,788.58,11.99361216730038,6.86,rated_capped,False,,32.98,3.05,27.6,0,0,10
2025-01-15 06:31:21.000+05:30,10.5,67.43,812.48,12.049236244994809,6.98,rated_capped,False,,33.01,4.49,27.6,19,0,10
2025-01-15 06:31:22.000+05:30,10.38,63.31,767.02,12.115305638919601,6.85,rated_capped,False,,32.98,4.6,27.6,6,0,10
2025-01-15 06:31:23.000+05:30,10.73,64.62,773.15,11.964562055091301,6.9,rated_capped,False,,32.99,5.27,27.6,-25,0,10
2025-01-15 06:31:24.000+05:30,10.77,62.96,757.43,12.03033672172808,6.62,rated_capped,False,,32.7,5.43,27.6,5,0,10
2025-01-15 06:31:25.000+05:30,10.77,67.27,815.49,12.122640107031367,6.82,rated_capped,False,,32.56,5.06,27.6,22,0,10
2025-01-15 06:31:26.000+05:30,10.73,68.28,826.52,12.104862331575864,6.49,rated_capped,False,,31.32,5.12,27.6,14,0,10
2025-01-15 06:31:27.000+05:30,10.87,66.62,801.12,12.025217652356648,6.79,rated_capped,False,,31.23,5.38,27.6,-11,0,10
2025-01-15 06:31:28.000+05:30,10.86,66.71,803.62,12.04646979463349,6.79,rated_capped,False,,31.45,4.87,27.6,-22,0,10
2025-01-15 06:31:29.000+05:30,10.78,64.36,776.8,12.06960845245494,6.83,rated_capped,False,,31.1,5.15,27.7,-19,0,10
2025-01-15 06:31:30.000+05:30,10.6,65.92,794.11,12.046571601941748,6.66,rated_capped,False,,31.74,4.85,27.6,18,0,10
2025-01-15 06:31:31.000+05:30,10.53,63.75,763.45,11.975686274509805,6.65,rated_capped,False,,31.61,5.09,27.7,-11,0,10
2025-01-15 06:31:32.000+05:30,10.65,66.68,801.69,12.022945410917815,6.81,rated_capped,False,,31.54,5.39,27.7,-9,0,10
2025-01-15 06:31:33.000+05:30,10.7,67.03,805.85,12.0222288527525,6.72,rated_capped,False,,31.15,6.49,27.7,-7,0,10
2025-01-15 06:31:34.000+05:30,10.64,67.43,817.8,12.128132878540708,6.85,rated_capped,False,,31.05,6.63,27.7,-9,0,10
2025-01-15 06:31:35.000+05:30,10.83,64.23,773.01,12.035030359645026,6.74,rated_capped,False,,31.23,5.71,27.7,-20,0,10
2025-01-15 06:31:36.000+05:30,10.81,65.04,781.11,12.009686346863468,6.57,rated_capped,False,,31.56,4.79,27.7,26,0,10
2025-01-15 06:31:37.000+05:30,11.07,64.55,776.14,12.023857474825716,6.74,rated_capped,False,,31.73,4.84,27.7,-18,0,10
2025-01-15 06:31:38.000+05:30,11.13,68.15,826.67,12.130154071900218,6.59,rated_capped,False,,32.0,4.47,27.7,-13,0,10
2025-01-15 06:31:39.000+05:30,11.42,66.61,799.83,12.007656508031827,6.62,rated_capped,False,,32.37,4.84,27.7,-18,0,10
2025-01-15 06:31:40.000+05:30,11.42,63.06,756.69,11.999524262607041,6.42,rated_capped,False,,31.83,4.07,27.7,-15,0,10
2025-01-15 06:31:41.000+05:30,11.45,65.47,787.74,12.032075759890027,6.53,rated_capped,False,,31.99,4.9,27.7,-23,0,10
2025-01-15 06:31:42.000+05:30,11.26,64.92,776.14,11.955329636475662,6.83,rated_capped,False,,32.04,4.57,27.7,-17,0,10
2025-01-15 06:31:43.000+05:30,11.28,64.88,775.59,11.954223181257708,7.06,rated_capped,False,,31.77,4.42,27.7,-13,0,10
2025-01-15 06:31:44.000+05:30,11.19,64.83,778.96,12.015424957581368,6.58,rated_capped,False,,32.38,4.54,27.8,24,0,10
2025-01-15 06:31:45.000+05:30,11.15,65.58,789.85,12.044068313510218,6.76,rated_capped,False,,32.25,4.14,27.8,26,0,10
2025-01-15 06:31:46.000+05:30,11.28,64.5,776.26,12.035038759689922,6.85,rated_capped,False,,32.47,3.42,27.8,-12,0,10
2025-01-15 06:31:47.000+05:30,11.43,65.73,787.44,11.979917845732542,6.72,rated_capped,False,,32.14,4.29,27.8,-2,0,10
2025-01-15 06:31:48.000+05:30,11.52,67.56,806.86,11.942865600947306,6.74,rated_capped,False,,32.58,5.24,27.8,-2,0,10
2025-01-15 06:31:49.000+05:30,11.51,67.22,810.77,12.06144004760488,7.06,rated_capped,False,,31.74,5.3,27.8,-23,0,10
2025-01-15 06:31:50.000+05:30,11.49,65.48,789.74,12.060781918142943,6.88,rated_capped,False,,31.44,5.78,27.8,-11,0,10
2025-01-15 06:31:51.000+05:30,11.46,64.22,773.38,12.042665836188103,6.88,rated_capped,False,,31.74,4.83,27.7,12,0,10
2025-01-15 06:31:52.000+05:30,11.73,62.46,748.91,11.990233749599744,6.95,rated_capped,False,,31.55,4.42,27.8,3,0,10
2025-01-15 06:31:53.000+05:30,11.74,67.53,809.38,11.985487931289796,6.7,rated_capped,False,,31.83,4.06,27.8,-24,0,10
2025-01-15 06:31:54.000+05:30,11.71,63.44,765.9,12.07282471626734,6.75,rated_capped,False,,32.1,3.27,27.8,-5,0,10
2025-01-15 06:31:55.000+05:30,11.38,64.94,778.8,11.992608561749307,6.9,rated_capped,False,,32.4,2.84,27.8,24,0,10
2025-01-15 06:31:56.000+05:30,11.29,65.57,792.22,12.082049717858778,6.81,rated_capped,False,,32.98,3.32,27.8,-29,0,10
2025-01-15 06:31:57.000+05:30,11.23,64.84,782.01,12.060610734114743,6.68,rated_capped,False,,31.85,3.61,27.8,-26,0,10
2025-01-15 06:31:58.000+05:30,11.59,63.22,759.76,12.017715912685858,6.78,rated_capped,False,,32.14,4.52,27.8,-7,0,10
2025-01-15 06:31:59.000+05:30,11.65,64.74,783.81,12.107043558850789,6.75,rated_capped,False,,32.77,4.96,27.8,-25,0,10
2025-01-15 06:32:00.000+05:30,11.59,67.49,816.3,12.095125203733886,6.81,rated_capped,False,,32.3,5.27,27.8,10,0,10
2025-01-15 06:32:01.000+05:30,11.55,65.68,793.32,12.078562728380025,6.98,rated_capped,False,,32.23,4.88,27.7,1,0,10
2025-01-15 06:32:02.000+05:30,11.6,64.36,776.27,12.061373523927905,6.93,rated_capped,False,,32.53,4.56,27.7,29,0,10
2025-01-15 06:32:03.000+05:30,11.59,62.19,748.89,12.041968162083936,6.57,rated_capped,False,,32.8,4.17,27.8,10,0,10
2025-01-15 06:32:04.000+05:30,11.39,66.48,805.7,12.119434416365824,6.76,rated_capped,False,,32.89,3.85,27.8,-19,0,10
2025-01-15 06:32:05.000+05:30,11.49,66.73,802.35,12.023827364004196,6.67,rated_capped,False,,32.95,4.22,27.8,28,0,10
2025-01-15 06:32:06.000+05:30,11.47,65.61,784.81,11.961743636640755,6.84,rated_capped,False,,32.59,3.75,27.8,14,0,10
2025-01-15 06:32:07.000+05:30,11.59,65.53,786.38,12.000305203723485,6.89,rated_capped,False,,32.28,3.69,27.8,-24,0,10
2025-01-15 06:32:08.000+05:30,11.67,66.89,806.76,12.060995664523844,6.55,rated_capped,False,,32.48,3.84,27.8,-20,0,10
2025-01-15 06:32:09.000+05:30,11.85,64.74,786.04,12.141489033055299,6.65,rated_capped,False,,32.95,3.13,27.8,-9,0,10
2025-01-15 06:32:10.000+05:30,11.92,67.35,810.83,12.039049740163328,6.42,rated_capped,False,,32.47,2.94,27.8,-3,0,10
2025-01-15 06:32:11.000+05:30,12.0,65.94,788.56,11.958750379132544,6.55,rated_capped,False,,32.64,2.53,27.7,-18,0,10
2025-01-15 06:32:12.000+05:30,11.88,62.15,746.78,12.015768302493965,6.81,rated_capped,False,,32.5,2.8,27.7,14,0,10
2025-01-15 06:32:13.000+05:30,11.91,63.65,768.79,12.078397486252946,6.61,rated_capped,False,,32.03,2.75,27.8,15,0,10
2025-01-15 06:32:14.000+05:30,11.91,63.65,765.87,12.032521602513748,6.77,rated_capped,False,,32.24,2.48,27.8,28,0,10
2025-01-15 06:32:15.000+05:30,12.0,65.34,785.48,12.021426385062748,6.74,rated_capped,False,,32.08,2.29,27.8,-14,0,10
2025-01-15 06:32:16.000+05:30,11.96,66.19,799.78,12.083094122979302,6.82,rated_capped,False,,31.89,2.53,27.8,21,0,10
2025-01-15 06:32:17.000+05:30,11.73,65.95,791.12,11.995754359363154,6.82,rated_capped,False,,31.82,2.77,27.8,18,0,10
2025-01-15 06:32:18.000+05:30,11.7,65.02,788.59,12.128422023992618,7.01,rated_capped,False,,32.02,3.04,27.8,19,0,10
2025-01-15 06:32:19.000+05:30,11.73,65.91,796.2,12.080109239872554,6.79,rated_capped,False,,32.07,3.94,27.8,7,0,10
2025-01-15 06:32:20.000+05:30,11.93,62.81,756.84,12.049673618850502,6.47,rated_capped,False,,32.33,4.31,27.8,11,0,10
2025-01-15 06:32:21.000+05:30,12.0,63.46,762.29,12.012133627481878,6.32,rated_capped,False,,32.04,4.3,27.8,20,0,10
2025-01-15 06:32:22.000+05:30,12.0,65.52,786.51,12.00412087912088,7.0,rated_capped,False,,32.45,3.93,27.8,8,0,10
2025-01-15 06:32:23.000+05:30,11.84,67.27,810.17,12.043555819830534,6.67,rated_capped,False,,32.57,3.79,27.8,9,0,10
2025-01-15 06:32:24.000+05:30,11.87,63.75,768.24,12.050823529411765,6.72,rated_capped,False,,32.57,3.37,27.8,-27,0,10
2025-01-15 06:32:25.000+05:30,11.87,66.88,803.69,12.016895933014355,6.88,rated_capped,False,,32.12,3.38,27.8,-5,0,10
2025-01-15 06:32:26.000+05:30,11.82,63.21,763.83,12.084005695301377,6.3,rated_capped,False,,31.96,3.56,27.8,-7,0,10
2025-01-15 06:32:27.000+05:30,11.69,63.13,759.48,12.030413432599397,6.79,rated_capped,False,,31.87,3.94,27.7,-27,0,10
2025-01-15 06:32:28.000+05:30,11.6,63.84,766.17,12.00140977443609,6.62,rated_capped,False,,31.95,4.15,27.8,-29,0,10
2025-01-15 06:32:29.000+05:30,11.34,64.64,776.76,12.01670792079208,6.75,rated_capped,False,,32.6,5.09,27.8,29,0,10
2025-01-15 06:32:30.000+05:30,11.45,65.89,792.02,12.020336925178327,6.59,rated_capped,False,,32.4,5.44,27.8,-30,0,10
2025-01-15 06:32:31.000+05:30,11.69,64.99,779.26,11.99046007078012,6.71,rated_capped,False,,32.6,6.13,27.8,-18,0,10
2025-01-15 06:32:32.000+05:30,11.51,64.96,781.95,12.037407635467982,6.75,rated_capped,False,,32.8,6.72,27.8,-26,0,10
2025-01-15 06:32:33.000+05:30,11.63,63.33,758.21,11.972366966682458,6.73,rated_capped,False,,32.61,6.37,27.8,-11,0,10
2025-01-15 06:32:34.000+05:30,11.69,63.41,765.79,12.076801766282921,6.6,rated_capped,False,,32.94,6.68,27.7,3,0,10
2025-01-15 06:32:35.000+05:30,11.72,65.22,784.42,12.027292241643668,6.77,rated_capped,False,,32.2,7.05,27.8,10,0,10
2025-01-15 06:32:36.000+05:30,11.61,65.5,783.62,11.963664122137404,6.79,rated_capped,False,,32.13,7.35,27.8,-5,0,10
2025-01-15 06:32:37.000+05:30,11.38,66.88,805.95,12.050687799043065,6.85,rated_capped,False,,32.57,6.93,27.8,12,0,10
2025-01-15 06:32:38.000+05:30,11.5,64.47,777.49,12.05971769815418,6.71,rated_capped,False,,32.96,7.17,27.7,22,0,10
2025-01-15 06:32:39.000+05:30,11.44,65.65,792.17,12.066565118050265,6.83,rated_capped,False,,32.79,7.53,27.7,23,0,10
2025-01-15 06:32:40.000+05:30,11.57,67.15,807.96,12.03216679076694,6.79,rated_capped,False,,32.65,7.48,27.7,14,0,10
2025-01-15 06:32:41.000+05:30,11.68,61.87,744.39,12.03151769839987,6.86,rated_capped,False,,32.87,6.46,27.7,22,0,10
2025-01-15 06:32:42.000+05:30,11.51,65.44,790.47,12.079309290953546,6.72,rated_capped,False,,32.47,7.21,27.7,-16,0,10
2025-01-15 06:32:43.000+05:30,11.25,66.77,800.66,11.991313464130597,6.81,rated_capped,False,,32.61,7.87,27.7,-27,0,10
2025-01-15 06:32:44.000+05:30,11.17,63.74,765.04,12.002510197678067,6.79,rated_capped,False,,32.85,7.67,27.7,-5,0,10
2025-01-15 06:32:45.000+05:30,10.72,65.87,794.29,12.058448459086078,6.77,rated_capped,False,,32.97,8.16,27.7,18,0,10
2025-01-15 06:32:46.000+05:30,10.46,64.8,782.87,12.081327160493828,6.59,rated_capped,False,,32.94,8.13,27.7,-4,0,10
2025-01-15 06:32:47.000+05:30,10.23,65.47,790.0,12.066595387200245,6.71,rated_capped,False,,32.96,8.07,27.7,7,0,10
2025-01-15 06:32:48.000+05:30,10.43,66.1,796.84,12.055068078668686,6.48,rated_capped,False,,32.38,8.61,27.7,-15,0,10
2025-01-15 06:32:49.000+05:30,10.31,64.17,771.84,12.02805049088359,6.48,rated_capped,False,,31.53,8.23,27.7,28,0,10
2025-01-15 06:32:50.000+05:30,10.3,64.75,778.11,12.017142857142858,6.58,rated_capped,False,,32.04,8.25,27.7,-22,0,10
2025-01-15 06:32:51.000+05:30,10.26,63.85,771.66,12.085512920908378,6.6,rated_capped,False,,31.86,7.52,27.7,-12,0,10
2025-01-15 06:32:52.000+05:30,10.28,62.67,755.32,12.052337641614809,6.54,rated_capped,False,,31.52,8.02,27.7,-4,0,10
2025-01-15 06:32:53.000+05:30,10.54,66.37,797.79,12.020340515293054,6.71,rated_capped,False,,31.57,8.21,27.7,-9,0,10
2025-01-15 06:32:54.000+05:30,10.48,67.62,812.22,12.011535048802129,6.84,rated_capped,False,,31.37,8.32,27.7,3,0,10
2025-01-15 06:32:55.000+05:30,10.4,65.88,798.48,12.120218579234974,6.8,rated_capped,False,,31.5,8.78,27.7,-3,0,10
2025-01-15 06:32:56.000+05:30,10.16,67.71,816.56,12.05966622360065,6.82,rated_capped,False,,31.68,9.13,27.7,19,0,10
2025-01-15 06:32:57.000+05:30,9.87,64.44,781.76,12.131595282433272,6.87,rated_capped,False,,31.49,10.09,27.8,8,0,10
2025-01-15 06:32:58.000+05:30,10.12,66.35,799.21,12.045365486058781,6.63,rated_capped,False,,31.6,10.62,27.8,17,0,10
2025-01-15 06:32:59.000+05:30,10.49,64.36,774.35,12.031541330018646,6.8,rated_capped,False,,31.21,10.66,27.8,-3,0,10
2025-01-15 06:33:00.000+05:30,10.33,66.41,796.95,12.000451739195906,6.46,rated_capped,False,,30.9,10.41,27.8,9,0,10
2025-01-15 06:33:01.000+05:30,10.51,67.99,820.73,12.071334019708782,6.79,rated_capped,False,,31.01,10.34,27.8,3,0,10
2025-01-15 06:33:02.000+05:30,10.77,64.89,783.16,12.069039913700108,6.98,rated_capped,False,,30.48,10.26,27.8,17,0,10
2025-01-15 06:33:03.000+05:30,10.72,65.81,789.0,11.989059413463,6.93,rated_capped,False,,31.13,10.61,27.8,-2,0,10
2025-01-15 06:33:04.000+05:30,10.71,66.28,794.84,11.992154496077248,6.96,rated_capped,False,,31.21,10.52,27.8,-26,0,10
2025-01-15 06:33:05.000+05:30,10.59,65.74,800.85,12.182080924855493,6.75,rated_capped,False,,31.07,10.56,27.8,18,0,10
2025-01-15 06:33:06.000+05:30,10.43,66.97,805.17,12.02284605047036,6.57,rated_capped,False,,30.61,10.18,27.8,25,0,10
2025-01-15 06:33:07.000+05:30,10.31,64.84,776.7,11.978716841455892,6.62,rated_capped,False,,30.2,9.54,27.8,-1,0,10
2025-01-15 06:33:08.000+05:30,10.46,67.11,812.11,12.10117717180748,6.57,rated_capped,False,,30.02,9.86,27.8,6,0,10
2025-01-15 06:33:09.000+05:30,10.6,65.69,788.29,12.00015223017202,6.76,rated_capped,False,,29.38,9.94,27.7,-18,0,10
2025-01-15 06:33:10.000+05:30,10.9,67.73,819.06,12.0930163886018,6.8,rated_capped,False,,29.28,9.64,27.8,19,0,10
2025-01-15 06:33:11.000+05:30,11.2,66.59,804.56,12.082294638834659,6.7,rated_capped,False,,29.06,9.11,27.7,0,0,10
2025-01-15 06:33:12.000+05:30,11.32,64.0,771.34,12.0521875,6.93,rated_capped,False,,28.91,9.7,27.7,-19,0,10
2025-01-15 06:33:13.000+05:30,11.2,64.66,776.36,12.006804825239715,6.75,rated_capped,False,,28.83,10.45,27.7,-7,0,10
2025-01-15 06:33:14.000+05:30,11.01,63.32,761.85,12.031743524952622,6.73,rated_capped,False,,28.98,9.59,27.7,22,0,10
2025-01-15 06:33:15.000+05:30,10.97,63.21,762.19,12.058060433475717,6.71,rated_capped,False,,29.5,10.6,27.7,9,0,10
2025-01-15 06:33:16.000+05:30,10.94,66.38,794.31,11.96610424826755,6.55,rated_capped,False,,29.96,10.65,27.7,4,0,10
2025-01-15 06:33:17.000+05:30,10.8,68.11,817.9,12.008515636470415,6.86,rated_capped,False,,29.98,10.56,27.7,23,0,10
2025-01-15 06:33:18.000+05:30,10.84,65.75,790.31,12.019923954372622,6.91,rated_capped,False,,29.44,11.19,27.7,19,0,10
2025-01-15 06:33:19.000+05:30,11.01,63.67,766.62,12.040521438668133,6.65,rated_capped,False,,29.67,9.93,27.7,4,0,10
2025-01-15 06:33:20.000+05:30,11.13,65.92,787.94,11.952973300970875,6.72,rated_capped,False,,30.6,10.46,27.8,24,0,10
2025-01-15 06:33:21.000+05:30,11.2,65.64,796.22,12.130103595368677,6.77,rated_capped,False,,30.34,10.11,27.8,26,0,10
2025-01-15 06:33:22.000+05:30,10.78,68.61,831.66,12.121556624398774,6.68,rated_capped,False,,30.59,11.26,27.8,-25,0,10
2025-01-15 06:33:23.000+05:30,10.54,68.91,830.29,12.048904368016252,6.72,rated_capped,False,,31.1,10.59,27.8,9,0,10
2025-01-15 06:33:24.000+05:30,10.51,65.1,782.94,12.02672811059908,6.76,rated_capped,False,,31.03,10.43,27.8,-4,0,10
2025-01-15 06:33:25.000+05:30,10.21,65.08,787.7,12.103564843269822,6.69,rated_capped,False,,31.0,9.42,27.8,-7,0,10
2025-01-15 06:33:26.000+05:30,10.23,67.24,809.99,12.046252230814993,6.65,rated_capped,False,,31.16,9.82,27.8,-20,0,10
2025-01-15 06:33:27.000+05:30,10.36,63.91,769.71,12.043655140040684,6.61,rated_capped,False,,31.33,10.43,27.9,-29,0,10
2025-01-15 06:33:28.000+05:30,10.3,67.18,805.35,11.98794284013099,6.92,rated_capped,False,,30.65,10.35,27.9,29,0,10
2025-01-15 06:33:29.000+05:30,10.32,63.57,765.63,12.043888626710713,6.64,rated_capped,False,,30.34,10.14,27.9,4,0,10
2025-01-15 06:33:30.000+05:30,10.29,66.03,798.07,12.086475844313192,6.83,rated_capped,False,,30.56,11.46,27.9,29,0,10
2025-01-15 06:33:31.000+05:30,10.51,66.71,804.63,12.061609953530207,6.74,rated_capped,False,,30.5,11.68,27.9,-30,0,10
2025-01-15 06:33:32.000+05:30,10.65,67.39,808.88,12.002967799376762,6.84,rated_capped,False,,30.71,13.28,27.9,-6,0,10
2025-01-15 06:33:33.000+05:30,10.81,67.29,809.46,12.029424877396343,6.69,rated_capped,False,,30.28,13.32,27.9,-8,0,10
2025-01-15 06:33:34.000+05:30,10.74,62.51,754.67,12.072788353863382,6.64,rated_capped,False,,30.27,13.55,27.9,7,0,10
2025-01-15 06:33:35.000+05:30,10.86,64.5,778.53,12.070232558139535,6.88,rated_capped,False,,29.38,13.84,27.9,-24,0,10
2025-01-15 06:33:36.000+05:30,10.75,67.05,808.41,12.05682326621924,6.64,rated_capped,False,,28.85,14.0,27.9,-5,0,10
2025-01-15 06:33:37.000+05:30,10.76,66.8,805.42,12.057185628742515,6.54,rated_capped,False,,29.1,14.0,27.9,-30,0,10
2025-01-15 06:33:38.000+05:30,10.87,67.79,811.82,11.975512612479717,6.52,rated_capped,False,,28.84,13.38,27.9,-24,0,10
2025-01-15 06:33:39.000+05:30,10.79,64.84,778.2,12.001850709438619,6.7,rated_capped,False,,29.33,13.86,27.9,13,0,10
2025-01-15 06:33:40.000+05:30,10.7,62.99,760.93,12.080171455786632,6.89,rated_capped,False,,29.17,13.63,27.9,26,0,10
2025-01-15 06:33:41.000+05:30,10.82,64.16,770.16,12.003740648379052,6.83,rated_capped,False,,28.96,12.03,27.9,17,0,10
2025-01-15 06:33:42.000+05:30,11.08,63.47,761.66,12.000315109500551,6.56,rated_capped,False,,29.35,12.16,27.8,-23,0,10
2025-01-15 06:33:43.000+05:30,11.15,67.53,813.36,12.044424700133273,6.91,rated_capped,False,,29.56,11.19,27.8,20,0,10
2025-01-15 06:33:44.000+05:30,11.4,64.91,782.63,12.057156062240026,6.71,rated_capped,False,,29.5,11.28,27.8,-16,0,10
2025-01-15 06:33:45.000+05:30,11.3,69.43,834.04,12.012674636324354,6.56,rated_capped,False,,29.94,12.12,27.8,-2,0,10
2025-01-15 06:33:46.000+05:30,11.51,64.79,781.06,12.05525544065442,6.96,rated_capped,False,,30.34,11.82,27.8,29,0,10
2025-01-15 06:33:47.000+05:30,11.89,66.99,811.46,12.113151216599494,6.71,rated_capped,False,,30.9,12.24,27.8,4,0,10
2025-01-15 06:33:48.000+05:30,11.91,63.64,767.98,12.067567567567568,6.71,rated_capped,False,,31.43,11.85,27.8,-29,0,10
2025-01-15 06:33:49.000+05:30,11.89,64.07,773.58,12.073981582643984,6.41,rated_capped,False,,31.31,12.7,27.8,23,0,10
2025-01-15 06:33:50.000+05:30,11.49,63.62,763.37,11.998899717070104,6.64,rated_capped,False,,31.33,12.34,27.8,-22,0,10
2025-01-15 06:33:51.000+05:30,11.69,63.81,767.18,12.022880426265475,6.74,rated_capped,False,,31.68,12.73,27.8,10,0,10
2025-01-15 06:33:52.000+05:30,11.53,66.73,797.21,11.946800539487487,6.71,rated_capped,False,,31.31,12.57,27.8,-8,0,10
2025-01-15 06:33:53.000+05:30,11.48,65.05,779.56,11.984012298232129,6.79,rated_capped,False,,31.61,12.05,27.8,29,0,10
2025-01-15 06:33:54.000+05:30,11.39,66.23,789.82,11.925411444964517,6.95,rated_capped,False,,31.89,11.78,27.8,-1,0,10
2025-01-15 06:33:55.000+05:30,11.39,66.07,790.7,11.967610110488877,6.53,rated_capped,False,,31.26,11.57,27.8,-21,0,10
2025-01-15 06:33:56.000+05:30,11.44,64.51,776.55,12.037668578514957,6.8,rated_capped,False,,31.32,11.35,27.8,11,0,10
2025-01-15 06:33:57.000+05:30,11.39,65.51,786.53,12.006258586475345,6.52,rated_capped,False,,30.93,12.06,27.8,26,0,10
2025-01-15 06:33:58.000+05:30,11.7,62.41,758.84,12.158948886396413,6.61,rated_capped,False,,31.33,12.26,27.8,13,0,10
2025-01-15 06:33:59.000+05:30,11.71,64.69,780.43,12.064152110063379,6.71,rated_capped,False,,31.36,12.12,27.8,-13,0,10
2025-01-15 06:34:00.000+05:30,11.71,63.92,772.15,12.079943679599499,6.81,rated_capped,False,,31.75,13.29,27.8,22,0,10
2025-01-15 06:34:01.000+05:30,11.65,69.19,831.07,12.011417834947247,6.54,rated_capped,False,,32.12,13.31,27.7,23,0,10
2025-01-15 06:34:02.000+05:30,11.85,66.8,811.46,12.147604790419162,7.06,rated_capped,False,,31.78,12.57,27.7,-9,0,10
2025-01-15 06:34:03.000+05:30,11.92,62.44,753.75,12.07158872517617,6.99,rated_capped,False,,31.7,12.12,27.7,-19,0,10
2025-01-15 06:34:04.000+05:30,12.0,66.47,803.72,12.091469836016248,6.6,rated_capped,False,,31.99,11.89,27.7,25,0,10
2025-01-15 06:34:05.000+05:30,11.87,64.07,776.13,12.113781801154987,6.94,rated_capped,False,,32.21,11.29,27.7,15,0,10
2025-01-15 06:34:06.000+05:30,11.76,67.16,807.57,12.024568195354378,6.75,rated_capped,False,,32.58,11.59,27.7,24,0,10
2025-01-15 06:34:07.000+05:30,11.75,67.07,805.12,12.004174742806025,6.51,rated_capped,False,,32.57,11.35,27.7,10,0,10
2025-01-15 06:34:08.000+05:30,11.53,67.7,811.63,11.988626292466764,7.01,rated_capped,False,,32.92,10.63,27.6,28,0,10
2025-01-15 06:34:09.000+05:30,11.55,66.03,793.87,12.022868393154626,6.57,rated_capped,False,,32.85,11.21,27.6,23,0,10
2025-01-15 06:34:10.000+05:30,11.45,66.56,802.74,12.060396634615385,6.98,rated_capped,False,,33.01,11.59,27.7,-18,0,10
2025-01-15 06:34:11.000+05:30,11.6,67.83,818.09,12.060887512899898,6.6,rated_capped,False,,32.94,10.89,27.7,-15,0,10
2025-01-15 06:34:12.000+05:30,11.65,65.39,787.78,12.047407860529132,6.49,rated_capped,False,,32.21,10.38,27.6,-21,0,10
2025-01-15 06:34:13.000+05:30,11.45,67.83,816.85,12.042606516290727,6.72,rated_capped,False,,31.96,11.32,27.7,9,0,10
2025-01-15 06:34:14.000+05:30,10.94,64.89,777.86,11.987363230081677,6.57,rated_capped,False,,31.75,11.01,27.7,23,0,10
2025-01-15 06:34:15.000+05:30,11.06,66.28,800.11,12.07166566083283,6.61,rated_capped,False,,31.97,10.97,27.7,-20,0,10
2025-01-15 06:34:16.000+05:30,11.33,62.4,748.95,12.002403846153847,6.79,rated_capped,False,,31.6,10.23,27.7,-10,0,10
2025-01-15 06:34:17.000+05:30,11.18,66.77,801.58,12.00509210723379,6.73,rated_capped,False,,31.77,9.5,27.7,15,0,10
2025-01-15 06:34:18.000+05:30,11.11,65.37,782.61,11.972005507113353,6.63,rated_capped,False,,31.68,9.89,27.7,7,0,10
2025-01-15 06:34:19.000+05:30,11.18,63.54,766.36,12.061063896757949,6.66,rated_capped,False,,31.38,10.48,27.7,9,0,10
2025-01-15 06:34:20.000+05:30,11.51,66.11,792.99,11.995008319467555,6.72,rated_capped,False,,31.59,9.78,27.7,24,0,10
2025-01-15 06:34:21.000+05:30,11.51,66.57,798.9,12.000901306894999,6.61,rated_capped,False,,31.71,10.02,27.7,-15,0,10
2025-01-15 06:34:22.000+05:30,11.72,67.59,809.96,11.983429501405533,6.85,rated_capped,False,,31.03,10.77,27.7,-26,0,10
2025-01-15 06:34:23.000+05:30,11.85,65.72,789.18,12.008216676810711,6.64,rated_capped,False,,31.03,10.17,27.6,-12,0,10
2025-01-15 06:34:24.000+05:30,11.75,64.04,770.63,12.03357276702061,6.34,rated_capped,False,,30.38,11.09,27.7,1,0,10
2025-01-15 06:34:25.000+05:30,12.0,62.22,743.45,11.94873031179685,6.91,rated_capped,False,,30.65,10.66,27.6,-12,0,10
2025-01-15 06:34:26.000+05:30,11.95,66.93,805.97,12.041984162557895,6.52,rated_capped,False,,30.63,10.44,27.6,-20,0,10
2025-01-15 06:34:27.000+05:30,11.89,65.32,787.57,12.057103490508268,7.03,rated_capped,False,,30.58,10.62,27.6,-24,0,10
2025-01-15 06:34:28.000+05:30,11.88,66.43,800.53,12.050730091825981,6.94,rated_capped,False,,31.28,10.29,27.6,-30,0,10
2025-01-15 06:34:29.000+05:30,11.73,66.39,802.06,12.081036300647687,6.64,rated_capped,False,,30.93,11.06,27.6,-17,0,10
2025-01-15 06:34:30.000+05:30,11.69,66.39,799.62,12.04428377767736,6.58,rated_capped,False,,31.05,10.51,27.6,-25,0,10
2025-01-15 06:34:31.000+05:30,11.61,66.76,801.55,12.006440982624325,6.79,rated_capped,False,,31.6,10.71,27.6,-13,0,10
2025-01-15 06:34:32.000+05:30,11.47,67.83,811.23,11.959752321981425,6.66,rated_capped,False,,32.09,10.76,27.6,2,0,10
2025-01-15 06:34:33.000+05:30,11.2,64.03,769.69,12.020771513353116,6.67,rated_capped,False,,32.18,10.73,27.6,25,0,10
2025-01-15 06:34:34.000+05:30,11.27,66.72,805.67,12.0753896882494,6.97,rated_capped,False,,32.45,11.22,27.6,-18,0,10
2025-01-15 06:34:35.000+05:30,11.35,67.39,809.74,12.01572933669684,6.71,rated_capped,False,,32.49,11.35,27.6,-19,0,10
2025-01-15 06:34:36.000+05:30,11.44,63.61,764.15,12.013048262851752,6.74,rated_capped,False,,31.69,11.93,27.6,-24,0,10
2025-01-15 06:34:37.000+05:30,11.17,63.84,767.22,12.017857142857142,6.67,rated_capped,False,,31.44,11.57,27.6,-20,0,10
2025-01-15 06:34:38.000+05:30,11.11,68.08,818.51,12.022767332549941,6.88,rated_capped,False,,31.14,11.99,27.6,-10,0,10
2025-01-15 06:34:39.000+05:30,11.07,66.36,795.93,11.994122965641953,6.57,rated_capped,False,,31.36,11.49,27.5,21,0,10
2025-01-15 06:34:40.000+05:30,10.98,66.84,805.07,12.044733692399761,6.89,rated_capped,False,,31.06,11.72,27.5,30,0,10
2025-01-15 06:34:41.000+05:30,10.77,64.57,772.08,11.957255691497602,6.85,rated_capped,False,,31.4,11.67,27.5,-19,0,10
2025-01-15 06:34:42.000+05:30,10.63,66.21,799.41,12.07385591300408,6.66,rated_capped,False,,30.99,11.44,27.5,18,0,10
2025-01-15 06:34:43.000+05:30,10.6,66.63,804.35,12.071889539246587,6.68,rated_capped,False,,30.61,11.88,27.5,28,0,10
2025-01-15 06:34:44.000+05:30,10.52,67.71,816.07,12.052429478658988,6.84,rated_capped,False,,30.68,11.85,27.5,-7,0,10
2025-01-15 06:34:45.000+05:30,10.68,64.07,774.24,12.084282815670361,7.04,rated_capped,False,,30.76,12.26,27.5,8,0,10
2025-01-15 06:34:46.000+05:30,10.76,63.77,768.51,12.051278030421829,6.87,rated_capped,False,,30.55,11.55,27.5,13,0,10
2025-01-15 06:34:47.000+05:30,11.0,64.11,769.98,12.010294805802527,6.75,rated_capped,False,,30.39,11.42,27.5,-27,0,10
2025-01-15 06:34:48.000+05:30,11.11,66.19,791.6,11.959510500075542,6.79,rated_capped,False,,30.51,10.34,27.5,-11,0,10
2025-01-15 06:34:49.000+05:30,11.25,66.46,800.95,12.051609990972015,6.63,rated_capped,False,,30.24,10.91,27.5,25,0,10
2025-01-15 06:34:50.000+05:30,11.31,65.06,776.93,11.941746080541037,6.78,rated_capped,False,,30.29,11.2,27.5,-21,0,10
2025-01-15 06:34:51.000+05:30,11.24,63.91,769.49,12.040212799248945,6.54,rated_capped,False,,30.56,12.27,27.5,-13,0,10
2025-01-15 06:34:52.000+05:30,11.1,66.23,801.22,12.097538879661784,6.76,rated_capped,False,,30.69,11.6,27.5,-4,0,10
2025-01-15 06:34:53.000+05:30,11.09,63.87,767.86,12.02223266009081,6.71,rated_capped,False,,30.33,11.37,27.5,16,0,10
2025-01-15 06:34:54.000+05:30,11.15,67.18,811.99,12.086781780291753,6.71,rated_capped,False,,30.02,11.65,27.5,-1,0,10
2025-01-15 06:34:55.000+05:30,11.07,67.21,808.47,12.029013539651839,6.69,rated_capped,False,,29.99,12.29,27.6,28,0,10
2025-01-15 06:34:56.000+05:30,11.1,65.21,781.93,11.990952307928232,6.72,rated_capped,False,,29.55,12.52,27.5,29,0,10
2025-01-15 06:34:57.000+05:30,11.07,68.92,829.73,12.039030760301799,6.66,rated_capped,False,,29.6,12.53,27.5,-6,0,10
2025-01-15 06:34:58.000+05:30,10.98,64.62,775.19,11.996131228721758,6.96,rated_capped,False,,29.29,13.06,27.5,19,0,10
2025-01-15 06:34:59.000+05:30,10.97,64.59,778.19,12.048149868400682,6.78,rated_capped,False,,29.09,13.13,27.5,3,0,10
2025-01-15 06:35:00.000+05:30,11.05,67.71,815.53,12.044454290355931,6.85,rated_capped,False,,29.25,13.48,27.5,-12,0,10
2025-01-15 06:35:01.000+05:30,11.07,64.62,783.54,12.12534818941504,6.36,rated_capped,False,,29.11,13.63,27.5,20,0,10
2025-01-15 06:35:02.000+05:30,11.3,63.98,765.79,11.969209127852453,6.81,rated_capped,False,,29.83,13.96,27.5,8,0,10
2025-01-15 06:35:03.000+05:30,11.51,64.1,772.14,12.045865834633386,6.65,rated_capped,False,,29.73,13.15,27.5,-18,0,10
2025-01-15 06:35:04.000+05:30,11.39,64.84,783.17,12.078500925354717,6.64,rated_capped,False,,30.65,13.37,27.5,-17,0,10
2025-01-15 06:35:05.000+05:30,11.29,66.62,803.04,12.054037826478533,6.83,rated_capped,False,,30.62,14.0,27.5,-23,0,10
2025-01-15 06:35:06.000+05:30,11.23,65.71,794.64,12.093136508902756,6.95,rated_capped,False,,30.93,14.0,27.5,-27,0,10
2025-01-15 06:35:07.000+05:30,11.32,66.31,795.74,12.000301613632937,6.68,rated_capped,False,,31.5,14.0,27.5,3,0,10
2025-01-15 06:35:08.000+05:30,11.13,64.86,782.87,12.070151094665434,6.94,rated_capped,False,,31.04,13.13,27.5,13,0,10
2025-01-15 06:35:09.000+05:30,11.11,62.63,755.09,12.056362765447869,6.77,rated_capped,False,,31.47,12.83,27.5,27,0,10
2025-01-15 06:35:10.000+05:30,10.97,67.34,808.57,12.007276507276508,6.54,rated_capped,False,,32.06,13.15,27.5,-11,0,10
2025-01-15 06:35:11.000+05:30,10.87,64.1,770.38,12.018408736349455,6.86,rated_capped,False,,32.6,12.42,27.5,-14,0,10
2025-01-15 06:35:12.000+05:30,10.8,66.09,793.79,12.010742926312602,6.69,rated_capped,False,,32.65,12.45,27.5,5,0,10
2025-01-15 06:35:13.000+05:30,10.83,64.75,781.03,12.062239382239381,7.02,rated_capped,False,,32.65,12.51,27.5,-16,0,10
2025-01-15 06:35:14.000+05:30,10.95,65.55,787.98,12.021052631578948,6.86,rated_capped,False,,32.98,12.8,27.5,4,0,10
2025-01-15 06:35:15.000+05:30,10.95,64.08,774.69,12.089419475655433,6.89,rated_capped,False,,32.99,12.73,27.5,-9,0,10
2025-01-15 06:35:16.000+05:30,10.91,65.65,791.24,12.05239908606245,6.65,rated_capped,False,,32.95,12.2,27.5,-1,0,10
2025-01-15 06:35:17.000+05:30,10.77,64.96,780.31,12.012161330049262,7.06,rated_capped,False,,33.02,13.1,27.5,-18,0,10
2025-01-15 06:35:18.000+05:30,10.8,65.4,786.82,12.030886850152905,6.67,rated_capped,False,,32.87,12.8,27.5,4,0,10
2025-01-15 06:35:19.000+05:30,10.63,66.27,794.96,11.995774860419496,6.66,rated_capped,False,,32.95,12.07,27.5,-9,0,10
2025-01-15 06:35:20.000+05:30,10.7,66.2,795.56,12.01752265861027,6.53,rated_capped,False,,32.93,12.77,27.6,28,0,10
2025-01-15 06:35:21.000+05:30,10.57,62.82,754.82,12.015600127347978,6.79,rated_capped,False,,32.82,13.33,27.6,-15,0,10
2025-01-15 06:35:22.000+05:30,10.69,65.12,784.18,12.042076167076166,6.91,rated_capped,False,,32.77,12.65,27.6,-3,0,10
2025-01-15 06:35:23.000+05:30,10.91,65.26,787.08,12.060680355501072,6.79,rated_capped,False,,32.34,12.57,27.6,-1,0,10
2025-01-15 06:35:24.000+05:30,11.0,67.67,815.31,12.048322742722032,6.6,rated_capped,False,,32.07,12.84,27.6,30,0,10
2025-01-15 06:35:25.000+05:30,10.91,64.6,776.61,12.021826625386998,6.54,rated_capped,False,,31.75,12.12,27.6,12,0,10
2025-01-15 06:35:26.000+05:30,10.96,65.59,788.9,12.027748132337246,6.62,rated_capped,False,,31.46,12.12,27.6,21,0,10
2025-01-15 06:35:27.000+05:30,10.85,64.49,780.88,12.108543960303924,6.62,rated_capped,False,,31.05,11.64,27.6,-16,0,10
2025-01-15 06:35:28.000+05:30,10.79,63.58,763.02,12.000943692985215,6.82,rated_capped,False,,30.78,11.37,27.6,5,0,10
2025-01-15 06:35:29.000+05:30,10.72,63.46,766.08,12.07185628742515,6.9,rated_capped,False,,31.3,12.42,27.6,6,0,10
2025-01-15 06:35:30.000+05:30,10.71,66.11,798.28,12.075026471033127,6.86,rated_capped,False,,31.94,12.78,27.5,2,0,10
2025-01-15 06:35:31.000+05:30,10.53,63.86,772.07,12.090040714062011,6.76,rated_capped,False,,32.55,11.83,27.6,28,0,10
2025-01-15 06:35:32.000+05:30,10.5,67.67,808.58,11.948869513817053,6.83,rated_capped,False,,32.76,12.86,27.5,-27,0,10
2025-01-15 06:35:33.000+05:30,10.47,65.27,786.68,12.052704151984067,6.79,rated_capped,False,,32.97,12.56,27.5,-29,0,10
2025-01-15 06:35:34.000+05:30,10.32,65.33,792.35,12.128424919638757,6.91,rated_capped,False,,32.69,12.02,27.6,21,0,10
2025-01-15 06:35:35.000+05:30,10.4,63.52,761.25,11.984414357682619,6.75,rated_capped,False,,32.97,11.82,27.6,27,0,10
2025-01-15 06:35:36.000+05:30,10.44,69.3,833.22,12.023376623376624,6.74,rated_capped,False,,32.46,12.01,27.5,10,0,10
2025-01-15 06:35:37.000+05:30,10.38,65.18,785.29,12.0480208652961,6.71,rated_capped,False,,32.08,11.95,27.5,-14,0,10
2025-01-15 06:35:38.000+05:30,10.35,65.58,786.31,11.990088441598047,6.86,rated_capped,False,,31.87,12.2,27.5,2,0,10
2025-01-15 06:35:39.000+05:30,10.24,65.07,778.53,11.964499769479023,7.01,rated_capped,False,,31.8,13.54,27.5,-29,0,10
2025-01-15 06:35:40.000+05:30,10.24,63.82,768.98,12.049200877467879,7.0,rated_capped,False,,32.28,13.69,27.5,23,0,10
2025-01-15 06:35:41.000+05:30,10.42,66.95,806.5,12.046303211351754,6.54,rated_capped,False,,32.66,13.53,27.5,1,0,10
2025-01-15 06:35:42.000+05:30,10.32,66.02,790.99,11.981066343532264,6.47,rated_capped,False,,32.91,12.94,27.5,-21,0,10
2025-01-15 06:35:43.000+05:30,10.38,62.85,759.78,12.088782816229116,6.69,rated_capped,False,,32.68,11.3,27.5,7,0,10
2025-01-15 06:35:44.000+05:30,10.24,65.36,792.18,12.120257037943695,6.8,rated_capped,False,,32.28,11.92,27.5,-8,0,10
2025-01-15 06:35:45.000+05:30,10.31,65.14,779.78,11.970832054037457,6.78,rated_capped,False,,32.46,11.57,27.5,-16,0,10
2025-01-15 06:35:46.000+05:30,10.24,68.21,825.61,12.103943703269316,6.5,rated_capped,False,,32.04,11.99,27.5,12,0,10
2025-01-15 06:35:47.000+05:30,10.11,65.94,791.43,12.002274795268425,6.66,rated_capped,False,,31.58,11.95,27.5,-6,0,10
2025-01-15 06:35:48.000+05:30,10.02,65.31,790.42,12.102587658857754,6.92,rated_capped,False,,31.71,12.2,27.5,-11,0,10
2025-01-15 06:35:49.000+05:30,10.16,66.62,800.73,12.019363554488141,6.82,rated_capped,False,,32.21,12.46,27.5,-15,0,10
2025-01-15 06:35:50.000+05:30,10.23,64.75,779.21,12.034131274131274,6.56,rated_capped,False,,32.17,12.0,27.5,20,0,10
2025-01-15 06:35:51.000+05:30,10.11,66.86,805.12,12.041878552198623,6.8,rated_capped,False,,31.17,11.38,27.5,-5,0,10
2025-01-15 06:35:52.000+05:30,9.66,65.53,785.72,11.990233480848467,6.62,rated_capped,False,,31.02,11.58,27.5,9,0,10
2025-01-15 06:35:53.000+05:30,9.6,67.95,822.95,12.11111111111111,6.97,rated_capped,False,,31.41,13.21,27.5,12,0,10
2025-01-15 06:35:54.000+05:30,9.61,67.65,804.57,11.893126385809312,6.93,rated_capped,False,,31.06,12.53,27.5,-24,0,10
2025-01-15 06:35:55.000+05:30,9.78,65.52,789.79,12.05418192918193,6.86,rated_capped,False,,31.43,12.52,27.5,2,0,10
2025-01-15 06:35:56.000+05:30,9.89,65.65,789.9,12.031987814166031,6.93,rated_capped,False,,32.22,12.77,27.5,-13,0,10
2025-01-15 06:35:57.000+05:30,9.71,67.57,809.62,11.981944649992602,6.85,rated_capped,False,,32.65,12.72,27.5,-13,0,10
2025-01-15 06:35:58.000+05:30,9.9,65.06,783.92,12.04918536735321,6.77,rated_capped,False,,32.2,12.83,27.5,28,0,10
2025-01-15 06:35:59.000+05:30,9.88,65.27,782.6,11.990194576375059,6.65,rated_capped,False,,32.08,12.06,27.5,4,0,10
2025-01-15 06:36:00.000+05:30,10.11,66.61,799.55,12.003452934994744,6.7,rated_capped,False,,32.03,11.84,27.5,-25,0,10
2025-01-15 06:36:01.000+05:30,10.17,64.92,782.08,12.04682686383241,6.89,rated_capped,False,,32.22,11.98,27.5,-6,0,10
2025-01-15 06:36:02.000+05:30,10.35,64.11,769.42,12.001559819060988,6.8,rated_capped,False,,31.96,11.77,27.5,7,0,10
2025-01-15 06:36:03.000+05:30,10.47,66.77,801.98,12.01108282162648,6.85,rated_capped,False,,32.13,10.7,27.5,-9,0,10
2025-01-15 06:36:04.000+05:30,10.12,65.66,789.62,12.025890953396285,6.82,rated_capped,False,,32.29,9.96,27.5,8,0,10
2025-01-15 06:36:05.000+05:30,10.07,63.92,766.62,11.99342928660826,6.94,rated_capped,False,,31.9,9.75,27.5,-8,0,10
2025-01-15 06:36:06.000+05:30,10.2,63.36,765.13,12.075915404040405,6.79,rated_capped,False,,32.43,10.12,27.5,18,0,10
2025-01-15 06:36:07.000+05:30,9.93,66.76,799.75,11.97947872977831,6.89,rated_capped,False,,32.77,10.23,27.5,-14,0,10
2025-01-15 06:36:08.000+05:30,9.84,65.37,787.25,12.042986079241242,6.98,rated_capped,False,,32.87,10.83,27.5,6,0,10
2025-01-15 06:36:09.000+05:30,9.91,65.13,785.19,12.055734684477201,6.87,rated_capped,False,,32.6,10.18,27.6,25,0,10
2025-01-15 06:36:10.000+05:30,9.86,66.83,801.52,11.993416130480323,6.62,rated_capped,False,,32.73,11.25,27.6,-10,0,10
2025-01-15 06:36:11.000+05:30,9.75,65.74,790.32,12.021904472163069,6.91,rated_capped,False,,32.32,12.13,27.6,-9,0,10
2025-01-15 06:36:12.000+05:30,9.72,61.97,748.36,12.07616588671938,6.8,rated_capped,False,,31.35,12.1,27.6,-18,0,10
2025-01-15 06:36:13.000+05:30,9.45,65.64,792.14,12.067946374162096,6.65,rated_capped,False,,31.61,12.36,27.6,20,0,10
2025-01-15 06:36:14.000+05:30,9.59,65.67,788.02,11.999695446931627,6.74,rated_capped,False,,31.82,12.88,27.5,10,0,10
2025-01-15 06:36:15.000+05:30,9.77,65.99,793.04,12.017578420972875,6.55,rated_capped,False,,31.94,12.9,27.5,-19,0,10
2025-01-15 06:36:16.000+05:30,9.83,65.62,786.84,11.990856446205425,6.93,rated_capped,False,,31.89,13.16,27.5,12,0,10
2025-01-15 06:36:17.000+05:30,9.85,63.44,762.74,12.023013871374527,6.8,rated_capped,False,,32.19,13.22,27.6,-24,0,10
2025-01-15 06:36:18.000+05:30,10.13,67.15,804.01,11.973343261355174,6.76,rated_capped,False,,32.87,13.82,27.6,10,0,10
2025-01-15 06:36:19.000+05:30,10.16,61.33,741.78,12.094896461764225,6.78,rated_capped,False,,32.47,13.92,27.5,15,0,10
2025-01-15 06:36:20.000+05:30,9.97,65.7,792.21,12.057990867579909,6.49,rated_capped,False,,32.05,13.94,27.5,-8,0,10
2025-01-15 06:36:21.000+05:30,10.06,65.73,782.31,11.901871291647648,6.92,rated_capped,False,,31.84,14.0,27.5,-20,0,10
2025-01-15 06:36:22.000+05:30,9.96,65.94,795.05,12.057173187746436,6.81,rated_capped,False,,32.1,13.6,27.5,-14,0,10
2025-01-15 06:36:23.000+05:30,10.21,65.64,788.09,12.00624619134674,6.92,rated_capped,False,,31.66,13.24,27.6,-27,0,10
2025-01-15 06:36:24.000+05:30,10.07,65.88,791.58,12.015482695810567,7.06,rated_capped,False,,31.65,13.35,27.5,-19,0,10
2025-01-15 06:36:25.000+05:30,10.15,64.62,771.81,11.943825441039923,6.75,rated_capped,False,,31.27,12.57,27.6,30,0,10
2025-01-15 06:36:26.000+05:30,10.14,66.58,800.84,12.028236707720037,6.69,rated_capped,False,,31.06,12.7,27.6,-1,0,10
2025-01-15 06:36:27.000+05:30,10.21,68.42,829.27,12.120286465945629,6.99,rated_capped,False,,31.5,13.04,27.6,-2,0,10
2025-01-15 06:36:28.000+05:30,10.17,65.73,786.6,11.967138293016887,6.4,rated_capped,False,,31.53,13.64,27.6,16,0,10
2025-01-15 06:36:29.000+05:30,10.11,66.48,800.57,12.042268351383875,6.65,rated_capped,False,,31.4,12.84,27.6,17,0,10
2025-01-15 06:36:30.000+05:30,10.16,66.52,806.16,12.119061936259772,6.54,rated_capped,False,,31.27,13.11,27.6,22,0,10
2025-01-15 06:36:31.000+05:30,10.23,63.37,768.33,12.1245068644469,6.87,rated_capped,False,,31.05,12.95,27.6,-15,0,10
2025-01-15 06:36:32.000+05:30,10.29,65.28,784.09,12.011182598039216,6.39,rated_capped,False,,31.84,12.61,27.6,-16,0,10
2025-01-15 06:36:33.000+05:30,10.46,64.46,778.25,12.073378839590445,6.68,rated_capped,False,,31.9,12.79,27.6,-28,0,10
2025-01-15 06:36:34.000+05:30,10.64,66.08,790.82,11.967615012106538,6.52,rated_capped,False,,31.82,12.02,27.6,-5,0,10
2025-01-15 06:36:35.000+05:30,10.71,65.45,780.0,11.917494270435446,6.96,rated_capped,False,,31.83,11.83,27.6,12,0,10
2025-01-15 06:36:36.000+05:30,10.82,62.98,760.76,12.079390282629406,6.81,rated_capped,False,,32.32,11.72,27.6,-7,0,10
2025-01-15 06:36:37.000+05:30,10.66,64.38,775.44,12.044734389561977,6.69,rated_capped,False,,31.96,11.32,27.6,28,0,10
2025-01-15 06:36:38.000+05:30,10.73,65.62,794.04,12.100579091740322,6.86,rated_capped,False,,32.33,10.62,27.6,2,0,10
2025-01-15 06:36:39.000+05:30,10.72,65.14,781.47,11.996776174393615,6.62,rated_capped,False,,32.77,10.14,27.6,19,0,10
2025-01-15 06:36:40.000+05:30,10.9,65.31,785.29,12.024039197672638,6.89,rated_capped,False,,32.76,11.0,27.6,7,0,10
2025-01-15 06:36:41.000+05:30,10.63,67.25,808.78,12.026468401486989,6.66,rated_capped,False,,32.8,11.76,27.6,25,0,10
2025-01-15 06:36:42.000+05:30,10.6,65.48,785.42,11.994807574832008,6.76,rated_capped,False,,32.97,11.09,27.6,27,0,10
2025-01-15 06:36:43.000+05:30,10.78,67.12,805.94,12.007449344457688,6.75,rated_capped,False,,32.97,11.17,27.6,-23,0,10
2025-01-15 06:36:44.000+05:30,11.0,64.0,770.61,12.04078125,6.91,rated_capped,False,,32.13,11.1,27.6,6,0,10
2025-01-15 06:36:45.000+05:30,11.09,62.97,757.27,12.025885342226458,6.57,rated_capped,False,,32.15,11.86,27.6,-28,0,10
2025-01-15 06:36:46.000+05:30,11.1,65.89,799.6,12.135377143724389,6.99,rated_capped,False,,32.26,11.78,27.6,-6,0,10
2025-01-15 06:36:47.000+05:30,11.14,65.6,792.06,12.074085365853659,6.59,rated_capped,False,,32.81,11.9,27.6,13,0,10
2025-01-15 06:36:48.000+05:30,10.99,66.13,796.24,12.040526236201423,6.72,rated_capped,False,,32.96,11.96,27.6,20,0,10
2025-01-15 06:36:49.000+05:30,11.02,62.34,749.9,12.029194738530638,6.89,rated_capped,False,,32.99,11.79,27.6,7,0,10
2025-01-15 06:36:50.000+05:30,10.97,63.94,770.19,12.045511416953396,6.76,rated_capped,False,,32.21,11.78,27.6,11,0,10
2025-01-15 06:36:51.000+05:30,11.07,67.82,814.67,12.012238277794161,6.97,rated_capped,False,,32.28,10.59,27.6,16,0,10
2025-01-15 06:36:52.000+05:30,11.08,66.28,795.38,12.000301750150875,6.82,rated_capped,False,,32.62,10.5,27.6,22,0,10
2025-01-15 06:36:53.000+05:30,11.21,64.04,772.36,12.060587133041848,6.64,rated_capped,False,,32.68,10.47,27.6,-3,0,10
2025-01-15 06:36:54.000+05:30,11.43,64.92,782.24,12.049291435613062,6.98,rated_capped,False,,32.75,10.34,27.6,28,0,10
2025-01-15 06:36:55.000+05:30,11.65,63.24,766.95,12.127609108159394,6.53,rated_capped,False,,32.71,10.15,27.6,-2,0,10
2025-01-15 06:36:56.000+05:30,11.58,62.94,753.38,11.969812519860184,6.54,rated_capped,False,,32.3,10.09,27.6,0,0,10
2025-01-15 06:36:57.000+05:30,11.63,66.93,806.86,12.055281637531749,6.91,rated_capped,False,,32.47,9.65,27.6,-6,0,10
2025-01-15 06:36:58.000+05:30,11.44,64.86,779.72,12.02158495220475,6.55,rated_capped,False,,32.01,9.52,27.6,3,0,10
2025-01-15 06:36:59.000+05:30,11.6,64.41,772.35,11.991150442477878,6.69,rated_capped,False,,32.57,8.51,27.6,1,0,10
2025-01-15 06:37:00.000+05:30,11.61,68.15,821.6,12.05575935436537,6.63,rated_capped,False,,32.69,8.32,27.7,24,0,10
2025-01-15 06:37:01.000+05:30,11.69,67.11,808.05,12.040679481448368,6.79,rated_capped,False,,32.97,7.77,27.7,14,0,10
2025-01-15 06:37:02.000+05:30,11.7,66.74,800.08,11.988013185495957,6.51,rated_capped,False,,32.56,7.3,27.7,-19,0,10
2025-01-15 06:37:03.000+05:30,11.79,66.9,806.03,12.04828101644245,6.34,rated_capped,False,,31.68,8.17,27.6,30,0,10
2025-01-15 06:37:04.000+05:30,11.94,64.83,782.82,12.074965293845443,6.92,rated_capped,False,,31.63,8.41,27.6,-1,0,10
2025-01-15 06:37:05.000+05:30,12.0,63.76,766.28,12.01819322459222,6.82,rated_capped,False,,32.09,8.41,27.7,21,0,10
2025-01-15 06:37:06.000+05:30,12.0,65.11,787.97,12.102134848717556,6.46,rated_capped,False,,31.56,7.86,27.7,-3,0,10
2025-01-15 06:37:07.000+05:30,12.0,64.47,775.02,12.021405304792927,6.76,rated_capped,False,,32.16,7.41,27.7,28,0,10
2025-01-15 06:37:08.000+05:30,12.0,63.27,766.72,12.118223486644538,6.91,rated_capped,False,,32.49,6.87,27.7,13,0,10
2025-01-15 06:37:09.000+05:30,12.0,64.37,775.28,12.044119931645175,6.68,rated_capped,False,,32.59,7.1,27.6,24,0,10
2025-01-15 06:37:10.000+05:30,12.0,67.46,812.23,12.040171953750372,6.8,rated_capped,False,,32.54,6.67,27.6,10,0,10
2025-01-15 06:37:11.000+05:30,12.0,64.58,780.74,12.089501393620317,6.71,rated_capped,False,,32.57,7.08,27.6,24,0,10
2025-01-15 06:37:12.000+05:30,12.0,62.13,747.95,12.038467728955416,6.52,rated_capped,False,,32.0,5.91,27.6,26,0,10
2025-01-15 06:37:13.000+05:30,11.99,66.46,805.43,12.119018958772195,6.67,rated_capped,False,,32.24,6.43,27.7,15,0,10
2025-01-15 06:37:14.000+05:30,11.92,66.08,795.57,12.039497578692496,6.94,rated_capped,False,,32.11,6.49,27.7,29,0,10
2025-01-15 06:37:15.000+05:30,11.78,65.56,787.06,12.005186089078705,6.92,rated_capped,False,,31.85,6.32,27.6,-25,0,10
2025-01-15 06:37:16.000+05:30,11.89,66.44,799.94,12.04003612281758,6.49,rated_capped,False,,31.98,6.64,27.6,22,0,10
2025-01-15 06:37:17.000+05:30,11.78,66.6,804.56,12.08048048048048,6.8,rated_capped,False,,32.72,5.89,27.6,-2,0,10
2025-01-15 06:37:18.000+05:30,11.97,65.62,790.81,12.05135629381286,6.9,rated_capped,False,,32.9,6.11,27.6,-10,0,10
2025-01-15 06:37:19.000+05:30,11.95,65.83,794.7,12.072003645754217,6.57,rated_capped,False,,32.93,5.03,27.6,-11,0,10
2025-01-15 06:37:20.000+05:30,11.83,64.77,785.09,12.121198085533427,6.88,rated_capped,False,,32.99,4.86,27.5,-1,0,10
2025-01-15 06:37:21.000+05:30,11.93,68.38,821.07,12.007458321146535,6.93,rated_capped,False,,32.91,5.08,27.6,-23,0,10
2025-01-15 06:37:22.000+05:30,11.72,68.08,818.29,12.019535840188015,6.68,rated_capped,False,,32.85,5.5,27.6,0,0,10
2025-01-15 06:37:23.000+05:30,11.84,65.25,786.29,12.050421455938697,6.5,rated_capped,False,,32.92,5.17,27.6,-21,0,10
2025-01-15 06:37:24.000+05:30,11.73,64.68,777.44,12.019789734075449,6.83,rated_capped,False,,32.98,5.68,27.6,-12,0,10
2025-01-15 06:37:25.000+05:30,12.0,64.13,771.92,12.036800249493217,7.01,rated_capped,False,,33.01,5.8,27.6,28,0,10
2025-01-15 06:37:26.000+05:30,12.0,64.51,778.0,12.060145713842815,6.72,rated_capped,False,,32.94,6.3,27.5,-3,0,10
2025-01-15 06:37:27.000+05:30,12.0,67.84,816.78,12.039799528301886,6.89,rated_capped,False,,32.69,6.46,27.5,-11,0,10
2025-01-15 06:37:28.000+05:30,12.0,65.97,800.96,12.141276337729272,6.82,rated_capped,False,,32.17,6.37,27.5,24,0,10
2025-01-15 06:37:29.000+05:30,12.0,65.16,789.79,12.120779619398403,6.85,rated_capped,False,,32.73,5.93,27.5,-5,0,10
2025-01-15 06:37:30.000+05:30,11.87,64.64,780.59,12.075959158415841,6.68,rated_capped,False,,32.85,6.47,27.5,-19,0,10
2025-01-15 06:37:31.000+05:30,11.85,66.25,799.8,12.072452830188679,6.68,rated_capped,False,,32.95,7.62,27.5,-11,0,10
2025-01-15 06:37:32.000+05:30,11.82,62.95,754.26,11.981890389197776,6.81,rated_capped,False,,32.98,6.88,27.5,-24,0,10
2025-01-15 06:37:33.000+05:30,11.86,66.82,803.83,12.02978150254415,6.68,rated_capped,False,,32.95,6.37,27.5,-2,0,10
2025-01-15 06:37:34.000+05:30,11.84,65.23,783.67,12.013950636210332,7.0,rated_capped,False,,33.01,6.21,27.5,-7,0,10
2025-01-15 06:37:35.000+05:30,11.78,64.93,785.97,12.104882180810103,6.68,rated_capped,False,,32.95,6.56,27.5,12,0,10
2025-01-15 06:37:36.000+05:30,11.88,64.46,781.01,12.116196090598821,6.48,rated_capped,False,,32.56,6.96,27.6,-27,0,10
2025-01-15 06:37:37.000+05:30,11.9,63.18,763.16,12.079138968027856,6.8,rated_capped,False,,32.16,7.01,27.6,29,0,10
2025-01-15 06:37:38.000+05:30,12.0,67.64,813.47,12.026463630987582,6.71,rated_capped,False,,31.89,7.95,27.6,10,0,10
2025-01-15 06:37:39.000+05:30,11.91,65.67,791.37,12.050708085883965,6.7,rated_capped,False,,31.67,7.81,27.6,-22,0,10
2025-01-15 06:37:40.000+05:30,11.73,67.64,812.34,12.009757539917208,6.64,rated_capped,False,,31.49,7.95,27.6,-29,0,10
2025-01-15 06:37:41.000+05:30,11.61,65.09,786.09,12.076970348747887,6.75,rated_capped,False,,31.41,8.03,27.6,-11,0,10
2025-01-15 06:37:42.000+05:30,11.62,64.77,776.21,11.984097576038291,6.9,rated_capped,False,,31.49,7.95,27.6,30,0,10
2025-01-15 06:37:43.000+05:30,11.64,66.08,798.06,12.077179176755447,6.74,rated_capped,False,,31.82,8.61,27.6,9,0,10
2025-01-15 06:37:44.000+05:30,11.95,66.86,804.8,12.037092431947352,6.52,rated_capped,False,,31.27,7.94,27.6,4,0,10
2025-01-15 06:37:45.000+05:30,12.0,66.95,804.54,12.017027632561613,6.73,rated_capped,False,,31.22,7.96,27.6,-27,0,10
2025-01-15 06:37:46.000+05:30,11.86,65.73,791.17,12.036665145291343,6.95,rated_capped,False,,31.37,8.28,27.7,30,0,10
2025-01-15 06:37:47.000+05:30,11.71,66.18,796.12,12.029616198247204,6.59,rated_capped,False,,31.95,8.86,27.7,-15,0,10
2025-01-15 06:37:48.000+05:30,11.89,65.23,783.96,12.018396443354284,6.84,rated_capped,False,,31.82,8.85,27.7,-18,0,10
2025-01-15 06:37:49.000+05:30,11.84,63.62,764.48,12.016347060672745,6.84,rated_capped,False,,32.3,7.73,27.7,-6,0,10
2025-01-15 06:37:50.000+05:30,11.85,65.4,787.79,12.04571865443425,6.83,rated_capped,False,,32.61,6.76,27.7,-30,0,10
2025-01-15 06:37:51.000+05:30,11.9,66.29,799.68,12.063357972544877,6.7,rated_capped,False,,32.96,6.48,27.7,-19,0,10
2025-01-15 06:37:52.000+05:30,11.71,64.47,772.87,11.988056460369164,6.78,rated_capped,False,,32.67,6.13,27.7,-16,0,10
2025-01-15 06:37:53.000+05:30,11.99,66.54,801.99,12.052750225428312,6.77,rated_capped,False,,32.97,6.87,27.7,13,0,10
2025-01-15 06:37:54.000+05:30,12.0,63.03,753.14,11.948913215928922,6.61,rated_capped,False,,32.77,6.98,27.7,-14,0,10
2025-01-15 06:37:55.000+05:30,12.0,65.13,782.52,12.014739751266697,6.83,rated_capped,False,,32.98,7.16,27.7,-12,0,10
2025-01-15 06:37:56.000+05:30,12.0,68.77,826.94,12.024720081430859,6.61,rated_capped,False,,32.94,6.88,27.6,6,0,10
2025-01-15 06:37:57.000+05:30,11.85,66.39,800.21,12.053170658231663,6.71,rated_capped,False,,32.48,5.94,27.6,-3,0,10
2025-01-15 06:37:58.000+05:30,11.8,65.84,798.51,12.128037667071688,6.52,rated_capped,False,,32.76,6.41,27.6,-19,0,10
2025-01-15 06:37:59.000+05:30,11.5,66.62,800.9,12.021915340738516,6.75,rated_capped,False,,32.32,6.71,27.6,-29,0,10
2025-01-15 06:38:00.000+05:30,11.47,66.12,795.25,12.027374470659407,6.85,rated_capped,False,,31.65,6.47,27.6,-16,0,10
2025-01-15 06:38:01.000+05:30,11.29,66.95,807.35,12.05899925317401,6.74,rated_capped,False,,31.85,6.69,27.6,-20,0,10
2025-01-15 06:38:02.000+05:30,11.58,64.74,779.18,12.03552672227371,6.6,rated_capped,False,,31.65,7.14,27.6,-30,0,10
2025-01-15 06:38:03.000+05:30,11.41,66.54,799.13,12.0097685602645,6.76,rated_capped,False,,31.35,6.35,27.6,-25,0,10
2025-01-15 06:38:04.000+05:30,11.37,63.98,768.92,12.018130665833073,6.85,rated_capped,False,,31.38,5.33,27.6,14,0,10
2025-01-15 06:38:05.000+05:30,11.47,65.63,792.95,12.082127076032304,6.75,rated_capped,False,,31.47,5.48,27.7,21,0,10
2025-01-15 06:38:06.000+05:30,11.38,69.31,837.86,12.088587505410475,6.69,rated_capped,False,,31.36,4.54,27.6,28,0,10
2025-01-15 06:38:07.000+05:30,11.22,64.36,777.43,12.079397141081417,6.73,rated_capped,False,,31.56,4.68,27.6,2,0,10
2025-01-15 06:38:08.000+05:30,11.38,65.43,787.76,12.039737123643587,6.81,rated_capped,False,,31.85,5.29,27.6,-12,0,10
2025-01-15 06:38:09.000+05:30,11.33,64.58,776.66,12.026323939300093,6.69,rated_capped,False,,31.86,5.48,27.6,1,0,10
2025-01-15 06:38:10.000+05:30,11.55,65.1,776.99,11.935330261136714,6.92,rated_capped,False,,31.42,5.42,27.6,-26,0,10
2025-01-15 06:38:11.000+05:30,11.72,67.07,807.67,12.04219472193231,6.78,rated_capped,False,,31.85,4.99,27.6,-30,0,10
2025-01-15 06:38:12.000+05:30,11.87,66.7,802.71,12.03463268365817,6.74,rated_capped,False,,31.66,5.5,27.6,24,0,10
2025-01-15 06:38:13.000+05:30,12.0,65.54,793.33,12.104516325907841,6.98,rated_capped,False,,31.75,4.52,27.6,-28,0,10
2025-01-15 06:38:14.000+05:30,12.0,63.94,769.77,12.03894275883641,6.88,rated_capped,False,,31.55,4.02,27.6,-5,0,10
2025-01-15 06:38:15.000+05:30,12.0,64.27,774.41,12.049323167885483,6.66,rated_capped,False,,31.77,4.23,27.6,-8,0,10
2025-01-15 06:38:16.000+05:30,11.84,64.68,777.39,12.019016697588125,6.79,rated_capped,False,,31.23,4.63,27.6,11,0,10
2025-01-15 06:38:17.000+05:30,12.0,67.07,805.6,12.01133144475921,6.53,rated_capped,False,,30.88,3.73,27.6,8,0,10
2025-01-15 06:38:18.000+05:30,12.0,62.24,745.68,11.980719794344472,6.83,rated_capped,False,,31.86,4.04,27.6,-29,0,10
2025-01-15 06:38:19.000+05:30,12.0,62.72,757.86,12.083227040816327,6.82,rated_capped,False,,32.15,3.99,27.7,21,0,10
2025-01-15 06:38:20.000+05:30,12.0,65.28,786.21,12.043658088235295,6.9,rated_capped,False,,32.32,3.12,27.6,26,0,10
2025-01-15 06:38:21.000+05:30,12.0,62.75,750.68,11.963027888446215,6.82,rated_capped,False,,32.62,3.71,27.6,14,0,10
2025-01-15 06:38:22.000+05:30,11.93,63.05,756.82,12.003489294210945,6.73,rated_capped,False,,32.7,3.89,27.6,7,0,10
2025-01-15 06:38:23.000+05:30,12.0,67.69,812.02,11.996158959964545,6.82,rated_capped,False,,32.98,3.87,27.6,8,0,10
2025-01-15 06:38:24.000+05:30,12.0,64.25,772.38,12.02147859922179,6.69,rated_capped,False,,32.95,3.08,27.6,-20,0,10
2025-01-15 06:38:25.000+05:30,12.0,66.2,798.21,12.057552870090634,6.71,rated_capped,False,,32.85,3.21,27.6,-17,0,10
2025-01-15 06:38:26.000+05:30,12.0,67.65,812.14,12.005025868440502,6.94,rated_capped,False,,32.68,2.49,27.6,-10,0,10
2025-01-15 06:38:27.000+05:30,12.0,62.86,751.96,11.962456251988547,6.48,rated_capped,False,,32.18,2.07,27.6,8,0,10
2025-01-15 06:38:28.000+05:30,12.0,65.28,779.07,11.934283088235295,6.83,rated_capped,False,,32.43,1.86,27.6,-11,0,10
2025-01-15 06:38:29.000+05:30,11.87,63.87,767.4,12.015030530765618,6.83,rated_capped,False,,31.8,1.5,27.6,26,0,10
2025-01-15 06:38:30.000+05:30,12.0,69.13,831.84,12.032981339505282,6.86,rated_capped,False,,31.8,2.47,27.6,-7,0,10
2025-01-15 06:38:31.000+05:30,11.88,66.62,809.08,12.144701290903633,6.65,rated_capped,False,,32.38,2.51,27.6,-26,0,10
2025-01-15 06:38:32.000+05:30,12.0,66.57,798.46,11.99429172299835,6.64,rated_capped,False,,32.56,2.96,27.6,16,0,10
2025-01-15 06:38:33.000+05:30,12.0,64.03,769.28,12.01436826487584,6.55,rated_capped,False,,31.83,3.04,27.6,-5,0,10
2025-01-15 06:38:34.000+05:30,11.73,65.85,790.55,12.00531511009871,6.8,rated_capped,False,,31.05,2.49,27.6,10,0,10
2025-01-15 06:38:35.000+05:30,11.81,65.17,776.16,11.909774436090224,6.58,rated_capped,False,,31.04,3.02,27.6,16,0,10
2025-01-15 06:38:36.000+05:30,11.67,66.03,794.73,12.035892776010904,6.79,rated_capped,False,,31.41,2.69,27.6,-25,0,10
2025-01-15 06:38:37.000+05:30,11.78,65.82,795.18,12.081130355515041,6.77,rated_capped,False,,31.73,3.45,27.6,30,0,10
2025-01-15 06:38:38.000+05:30,11.75,64.12,776.24,12.106051154086089,6.65,rated_capped,False,,31.55,3.65,27.6,30,0,10
2025-01-15 06:38:39.000+05:30,11.86,67.05,812.38,12.116032811334826,6.98,rated_capped,False,,32.4,3.48,27.6,-13,0,10
2025-01-15 06:38:40.000+05:30,11.96,64.6,769.09,11.905417956656349,6.75,rated_capped,False,,32.76,3.84,27.6,29,0,10
2025-01-15 06:38:41.000+05:30,11.91,64.48,774.41,12.010080645161288,6.73,rated_capped,False,,32.8,3.65,27.6,-4,0,10
2025-01-15 06:38:42.000+05:30,11.96,64.97,784.65,12.077112513467755,6.75,rated_capped,False,,32.65,3.26,27.6,6,0,10
2025-01-15 06:38:43.000+05:30,12.0,65.68,796.26,12.123325213154688,6.58,rated_capped,False,,32.93,3.03,27.6,16,0,10
2025-01-15 06:38:44.000+05:30,12.0,66.97,800.28,11.949828281319993,6.81,rated_capped,False,,32.98,3.86,27.6,-7,0,10
2025-01-15 06:38:45.000+05:30,11.84,64.54,776.18,12.026340254105978,6.85,rated_capped,False,,32.98,4.41,27.5,17,0,10
2025-01-15 06:38:46.000+05:30,11.97,67.73,812.42,11.994980067916726,6.74,rated_capped,False,,32.96,4.09,27.6,11,0,10
2025-01-15 06:38:47.000+05:30,11.85,66.14,802.23,12.129271242818264,6.69,rated_capped,False,,32.95,4.34,27.6,14,0,10
2025-01-15 06:38:48.000+05:30,11.59,67.47,808.41,11.981769675411293,6.79,rated_capped,False,,32.97,4.17,27.6,-2,0,10
2025-01-15 06:38:49.000+05:30,11.71,64.11,771.91,12.040399313679613,6.77,rated_capped,False,,32.92,3.96,27.6,22,0,10
2025-01-15 06:38:50.000+05:30,11.95,64.65,773.17,11.959319412219642,6.9,rated_capped,False,,32.1,4.21,27.6,-26,0,10
2025-01-15 06:38:51.000+05:30,12.0,67.11,808.87,12.052898226791834,6.76,rated_capped,False,,32.5,3.93,27.6,13,0,10
2025-01-15 06:38:52.000+05:30,12.0,65.02,785.31,12.077976007382343,6.57,rated_capped,False,,31.67,4.17,27.6,-23,0,10
2025-01-15 06:38:53.000+05:30,12.0,67.44,813.28,12.059311981020166,6.51,rated_capped,False,,31.74,4.26,27.6,21,0,10
2025-01-15 06:38:54.000+05:30,11.96,68.78,827.81,12.035620820005814,6.79,rated_capped,False,,32.01,4.11,27.6,9,0,10
2025-01-15 06:38:55.000+05:30,12.0,65.33,787.16,12.048982090923007,6.74,rated_capped,False,,31.72,3.61,27.6,10,0,10
2025-01-15 06:38:56.000+05:30,12.0,64.17,776.57,12.101760947483248,6.9,rated_capped,False,,31.7,2.92,27.6,27,0,10
2025-01-15 06:38:57.000+05:30,11.82,65.04,785.8,12.081795817958177,6.95,rated_capped,False,,31.88,3.16,27.6,9,0,10
2025-01-15 06:38:58.000+05:30,11.89,65.44,787.77,12.03805012224939,6.65,rated_capped,False,,32.2,3.73,27.6,14,0,10
2025-01-15 06:38:59.000+05:30,11.66,66.88,807.41,12.072517942583733,6.87,rated_capped,False,,32.53,3.81,27.6,-28,0,10
2025-01-15 06:39:00.000+05:30,11.6,69.41,838.15,12.075349373289152,6.85,rated_capped,False,,32.61,3.85,27.5,8,0,10
2025-01-15 06:39:01.000+05:30,11.6,62.79,756.96,12.055422838031534,6.67,rated_capped,False,,32.64,3.93,27.5,-23,0,10
2025-01-15 06:39:02.000+05:30,11.64,63.23,755.45,11.94765143128262,6.87,rated_capped,False,,32.61,4.12,27.5,5,0,10
2025-01-15 06:39:03.000+05:30,11.45,66.09,798.57,12.08306854289605,6.59,rated_capped,False,,32.79,4.21,27.5,15,0,10
2025-01-15 06:39:04.000+05:30,11.46,65.42,790.71,12.086670742892082,6.81,rated_capped,False,,32.98,3.6,27.5,-14,0,10
2025-01-15 06:39:05.000+05:30,11.54,65.3,785.62,12.03093415007657,6.68,rated_capped,False,,32.95,3.94,27.5,2,0,10
2025-01-15 06:39:06.000+05:30,11.61,64.6,776.4,12.018575851393189,6.87,rated_capped,False,,32.99,3.97,27.5,12,0,10
2025-01-15 06:39:07.000+05:30,11.46,63.33,760.12,12.002526448760461,6.49,rated_capped,False,,32.92,3.82,27.6,-5,0,10
2025-01-15 06:39:08.000+05:30,11.55,69.11,825.95,11.951237158153669,6.68,rated_capped,False,,32.95,3.93,27.6,-27,0,10
2025-01-15 06:39:09.000+05:30,11.48,63.9,764.06,11.957120500782471,6.8,rated_capped,False,,32.97,4.63,27.6,4,0,10
2025-01-15 06:39:10.000+05:30,11.62,65.82,790.17,12.005013673655425,6.77,rated_capped,False,,32.91,4.8,27.6,12,0,10
2025-01-15 06:39:11.000+05:30,11.9,64.7,777.46,12.016383307573415,6.65,rated_capped,False,,32.95,5.62,27.6,-16,0,10
2025-01-15 06:39:12.000+05:30,11.91,64.55,774.18,11.993493415956623,6.73,rated_capped,False,,32.96,5.32,27.6,6,0,10
2025-01-15 06:39:13.000+05:30,11.76,65.91,792.86,12.029434076771356,6.5,rated_capped,False,,32.92,5.2,27.6,6,0,10
2025-01-15 06:39:14.000+05:30,11.84,65.11,783.09,12.027184764245124,7.06,rated_capped,False,,33.02,5.33,27.6,-13,0,10
2025-01-15 06:39:15.000+05:30,11.93,64.83,780.0,12.031466913465989,6.77,rated_capped,False,,32.97,5.73,27.6,16,0,10
2025-01-15 06:39:16.000+05:30,11.62,64.12,770.21,12.012008733624453,6.49,rated_capped,False,,32.9,6.75,27.6,-27,0,10
2025-01-15 06:39:17.000+05:30,11.62,66.37,797.49,12.015820400783486,6.8,rated_capped,False,,32.97,7.0,27.6,11,0,10
2025-01-15 06:39:18.000+05:30,11.54,65.05,781.75,12.017678708685628,6.85,rated_capped,False,,32.98,7.0,27.6,-15,0,10
2025-01-15 06:39:19.000+05:30,11.38,65.0,778.33,11.974307692307693,6.72,rated_capped,False,,32.54,7.48,27.6,3,0,10
2025-01-15 06:39:20.000+05:30,11.32,62.66,757.27,12.085381423555697,6.79,rated_capped,False,,32.97,7.51,27.6,19,0,10
2025-01-15 06:39:21.000+05:30,11.47,67.13,805.64,12.001191717562937,6.79,rated_capped,False,,32.53,6.86,27.6,9,0,10
2025-01-15 06:39:22.000+05:30,11.28,63.78,772.45,12.111163374098464,7.06,rated_capped,False,,32.22,6.96,27.6,13,0,10
2025-01-15 06:39:23.000+05:30,11.14,64.55,773.85,11.988381099922542,6.63,rated_capped,False,,31.96,6.84,27.6,-29,0,10
2025-01-15 06:39:24.000+05:30,11.35,65.97,790.16,11.977565560103077,6.79,rated_capped,False,,32.17,6.63,27.6,-28,0,10
2025-01-15 06:39:25.000+05:30,11.52,65.76,788.6,11.992092457420924,6.98,rated_capped,False,,32.17,6.56,27.6,10,0,10
2025-01-15 06:39:26.000+05:30,11.19,63.16,760.99,12.048606713109564,6.92,rated_capped,False,,32.21,6.87,27.6,5,0,10
2025-01-15 06:39:27.000+05:30,11.22,64.79,777.6,12.001852137675566,6.76,rated_capped,False,,31.82,6.05,27.6,-11,0,10
2025-01-15 06:39:28.000+05:30,11.27,66.1,793.12,11.998789712556734,6.63,rated_capped,False,,32.3,5.91,27.6,-28,0,10
2025-01-15 06:39:29.000+05:30,11.41,65.66,789.73,12.027566250380751,6.86,rated_capped,False,,32.48,6.28,27.7,-6,0,10
2025-01-15 06:39:30.000+05:30,11.6,62.64,748.99,11.95705619412516,6.69,rated_capped,False,,32.53,6.18,27.6,10,0,10
2025-01-15 06:39:31.000+05:30,11.54,64.88,780.76,12.033908754623921,6.8,rated_capped,False,,32.23,5.74,27.6,-30,0,10
2025-01-15 06:39:32.000+05:30,11.6,65.97,795.78,12.062755798090041,6.67,rated_capped,False,,32.35,6.16,27.7,-11,0,10
2025-01-15 06:39:33.000+05:30,11.66,66.64,796.6,11.953781512605042,6.72,rated_capped,False,,32.69,5.99,27.6,9,0,10
2025-01-15 06:39:34.000+05:30,11.39,64.13,773.73,12.06502416965539,6.72,rated_capped,False,,32.96,6.7,27.7,-14,0,10
2025-01-15 06:39:35.000+05:30,11.14,66.52,799.61,12.0205953096813,6.51,rated_capped,False,,32.92,6.6,27.6,-23,0,10
2025-01-15 06:39:36.000+05:30,10.87,63.37,760.36,11.998737572984062,6.77,rated_capped,False,,32.97,7.3,27.6,24,0,10
2025-01-15 06:39:37.000+05:30,11.07,67.41,811.29,12.035157988429017,6.91,rated_capped,False,,32.99,7.16,27.6,23,0,10
2025-01-15 06:39:38.000+05:30,10.96,65.78,792.8,12.0522955305564,6.69,rated_capped,False,,32.95,6.62,27.6,8,0,10
2025-01-15 06:39:39.000+05:30,10.72,67.43,813.58,12.065549458697909,6.56,rated_capped,False,,32.93,6.75,27.6,29,0,10
2025-01-15 06:39:40.000+05:30,10.71,65.65,790.67,12.043716679360243,6.91,rated_capped,False,,32.62,7.13,27.6,-22,0,10
2025-01-15 06:39:41.000+05:30,10.74,63.55,762.59,11.999842643587728,6.78,rated_capped,False,,32.82,7.67,27.6,-12,0,10
2025-01-15 06:39:42.000+05:30,10.56,64.33,777.05,12.079123270635783,6.5,rated_capped,False,,32.37,7.03,27.6,-22,0,10
2025-01-15 06:39:43.000+05:30,10.57,67.34,812.45,12.064894564894566,6.64,rated_capped,False,,32.9,6.82,27.6,-16,0,10
2025-01-15 06:39:44.000+05:30,10.31,67.05,811.04,12.096047725577927,6.71,rated_capped,False,,32.96,6.45,27.6,-23,0,10
2025-01-15 06:39:45.000+05:30,10.6,66.8,801.35,11.996257485029941,6.94,rated_capped,False,,32.69,6.2,27.7,-9,0,10
2025-01-15 06:39:46.000+05:30,10.4,67.36,810.16,12.02731591448931,6.51,rated_capped,False,,32.92,5.51,27.6,29,0,10
2025-01-15 06:39:47.000+05:30,10.35,66.48,798.62,12.012936221419976,6.73,rated_capped,False,,32.76,6.22,27.6,-16,0,10
2025-01-15 06:39:48.000+05:30,10.45,64.11,771.08,12.027452815473406,6.85,rated_capped,False,,32.54,6.4,27.6,-19,0,10
2025-01-15 06:39:49.000+05:30,10.59,64.49,778.67,12.07427508140797,6.78,rated_capped,False,,32.42,7.15,27.6,-14,0,10
2025-01-15 06:39:50.000+05:30,10.41,66.58,801.91,12.044307599879843,6.57,rated_capped,False,,32.53,7.55,27.6,2,0,10
2025-01-15 06:39:51.000+05:30,10.18,63.31,761.55,12.028905386194912,6.75,rated_capped,False,,31.75,7.07,27.6,30,0,10
2025-01-15 06:39:52.000+05:30,10.04,67.05,804.99,12.005816554809844,6.71,rated_capped,False,,32.39,6.43,27.6,-27,0,10
2025-01-15 06:39:53.000+05:30,10.27,66.68,796.57,11.94616076784643,6.79,rated_capped,False,,32.67,7.06,27.7,-28,0,10
2025-01-15 06:39:54.000+05:30,10.17,66.51,801.53,12.051270485641256,6.84,rated_capped,False,,31.97,7.97,27.7,30,0,10
2025-01-15 06:39:55.000+05:30,10.2,64.19,770.47,12.002959962611,6.82,rated_capped,False,,31.67,6.85,27.7,25,0,10
2025-01-15 06:39:56.000+05:30,10.21,65.75,793.19,12.063726235741445,6.97,rated_capped,False,,31.73,6.0,27.7,-16,0,10
2025-01-15 06:39:57.000+05:30,10.21,67.22,810.85,12.062630169592383,6.82,rated_capped,False,,31.85,5.69,27.7,-18,0,10
2025-01-15 06:39:58.000+05:30,10.2,67.6,815.78,12.067751479289942,6.68,rated_capped,False,,31.5,6.25,27.7,-1,0,10
2025-01-15 06:39:59.000+05:30,10.41,66.11,796.57,12.049160490092271,6.56,rated_capped,False,,31.11,5.76,27.7,-15,0,10
2025-01-15 06:40:00.000+05:30,10.45,65.25,788.42,12.083065134099616,7.06,rated_capped,False,,31.54,5.66,27.7,-19,0,10
2025-01-15 06:40:01.000+05:30,10.32,65.1,781.61,12.006298003072198,6.77,rated_capped,False,,31.7,5.3,27.7,30,0,10
2025-01-15 06:40:02.000+05:30,10.33,63.89,768.42,12.02723430896854,7.01,rated_capped,False,,31.56,5.15,27.7,21,0,10
2025-01-15 06:40:03.000+05:30,9.76,64.85,779.28,12.016653816499614,6.39,rated_capped,False,,31.42,5.18,27.7,-27,0,10
2025-01-15 06:40:04.000+05:30,9.79,66.44,795.57,11.974262492474415,6.86,rated_capped,False,,31.34,5.06,27.7,26,0,10
2025-01-15 06:40:05.000+05:30,9.73,64.77,775.6,11.974679635633782,6.79,rated_capped,False,,30.68,5.97,27.7,-4,0,10
2025-01-15 06:40:06.000+05:30,9.93,63.09,756.09,11.984308131241084,6.8,rated_capped,False,,30.72,6.51,27.7,-7,0,10
2025-01-15 06:40:07.000+05:30,9.85,64.34,775.44,12.052222567609574,6.6,rated_capped,False,,31.04,6.89,27.7,29,0,10
2025-01-15 06:40:08.000+05:30,9.93,63.3,759.01,11.990679304897315,6.56,rated_capped,False,,30.77,7.0,27.7,-6,0,10
2025-01-15 06:40:09.000+05:30,10.04,62.26,749.37,12.03613877288789,6.68,rated_capped,False,,30.84,6.74,27.7,-18,0,10
2025-01-15 06:40:10.000+05:30,9.8,66.35,799.8,12.054257724189902,6.8,rated_capped,False,,31.04,7.0,27.7,-27,0,10
2025-01-15 06:40:11.000+05:30,9.91,65.41,784.88,11.999388472710596,6.95,rated_capped,False,,30.41,6.64,27.7,9,0,10
2025-01-15 06:40:12.000+05:30,10.23,66.08,795.44,12.037530266343827,6.94,rated_capped,False,,29.94,6.98,27.7,1,0,10
2025-01-15 06:40:13.000+05:30,10.27,64.72,780.06,12.05284301606922,6.82,rated_capped,False,,30.59,6.74,27.7,14,0,10
2025-01-15 06:40:14.000+05:30,10.15,65.2,778.67,11.942791411042943,6.81,rated_capped,False,,30.79,7.27,27.8,-19,0,10
2025-01-15 06:40:15.000+05:30,10.28,66.24,798.2,12.050120772946862,6.92,rated_capped,False,,31.09,6.98,27.8,-12,0,10
2025-01-15 06:40:16.000+05:30,10.32,66.51,804.85,12.101187791309577,6.71,rated_capped,False,,30.87,7.17,27.7,26,0,10
2025-01-15 06:40:17.000+05:30,10.09,66.42,799.35,12.034778681120144,6.53,rated_capped,False,,31.0,7.29,27.7,-12,0,10
2025-01-15 06:40:18.000+05:30,10.05,65.74,791.18,12.034986309704898,6.58,rated_capped,False,,31.03,7.81,27.7,2,0,10
2025-01-15 06:40:19.000+05:30,9.85,65.62,790.25,12.042822310271259,6.74,rated_capped,False,,30.69,8.37,27.7,19,0,10
2025-01-15 06:40:20.000+05:30,9.71,63.17,756.59,11.97704606617065,6.84,rated_capped,False,,31.32,8.35,27.7,1,0,10
2025-01-15 06:40:21.000+05:30,9.94,66.94,804.98,12.02539587690469,6.69,rated_capped,False,,31.81,8.57,27.7,-4,0,10
2025-01-15 06:40:22.000+05:30,9.95,67.0,805.03,12.015373134328359,6.78,rated_capped,False,,31.62,8.88,27.7,-8,0,10
2025-01-15 06:40:23.000+05:30,9.94,66.23,795.86,12.016608787558507,6.74,rated_capped,False,,31.58,9.33,27.7,-7,0,10
2025-01-15 06:40:24.000+05:30,9.63,66.22,799.26,12.069767441860465,7.06,rated_capped,False,,32.05,8.82,27.7,29,0,10
2025-01-15 06:40:25.000+05:30,9.53,66.57,801.71,12.043112513144061,6.53,rated_capped,False,,31.69,9.07,27.7,-1,0,10
2025-01-15 06:40:26.000+05:30,9.39,64.94,780.39,12.017092700954727,6.67,rated_capped,False,,31.48,8.28,27.7,18,0,10
2025-01-15 06:40:27.000+05:30,9.38,66.45,799.81,12.036267870579382,6.94,rated_capped,False,,31.27,7.95,27.7,-24,0,10
2025-01-15 06:40:28.000+05:30,9.46,65.81,796.08,12.096641847743504,6.79,rated_capped,False,,31.23,8.71,27.6,6,0,10
2025-01-15 06:40:29.000+05:30,9.4,64.66,779.02,12.047943086916177,6.7,rated_capped,False,,31.38,8.63,27.6,23,0,10
2025-01-15 06:40:30.000+05:30,9.43,65.49,784.92,11.985341273476868,6.82,rated_capped,False,,31.34,8.8,27.6,-7,0,10
2025-01-15 06:40:31.000+05:30,9.36,65.0,785.11,12.078615384615384,6.75,rated_capped,False,,32.03,8.2,27.6,-23,0,10
2025-01-15 06:40:32.000+05:30,9.24,64.05,770.48,12.029352068696332,7.01,rated_capped,False,,32.05,8.13,27.6,23,0,10
2025-01-15 06:40:33.000+05:30,9.24,64.6,783.77,12.132662538699691,6.61,rated_capped,False,,31.49,8.22,27.6,0,0,10
2025-01-15 06:40:34.000+05:30,9.24,64.36,779.18,12.106587942821628,6.64,rated_capped,False,,31.76,8.65,27.6,30,0,10
2025-01-15 06:40:35.000+05:30,9.06,64.76,778.2,12.016676961087091,6.79,rated_capped,False,,31.73,8.69,27.6,9,0,10
2025-01-15 06:40:36.000+05:30,9.28,65.84,790.95,12.013213851761847,6.77,rated_capped,False,,31.83,9.58,27.7,14,0,10
2025-01-15 06:40:37.000+05:30,9.33,64.31,774.67,12.045871559633026,6.69,rated_capped,False,,31.74,9.11,27.6,28,0,10
2025-01-15 06:40:38.000+05:30,9.51,65.27,784.51,12.019457637505745,6.56,rated_capped,False,,31.83,8.52,27.6,-21,0,10
2025-01-15 06:40:39.000+05:30,9.38,62.89,756.39,12.027190332326283,6.99,rated_capped,False,,32.08,7.46,27.6,14,0,10
2025-01-15 06:40:40.000+05:30,9.46,66.55,801.49,12.043425995492111,6.62,rated_capped,False,,32.23,8.24,27.6,17,0,10
2025-01-15 06:40:41.000+05:30,9.37,65.5,793.23,12.110381679389313,6.66,rated_capped,False,,31.98,8.29,27.6,-5,0,10
2025-01-15 06:40:42.000+05:30,9.4,65.3,787.03,12.052526799387442,6.8,rated_capped,False,,31.72,8.5,27.6,26,0,10
2025-01-15 06:40:43.000+05:30,9.38,62.1,746.01,12.013043478260869,6.73,rated_capped,False,,31.14,8.2,27.6,-20,0,10
2025-01-15 06:40:44.000+05:30,9.27,65.1,783.1,12.029185867895547,6.57,rated_capped,False,,31.52,7.66,27.6,-20,0,10
2025-01-15 06:40:45.000+05:30,9.05,64.3,775.84,12.065940902021774,6.93,rated_capped,False,,32.2,8.56,27.6,2,0,10
2025-01-15 06:40:46.000+05:30,8.93,66.44,792.52,11.92835641180012,6.8,rated_capped,False,,32.64,8.25,27.6,27,0,10
2025-01-15 06:40:47.000+05:30,8.75,63.17,767.0,12.141839480766187,6.68,rated_capped,False,,32.61,7.56,27.6,-19,0,10
2025-01-15 06:40:48.000+05:30,8.7,64.33,775.56,12.05596144877973,6.76,rated_capped,False,,32.58,7.71,27.6,-26,0,10
2025-01-15 06:40:49.000+05:30,8.9,64.53,777.55,12.049434371610102,6.96,rated_capped,False,,32.99,7.79,27.6,2,0,10
2025-01-15 06:40:50.000+05:30,8.89,66.84,802.7,12.009275882704967,6.52,rated_capped,False,,32.47,7.44,27.6,3,0,10
2025-01-15 06:40:51.000+05:30,8.92,61.95,753.18,12.157869249394672,6.81,rated_capped,False,,32.1,7.54,27.6,11,0,10
2025-01-15 06:40:52.000+05:30,9.17,65.03,777.47,11.955558972781793,6.87,rated_capped,False,,32.6,7.77,27.6,29,0,10
2025-01-15 06:40:53.000+05:30,9.15,64.53,777.44,12.047729738106307,6.55,rated_capped,False,,32.15,7.55,27.6,-4,0,10
2025-01-15 06:40:54.000+05:30,9.4,65.02,780.27,12.000461396493387,6.6,rated_capped,False,,31.85,8.3,27.5,4,0,10
2025-01-15 06:40:55.000+05:30,9.25,67.6,815.89,12.069378698224853,6.96,rated_capped,False,,32.61,8.07,27.5,-21,0,10
2025-01-15 06:40:56.000+05:30,9.21,64.57,772.18,11.958804398327397,6.51,rated_capped,False,,32.42,7.61,27.6,9,0,10
2025-01-15 06:40:57.000+05:30,9.07,66.24,798.71,12.05782004830918,6.96,rated_capped,False,,31.78,7.98,27.5,-20,0,10
2025-01-15 06:40:58.000+05:30,9.01,65.27,789.03,12.088708441856902,6.59,rated_capped,False,,31.29,8.27,27.5,17,0,10
2025-01-15 06:40:59.000+05:30,9.09,65.26,785.29,12.033251608948818,6.93,rated_capped,False,,31.41,8.34,27.5,7,0,10
2025-01-15 06:41:00.000+05:30,9.21,65.68,786.86,11.980207064555419,6.74,rated_capped,False,,31.5,8.31,27.5,-30,0,10
2025-01-15 06:41:01.000+05:30,9.15,67.62,814.06,12.03874593315587,6.9,rated_capped,False,,31.2,8.05,27.5,-5,0,10
2025-01-15 06:41:02.000+05:30,9.09,66.21,801.06,12.098776619845944,6.63,rated_capped,False,,31.23,9.27,27.5,-4,0,10
2025-01-15 06:41:03.000+05:30,9.12,66.43,798.16,12.015053439710972,6.89,rated_capped,False,,30.71,8.11,27.5,-24,0,10
2025-01-15 06:41:04.000+05:30,9.24,65.19,784.55,12.034821291609143,6.75,rated_capped,False,,30.84,8.1,27.5,8,0,10
2025-01-15 06:41:05.000+05:30,9.43,62.63,753.16,12.025546862525944,6.84,rated_capped,False,,31.5,8.46,27.5,-20,0,10
2025-01-15 06:41:06.000+05:30,9.12,66.97,807.07,12.051216962819174,6.45,rated_capped,False,,31.22,9.22,27.5,-29,0,10
2025-01-15 06:41:07.000+05:30,9.04,65.25,780.54,11.962298850574712,6.73,rated_capped,False,,32.05,8.84,27.5,6,0,10
2025-01-15 06:41:08.000+05:30,8.75,65.95,791.52,12.001819560272933,6.67,rated_capped,False,,32.7,8.5,27.5,5,0,10
2025-01-15 06:41:09.000+05:30,8.95,65.97,794.18,12.038502349552827,6.69,rated_capped,False,,32.04,7.56,27.6,-15,0,10
2025-01-15 06:41:10.000+05:30,9.29,64.14,773.14,12.053944496414093,6.77,rated_capped,False,,32.06,7.67,27.5,-28,0,10
2025-01-15 06:41:11.000+05:30,9.08,63.98,765.24,11.960612691466084,6.59,rated_capped,False,,31.59,7.7,27.5,-29,0,10
2025-01-15 06:41:12.000+05:30,9.39,64.98,783.3,12.054478301015696,6.75,rated_capped,False,,32.12,7.05,27.5,22,0,10
2025-01-15 06:41:13.000+05:30,9.46,61.71,739.41,11.98201263976665,6.84,rated_capped,False,,31.71,7.9,27.5,16,0,10
2025-01-15 06:41:14.000+05:30,9.65,64.62,777.74,12.035592695759826,6.96,rated_capped,False,,31.3,7.52,27.5,-29,0,10
2025-01-15 06:41:15.000+05:30,9.81,66.88,806.77,12.062948564593302,6.84,rated_capped,False,,31.65,6.58,27.5,-14,0,10
2025-01-15 06:41:16.000+05:30,9.95,67.16,809.56,12.054198927933294,6.57,rated_capped,False,,30.83,7.08,27.5,5,0,10
2025-01-15 06:41:17.000+05:30,9.86,65.05,785.91,12.08162951575711,6.71,rated_capped,False,,30.95,7.34,27.5,-10,0,10
2025-01-15 06:41:18.000+05:30,10.03,63.93,771.0,12.060065696855936,6.7,rated_capped,False,,31.37,6.97,27.5,-19,0,10
2025-01-15 06:41:19.000+05:30,10.3,65.63,790.84,12.049977144598508,7.06,rated_capped,False,,31.28,7.01,27.5,20,0,10
2025-01-15 06:41:20.000+05:30,10.48,64.02,771.2,12.046235551390192,6.54,rated_capped,False,,31.15,7.12,27.5,-10,0,10
2025-01-15 06:41:21.000+05:30,10.55,65.85,796.08,12.089293849658317,6.53,rated_capped,False,,30.84,6.84,27.5,1,0,10
2025-01-15 06:41:22.000+05:30,10.74,64.93,786.53,12.113506853534574,6.78,rated_capped,False,,31.15,5.68,27.5,23,0,10
2025-01-15 06:41:23.000+05:30,10.59,65.52,790.24,12.061050061050063,6.83,rated_capped,False,,31.86,6.06,27.6,29,0,10
2025-01-15 06:41:24.000+05:30,10.56,67.4,809.49,12.010237388724034,6.65,rated_capped,False,,31.55,5.51,27.5,-20,0,10
2025-01-15 06:41:25.000+05:30,10.61,63.6,762.93,11.99575471698113,6.63,rated_capped,False,,31.49,5.0,27.5,-10,0,10
2025-01-15 06:41:26.000+05:30,10.7,64.73,783.59,12.10551521705546,6.63,rated_capped,False,,32.0,5.58,27.5,-10,0,10
2025-01-15 06:41:27.000+05:30,10.75,65.47,785.85,12.003207575989004,6.65,rated_capped,False,,32.8,5.0,27.5,3,0,10
2025-01-15 06:41:28.000+05:30,10.78,65.26,786.99,12.059301256512411,6.64,rated_capped,False,,32.85,4.88,27.5,0,0,10
2025-01-15 06:41:29.000+05:30,10.92,68.02,817.14,12.01323140252867,7.05,rated_capped,False,,32.8,5.07,27.5,-12,0,10
2025-01-15 06:41:30.000+05:30,11.12,64.13,772.84,12.05114610946515,6.68,rated_capped,False,,32.95,5.64,27.5,6,0,10
2025-01-15 06:41:31.000+05:30,11.15,63.83,770.65,12.07347642174526,6.78,rated_capped,False,,32.83,6.03,27.5,-18,0,10
2025-01-15 06:41:32.000+05:30,11.22,67.79,818.8,12.078477651571026,6.72,rated_capped,False,,32.54,6.28,27.5,11,0,10
2025-01-15 06:41:33.000+05:30,11.2,68.71,823.67,11.987629166060254,6.75,rated_capped,False,,32.97,6.76,27.5,5,0,10
2025-01-15 06:41:34.000+05:30,11.44,63.81,768.7,12.046701144021313,7.04,rated_capped,False,,33.02,7.13,27.5,-3,0,10
2025-01-15 06:41:35.000+05:30,11.65,66.21,796.01,12.022504153451141,6.62,rated_capped,False,,32.94,7.03,27.5,-10,0,10
2025-01-15 06:41:36.000+05:30,11.62,66.12,792.67,11.988354506957046,6.92,rated_capped,False,,33.0,6.46,27.5,-24,0,10
2025-01-15 06:41:37.000+05:30,11.8,66.62,801.19,12.02626838787151,6.8,rated_capped,False,,32.35,6.62,27.5,29,0,10
2025-01-15 06:41:38.000+05:30,11.95,65.03,782.41,12.031523912040596,6.72,rated_capped,False,,32.58,7.39,27.5,-5,0,10
2025-01-15 06:41:39.000+05:30,12.0,66.96,806.78,12.04868578255675,6.65,rated_capped,False,,32.66,7.37,27.5,7,0,10
2025-01-15 06:41:40.000+05:30,11.76,65.23,783.99,12.01885635443814,6.57,rated_capped,False,,32.51,6.97,27.5,0,0,10
2025-01-15 06:41:41.000+05:30,11.79,63.92,768.48,12.02252816020025,6.63,rated_capped,False,,32.61,7.76,27.5,8,0,10
2025-01-15 06:41:42.000+05:30,11.64,66.26,796.7,12.023845457289465,6.73,rated_capped,False,,32.88,8.08,27.5,30,0,10
2025-01-15 06:41:43.000+05:30,11.62,63.08,761.72,12.07545973367153,6.58,rated_capped,False,,32.47,7.22,27.5,-20,0,10
2025-01-15 06:41:44.000+05:30,11.34,66.91,799.97,11.955910925123302,6.65,rated_capped,False,,32.95,6.83,27.5,-8,0,10
2025-01-15 06:41:45.000+05:30,11.26,65.42,786.04,12.015285845307245,6.71,rated_capped,False,,32.96,6.59,27.5,-1,0,10
2025-01-15 06:41:46.000+05:30,11.23,67.82,813.01,11.98776172220584,6.91,rated_capped,False,,32.36,5.91,27.5,-11,0,10
2025-01-15 06:41:47.000+05:30,11.22,63.63,768.76,12.081722457960081,6.66,rated_capped,False,,32.9,5.14,27.5,3,0,10
2025-01-15 06:41:48.000+05:30,11.1,67.94,815.56,12.004121283485429,6.83,rated_capped,False,,32.23,6.38,27.5,-17,0,10
2025-01-15 06:41:49.000+05:30,11.21,69.61,839.56,12.060910788679786,6.75,rated_capped,False,,32.35,7.25,27.5,-29,0,10
2025-01-15 06:41:50.000+05:30,11.26,65.54,783.23,11.950411962160512,6.81,rated_capped,False,,32.46,7.82,27.5,-15,0,10
2025-01-15 06:41:51.000+05:30,10.98,64.97,784.82,12.079729105741112,6.71,rated_capped,False,,32.96,7.92,27.5,17,0,10
2025-01-15 06:41:52.000+05:30,11.04,67.43,807.57,11.976419991101883,6.5,rated_capped,False,,32.56,7.22,27.5,23,0,10
2025-01-15 06:41:53.000+05:30,11.14,65.88,790.26,11.99544626593807,6.7,rated_capped,False,,32.3,7.64,27.5,22,0,10
2025-01-15 06:41:54.000+05:30,11.16,66.12,793.79,12.005293405928613,6.51,rated_capped,False,,32.24,7.43,27.5,18,0,10
2025-01-15 06:41:55.000+05:30,10.78,65.71,790.53,12.030588951453357,6.83,rated_capped,False,,31.76,8.38,27.5,-23,0,10
2025-01-15 06:41:56.000+05:30,10.86,65.31,786.14,12.037054049915785,6.94,rated_capped,False,,31.7,8.63,27.5,24,0,10
2025-01-15 06:41:57.000+05:30,10.79,67.75,814.39,12.020516605166051,6.85,rated_capped,False,,31.31,9.3,27.5,14,0,10
2025-01-15 06:41:58.000+05:30,10.51,66.37,793.45,11.954949525387976,6.75,rated_capped,False,,31.25,9.12,27.5,-10,0,10
2025-01-15 06:41:59.000+05:30,10.54,67.12,802.85,11.961412395709177,6.95,rated_capped,False,,31.95,9.25,27.5,3,0,10
2025-01-15 06:42:00.000+05:30,10.4,62.78,759.72,12.101306148454922,6.96,rated_capped,False,,32.28,9.26,27.5,2,0,10
2025-01-15 06:42:01.000+05:30,10.25,66.9,805.79,12.04469357249626,6.71,rated_capped,False,,32.62,9.28,27.5,-10,0,10
2025-01-15 06:42:02.000+05:30,10.65,66.37,796.37,11.998945306614434,6.51,rated_capped,False,,32.92,9.06,27.5,-2,0,10
2025-01-15 06:42:03.000+05:30,10.6,66.78,801.19,11.997454327643007,6.9,rated_capped,False,,32.59,8.82,27.5,20,0,10
2025-01-15 06:42:04.000+05:30,10.65,65.13,787.02,12.083832335329342,6.74,rated_capped,False,,32.48,8.65,27.5,-22,0,10
2025-01-15 06:42:05.000+05:30,10.37,65.67,792.39,12.066240292370946,6.78,rated_capped,False,,31.41,8.34,27.5,11,0,10
2025-01-15 06:42:06.000+05:30,10.36,66.58,800.29,12.019975968759386,6.62,rated_capped,False,,31.38,8.38,27.5,-14,0,10
2025-01-15 06:42:07.000+05:30,10.63,64.95,785.33,12.091301000769823,6.63,rated_capped,False,,31.09,8.29,27.5,-10,0,10
2025-01-15 06:42:08.000+05:30,10.57,62.8,754.87,12.020222929936306,6.89,rated_capped,False,,30.98,8.04,27.5,-14,0,10
2025-01-15 06:42:09.000+05:30,10.6,66.18,796.72,12.038682381384103,6.76,rated_capped,False,,30.79,8.27,27.5,-14,0,10
2025-01-15 06:42:10.000+05:30,10.7,62.42,754.76,12.091637295738545,6.69,rated_capped,False,,30.84,8.68,27.5,10,0,10
2025-01-15 06:42:11.000+05:30,10.82,67.18,809.13,12.044209586186364,6.89,rated_capped,False,,30.96,9.3,27.5,-4,0,10
2025-01-15 06:42:12.000+05:30,10.78,64.34,774.68,12.040410320174074,6.77,rated_capped,False,,30.18,9.23,27.5,25,0,10
2025-01-15 06:42:13.000+05:30,10.54,64.56,779.03,12.06675960346964,6.92,rated_capped,False,,30.88,9.8,27.5,2,0,10
2025-01-15 06:42:14.000+05:30,10.42,63.88,775.98,12.147463994990607,6.94,rated_capped,False,,31.37,9.92,27.5,23,0,10
2025-01-15 06:42:15.000+05:30,10.31,63.85,769.63,12.053719655442443,6.7,rated_capped,False,,31.38,9.91,27.5,11,0,10
2025-01-15 06:42:16.000+05:30,10.57,69.71,837.18,12.009467795151341,6.82,rated_capped,False,,30.82,9.73,27.5,23,0,10
2025-01-15 06:42:17.000+05:30,10.47,62.73,757.36,12.073330145066157,7.06,rated_capped,False,,30.41,9.56,27.5,27,0,10
2025-01-15 06:42:18.000+05:30,10.63,63.95,769.0,12.025019546520719,6.75,rated_capped,False,,29.53,9.79,27.5,-16,0,10
2025-01-15 06:42:19.000+05:30,10.53,67.16,810.93,12.07459797498511,6.77,rated_capped,False,,29.68,9.67,27.5,-30,0,10
2025-01-15 06:42:20.000+05:30,10.47,66.44,799.31,12.03055388320289,6.9,rated_capped,False,,29.15,9.5,27.5,-29,0,10
2025-01-15 06:42:21.000+05:30,10.55,66.37,799.56,12.047009190899502,6.8,rated_capped,False,,29.28,9.76,27.5,-20,0,10
2025-01-15 06:42:22.000+05:30,10.62,65.84,793.17,12.046931956257593,6.67,rated_capped,False,,29.07,9.48,27.6,-22,0,10
2025-01-15 06:42:23.000+05:30,10.63,65.71,789.43,12.013848729264952,6.55,rated_capped,False,,29.36,9.64,27.6,6,0,10
2025-01-15 06:42:24.000+05:30,10.65,66.61,801.97,12.039783816243808,6.7,rated_capped,False,,29.45,10.03,27.5,9,0,10
2025-01-15 06:42:25.000+05:30,10.68,66.74,806.6,12.085705723703928,6.96,rated_capped,False,,29.22,10.61,27.5,7,0,10
2025-01-15 06:42:26.000+05:30,10.65,66.37,801.5,12.07623926472804,6.75,rated_capped,False,,30.26,9.97,27.5,-4,0,10
2025-01-15 06:42:27.000+05:30,10.74,66.33,798.08,12.031961405095734,6.84,rated_capped,False,,30.3,10.49,27.6,26,0,10
2025-01-15 06:42:28.000+05:30,10.67,65.82,793.71,12.0587967183227,6.56,rated_capped,False,,30.26,9.79,27.6,-28,0,10
2025-01-15 06:42:29.000+05:30,10.8,66.45,800.83,12.051617757712567,6.93,rated_capped,False,,30.62,9.09,27.6,14,0,10
2025-01-15 06:42:30.000+05:30,10.77,67.86,814.79,12.006926024167402,6.89,rated_capped,False,,30.8,8.95,27.6,20,0,10
2025-01-15 06:42:31.000+05:30,11.09,65.92,791.84,12.012135922330097,6.72,rated_capped,False,,31.35,8.72,27.6,-30,0,10
2025-01-15 06:42:32.000+05:30,11.0,65.3,787.15,12.054364471669219,6.68,rated_capped,False,,31.39,9.2,27.6,21,0,10
2025-01-15 06:42:33.000+05:30,10.99,64.5,774.71,12.011007751937985,6.78,rated_capped,False,,31.54,9.31,27.5,-20,0,10
2025-01-15 06:42:34.000+05:30,11.03,64.08,770.77,12.028245942571786,6.93,rated_capped,False,,31.73,9.51,27.6,26,0,10
2025-01-15 06:42:35.000+05:30,11.1,66.09,796.51,12.051898925707368,6.65,rated_capped,False,,32.15,9.67,27.5,-13,0,10
2025-01-15 06:42:36.000+05:30,11.09,66.23,797.37,12.039408123207005,6.9,rated_capped,False,,32.78,8.78,27.5,-26,0,10
2025-01-15 06:42:37.000+05:30,11.09,66.62,809.98,12.158210747523265,6.9,rated_capped,False,,32.99,8.77,27.5,-12,0,10
2025-01-15 06:42:38.000+05:30,11.31,66.46,802.26,12.071321095395728,6.89,rated_capped,False,,32.99,7.86,27.5,-21,0,10
2025-01-15 06:42:39.000+05:30,11.39,64.18,775.81,12.088033655344342,6.95,rated_capped,False,,33.0,7.15,27.5,7,0,10
2025-01-15 06:42:40.000+05:30,11.36,62.78,757.78,12.07040458744823,6.87,rated_capped,False,,32.74,7.96,27.5,-29,0,10
2025-01-15 06:42:41.000+05:30,11.45,64.41,781.16,12.127930445582985,6.95,rated_capped,False,,32.6,7.67,27.5,-1,0,10
2025-01-15 06:42:42.000+05:30,11.35,61.77,740.94,11.995143273433706,6.71,rated_capped,False,,32.31,7.42,27.5,-8,0,10
2025-01-15 06:42:43.000+05:30,11.22,65.32,787.81,12.060777709736682,6.78,rated_capped,False,,32.15,7.18,27.5,29,0,10
2025-01-15 06:42:44.000+05:30,10.89,67.78,819.04,12.083800531130127,6.61,rated_capped,False,,32.04,6.92,27.5,18,0,10
2025-01-15 06:42:45.000+05:30,10.66,62.55,752.95,12.037569944044765,6.95,rated_capped,False,,32.3,7.25,27.5,2,0,10
2025-01-15 06:42:46.000+05:30,10.63,60.02,725.15,12.081806064645118,6.91,rated_capped,False,,32.08,7.02,27.5,-13,0,10
2025-01-15 06:42:47.000+05:30,10.73,65.42,789.35,12.065881993274228,6.59,rated_capped,False,,32.48,6.66,27.5,6,0,10
2025-01-15 06:42:48.000+05:30,10.86,65.95,792.75,12.020470053070508,6.72,rated_capped,False,,32.51,6.75,27.5,-5,0,10
2025-01-15 06:42:49.000+05:30,10.75,64.99,788.88,12.138482843514387,6.51,rated_capped,False,,31.7,5.83,27.5,10,0,10
2025-01-15 06:42:50.000+05:30,10.82,65.0,784.54,12.069846153846154,6.59,rated_capped,False,,31.58,6.07,27.5,-13,0,10
2025-01-15 06:42:51.000+05:30,10.94,65.48,785.1,11.989920586438608,6.68,rated_capped,False,,31.44,5.82,27.5,-21,0,10
2025-01-15 06:42:52.000+05:30,10.93,66.33,799.33,12.050806573194635,6.75,rated_capped,False,,31.04,5.75,27.5,30,0,10
2025-01-15 06:42:53.000+05:30,10.63,66.54,804.77,12.094529606251877,6.58,rated_capped,False,,31.15,5.47,27.5,5,0,10
2025-01-15 06:42:54.000+05:30,10.52,64.89,785.8,12.1097241485591,6.67,rated_capped,False,,31.35,5.42,27.5,-23,0,10
2025-01-15 06:42:55.000+05:30,10.51,65.16,783.35,12.0219459791283,6.73,rated_capped,False,,31.39,4.57,27.5,-30,0,10
2025-01-15 06:42:56.000+05:30,10.88,66.37,796.73,12.004369444025915,6.76,rated_capped,False,,30.9,4.76,27.5,22,0,10
2025-01-15 06:42:57.000+05:30,11.11,67.08,809.86,12.07304710793083,6.56,rated_capped,False,,31.41,4.92,27.5,-1,0,10
2025-01-15 06:42:58.000+05:30,11.09,64.07,773.82,12.077727485562669,6.75,rated_capped,False,,31.13,4.23,27.6,23,0,10
2025-01-15 06:42:59.000+05:30,10.98,64.1,769.41,12.003276131045242,6.77,rated_capped,False,,31.2,4.65,27.6,28,0,10
2025-01-15 06:43:00.000+05:30,10.75,64.48,775.02,12.019540942928039,6.79,rated_capped,False,,31.66,4.1,27.6,26,0,10
2025-01-15 06:43:01.000+05:30,10.91,65.32,791.55,12.1180342927128,6.94,rated_capped,False,,31.49,4.3,27.6,5,0,10
2025-01-15 06:43:02.000+05:30,10.77,65.1,785.28,12.062672811059908,6.52,rated_capped,False,,31.19,3.69,27.7,-21,0,10
2025-01-15 06:43:03.000+05:30,10.75,68.41,826.44,12.080689957608538,6.77,rated_capped,False,,31.12,3.63,27.7,-4,0,10
2025-01-15 06:43:04.000+05:30,10.62,64.11,774.69,12.083762283575107,6.66,rated_capped,False,,30.99,3.92,27.7,26,0,10
2025-01-15 06:43:05.000+05:30,10.33,65.85,793.85,12.055429005315112,6.78,rated_capped,False,,31.56,3.66,27.7,16,0,10
2025-01-15 06:43:06.000+05:30,10.41,65.91,787.05,11.941283568502504,6.73,rated_capped,False,,31.39,3.69,27.7,-22,0,10
2025-01-15 06:43:07.000+05:30,10.26,64.04,772.73,12.066364772017488,6.74,rated_capped,False,,31.6,2.99,27.7,3,0,10
2025-01-15 06:43:08.000+05:30,10.08,63.21,761.12,12.041132732162632,6.9,rated_capped,False,,31.42,3.84,27.7,20,0,10
2025-01-15 06:43:09.000+05:30,9.97,66.71,805.25,12.070903912456904,6.73,rated_capped,False,,31.53,4.0,27.7,-12,0,10
2025-01-15 06:43:10.000+05:30,10.15,67.42,811.56,12.037377632749925,6.91,rated_capped,False,,32.05,4.36,27.7,-24,0,10
2025-01-15 06:43:11.000+05:30,10.08,64.7,780.85,12.068778979907265,6.36,rated_capped,False,,31.96,5.01,27.7,12,0,10
2025-01-15 06:43:12.000+05:30,10.18,65.9,792.66,12.02822458270106,6.68,rated_capped,False,,31.8,4.64,27.7,-14,0,10
2025-01-15 06:43:13.000+05:30,10.2,66.48,797.17,11.991125150421178,6.74,rated_capped,False,,32.42,5.19,27.7,17,0,10
2025-01-15 06:43:14.000+05:30,10.28,67.1,805.69,12.007302533532043,6.97,rated_capped,False,,32.42,5.0,27.7,-26,0,10
2025-01-15 06:43:15.000+05:30,10.34,64.53,774.07,11.995505966217264,6.73,rated_capped,False,,32.01,4.78,27.7,18,0,10
2025-01-15 06:43:16.000+05:30,10.17,65.83,787.82,11.967492024912655,6.87,rated_capped,False,,32.0,5.9,27.7,-6,0,10
2025-01-15 06:43:17.000+05:30,9.78,66.38,801.23,12.07035251581802,6.89,rated_capped,False,,32.78,5.79,27.6,-11,0,10
2025-01-15 06:43:18.000+05:30,9.49,66.0,795.49,12.052878787878788,6.77,rated_capped,False,,32.97,6.66,27.6,16,0,10
2025-01-15 06:43:19.000+05:30,9.28,67.84,815.06,12.014445754716979,6.76,rated_capped,False,,32.97,6.89,27.7,-4,0,10
2025-01-15 06:43:20.000+05:30,9.77,64.63,777.71,12.033266285006965,6.73,rated_capped,False,,32.96,7.83,27.7,13,0,10
2025-01-15 06:43:21.000+05:30,9.89,65.06,786.89,12.094835536427912,6.75,rated_capped,False,,32.97,8.31,27.7,-6,0,10
2025-01-15 06:43:22.000+05:30,10.21,66.27,790.6,11.929983401237363,6.83,rated_capped,False,,32.71,7.85,27.7,-26,0,10
2025-01-15 06:43:23.000+05:30,10.15,67.37,813.1,12.069170253822175,6.63,rated_capped,False,,32.85,6.21,27.7,9,0,10
2025-01-15 06:43:24.000+05:30,10.11,66.27,798.79,12.053568733967104,6.86,rated_capped,False,,32.94,6.75,27.7,-30,0,10
2025-01-15 06:43:25.000+05:30,10.2,66.63,798.81,11.988743809095002,6.76,rated_capped,False,,32.84,7.22,27.7,-15,0,10
2025-01-15 06:43:26.000+05:30,10.15,65.63,791.09,12.053786378180712,6.71,rated_capped,False,,32.03,7.58,27.7,18,0,10
2025-01-15 06:43:27.000+05:30,10.21,65.91,794.35,12.052040661508117,6.61,rated_capped,False,,32.01,7.75,27.8,-8,0,10
2025-01-15 06:43:28.000+05:30,10.27,65.56,788.82,12.0320317266626,6.57,rated_capped,False,,32.34,8.08,27.8,21,0,10
2025-01-15 06:43:29.000+05:30,10.54,64.81,779.46,12.026847708686931,6.59,rated_capped,False,,32.47,8.1,27.8,3,0,10
2025-01-15 06:43:30.000+05:30,10.61,66.49,798.06,12.00270717401113,6.71,rated_capped,False,,32.78,8.4,27.8,7,0,10
2025-01-15 06:43:31.000+05:30,10.44,63.45,763.34,12.030575256107172,6.58,rated_capped,False,,32.6,9.0,27.8,4,0,10
2025-01-15 06:43:32.000+05:30,10.59,65.34,791.89,12.11952861952862,6.72,rated_capped,False,,32.73,9.07,27.8,-24,0,10
2025-01-15 06:43:33.000+05:30,10.59,68.11,818.39,12.015709881074732,6.96,rated_capped,False,,32.62,9.62,27.9,-19,0,10
2025-01-15 06:43:34.000+05:30,10.59,65.37,786.17,12.02646473917699,6.48,rated_capped,False,,31.95,9.74,27.9,-3,0,10
2025-01-15 06:43:35.000+05:30,10.6,65.51,788.03,12.02915585406808,6.46,rated_capped,False,,31.07,9.51,27.9,-18,0,10
2025-01-15 06:43:36.000+05:30,10.9,66.1,799.73,12.098789712556734,6.57,rated_capped,False,,30.94,11.18,27.9,8,0,10
2025-01-15 06:43:37.000+05:30,10.88,66.14,798.26,12.069247051708498,6.72,rated_capped,False,,31.38,11.52,27.9,-23,0,10
2025-01-15 06:43:38.000+05:30,10.89,64.82,780.41,12.039648256710892,6.87,rated_capped,False,,30.87,12.35,27.9,5,0,10
2025-01-15 06:43:39.000+05:30,11.02,66.8,799.0,11.961077844311378,6.98,rated_capped,False,,31.04,12.9,27.8,13,0,10
2025-01-15 06:43:40.000+05:30,10.93,67.9,817.18,12.03505154639175,6.75,rated_capped,False,,31.61,11.56,27.8,-12,0,10
2025-01-15 06:43:41.000+05:30,10.76,64.29,773.82,12.0363975734951,6.78,rated_capped,False,,31.84,11.75,27.8,-2,0,10
2025-01-15 06:43:42.000+05:30,10.68,65.88,794.53,12.060261080752884,6.67,rated_capped,False,,31.88,12.13,27.8,3,0,10
2025-01-15 06:43:43.000+05:30,10.43,65.48,790.59,12.07376298106292,6.89,rated_capped,False,,31.97,12.09,27.8,-1,0,10
2025-01-15 06:43:44.000+05:30,10.55,63.8,769.79,12.065673981191223,6.5,rated_capped,False,,31.89,12.43,27.8,0,0,10
2025-01-15 06:43:45.000+05:30,10.53,64.1,774.71,12.085959438377536,6.62,rated_capped,False,,32.18,13.02,27.8,1,0,10
2025-01-15 06:43:46.000+05:30,10.56,62.65,754.87,12.049002394253792,7.06,rated_capped,False,,32.43,12.41,27.8,5,0,10
2025-01-15 06:43:47.000+05:30,10.32,65.62,785.74,11.974093264248705,6.69,rated_capped,False,,32.34,13.3,27.8,-8,0,10
2025-01-15 06:43:48.000+05:30,9.93,66.4,799.78,12.044879518072287,6.75,rated_capped,False,,32.97,13.58,27.8,-18,0,10
2025-01-15 06:43:49.000+05:30,9.85,62.79,758.9,12.086319477623825,7.0,rated_capped,False,,32.89,14.0,27.8,-6,0,10
2025-01-15 06:43:50.000+05:30,9.65,62.74,753.6,12.01147593241951,6.75,rated_capped,False,,32.97,13.49,27.8,-29,0,10
2025-01-15 06:43:51.000+05:30,9.75,64.99,781.42,12.023695953223573,6.71,rated_capped,False,,31.97,13.41,27.8,29,0,10
2025-01-15 06:43:52.000+05:30,9.59,66.1,794.64,12.02178517397882,6.65,rated_capped,False,,32.53,14.0,27.8,23,0,10
2025-01-15 06:43:53.000+05:30,9.66,65.96,793.76,12.033959975742876,6.76,rated_capped,False,,32.56,14.0,27.8,30,0,10
2025-01-15 06:43:54.000+05:30,9.87,65.83,786.35,11.945161780343309,6.92,rated_capped,False,,33.0,13.8,27.8,14,0,10
2025-01-15 06:43:55.000+05:30,9.79,65.25,788.02,12.076934865900382,6.9,rated_capped,False,,32.95,13.45,27.8,-29,0,10
2025-01-15 06:43:56.000+05:30,10.13,65.35,782.81,11.978729915837796,6.86,rated_capped,False,,32.29,13.52,27.8,-10,0,10
2025-01-15 06:43:57.000+05:30,10.09,67.46,808.76,11.988734064630894,6.93,rated_capped,False,,32.37,14.0,27.7,-6,0,10
2025-01-15 06:43:58.000+05:30,10.04,65.8,790.12,12.007902735562311,6.9,rated_capped,False,,32.01,13.52,27.7,-9,0,10
2025-01-15 06:43:59.000+05:30,10.23,66.24,800.15,12.079559178743962,6.48,rated_capped,False,,31.9,13.89,27.8,-14,0,10
2025-01-15 06:44:00.000+05:30,10.24,62.77,755.62,12.037916202007327,6.83,rated_capped,False,,31.21,13.6,27.8,-23,0,10
2025-01-15 06:44:01.000+05:30,10.34,67.62,815.36,12.057971014492754,6.72,rated_capped,False,,31.11,13.17,27.8,-2,0,10
2025-01-15 06:44:02.000+05:30,10.45,66.39,800.64,12.05964753727971,6.63,rated_capped,False,,31.5,12.92,27.8,2,0,10
2025-01-15 06:44:03.000+05:30,10.54,67.93,814.64,11.9923450610923,6.56,rated_capped,False,,31.67,13.48,27.8,-16,0,10
2025-01-15 06:44:04.000+05:30,10.53,65.15,786.76,12.076132003069837,6.78,rated_capped,False,,30.98,13.38,27.8,-7,0,10
2025-01-15 06:44:05.000+05:30,10.38,65.69,788.91,12.009590500837266,6.89,rated_capped,False,,31.32,13.11,27.8,22,0,10
2025-01-15 06:44:06.000+05:30,10.3,64.62,779.63,12.064840606623335,6.65,rated_capped,False,,30.97,13.11,27.8,11,0,10
2025-01-15 06:44:07.000+05:30,10.13,64.47,773.63,11.999844889095703,6.77,rated_capped,False,,31.05,13.05,27.8,-19,0,10
2025-01-15 06:44:08.000+05:30,10.23,66.64,803.47,12.05687274909964,6.89,rated_capped,False,,30.65,12.78,27.8,12,0,10
2025-01-15 06:44:09.000+05:30,10.27,64.98,782.78,12.046475838719605,6.61,rated_capped,False,,29.65,12.37,27.8,27,0,10
2025-01-15 06:44:10.000+05:30,10.09,68.07,810.77,11.910827089760541,6.61,rated_capped,False,,29.89,12.56,27.8,-22,0,10
2025-01-15 06:44:11.000+05:30,10.1,66.21,796.08,12.023561395559584,6.77,rated_capped,False,,30.14,12.32,27.8,-9,0,10
2025-01-15 06:44:12.000+05:30,10.15,67.0,805.04,12.0155223880597,6.71,rated_capped,False,,29.91,12.92,27.8,-22,0,10
2025-01-15 06:44:13.000+05:30,10.33,62.69,752.42,12.002233211038442,6.66,rated_capped,False,,29.97,12.76,27.8,-14,0,10
2025-01-15 06:44:14.000+05:30,9.98,67.51,812.6,12.0367352984743,6.77,rated_capped,False,,30.22,12.63,27.8,-9,0,10
2025-01-15 06:44:15.000+05:30,9.73,66.88,808.87,12.094348086124402,6.79,rated_capped,False,,30.66,12.61,27.8,0,0,10
2025-01-15 06:44:16.000+05:30,9.77,68.31,825.75,12.088274044795783,6.63,rated_capped,False,,30.48,13.1,27.8,30,0,10
2025-01-15 06:44:17.000+05:30,9.79,67.55,811.84,12.018356772760919,6.91,rated_capped,False,,30.57,13.36,27.7,26,0,10
2025-01-15 06:44:18.000+05:30,9.56,65.01,784.15,12.06199046300569,6.88,rated_capped,False,,30.27,13.54,27.8,25,0,10
2025-01-15 06:44:19.000+05:30,9.61,65.36,787.77,12.052784577723378,6.85,rated_capped,False,,29.8,13.26,27.8,-1,0,10
2025-01-15 06:44:20.000+05:30,9.6,65.25,783.78,12.011954022988505,6.65,rated_capped,False,,29.56,12.95,27.8,-24,0,10
2025-01-15 06:44:21.000+05:30,9.31,63.59,761.57,11.976254128007549,6.77,rated_capped,False,,29.88,13.3,27.8,-20,0,10
2025-01-15 06:44:22.000+05:30,9.43,64.11,769.32,12.0,6.85,rated_capped,False,,30.21,13.45,27.8,5,0,10
2025-01-15 06:44:23.000+05:30,9.54,65.69,793.4,12.077941848074289,6.86,rated_capped,False,,30.11,13.75,27.8,24,0,10
2025-01-15 06:44:24.000+05:30,9.57,67.5,809.71,11.995703703703704,7.06,rated_capped,False,,30.24,13.45,27.8,20,0,10
2025-01-15 06:44:25.000+05:30,9.55,65.35,785.75,12.023718439173681,6.65,rated_capped,False,,30.39,13.84,27.7,4,0,10
2025-01-15 06:44:26.000+05:30,9.61,62.44,753.22,12.063100576553492,6.86,rated_capped,False,,30.54,13.87,27.7,-25,0,10
2025-01-15 06:44:27.000+05:30,9.67,65.22,785.04,12.036798528058878,6.78,rated_capped,False,,31.12,13.98,27.7,-17,0,10
2025-01-15 06:44:28.000+05:30,9.78,66.86,811.07,12.1308704756207,6.68,rated_capped,False,,31.36,14.0,27.8,-23,0,10
2025-01-15 06:44:29.000+05:30,9.66,64.49,774.38,12.007753140021709,6.81,rated_capped,False,,30.97,13.19,27.7,6,0,10
2025-01-15 06:44:30.000+05:30,9.81,66.55,800.29,12.025394440270473,6.84,rated_capped,False,,31.35,13.3,27.7,16,0,10
2025-01-15 06:44:31.000+05:30,9.52,67.57,814.34,12.051798135267132,6.96,rated_capped,False,,31.84,12.94,27.7,18,0,10
2025-01-15 06:44:32.000+05:30,9.33,68.22,824.67,12.08839050131926,6.87,rated_capped,False,,32.14,12.97,27.7,-8,0,10
2025-01-15 06:44:33.000+05:30,9.23,62.76,760.92,12.124282982791586,6.86,rated_capped,False,,32.09,13.1,27.7,11,0,10
2025-01-15 06:44:34.000+05:30,9.18,66.74,800.67,11.99685346119269,6.62,rated_capped,False,,32.94,13.37,27.7,7,0,10
2025-01-15 06:44:35.000+05:30,9.2,64.46,776.05,12.03924914675768,6.76,rated_capped,False,,32.97,13.03,27.6,22,0,10
2025-01-15 06:44:36.000+05:30,9.45,68.01,818.62,12.036759300102926,6.78,rated_capped,False,,32.87,13.04,27.6,-28,0,10
2025-01-15 06:44:37.000+05:30,9.39,64.59,778.71,12.056200650255457,6.68,rated_capped,False,,32.95,13.61,27.6,-26,0,10
2025-01-15 06:44:38.000+05:30,9.6,68.42,821.6,12.008184741303712,6.76,rated_capped,False,,32.97,13.12,27.6,-14,0,10
2025-01-15 06:44:39.000+05:30,9.51,65.03,787.12,12.103952022143625,7.06,rated_capped,False,,32.99,12.86,27.6,-20,0,10
2025-01-15 06:44:40.000+05:30,9.51,66.32,800.94,12.076899879372741,6.68,rated_capped,False,,32.67,13.04,27.6,24,0,10
2025-01-15 06:44:41.000+05:30,9.5,64.79,778.65,12.01805834233678,6.87,rated_capped,False,,32.51,13.31,27.6,-16,0,10
2025-01-15 06:44:42.000+05:30,9.62,66.55,796.28,11.965138993238167,6.7,rated_capped,False,,32.96,12.79,27.6,9,0,10
2025-01-15 06:44:43.000+05:30,9.87,66.34,800.44,12.065722037986133,6.64,rated_capped,False,,32.95,12.9,27.6,-30,0,10
2025-01-15 06:44:44.000+05:30,9.88,63.23,759.41,12.010279930412779,6.87,rated_capped,False,,32.93,12.79,27.6,-22,0,10
2025-01-15 06:44:45.000+05:30,9.65,64.85,781.51,12.051040863531227,6.72,rated_capped,False,,32.96,12.79,27.6,-5,0,10
2025-01-15 06:44:46.000+05:30,9.53,64.85,779.87,12.025751734772554,6.84,rated_capped,False,,32.98,13.73,27.6,1,0,10
2025-01-15 06:44:47.000+05:30,9.57,66.0,794.44,12.036969696969697,6.81,rated_capped,False,,32.98,13.09,27.6,19,0,10
2025-01-15 06:44:48.000+05:30,9.71,62.55,750.44,11.997442046362911,6.52,rated_capped,False,,32.92,12.56,27.6,-24,0,10
2025-01-15 06:44:49.000+05:30,9.66,66.27,800.27,12.075901614606911,6.85,rated_capped,False,,32.88,11.82,27.5,-3,0,10
2025-01-15 06:44:50.000+05:30,9.73,64.57,781.48,12.102834133498531,6.43,rated_capped,False,,32.74,11.51,27.5,-14,0,10
2025-01-15 06:44:51.000+05:30,9.95,65.76,790.7,12.024026763990268,6.71,rated_capped,False,,32.81,11.58,27.5,-30,0,10
2025-01-15 06:44:52.000+05:30,9.87,65.4,783.78,11.984403669724768,6.72,rated_capped,False,,32.96,11.45,27.5,-13,0,10
2025-01-15 06:44:53.000+05:30,9.9,66.37,799.37,12.044146451710109,6.89,rated_capped,False,,32.99,11.82,27.5,-17,0,10
2025-01-15 06:44:54.000+05:30,9.89,64.88,780.52,12.030209617755858,6.78,rated_capped,False,,32.97,11.55,27.5,3,0,10
2025-01-15 06:44:55.000+05:30,9.75,64.34,774.38,12.03574759092322,6.96,rated_capped,False,,33.0,10.95,27.6,-14,0,10
2025-01-15 06:44:56.000+05:30,9.8,67.07,809.58,12.070672431787687,6.73,rated_capped,False,,32.68,10.73,27.5,21,0,10
2025-01-15 06:44:57.000+05:30,9.6,65.32,789.39,12.084966319657074,7.06,rated_capped,False,,33.02,10.49,27.5,0,0,10
2025-01-15 06:44:58.000+05:30,9.44,63.62,761.79,11.974064759509588,6.79,rated_capped,False,,32.97,10.52,27.5,-15,0,10
2025-01-15 06:44:59.000+05:30,9.24,65.36,791.99,12.117350061199511,6.93,rated_capped,False,,33.0,11.05,27.5,-1,0,10
2025-01-15 06:45:00.000+05:30,9.19,66.67,802.05,12.03014849257537,6.86,rated_capped,False,,32.75,10.32,27.5,2,0,10
2025-01-15 06:45:01.000+05:30,9.05,65.33,786.48,12.038573396601867,6.67,rated_capped,False,,32.81,10.0,27.5,15,0,10
2025-01-15 06:45:02.000+05:30,9.08,65.57,788.89,12.031264297697119,6.61,rated_capped,False,,32.74,9.74,27.5,-22,0,10
2025-01-15 06:45:03.000+05:30,8.86,68.09,822.58,12.080775444264944,6.6,rated_capped,False,,32.54,9.01,27.5,20,0,10
2025-01-15 06:45:04.000+05:30,8.78,66.02,796.45,12.06376855498334,6.61,rated_capped,False,,32.94,8.85,27.5,4,0,10
2025-01-15 06:45:05.000+05:30,9.0,63.67,769.7,12.088895869326214,7.03,rated_capped,False,,32.89,8.48,27.5,-4,0,10
2025-01-15 06:45:06.000+05:30,9.09,67.08,804.74,11.996720333929638,7.06,rated_capped,False,,33.02,9.27,27.6,20,0,10
2025-01-15 06:45:07.000+05:30,9.38,66.51,801.04,12.043903172455268,6.78,rated_capped,False,,32.97,9.82,27.6,-4,0,10
2025-01-15 06:45:08.000+05:30,9.16,64.74,780.09,12.04958294717331,6.67,rated_capped,False,,32.95,10.4,27.6,23,0,10
2025-01-15 06:45:09.000+05:30,8.98,66.14,794.61,12.014061082552162,6.8,rated_capped,False,,32.62,11.03,27.6,-28,0,10
2025-01-15 06:45:10.000+05:30,9.09,67.69,817.17,12.072241099128378,6.85,rated_capped,False,,32.76,11.07,27.6,-7,0,10
2025-01-15 06:45:11.000+05:30,8.91,66.3,798.9,12.049773755656108,6.7,rated_capped,False,,32.96,11.2,27.6,24,0,10
2025-01-15 06:45:12.000+05:30,8.95,68.89,827.95,12.018435186529251,6.87,rated_capped,False,,32.99,11.2,27.6,-28,0,10
2025-01-15 06:45:13.000+05:30,9.06,66.96,801.24,11.965949820788532,6.9,rated_capped,False,,32.58,11.79,27.6,-22,0,10
2025-01-15 06:45:14.000+05:30,8.98,61.99,745.27,12.022422971447007,6.96,rated_capped,False,,32.63,12.01,27.6,-16,0,10
2025-01-15 06:45:15.000+05:30,9.0,66.25,796.15,12.017358490566037,6.8,rated_capped,False,,32.66,11.53,27.6,25,0,10
2025-01-15 06:45:16.000+05:30,9.2,67.12,810.94,12.081942789034565,6.79,rated_capped,False,,32.36,10.95,27.6,15,0,10
2025-01-15 06:45:17.000+05:30,9.29,66.26,800.04,12.074252942952006,6.84,rated_capped,False,,32.63,11.17,27.6,28,0,10
2025-01-15 06:45:18.000+05:30,9.29,63.36,763.81,12.05508207070707,6.65,rated_capped,False,,32.83,10.61,27.6,30,0,10
2025-01-15 06:45:19.000+05:30,9.45,66.09,796.27,12.048267513996064,6.87,rated_capped,False,,32.68,11.58,27.6,-28,0,10
2025-01-15 06:45:20.000+05:30,9.58,66.11,792.84,11.992739373770988,6.8,rated_capped,False,,32.54,10.65,27.5,5,0,10
2025-01-15 06:45:21.000+05:30,9.77,64.0,769.07,12.01671875,6.7,rated_capped,False,,32.44,10.95,27.5,26,0,10
2025-01-15 06:45:22.000+05:30,9.87,64.39,776.03,12.052026712222395,6.73,rated_capped,False,,32.96,11.51,27.5,-20,0,10
2025-01-15 06:45:23.000+05:30,10.0,62.88,754.04,11.991730279898217,6.76,rated_capped,False,,32.91,11.68,27.6,-30,0,10
2025-01-15 06:45:24.000+05:30,10.16,65.7,788.23,11.997412480974125,6.8,rated_capped,False,,32.97,12.56,27.5,-22,0,10
2025-01-15 06:45:25.000+05:30,10.25,67.15,809.55,12.05584512285927,6.91,rated_capped,False,,32.93,12.45,27.5,-30,0,10
2025-01-15 06:45:26.000+05:30,10.26,64.56,780.34,12.087050805452293,6.6,rated_capped,False,,32.94,12.44,27.5,0,0,10
2025-01-15 06:45:27.000+05:30,10.15,66.81,804.91,12.047747343212093,7.02,rated_capped,False,,32.38,13.12,27.5,-28,0,10
2025-01-15 06:45:28.000+05:30,10.05,64.36,774.37,12.031852082038533,6.65,rated_capped,False,,32.5,12.95,27.5,24,0,10
2025-01-15 06:45:29.000+05:30,9.93,66.09,789.21,11.941443486155244,6.75,rated_capped,False,,32.47,13.24,27.5,-27,0,10
2025-01-15 06:45:30.000+05:30,9.81,63.91,768.66,12.027225786261932,6.59,rated_capped,False,,31.82,13.54,27.5,26,0,10
2025-01-15 06:45:31.000+05:30,9.98,64.85,784.43,12.096067848882036,6.58,rated_capped,False,,31.1,13.69,27.5,27,0,10
2025-01-15 06:45:32.000+05:30,10.03,63.82,763.21,11.958790347853338,6.88,rated_capped,False,,31.38,13.65,27.5,3,0,10
2025-01-15 06:45:33.000+05:30,9.83,65.18,780.17,11.969469162319728,6.8,rated_capped,False,,31.27,13.91,27.5,19,0,10
2025-01-15 06:45:34.000+05:30,9.7,64.8,776.03,11.975771604938272,6.84,rated_capped,False,,31.02,13.86,27.5,-12,0,10
2025-01-15 06:45:35.000+05:30,9.68,63.91,769.09,12.033953997809421,6.79,rated_capped,False,,30.98,13.87,27.5,28,0,10
2025-01-15 06:45:36.000+05:30,9.52,65.86,795.92,12.085028849073792,6.62,rated_capped,False,,30.58,14.0,27.5,-29,0,10
2025-01-15 06:45:37.000+05:30,9.37,62.36,749.23,12.01459268762027,6.74,rated_capped,False,,30.62,14.0,27.5,26,0,10
2025-01-15 06:45:38.000+05:30,9.57,63.88,765.02,11.97589229805886,6.57,rated_capped,False,,30.25,13.14,27.5,-2,0,10
2025-01-15 06:45:39.000+05:30,9.56,67.06,805.44,12.010736653742917,6.94,rated_capped,False,,30.56,12.86,27.5,18,0,10
2025-01-15 06:45:40.000+05:30,9.61,64.57,782.65,12.120954003407157,6.68,rated_capped,False,,30.08,13.36,27.5,25,0,10
2025-01-15 06:45:41.000+05:30,9.4,65.47,791.29,12.086299068275546,6.54,rated_capped,False,,29.67,13.47,27.5,24,0,10
2025-01-15 06:45:42.000+05:30,9.34,67.32,814.85,12.10412953060012,6.74,rated_capped,False,,29.68,13.09,27.5,11,0,10
2025-01-15 06:45:43.000+05:30,9.22,64.93,784.7,12.085322655167102,6.59,rated_capped,False,,29.42,13.03,27.5,-17,0,10
2025-01-15 06:45:44.000+05:30,9.24,67.8,818.53,12.072713864306785,6.42,rated_capped,False,,29.05,13.2,27.5,27,0,10
2025-01-15 06:45:45.000+05:30,9.12,64.81,782.87,12.07946304582626,7.02,rated_capped,False,,29.34,13.81,27.5,6,0,10
2025-01-15 06:45:46.000+05:30,9.26,63.58,765.69,12.042938030827305,6.64,rated_capped,False,,29.63,12.76,27.5,26,0,10
2025-01-15 06:45:47.000+05:30,9.0,66.15,795.91,12.031897203325773,6.42,rated_capped,False,,29.02,12.78,27.5,-11,0,10
2025-01-15 06:45:48.000+05:30,8.93,64.75,778.67,12.025791505791505,6.82,rated_capped,False,,29.76,12.58,27.5,4,0,10
2025-01-15 06:45:49.000+05:30,8.73,65.39,788.29,12.055207218229086,6.39,rated_capped,False,,29.45,12.79,27.6,8,0,10
2025-01-15 06:45:50.000+05:30,8.7,64.28,776.89,12.086029869321717,6.92,rated_capped,False,,29.56,12.57,27.6,-6,0,10
2025-01-15 06:45:51.000+05:30,8.67,67.08,808.65,12.055008944543829,6.89,rated_capped,False,,30.19,12.23,27.6,-13,0,10
2025-01-15 06:45:52.000+05:30,8.71,65.44,785.51,12.00351466992665,6.82,rated_capped,False,,29.63,13.33,27.6,14,0,10
2025-01-15 06:45:53.000+05:30,8.95,63.28,758.27,11.982774968394438,6.8,rated_capped,False,,29.39,12.97,27.6,29,0,10
2025-01-15 06:45:54.000+05:30,9.16,66.64,801.7,12.03031212484994,6.77,rated_capped,False,,29.72,13.0,27.6,26,0,10
2025-01-15 06:45:55.000+05:30,9.01,62.26,752.42,12.085126887247029,6.81,rated_capped,False,,30.33,13.03,27.6,7,0,10
2025-01-15 06:45:56.000+05:30,9.2,67.28,807.49,12.0019322235434,6.77,rated_capped,False,,30.44,12.69,27.5,30,0,10
2025-01-15 06:45:57.000+05:30,9.21,66.03,798.07,12.086475844313192,6.74,rated_capped,False,,30.41,11.52,27.6,-27,0,10
2025-01-15 06:45:58.000+05:30,9.27,63.74,766.59,12.026827737684343,7.06,rated_capped,False,,29.98,12.1,27.5,-26,0,10
2025-01-15 06:45:59.000+05:30,9.31,65.14,782.64,12.014737488486336,6.81,rated_capped,False,,30.33,11.43,27.5,-11,0,10
2025-01-15 06:46:00.000+05:30,9.38,67.58,812.23,12.01879254217224,6.84,rated_capped,False,,30.47,11.06,27.5,2,0,10
2025-01-15 06:46:01.000+05:30,9.05,65.21,782.6,12.001226805704649,6.59,rated_capped,False,,30.87,11.36,27.5,-30,0,10
2025-01-15 06:46:02.000+05:30,8.88,67.05,809.86,12.078448918717376,6.99,rated_capped,False,,30.52,11.68,27.5,-20,0,10
2025-01-15 06:46:03.000+05:30,8.73,66.92,800.02,11.954871488344292,6.71,rated_capped,False,,30.61,12.11,27.5,-27,0,10
2025-01-15 06:46:04.000+05:30,8.55,67.07,807.38,12.03787088116893,6.61,rated_capped,False,,29.98,11.43,27.5,-13,0,10
2025-01-15 06:46:05.000+05:30,8.68,64.31,775.24,12.054734877935003,6.86,rated_capped,False,,30.69,10.84,27.5,26,0,10
2025-01-15 06:46:06.000+05:30,8.67,66.56,805.8,12.106370192307692,6.7,rated_capped,False,,31.3,10.85,27.5,12,0,10
2025-01-15 06:46:07.000+05:30,8.74,64.77,776.57,11.989655704801606,6.65,rated_capped,False,,31.53,11.1,27.5,-16,0,10
2025-01-15 06:46:08.000+05:30,8.63,66.85,810.87,12.12969334330591,6.62,rated_capped,False,,31.38,11.19,27.5,22,0,10
2025-01-15 06:46:09.000+05:30,8.6,64.12,770.44,12.015595757953836,6.79,rated_capped,False,,31.44,10.64,27.5,-10,0,10
2025-01-15 06:46:10.000+05:30,8.78,65.34,785.85,12.027089072543617,6.62,rated_capped,False,,31.93,11.27,27.5,-3,0,10
2025-01-15 06:46:11.000+05:30,9.03,62.88,758.35,12.060273536895675,6.51,rated_capped,False,,31.89,10.98,27.5,-15,0,10
2025-01-15 06:46:12.000+05:30,9.22,65.08,789.61,12.132913337430855,6.68,rated_capped,False,,31.89,10.32,27.5,-8,0,10
2025-01-15 06:46:13.000+05:30,9.09,65.49,783.62,11.965490914643459,7.02,rated_capped,False,,31.78,10.69,27.6,-18,0,10
2025-01-15 06:46:14.000+05:30,9.19,66.98,807.17,12.050910719617795,6.51,rated_capped,False,,31.91,10.6,27.5,3,0,10
2025-01-15 06:46:15.000+05:30,9.3,66.94,802.78,11.992530624439796,6.69,rated_capped,False,,32.59,11.06,27.5,27,0,10
2025-01-15 06:46:16.000+05:30,9.41,66.42,799.09,12.030864197530864,6.67,rated_capped,False,,32.53,11.8,27.5,-4,0,10
2025-01-15 06:46:17.000+05:30,9.38,66.51,807.9,12.147045557059087,6.68,rated_capped,False,,32.15,11.42,27.5,-18,0,10
2025-01-15 06:46:18.000+05:30,9.5,68.77,827.36,12.030827395666716,6.97,rated_capped,False,,32.02,11.12,27.5,-21,0,10
2025-01-15 06:46:19.000+05:30,9.37,63.14,760.24,12.040544821032626,6.89,rated_capped,False,,31.65,11.33,27.5,-5,0,10
2025-01-15 06:46:20.000+05:30,9.21,63.44,763.93,12.041771752837326,6.58,rated_capped,False,,32.13,11.13,27.5,-30,0,10
2025-01-15 06:46:21.000+05:30,9.32,65.43,792.87,12.117835855112332,6.67,rated_capped,False,,32.67,10.98,27.5,-24,0,10
2025-01-15 06:46:22.000+05:30,9.22,65.4,779.2,11.914373088685014,6.69,rated_capped,False,,32.51,11.58,27.5,-22,0,10
2025-01-15 06:46:23.000+05:30,9.24,64.75,787.53,12.162625482625483,6.89,rated_capped,False,,32.25,11.91,27.5,-21,0,10
2025-01-15 06:46:24.000+05:30,9.37,69.03,828.48,12.00173837461973,6.69,rated_capped,False,,32.76,11.23,27.5,-16,0,10
2025-01-15 06:46:25.000+05:30,9.13,63.58,765.82,12.044982698961938,6.83,rated_capped,False,,32.95,11.15,27.6,1,0,10
2025-01-15 06:46:26.000+05:30,8.99,66.44,797.1,11.997290788681518,6.96,rated_capped,False,,33.0,12.12,27.5,-3,0,10
2025-01-15 06:46:27.000+05:30,8.77,66.09,797.32,12.064154940233015,6.41,rated_capped,False,,32.9,11.9,27.6,-9,0,10
2025-01-15 06:46:28.000+05:30,8.6,66.55,804.26,12.085048835462059,6.79,rated_capped,False,,32.97,11.36,27.5,-29,0,10
2025-01-15 06:46:29.000+05:30,8.52,66.41,800.93,12.0603824725192,6.56,rated_capped,False,,32.85,10.75,27.6,-5,0,10
2025-01-15 06:46:30.000+05:30,8.77,68.11,818.04,12.01057113492879,6.37,rated_capped,False,,32.47,11.58,27.6,22,0,10
2025-01-15 06:46:31.000+05:30,8.87,66.85,805.81,12.054001495886313,6.72,rated_capped,False,,32.3,11.16,27.6,29,0,10
2025-01-15 06:46:32.000+05:30,9.07,62.54,756.77,12.10057563159578,6.64,rated_capped,False,,32.42,11.17,27.7,0,0,10
2025-01-15 06:46:33.000+05:30,9.28,64.41,776.27,12.052010557366868,6.47,rated_capped,False,,32.65,11.79,27.7,30,0,10
2025-01-15 06:46:34.000+05:30,9.24,65.18,782.22,12.000920527769253,6.97,rated_capped,False,,32.55,12.15,27.6,0,0,10
2025-01-15 06:46:35.000+05:30,9.13,65.64,786.74,11.98567946374162,6.76,rated_capped,False,,32.45,12.08,27.6,-8,0,10
2025-01-15 06:46:36.000+05:30,9.28,65.62,785.0,11.962816214568727,6.78,rated_capped,False,,32.55,12.28,27.6,14,0,10
2025-01-15 06:46:37.000+05:30,9.46,63.76,769.51,12.068851944792973,6.8,rated_capped,False,,32.29,12.63,27.6,-28,0,10
2025-01-15 06:46:38.000+05:30,9.55,66.59,796.24,11.957350953596636,6.65,rated_capped,False,,32.95,13.38,27.6,-12,0,10
2025-01-15 06:46:39.000+05:30,9.55,67.08,800.53,11.933959451401313,6.89,rated_capped,False,,32.77,13.31,27.6,-16,0,10
2025-01-15 06:46:40.000+05:30,9.53,65.65,790.36,12.038994668697638,6.84,rated_capped,False,,32.42,13.48,27.6,-26,0,10
2025-01-15 06:46:41.000+05:30,9.32,63.44,768.35,12.111443883984869,6.73,rated_capped,False,,32.96,13.64,27.6,-25,0,10
2025-01-15 06:46:42.000+05:30,9.21,63.85,763.8,11.962411902897415,6.71,rated_capped,False,,32.84,13.68,27.6,-8,0,10
2025-01-15 06:46:43.000+05:30,9.48,66.13,793.64,12.001209738394072,6.71,rated_capped,False,,32.96,14.0,27.6,17,0,10
2025-01-15 06:46:44.000+05:30,9.7,68.13,823.88,12.092763833847059,6.65,rated_capped,False,,32.95,14.0,27.5,21,0,10
2025-01-15 06:46:45.000+05:30,9.54,67.72,816.2,12.052569403425872,6.74,rated_capped,False,,32.48,14.0,27.5,-27,0,10
2025-01-15 06:46:46.000+05:30,9.5,67.6,810.54,11.990236686390533,6.73,rated_capped,False,,32.14,14.0,27.5,-11,0,10
2025-01-15 06:46:47.000+05:30,9.58,65.79,787.95,11.976744186046512,6.6,rated_capped,False,,31.9,14.0,27.5,21,0,10
2025-01-15 06:46:48.000+05:30,9.36,64.23,771.7,12.014634905807256,6.95,rated_capped,False,,32.71,13.81,27.6,16,0,10
2025-01-15 06:46:49.000+05:30,9.41,64.55,771.25,11.948102246320682,6.98,rated_capped,False,,32.33,14.0,27.5,-29,0,10
2025-01-15 06:46:50.000+05:30,9.31,66.99,806.81,12.043737871324078,6.89,rated_capped,False,,32.85,13.48,27.6,-25,0,10
2025-01-15 06:46:51.000+05:30,9.28,63.3,762.64,12.048025276461296,6.86,rated_capped,False,,32.89,13.2,27.6,-22,0,10
2025-01-15 06:46:52.000+05:30,9.39,64.17,770.5,12.007168458781361,6.76,rated_capped,False,,32.94,14.0,27.6,28,0,10
2025-01-15 06:46:53.000+05:30,9.39,63.92,774.16,12.111389236545682,6.82,rated_capped,False,,32.57,14.0,27.6,-28,0,10
2025-01-15 06:46:54.000+05:30,9.35,65.18,783.39,12.018870819269713,6.74,rated_capped,False,,32.4,13.92,27.6,23,0,10
2025-01-15 06:46:55.000+05:30,9.12,64.7,779.17,12.042812982998454,6.82,rated_capped,False,,32.06,14.0,27.5,21,0,10
2025-01-15 06:46:56.000+05:30,9.07,64.88,783.29,12.07290382244143,6.74,rated_capped,False,,32.17,14.0,27.5,-20,0,10
2025-01-15 06:46:57.000+05:30,8.96,64.89,780.84,12.033287101248266,6.73,rated_capped,False,,32.85,13.87,27.5,13,0,10
2025-01-15 06:46:58.000+05:30,9.05,64.71,782.85,12.09782104775151,6.74,rated_capped,False,,32.83,13.85,27.6,0,0,10
2025-01-15 06:46:59.000+05:30,9.01,67.19,807.26,12.014585503795209,6.51,rated_capped,False,,32.92,13.74,27.5,13,0,10
2025-01-15 06:47:00.000+05:30,9.05,65.98,793.71,12.029554410427401,6.76,rated_capped,False,,32.58,12.64,27.6,17,0,10
2025-01-15 06:47:01.000+05:30,9.15,66.45,799.21,12.027238525206922,7.06,rated_capped,False,,32.25,12.44,27.6,-4,0,10
2025-01-15 06:47:02.000+05:30,9.25,65.53,793.61,12.110636349763467,6.46,rated_capped,False,,31.8,12.81,27.6,-7,0,10
2025-01-15 06:47:03.000+05:30,9.27,64.91,781.02,12.032352488060392,6.75,rated_capped,False,,31.34,12.81,27.6,28,0,10
2025-01-15 06:47:04.000+05:30,9.17,64.34,776.62,12.07056263599627,6.63,rated_capped,False,,31.97,12.92,27.6,-5,0,10
2025-01-15 06:47:05.000+05:30,9.32,68.31,821.4,12.024593763724198,6.82,rated_capped,False,,31.47,12.99,27.6,11,0,10
2025-01-15 06:47:06.000+05:30,9.25,67.38,811.45,12.042891065598102,6.98,rated_capped,False,,32.07,12.7,27.6,7,0,10
2025-01-15 06:47:07.000+05:30,9.27,67.84,816.8,12.040094339622641,6.8,rated_capped,False,,32.03,13.16,27.6,-14,0,10
2025-01-15 06:47:08.000+05:30,9.14,65.68,787.5,11.989951278928135,6.64,rated_capped,False,,32.34,13.81,27.6,8,0,10
2025-01-15 06:47:09.000+05:30,9.36,64.24,774.28,12.052926525529266,6.75,rated_capped,False,,32.0,12.98,27.5,-28,0,10
2025-01-15 06:47:10.000+05:30,9.63,63.9,773.81,12.109702660406885,6.63,rated_capped,False,,32.01,13.94,27.5,-10,0,10
2025-01-15 06:47:11.000+05:30,9.75,62.8,758.53,12.078503184713377,6.79,rated_capped,False,,31.54,13.1,27.5,14,0,10
2025-01-15 06:47:12.000+05:30,9.72,64.73,779.21,12.037849528811988,6.95,rated_capped,False,,31.67,13.54,27.5,15,0,10
2025-01-15 06:47:13.000+05:30,9.67,64.16,771.33,12.021976309226934,7.04,rated_capped,False,,31.68,13.12,27.5,-5,0,10
2025-01-15 06:47:14.000+05:30,9.72,65.9,790.61,11.997116843702578,6.91,rated_capped,False,,32.11,13.37,27.5,-27,0,10
2025-01-15 06:47:15.000+05:30,9.86,65.8,787.64,11.970212765957447,6.91,rated_capped,False,,32.32,14.0,27.5,-3,0,10
2025-01-15 06:47:16.000+05:30,9.89,63.46,765.47,12.06224393318626,6.78,rated_capped,False,,31.51,14.0,27.5,-5,0,10
2025-01-15 06:47:17.000+05:30,9.9,64.99,781.72,12.028312048007388,6.76,rated_capped,False,,31.37,14.0,27.5,-30,0,10
2025-01-15 06:47:18.000+05:30,9.99,64.94,774.62,11.928241453649523,6.52,rated_capped,False,,31.7,14.0,27.5,-10,0,10
2025-01-15 06:47:19.000+05:30,10.06,65.7,792.58,12.063622526636225,6.84,rated_capped,False,,32.0,13.83,27.5,-10,0,10
2025-01-15 06:47:20.000+05:30,9.99,66.86,806.06,12.055937780436732,6.74,rated_capped,False,,32.64,14.0,27.6,-17,0,10
2025-01-15 06:47:21.000+05:30,10.15,61.33,737.4,12.023479536931355,6.77,rated_capped,False,,32.59,13.49,27.5,29,0,10
2025-01-15 06:47:22.000+05:30,10.12,67.45,810.29,12.013194959229057,6.6,rated_capped,False,,32.47,12.65,27.6,17,0,10
2025-01-15 06:47:23.000+05:30,10.01,66.09,792.69,11.994098955969132,7.03,rated_capped,False,,32.28,12.37,27.6,-10,0,10
2025-01-15 06:47:24.000+05:30,9.97,64.16,769.74,11.997194513715712,6.46,rated_capped,False,,32.8,11.8,27.6,-7,0,10
2025-01-15 06:47:25.000+05:30,9.93,66.53,800.92,12.0384788817075,6.59,rated_capped,False,,32.14,11.94,27.6,4,0,10
2025-01-15 06:47:26.000+05:30,9.9,65.74,790.17,12.019622756312748,6.77,rated_capped,False,,32.23,12.92,27.6,-7,0,10
2025-01-15 06:47:27.000+05:30,9.94,68.07,818.06,12.017922726604965,6.57,rated_capped,False,,31.54,13.26,27.6,-22,0,10
2025-01-15 06:47:28.000+05:30,10.08,64.54,778.37,12.060272699101331,6.84,rated_capped,False,,32.04,14.0,27.6,-22,0,10
2025-01-15 06:47:29.000+05:30,10.31,62.29,752.58,12.081875100337134,6.66,rated_capped,False,,31.66,14.0,27.5,-19,0,10
2025-01-15 06:47:30.000+05:30,10.3,67.32,808.52,12.01010101010101,6.73,rated_capped,False,,31.43,14.0,27.6,4,0,10
2025-01-15 06:47:31.000+05:30,10.14,65.82,794.1,12.064721969006383,6.94,rated_capped,False,,31.5,14.0,27.6,-26,0,10
2025-01-15 06:47:32.000+05:30,10.05,65.57,787.55,12.01082812261705,6.75,rated_capped,False,,31.74,14.0,27.6,-11,0,10
2025-01-15 06:47:33.000+05:30,10.05,65.04,778.88,11.97539975399754,6.59,rated_capped,False,,31.04,13.76,27.6,25,0,10
2025-01-15 06:47:34.000+05:30,10.3,65.21,783.71,12.018248734856618,6.5,rated_capped,False,,31.6,14.0,27.6,-2,0,10
2025-01-15 06:47:35.000+05:30,10.48,65.14,782.26,12.008903899293829,6.73,rated_capped,False,,32.22,13.85,27.6,-5,0,10
2025-01-15 06:47:36.000+05:30,10.58,65.7,792.7,12.06544901065449,6.78,rated_capped,False,,31.83,12.45,27.6,10,0,10
2025-01-15 06:47:37.000+05:30,10.49,66.68,800.87,12.010647870425913,6.78,rated_capped,False,,32.57,12.83,27.6,2,0,10
2025-01-15 06:47:38.000+05:30,10.48,62.73,759.4,12.10585047026941,6.76,rated_capped,False,,32.46,12.7,27.6,21,0,10
2025-01-15 06:47:39.000+05:30,10.52,66.35,799.6,12.051243406179353,6.63,rated_capped,False,,32.23,12.47,27.6,20,0,10
2025-01-15 06:47:40.000+05:30,10.45,67.91,820.46,12.081578559858638,6.59,rated_capped,False,,31.69,13.13,27.6,-11,0,10
2025-01-15 06:47:41.000+05:30,10.37,65.51,786.79,12.01022744619142,6.63,rated_capped,False,,31.77,13.03,27.6,-20,0,10
2025-01-15 06:47:42.000+05:30,10.23,63.14,765.13,12.117991764333228,6.85,rated_capped,False,,31.47,13.26,27.6,-20,0,10
2025-01-15 06:47:43.000+05:30,10.23,64.56,768.8,11.908302354399007,6.74,rated_capped,False,,31.06,13.17,27.6,30,0,10
2025-01-15 06:47:44.000+05:30,9.92,65.38,790.26,12.087182624655858,6.94,rated_capped,False,,31.37,13.88,27.6,-13,0,10
2025-01-15 06:47:45.000+05:30,10.08,65.14,791.78,12.155050660116672,6.57,rated_capped,False,,31.23,13.68,27.6,1,0,10
2025-01-15 06:47:46.000+05:30,10.08,64.75,774.02,11.953976833976833,6.71,rated_capped,False,,31.19,12.73,27.6,8,0,10
2025-01-15 06:47:47.000+05:30,9.99,66.03,799.19,12.103437831288808,6.58,rated_capped,False,,31.52,13.53,27.6,14,0,10
2025-01-15 06:47:48.000+05:30,10.02,66.66,797.89,11.96954695469547,6.66,rated_capped,False,,31.65,13.21,27.6,-22,0,10
2025-01-15 06:47:49.000+05:30,9.61,66.97,807.48,12.057339107062864,6.82,rated_capped,False,,31.13,13.18,27.6,26,0,10
2025-01-15 06:47:50.000+05:30,9.4,63.74,761.91,11.953404455600877,6.7,rated_capped,False,,31.45,13.03,27.6,29,0,10
2025-01-15 06:47:51.000+05:30,9.5,65.52,787.52,12.01953601953602,6.61,rated_capped,False,,31.2,13.23,27.5,-20,0,10
2025-01-15 06:47:52.000+05:30,9.56,63.95,767.96,12.008756841282251,7.06,rated_capped,False,,30.86,13.48,27.5,-11,0,10
2025-01-15 06:47:53.000+05:30,9.84,64.46,775.03,12.02342538008067,6.52,rated_capped,False,,30.84,13.18,27.5,2,0,10
2025-01-15 06:47:54.000+05:30,9.87,66.16,795.74,12.027509068923822,6.56,rated_capped,False,,31.05,12.57,27.5,11,0,10
2025-01-15 06:47:55.000+05:30,9.88,64.66,781.82,12.091246520259823,6.83,rated_capped,False,,31.01,11.64,27.5,16,0,10
2025-01-15 06:47:56.000+05:30,9.96,64.22,771.86,12.01899719713485,6.67,rated_capped,False,,31.65,12.41,27.5,6,0,10
2025-01-15 06:47:57.000+05:30,9.72,65.21,785.14,12.040177886827175,6.63,rated_capped,False,,31.29,12.9,27.5,-13,0,10
2025-01-15 06:47:58.000+05:30,9.48,66.29,802.42,12.10469150701463,6.76,rated_capped,False,,31.38,12.53,27.5,9,0,10
2025-01-15 06:47:59.000+05:30,9.35,68.08,823.28,12.09283196239718,6.82,rated_capped,False,,31.25,12.8,27.5,-25,0,10
2025-01-15 06:48:00.000+05:30,9.29,66.58,803.12,12.062481225593272,6.96,rated_capped,False,,30.98,12.98,27.5,13,0,10
2025-01-15 06:48:01.000+05:30,9.27,67.44,809.0,11.995848161328588,6.74,rated_capped,False,,30.74,12.62,27.5,26,0,10
2025-01-15 06:48:02.000+05:30,9.21,66.62,801.67,12.03347343140198,6.75,rated_capped,False,,30.84,12.63,27.5,-27,0,10
2025-01-15 06:48:03.000+05:30,9.31,65.14,786.41,12.072612833896223,6.48,rated_capped,False,,30.83,11.73,27.5,-26,0,10
2025-01-15 06:48:04.000+05:30,9.19,65.11,785.42,12.062970357855935,6.99,rated_capped,False,,30.47,11.96,27.5,-14,0,10
2025-01-15 06:48:05.000+05:30,9.27,63.25,766.92,12.125217391304346,6.77,rated_capped,False,,30.69,11.08,27.5,-4,0,10
2025-01-15 06:48:06.000+05:30,9.72,68.08,820.21,12.047737955346651,6.9,rated_capped,False,,30.2,10.15,27.5,25,0,10
2025-01-15 06:48:07.000+05:30,9.73,65.64,792.45,12.072669104204754,7.05,rated_capped,False,,30.09,10.52,27.6,-21,0,10
2025-01-15 06:48:08.000+05:30,9.89,64.71,780.15,12.056096430227168,6.8,rated_capped,False,,29.88,10.22,27.6,-27,0,10
2025-01-15 06:48:09.000+05:30,9.83,69.73,839.9,12.045030833213824,6.64,rated_capped,False,,30.26,10.46,27.6,7,0,10
2025-01-15 06:48:10.000+05:30,10.08,63.69,762.58,11.973308211650181,6.59,rated_capped,False,,30.4,10.52,27.6,24,0,10
2025-01-15 06:48:11.000+05:30,9.93,64.94,780.56,12.019710502001848,7.06,rated_capped,False,,30.38,10.72,27.6,-7,0,10
2025-01-15 06:48:12.000+05:30,9.84,66.81,804.58,12.04280796287981,6.86,rated_capped,False,,30.56,10.97,27.6,18,0,10
2025-01-15 06:48:13.000+05:30,9.59,65.72,791.77,12.047626293365795,6.76,rated_capped,False,,30.41,9.49,27.6,-16,0,10
2025-01-15 06:48:14.000+05:30,9.39,67.02,804.33,12.001342882721577,6.63,rated_capped,False,,30.14,9.15,27.6,-22,0,10
2025-01-15 06:48:15.000+05:30,9.25,67.31,809.89,12.032238894666468,6.98,rated_capped,False,,30.33,9.49,27.6,-16,0,10
2025-01-15 06:48:16.000+05:30,9.39,61.5,738.92,12.014959349593495,6.88,rated_capped,False,,30.81,9.4,27.6,9,0,10
2025-01-15 06:48:17.000+05:30,9.37,66.71,804.5,12.059661220206866,6.78,rated_capped,False,,30.87,9.56,27.6,0,0,10
2025-01-15 06:48:18.000+05:30,9.33,64.57,779.6,12.073718445098345,6.97,rated_capped,False,,30.8,10.08,27.6,-26,0,10
2025-01-15 06:48:19.000+05:30,9.32,68.77,826.19,12.013814163152539,6.75,rated_capped,False,,31.34,9.96,27.6,16,0,10
2025-01-15 06:48:20.000+05:30,9.46,65.92,790.08,11.985436893203884,6.62,rated_capped,False,,31.64,10.46,27.6,30,0,10
2025-01-15 06:48:21.000+05:30,9.65,67.32,812.05,12.062537136066549,7.06,rated_capped,False,,31.17,10.85,27.6,-7,0,10
2025-01-15 06:48:22.000+05:30,9.63,64.63,776.43,12.013461240909795,6.48,rated_capped,False,,31.36,10.37,27.6,-12,0,10
2025-01-15 06:48:23.000+05:30,9.58,64.18,771.84,12.026176378934247,6.62,rated_capped,False,,31.59,10.69,27.6,12,0,10
2025-01-15 06:48:24.000+05:30,9.91,66.07,796.11,12.04949296200999,6.89,rated_capped,False,,30.86,10.45,27.6,21,0,10
2025-01-15 06:48:25.000+05:30,9.74,65.49,790.34,12.068102000305391,6.88,rated_capped,False,,30.73,10.04,27.6,-11,0,10
2025-01-15 06:48:26.000+05:30,9.58,67.3,804.26,11.95037147102526,6.86,rated_capped,False,,30.71,10.36,27.6,-1,0,10
2025-01-15 06:48:27.000+05:30,9.47,65.77,787.92,11.979930059297553,6.76,rated_capped,False,,31.57,9.82,27.6,-16,0,10
2025-01-15 06:48:28.000+05:30,9.2,67.71,816.84,12.06380150642446,6.88,rated_capped,False,,30.62,9.99,27.6,-10,0,10
2025-01-15 06:48:29.000+05:30,8.92,63.44,759.63,11.973991172761664,6.83,rated_capped,False,,30.06,9.83,27.6,-2,0,10
2025-01-15 06:48:30.000+05:30,8.72,67.9,819.76,12.073048600883652,6.65,rated_capped,False,,30.32,9.45,27.6,-18,0,10
2025-01-15 06:48:31.000+05:30,8.69,62.77,751.37,11.970208698422812,6.7,rated_capped,False,,30.75,9.87,27.6,-1,0,10
2025-01-15 06:48:32.000+05:30,8.55,67.11,809.37,12.060348681269558,6.94,rated_capped,False,,31.04,9.83,27.6,-7,0,10
2025-01-15 06:48:33.000+05:30,8.53,64.05,768.01,11.990788446526151,6.87,rated_capped,False,,30.65,9.71,27.6,-2,0,10
2025-01-15 06:48:34.000+05:30,8.38,67.94,812.23,11.955107447748013,6.7,rated_capped,False,,30.37,10.03,27.6,-21,0,10
2025-01-15 06:48:35.000+05:30,8.53,65.97,791.23,11.99378505381234,6.6,rated_capped,False,,31.17,10.23,27.6,17,0,10
2025-01-15 06:48:36.000+05:30,8.79,64.67,778.1,12.03185402814288,6.52,rated_capped,False,,30.91,10.77,27.5,3,0,10
2025-01-15 06:48:37.000+05:30,8.56,64.83,781.18,12.049668363412,6.49,rated_capped,False,,31.63,10.81,27.5,-30,0,10
2025-01-15 06:48:38.000+05:30,8.69,65.76,783.91,11.920772506082724,6.83,rated_capped,False,,31.73,10.56,27.5,-1,0,10
2025-01-15 06:48:39.000+05:30,8.64,63.53,767.28,12.077443727372893,6.91,rated_capped,False,,32.0,10.69,27.5,27,0,10
2025-01-15 06:48:40.000+05:30,8.58,66.79,800.6,11.986824374906423,6.63,rated_capped,False,,31.73,9.98,27.5,-28,0,10
2025-01-15 06:48:41.000+05:30,8.71,66.14,793.22,11.993045055941941,6.75,rated_capped,False,,31.15,9.58,27.5,-16,0,10
2025-01-15 06:48:42.000+05:30,8.81,64.51,779.24,12.07936753991629,6.81,rated_capped,False,,30.82,9.58,27.5,17,0,10
2025-01-15 06:48:43.000+05:30,8.86,62.48,752.81,12.048815620998719,6.89,rated_capped,False,,30.86,9.94,27.5,24,0,10
2025-01-15 06:48:44.000+05:30,8.88,66.67,801.09,12.015749212539372,6.65,rated_capped,False,,30.55,9.41,27.5,9,0,10
2025-01-15 06:48:45.000+05:30,8.69,66.68,803.88,12.055788842231552,6.65,rated_capped,False,,30.22,9.48,27.6,4,0,10
2025-01-15 06:48:46.000+05:30,8.79,65.02,785.17,12.07582282374654,6.71,rated_capped,False,,30.33,10.77,27.5,28,0,10
2025-01-15 06:48:47.000+05:30,8.55,63.89,770.75,12.063703239943653,6.48,rated_capped,False,,30.53,12.04,27.6,-2,0,10
2025-01-15 06:48:48.000+05:30,8.71,62.75,759.89,12.109800796812749,6.7,rated_capped,False,,30.58,12.5,27.6,-28,0,10
2025-01-15 06:48:49.000+05:30,8.63,64.01,764.72,11.946883299484455,6.69,rated_capped,False,,30.99,12.98,27.6,-11,0,10
2025-01-15 06:48:50.000+05:30,8.7,64.38,777.93,12.083410997204101,6.73,rated_capped,False,,32.09,12.32,27.6,6,0,10
2025-01-15 06:48:51.000+05:30,8.67,64.41,776.2,12.050923769600995,6.52,rated_capped,False,,31.77,12.35,27.6,-29,0,10
2025-01-15 06:48:52.000+05:30,8.77,66.37,801.09,12.070061774898297,6.79,rated_capped,False,,32.24,12.49,27.6,12,0,10
2025-01-15 06:48:53.000+05:30,8.84,64.63,771.73,11.940739594615504,6.86,rated_capped,False,,31.79,11.98,27.6,-21,0,10
2025-01-15 06:48:54.000+05:30,8.78,61.67,742.12,12.033727906599642,6.78,rated_capped,False,,31.56,11.67,27.6,-28,0,10
2025-01-15 06:48:55.000+05:30,9.0,66.75,803.0,12.02996254681648,6.64,rated_capped,False,,31.94,11.43,27.6,-16,0,10
2025-01-15 06:48:56.000+05:30,9.03,67.0,802.75,11.98134328358209,6.89,rated_capped,False,,32.14,11.63,27.6,17,0,10
2025-01-15 06:48:57.000+05:30,9.14,66.11,802.18,12.134019059143851,6.65,rated_capped,False,,31.92,11.17,27.7,24,0,10
2025-01-15 06:48:58.000+05:30,9.03,65.84,794.09,12.060905224787364,6.75,rated_capped,False,,31.44,11.24,27.7,4,0,10
2025-01-15 06:48:59.000+05:30,9.09,64.65,784.68,12.13735498839907,6.62,rated_capped,False,,31.56,10.97,27.7,-30,0,10
2025-01-15 06:49:00.000+05:30,8.9,65.98,793.68,12.029099727190056,6.68,rated_capped,False,,31.26,12.01,27.7,5,0,10
2025-01-15 06:49:01.000+05:30,9.02,70.75,852.52,12.049752650176679,7.01,rated_capped,False,,31.65,11.6,27.7,-6,0,10
2025-01-15 06:49:02.000+05:30,9.01,63.17,757.61,11.993192971347158,6.81,rated_capped,False,,32.11,11.43,27.7,-2,0,10
2025-01-15 06:49:03.000+05:30,9.25,67.48,814.77,12.07424422050978,6.62,rated_capped,False,,31.97,12.06,27.7,-15,0,10
2025-01-15 06:49:04.000+05:30,9.5,66.35,799.12,12.044009042954032,6.97,rated_capped,False,,31.9,11.91,27.7,29,0,10
2025-01-15 06:49:05.000+05:30,9.3,64.33,775.14,12.049432613088761,6.69,rated_capped,False,,32.21,11.61,27.7,-2,0,10
2025-01-15 06:49:06.000+05:30,9.11,64.38,777.34,12.074246660453559,6.7,rated_capped,False,,32.27,11.78,27.7,-22,0,10
2025-01-15 06:49:07.000+05:30,9.1,64.89,783.77,12.078440437663739,6.45,rated_capped,False,,32.71,12.13,27.7,-22,0,10
2025-01-15 06:49:08.000+05:30,9.26,65.89,797.33,12.100925785399909,6.7,rated_capped,False,,32.64,12.7,27.7,-17,0,10
2025-01-15 06:49:09.000+05:30,8.86,64.45,771.88,11.976415826221876,6.78,rated_capped,False,,32.97,11.71,27.7,-2,0,10
2025-01-15 06:49:10.000+05:30,8.76,64.71,777.25,12.011281100293619,6.66,rated_capped,False,,32.95,11.42,27.7,-29,0,10
2025-01-15 06:49:11.000+05:30,8.69,64.13,766.43,11.951192889443318,6.84,rated_capped,False,,32.98,11.49,27.7,-11,0,10
2025-01-15 06:49:12.000+05:30,8.86,65.78,790.68,12.020066889632107,6.63,rated_capped,False,,32.94,12.2,27.7,-22,0,10
2025-01-15 06:49:13.000+05:30,8.9,64.23,772.97,12.03440759769578,6.55,rated_capped,False,,32.93,11.48,27.7,-8,0,10
2025-01-15 06:49:14.000+05:30,8.83,66.44,804.05,12.101896447922938,6.54,rated_capped,False,,32.93,11.33,27.7,21,0,10
2025-01-15 06:49:15.000+05:30,8.94,66.07,802.03,12.139094899349177,6.69,rated_capped,False,,32.86,12.46,27.7,-19,0,10
2025-01-15 06:49:16.000+05:30,8.93,67.71,817.11,12.067789100575988,6.85,rated_capped,False,,32.98,12.01,27.7,-13,0,10
2025-01-15 06:49:17.000+05:30,8.6,67.39,809.53,12.012613147351239,6.77,rated_capped,False,,32.97,11.99,27.7,-30,0,10
2025-01-15 06:49:18.000+05:30,8.52,66.03,794.76,12.03634711494775,6.87,rated_capped,False,,32.82,12.78,27.7,16,0,10
2025-01-15 06:49:19.000+05:30,8.46,64.35,775.59,12.052680652680655,6.69,rated_capped,False,,32.95,12.62,27.7,20,0,10
2025-01-15 06:49:20.000+05:30,8.3,62.77,756.87,12.057830173649831,6.78,rated_capped,False,,32.97,12.3,27.7,14,0,10
2025-01-15 06:49:21.000+05:30,8.3,66.51,797.55,11.991429860171401,6.76,rated_capped,False,,32.97,12.14,27.7,14,0,10
2025-01-15 06:49:22.000+05:30,8.16,66.15,796.91,12.047014361300073,6.7,rated_capped,False,,32.51,12.05,27.7,-15,0,10
2025-01-15 06:49:23.000+05:30,8.21,65.83,794.62,12.070788394349082,6.8,rated_capped,False,,32.12,12.24,27.7,10,0,10
2025-01-15 06:49:24.000+05:30,8.42,63.62,766.27,12.04448286702295,6.7,rated_capped,False,,32.07,12.79,27.7,9,0,10
2025-01-15 06:49:25.000+05:30,8.24,66.65,800.85,12.01575393848462,6.9,rated_capped,False,,32.62,12.61,27.7,11,0,10
2025-01-15 06:49:26.000+05:30,8.28,63.73,769.02,12.066844500235367,6.87,rated_capped,False,,32.99,12.37,27.8,16,0,10
2025-01-15 06:49:27.000+05:30,8.44,67.73,816.27,12.051823416506718,6.76,rated_capped,False,,32.97,12.72,27.8,2,0,10
2025-01-15 06:49:28.000+05:30,8.32,63.34,756.89,11.949636880328386,6.78,rated_capped,False,,32.9,12.91,27.8,-10,0,10
2025-01-15 06:49:29.000+05:30,8.27,66.15,796.06,12.034164777021918,6.84,rated_capped,False,,32.53,12.86,27.8,-24,0,10
2025-01-15 06:49:30.000+05:30,8.23,65.36,783.07,11.980875152998777,7.06,rated_capped,False,,32.7,13.21,27.8,-5,0,10
2025-01-15 06:49:31.000+05:30,8.28,64.02,774.89,12.1038737894408,6.97,rated_capped,False,,32.7,13.56,27.8,-10,0,10
2025-01-15 06:49:32.000+05:30,8.33,67.01,810.08,12.088941948962841,6.9,rated_capped,False,,32.82,14.0,27.9,11,0,10
2025-01-15 06:49:33.000+05:30,8.39,62.98,759.16,12.053985392187997,6.7,rated_capped,False,,32.91,13.94,27.9,-17,0,10
2025-01-15 06:49:34.000+05:30,8.4,65.63,792.01,12.067804357763219,6.82,rated_capped,False,,32.98,14.0,27.9,-23,0,10
2025-01-15 06:49:35.000+05:30,8.32,64.36,776.4,12.063393412057177,6.63,rated_capped,False,,32.88,13.96,27.9,-11,0,10
2025-01-15 06:49:36.000+05:30,8.38,65.68,788.26,12.001522533495736,6.51,rated_capped,False,,32.92,14.0,27.9,-19,0,10
2025-01-15 06:49:37.000+05:30,8.56,66.01,794.6,12.037570065141644,6.52,rated_capped,False,,32.54,13.64,27.9,-3,0,10
2025-01-15 06:49:38.000+05:30,8.56,62.29,751.06,12.057473109648418,6.81,rated_capped,False,,32.26,12.93,27.9,6,0,10
2025-01-15 06:49:39.000+05:30,8.49,67.02,807.28,12.045359594151,6.91,rated_capped,False,,32.35,13.18,27.8,-19,0,10
2025-01-15 06:49:40.000+05:30,8.92,63.23,764.42,12.089514470978965,6.71,rated_capped,False,,32.28,13.16,27.8,1,0,10
2025-01-15 06:49:41.000+05:30,8.77,67.71,817.7,12.076502732240439,6.63,rated_capped,False,,31.97,13.64,27.8,-11,0,10
2025-01-15 06:49:42.000+05:30,8.9,66.55,801.21,12.039218632607064,6.6,rated_capped,False,,32.25,13.99,27.8,-7,0,10
2025-01-15 06:49:43.000+05:30,9.16,61.9,747.88,12.082067851373182,6.69,rated_capped,False,,32.13,14.0,27.8,-9,0,10
2025-01-15 06:49:44.000+05:30,9.21,64.23,766.95,11.940681924334424,6.91,rated_capped,False,,32.56,14.0,27.8,19,0,10
2025-01-15 06:49:45.000+05:30,9.07,64.63,780.11,12.070400742689154,7.06,rated_capped,False,,32.61,14.0,27.8,29,0,10
2025-01-15 06:49:46.000+05:30,8.96,65.17,785.72,12.0564676998619,6.57,rated_capped,False,,31.98,13.77,27.8,14,0,10
2025-01-15 06:49:47.000+05:30,8.81,63.61,766.28,12.046533563905045,6.88,rated_capped,False,,32.31,13.75,27.8,5,0,10
2025-01-15 06:49:48.000+05:30,8.7,65.55,793.1,12.099160945842868,6.7,rated_capped,False,,32.39,14.0,27.8,16,0,10
2025-01-15 06:49:49.000+05:30,8.67,65.9,789.65,11.98254931714719,6.59,rated_capped,False,,32.39,13.3,27.7,-26,0,10
2025-01-15 06:49:50.000+05:30,8.55,66.08,802.72,12.14769975786925,6.89,rated_capped,False,,32.6,13.54,27.7,20,0,10
2025-01-15 06:49:51.000+05:30,8.54,65.59,795.04,12.121359963409056,6.8,rated_capped,False,,32.23,13.42,27.7,0,0,10
2025-01-15 06:49:52.000+05:30,8.44,66.02,787.81,11.93289912147834,6.73,rated_capped,False,,32.75,12.61,27.7,22,0,10
2025-01-15 06:49:53.000+05:30,8.46,63.64,769.38,12.089566310496544,6.95,rated_capped,False,,32.59,12.46,27.7,-23,0,10
2025-01-15 06:49:54.000+05:30,8.61,66.35,803.66,12.11243406179352,6.79,rated_capped,False,,32.18,12.39,27.7,-19,0,10
2025-01-15 06:49:55.000+05:30,8.72,67.05,808.17,12.05324384787472,6.68,rated_capped,False,,32.35,12.8,27.7,18,0,10
2025-01-15 06:49:56.000+05:30,8.44,65.76,793.09,12.06037104622871,6.98,rated_capped,False,,33.01,13.42,27.7,25,0,10
2025-01-15 06:49:57.000+05:30,8.25,66.49,801.57,12.055497067228156,6.65,rated_capped,False,,32.95,13.32,27.7,12,0,10
2025-01-15 06:49:58.000+05:30,8.41,65.07,780.58,11.996004303058246,6.72,rated_capped,False,,32.96,13.77,27.6,9,0,10
2025-01-15 06:49:59.000+05:30,8.65,65.86,790.99,12.010173094442758,6.73,rated_capped,False,,32.96,14.0,27.6,-24,0,10
2025-01-15 06:50:00.000+05:30,8.72,63.98,774.53,12.105814316974055,6.91,rated_capped,False,,32.99,13.93,27.6,15,0,10
2025-01-15 06:50:01.000+05:30,8.93,65.11,783.96,12.040546767009676,6.66,rated_capped,False,,32.95,13.92,27.7,-17,0,10
2025-01-15 06:50:02.000+05:30,8.71,66.6,798.01,11.982132132132133,6.82,rated_capped,False,,32.98,14.0,27.7,4,0,10
2025-01-15 06:50:03.000+05:30,8.59,63.82,767.98,12.033531808210592,6.7,rated_capped,False,,32.96,14.0,27.7,-3,0,10
2025-01-15 06:50:04.000+05:30,8.49,66.52,801.92,12.055321707757066,6.69,rated_capped,False,,32.86,14.0,27.7,-30,0,10
2025-01-15 06:50:05.000+05:30,8.46,63.36,763.39,12.048453282828282,6.78,rated_capped,False,,32.97,13.82,27.7,29,0,10
2025-01-15 06:50:06.000+05:30,8.63,66.63,805.32,12.086447546150385,6.98,rated_capped,False,,32.47,14.0,27.7,29,0,10
2025-01-15 06:50:07.000+05:30,8.86,65.49,792.23,12.09696136814781,6.85,rated_capped,False,,32.79,14.0,27.7,-23,0,10
2025-01-15 06:50:08.000+05:30,9.1,65.34,793.1,12.138047138047138,6.88,rated_capped,False,,32.66,13.76,27.8,-14,0,10
2025-01-15 06:50:09.000+05:30,8.78,66.46,796.09,11.978483298224498,6.86,rated_capped,False,,32.14,13.84,27.8,1,0,10
2025-01-15 06:50:10.000+05:30,8.96,68.24,825.53,12.097450175849941,6.71,rated_capped,False,,32.25,12.86,27.7,20,0,10
2025-01-15 06:50:11.000+05:30,8.99,63.73,771.89,12.111878236309432,6.96,rated_capped,False,,32.32,13.52,27.7,13,0,10
2025-01-15 06:50:12.000+05:30,8.89,66.3,798.47,12.043288084464557,6.95,rated_capped,False,,32.04,14.0,27.8,-30,0,10
2025-01-15 06:50:13.000+05:30,9.18,64.75,779.22,12.034285714285716,6.83,rated_capped,False,,32.3,13.31,27.7,10,0,10
2025-01-15 06:50:14.000+05:30,9.16,63.19,761.28,12.047475866434562,6.79,rated_capped,False,,31.79,13.57,27.7,-3,0,10
2025-01-15 06:50:15.000+05:30,9.19,65.57,785.8,11.98413908799756,6.85,rated_capped,False,,31.88,13.16,27.8,-25,0,10
2025-01-15 06:50:16.000+05:30,9.39,64.23,780.87,12.157403082671648,6.68,rated_capped,False,,31.58,13.32,27.7,20,0,10
2025-01-15 06:50:17.000+05:30,9.34,66.36,795.42,11.986437613019891,7.01,rated_capped,False,,31.91,13.32,27.7,28,0,10
2025-01-15 06:50:18.000+05:30,9.27,63.62,768.38,12.077648538195536,6.85,rated_capped,False,,31.9,13.71,27.7,-26,0,10
2025-01-15 06:50:19.000+05:30,9.33,66.25,795.44,12.006641509433964,6.99,rated_capped,False,,31.63,13.54,27.7,-26,0,10
2025-01-15 06:50:20.000+05:30,9.54,65.01,787.37,12.111521304414705,6.98,rated_capped,False,,31.94,13.55,27.7,7,0,10
2025-01-15 06:50:21.000+05:30,9.48,67.31,813.05,12.07918585648492,6.68,rated_capped,False,,31.59,13.45,27.7,30,0,10
2025-01-15 06:50:22.000+05:30,9.13,66.2,797.28,12.043504531722053,6.99,rated_capped,False,,31.63,12.64,27.7,-9,0,10
2025-01-15 06:50:23.000+05:30,9.19,64.2,769.49,11.98582554517134,6.95,rated_capped,False,,31.64,12.37,27.7,-19,0,10
2025-01-15 06:50:24.000+05:30,8.96,64.07,772.18,12.052130482285001,6.91,rated_capped,False,,32.11,12.63,27.7,-5,0,10
2025-01-15 06:50:25.000+05:30,9.05,64.29,773.35,12.029086949758904,6.71,rated_capped,False,,32.47,13.03,27.6,-13,0,10
2025-01-15 06:50:26.000+05:30,9.13,66.96,805.92,12.03584229390681,6.53,rated_capped,False,,31.64,13.26,27.7,25,0,10
2025-01-15 06:50:27.000+05:30,9.17,63.95,772.15,12.074276778733385,6.47,rated_capped,False,,32.17,13.09,27.7,22,0,10
2025-01-15 06:50:28.000+05:30,9.01,66.61,802.9,12.053745683831256,7.01,rated_capped,False,,32.11,13.42,27.7,1,0,10
2025-01-15 06:50:29.000+05:30,9.07,65.66,789.1,12.017971367651539,6.76,rated_capped,False,,31.72,13.12,27.7,-20,0,10
2025-01-15 06:50:30.000+05:30,9.13,66.06,796.81,12.06191341204965,6.77,rated_capped,False,,31.8,13.34,27.6,-13,0,10
2025-01-15 06:50:31.000+05:30,9.18,65.27,782.68,11.991420254328176,6.64,rated_capped,False,,32.1,12.87,27.7,-28,0,10
2025-01-15 06:50:32.000+05:30,9.15,62.92,759.13,12.065003178639541,6.8,rated_capped,False,,32.91,12.24,27.6,-24,0,10
2025-01-15 06:50:33.000+05:30,8.81,65.8,795.38,12.087841945288755,6.55,rated_capped,False,,32.93,12.17,27.7,30,0,10
2025-01-15 06:50:34.000+05:30,8.74,65.69,787.2,11.98355914142183,6.95,rated_capped,False,,33.0,12.27,27.7,20,0,10
2025-01-15 06:50:35.000+05:30,8.68,62.8,753.86,12.004140127388537,6.89,rated_capped,False,,32.99,11.52,27.7,-1,0,10
2025-01-15 06:50:36.000+05:30,8.65,65.75,791.38,12.036197718631179,7.05,rated_capped,False,,33.02,11.5,27.7,-24,0,10
2025-01-15 06:50:37.000+05:30,8.42,64.2,771.62,12.019003115264796,6.96,rated_capped,False,,33.0,11.4,27.7,18,0,10
2025-01-15 06:50:38.000+05:30,8.09,66.56,800.37,12.024789663461538,6.61,rated_capped,False,,32.94,11.33,27.7,-1,0,10
2025-01-15 06:50:39.000+05:30,8.39,65.8,795.27,12.086170212765957,6.85,rated_capped,False,,32.44,11.42,27.6,-29,0,10
2025-01-15 06:50:40.000+05:30,8.21,62.19,748.83,12.041003376748675,6.51,rated_capped,False,,31.61,11.97,27.7,13,0,10
2025-01-15 06:50:41.000+05:30,8.2,65.12,785.35,12.060042997542997,6.84,rated_capped,False,,31.33,11.76,27.6,15,0,10
2025-01-15 06:50:42.000+05:30,7.87,67.79,813.07,11.993951910311255,6.6,rated_capped,False,,31.64,12.15,27.6,-10,0,10
2025-01-15 06:50:43.000+05:30,7.7,64.63,778.98,12.052916602197124,6.56,rated_capped,False,,31.42,13.22,27.7,4,0,10
2025-01-15 06:50:44.000+05:30,7.71,65.54,789.07,12.039517851693622,6.42,rated_capped,False,,31.88,12.9,27.7,6,0,10
2025-01-15 06:50:45.000+05:30,7.53,66.17,793.75,11.995617349251926,6.64,rated_capped,False,,32.02,12.72,27.7,-27,0,10
2025-01-15 06:50:46.000+05:30,7.41,65.6,793.08,12.089634146341465,6.74,rated_capped,False,,32.44,13.06,27.7,-28,0,10
2025-01-15 06:50:47.000+05:30,7.48,65.73,792.12,12.051118210862619,6.98,rated_capped,False,,32.93,12.85,27.7,5,0,10
2025-01-15 06:50:48.000+05:30,7.61,64.31,771.62,11.998445031876846,6.84,rated_capped,False,,32.98,13.02,27.7,9,0,10
2025-01-15 06:50:49.000+05:30,7.47,64.48,774.68,12.01426799007444,7.01,rated_capped,False,,32.16,13.26,27.7,-10,0,10
2025-01-15 06:50:50.000+05:30,7.56,63.29,761.18,12.026860483488703,6.76,rated_capped,False,,32.38,12.4,27.7,-14,0,10
2025-01-15 06:50:51.000+05:30,7.67,65.51,792.89,12.103343001068538,6.87,rated_capped,False,,32.18,12.53,27.7,-9,0,10
2025-01-15 06:50:52.000+05:30,7.68,64.42,774.05,12.015678360757528,6.67,rated_capped,False,,32.53,13.54,27.7,24,0,10
2025-01-15 06:50:53.000+05:30,7.58,67.39,808.69,12.000148389968839,6.7,rated_capped,False,,32.63,12.83,27.8,-2,0,10
2025-01-15 06:50:54.000+05:30,8.05,66.01,799.0,12.104226632328434,6.66,rated_capped,False,,32.36,13.47,27.8,8,0,10
2025-01-15 06:50:55.000+05:30,8.15,66.11,791.69,11.975344123430647,6.5,rated_capped,False,,32.55,13.51,27.8,-28,0,10
2025-01-15 06:50:56.000+05:30,8.08,66.52,803.41,12.077720986169574,6.89,rated_capped,False,,32.99,14.0,27.8,9,0,10
2025-01-15 06:50:57.000+05:30,7.99,66.23,798.35,12.054205043031859,6.83,rated_capped,False,,32.98,14.0,27.8,-4,0,10
2025-01-15 06:50:58.000+05:30,7.65,65.84,794.01,12.059690157958688,6.68,rated_capped,False,,32.47,14.0,27.7,27,0,10
2025-01-15 06:50:59.000+05:30,7.77,66.22,799.42,12.072183630323165,6.76,rated_capped,False,,32.71,12.49,27.8,-28,0,10
2025-01-15 06:51:00.000+05:30,7.84,65.61,791.64,12.065843621399177,6.94,rated_capped,False,,32.86,12.45,27.8,30,0,10
2025-01-15 06:51:01.000+05:30,7.83,66.77,803.46,12.033248464879438,6.72,rated_capped,False,,32.34,12.75,27.7,-17,0,10
2025-01-15 06:51:02.000+05:30,7.75,65.0,781.82,12.028,6.81,rated_capped,False,,32.4,13.0,27.8,-29,0,10
2025-01-15 06:51:03.000+05:30,7.93,66.08,799.05,12.092161016949152,6.99,rated_capped,False,,32.0,12.88,27.8,-13,0,10
2025-01-15 06:51:04.000+05:30,7.92,65.41,784.76,11.99755389084238,6.75,rated_capped,False,,32.0,12.71,27.8,-2,0,10
2025-01-15 06:51:05.000+05:30,7.82,64.86,779.75,12.02204748689485,7.01,rated_capped,False,,31.91,13.0,27.7,-22,0,10
2025-01-15 06:51:06.000+05:30,7.81,63.92,772.36,12.08322903629537,6.5,rated_capped,False,,32.03,12.79,27.7,19,0,10
2025-01-15 06:51:07.000+05:30,7.87,67.87,818.81,12.064387800206275,6.62,rated_capped,False,,32.06,12.59,27.7,-12,0,10
2025-01-15 06:51:08.000+05:30,8.01,64.48,772.15,11.975031017369727,6.81,rated_capped,False,,32.18,12.43,27.7,-2,0,10
2025-01-15 06:51:09.000+05:30,7.98,66.26,799.49,12.06595230908542,6.79,rated_capped,False,,31.39,11.96,27.7,-4,0,10
2025-01-15 06:51:10.000+05:30,8.01,63.8,766.47,12.013636363636365,6.85,rated_capped,False,,30.96,12.01,27.7,0,0,10
2025-01-15 06:51:11.000+05:30,7.97,66.58,803.08,12.061880444577952,6.79,rated_capped,False,,31.21,12.73,27.7,0,0,10
2025-01-15 06:51:12.000+05:30,7.81,64.12,773.01,12.055676855895195,6.86,rated_capped,False,,30.8,12.19,27.7,-17,0,10
2025-01-15 06:51:13.000+05:30,7.88,67.14,804.52,11.982722669049746,6.71,rated_capped,False,,31.06,12.37,27.7,22,0,10
2025-01-15 06:51:14.000+05:30,7.72,64.64,775.91,12.00355816831683,6.79,rated_capped,False,,31.57,11.77,27.7,-25,0,10
2025-01-15 06:51:15.000+05:30,7.8,65.79,797.0,12.114303085575314,6.8,rated_capped,False,,31.28,11.73,27.7,28,0,10
2025-01-15 06:51:16.000+05:30,7.81,63.37,761.15,12.01120403976645,6.92,rated_capped,False,,30.94,12.57,27.7,-26,0,10
2025-01-15 06:51:17.000+05:30,7.92,67.32,807.63,11.996880570409983,6.76,rated_capped,False,,30.86,12.16,27.7,0,0,10
2025-01-15 06:51:18.000+05:30,7.93,65.41,791.07,12.094022320746065,6.51,rated_capped,False,,30.66,11.54,27.7,1,0,10
2025-01-15 06:51:19.000+05:30,8.03,64.58,778.42,12.053576958810776,6.94,rated_capped,False,,30.95,11.88,27.7,-13,0,10
2025-01-15 06:51:20.000+05:30,8.01,64.43,777.59,12.068756790315069,6.71,rated_capped,False,,30.64,11.77,27.7,-19,0,10
2025-01-15 06:51:21.000+05:30,8.14,63.38,759.36,11.981066582518144,6.96,rated_capped,False,,29.56,12.49,27.7,-10,0,10
2025-01-15 06:51:22.000+05:30,8.24,65.9,791.35,12.00834597875569,6.9,rated_capped,False,,29.62,12.37,27.6,-5,0,10
2025-01-15 06:51:23.000+05:30,8.47,62.8,755.86,12.035987261146497,6.92,rated_capped,False,,29.67,11.33,27.7,-20,0,10
2025-01-15 06:51:24.000+05:30,8.42,65.16,787.32,12.082872928176798,6.85,rated_capped,False,,30.05,12.21,27.7,10,0,10
2025-01-15 06:51:25.000+05:30,8.43,65.91,791.12,12.003034440904264,6.71,rated_capped,False,,29.82,11.99,27.7,-23,0,10
2025-01-15 06:51:26.000+05:30,8.57,67.21,805.37,11.98288945097456,6.76,rated_capped,False,,29.17,12.57,27.6,15,0,10
2025-01-15 06:51:27.000+05:30,8.58,66.81,807.57,12.087561742254154,6.78,rated_capped,False,,29.38,12.62,27.6,26,0,10
2025-01-15 06:51:28.000+05:30,8.57,65.99,795.62,12.056675253826338,6.52,rated_capped,False,,29.74,12.89,27.6,-7,0,10
2025-01-15 06:51:29.000+05:30,8.51,64.29,770.21,11.980245761393684,6.77,rated_capped,False,,30.42,12.99,27.6,14,0,10
2025-01-15 06:51:30.000+05:30,8.4,65.18,787.49,12.081773550168762,6.57,rated_capped,False,,30.51,12.32,27.6,24,0,10
2025-01-15 06:51:31.000+05:30,8.3,64.56,775.46,12.011462205700123,6.62,rated_capped,False,,30.73,12.59,27.6,3,0,10
2025-01-15 06:51:32.000+05:30,8.38,62.8,754.11,12.00812101910828,7.06,rated_capped,False,,30.55,12.9,27.6,19,0,10
2025-01-15 06:51:33.000+05:30,8.54,64.63,781.82,12.096859043787717,6.83,rated_capped,False,,30.55,12.86,27.6,15,0,10
2025-01-15 06:51:34.000+05:30,8.7,65.66,787.34,11.991166615900093,6.64,rated_capped,False,,30.86,12.59,27.6,-16,0,10
2025-01-15 06:51:35.000+05:30,8.44,62.84,756.3,12.035327816677274,6.77,rated_capped,False,,31.12,12.79,27.6,20,0,10
2025-01-15 06:51:36.000+05:30,8.46,65.95,793.76,12.035784685367702,6.93,rated_capped,False,,30.85,12.68,27.6,-12,0,10
2025-01-15 06:51:37.000+05:30,8.46,66.24,801.23,12.09586352657005,6.72,rated_capped,False,,31.09,12.39,27.6,-3,0,10
2025-01-15 06:51:38.000+05:30,8.59,62.83,761.46,12.119369727837022,6.41,rated_capped,False,,31.04,11.78,27.6,14,0,10
2025-01-15 06:51:39.000+05:30,8.55,63.39,762.26,12.024925067045276,6.62,rated_capped,False,,31.4,11.66,27.6,-14,0,10
2025-01-15 06:51:40.000+05:30,8.45,62.44,754.4,12.08199871877002,6.89,rated_capped,False,,31.83,11.41,27.6,-7,0,10
2025-01-15 06:51:41.000+05:30,8.39,65.02,783.99,12.057674561673332,6.7,rated_capped,False,,31.38,11.37,27.6,-25,0,10
2025-01-15 06:51:42.000+05:30,8.68,63.53,768.88,12.102628679364079,7.06,rated_capped,False,,31.33,10.74,27.6,-26,0,10
2025-01-15 06:51:43.000+05:30,8.77,66.57,802.39,12.053327324620701,6.58,rated_capped,False,,31.14,10.3,27.6,-27,0,10
2025-01-15 06:51:44.000+05:30,8.72,67.83,815.2,12.018280996609171,6.54,rated_capped,False,,30.86,10.26,27.6,17,0,10
2025-01-15 06:51:45.000+05:30,8.75,66.01,794.57,12.03711558854719,6.81,rated_capped,False,,30.27,10.63,27.6,-9,0,10
2025-01-15 06:51:46.000+05:30,8.84,64.62,781.22,12.089445991952955,6.69,rated_capped,False,,30.11,10.79,27.6,11,0,10
2025-01-15 06:51:47.000+05:30,8.96,67.11,809.4,12.06079570853822,6.96,rated_capped,False,,31.12,10.54,27.6,3,0,10
2025-01-15 06:51:48.000+05:30,9.1,63.86,770.01,12.057782649545882,6.84,rated_capped,False,,30.75,10.34,27.6,-28,0,10
2025-01-15 06:51:49.000+05:30,9.28,66.23,798.48,12.056167899743318,6.55,rated_capped,False,,30.37,11.35,27.7,14,0,10
2025-01-15 06:51:50.000+05:30,9.07,64.8,780.39,12.043055555555556,6.88,rated_capped,False,,30.69,11.07,27.6,29,0,10
2025-01-15 06:51:51.000+05:30,9.34,65.33,789.92,12.0912291443441,6.86,rated_capped,False,,30.96,10.55,27.6,-8,0,10
2025-01-15 06:51:52.000+05:30,9.13,65.8,794.11,12.06854103343465,6.61,rated_capped,False,,31.23,10.18,27.6,-28,0,10
2025-01-15 06:51:53.000+05:30,8.83,69.12,832.7,12.047164351851851,6.85,rated_capped,False,,31.0,9.48,27.6,7,0,10
2025-01-15 06:51:54.000+05:30,8.76,64.98,778.75,11.9844567559249,6.77,rated_capped,False,,32.01,9.85,27.6,-15,0,10
2025-01-15 06:51:55.000+05:30,8.66,64.61,779.51,12.064850642315431,6.89,rated_capped,False,,32.32,9.87,27.6,19,0,10
2025-01-15 06:51:56.000+05:30,8.62,67.68,816.15,12.058953900709218,6.65,rated_capped,False,,32.22,9.44,27.6,-3,0,10
2025-01-15 06:51:57.000+05:30,8.7,65.4,788.82,12.061467889908256,6.69,rated_capped,False,,32.48,9.47,27.6,-17,0,10
2025-01-15 06:51:58.000+05:30,8.85,66.59,806.24,12.10752365220003,6.59,rated_capped,False,,32.65,10.25,27.6,11,0,10
2025-01-15 06:51:59.000+05:30,8.98,63.41,763.04,12.033433212427061,6.67,rated_capped,False,,32.94,9.66,27.6,30,0,10
2025-01-15 06:52:00.000+05:30,8.96,65.69,796.36,12.123001978992237,6.66,rated_capped,False,,32.94,9.89,27.7,28,0,10
2025-01-15 06:52:01.000+05:30,8.97,65.14,784.26,12.039607000307031,6.74,rated_capped,False,,32.22,10.12,27.7,5,0,10
2025-01-15 06:52:02.000+05:30,9.16,68.03,817.49,12.016610318976921,6.43,rated_capped,False,,32.33,9.39,27.7,30,0,10
2025-01-15 06:52:03.000+05:30,9.09,64.25,771.69,12.010739299610895,6.97,rated_capped,False,,31.92,9.42,27.7,-6,0,10
2025-01-15 06:52:04.000+05:30,9.17,67.0,807.93,12.058656716417909,6.81,rated_capped,False,,32.03,10.24,27.7,22,0,10
2025-01-15 06:52:05.000+05:30,9.4,66.47,799.78,12.032194975176772,6.86,rated_capped,False,,32.01,10.51,27.7,17,0,10
2025-01-15 06:52:06.000+05:30,9.24,64.92,778.53,11.992144177449168,6.51,rated_capped,False,,32.1,9.69,27.7,23,0,10
2025-01-15 06:52:07.000+05:30,9.14,65.84,788.94,11.982685297691374,6.66,rated_capped,False,,32.37,9.47,27.7,9,0,10
2025-01-15 06:52:08.000+05:30,8.9,64.15,774.22,12.068901013250194,6.7,rated_capped,False,,32.86,9.81,27.7,16,0,10
2025-01-15 06:52:09.000+05:30,8.74,66.73,803.37,12.03911284279934,6.79,rated_capped,False,,32.79,9.85,27.7,29,0,10
2025-01-15 06:52:10.000+05:30,8.79,66.95,809.51,12.09126213592233,6.7,rated_capped,False,,32.43,9.49,27.7,19,0,10
2025-01-15 06:52:11.000+05:30,8.82,64.76,780.78,12.056516368128474,6.79,rated_capped,False,,32.37,9.4,27.8,15,0,10
2025-01-15 06:52:12.000+05:30,8.85,64.9,778.23,11.99121725731895,6.76,rated_capped,False,,32.49,9.41,27.7,-23,0,10
2025-01-15 06:52:13.000+05:30,9.08,65.18,785.51,12.051396133783367,6.75,rated_capped,False,,32.45,9.23,27.7,-5,0,10
2025-01-15 06:52:14.000+05:30,8.99,65.17,785.04,12.046033450974374,6.91,rated_capped,False,,32.55,8.17,27.7,5,0,10
2025-01-15 06:52:15.000+05:30,8.95,67.18,807.17,12.015034236379874,6.9,rated_capped,False,,31.86,8.13,27.7,-16,0,10
2025-01-15 06:52:16.000+05:30,8.87,65.18,782.03,11.998005523166613,6.92,rated_capped,False,,31.6,8.67,27.7,-24,0,10
2025-01-15 06:52:17.000+05:30,9.02,64.32,768.45,11.947294776119405,7.02,rated_capped,False,,31.47,7.83,27.7,10,0,10
2025-01-15 06:52:18.000+05:30,8.93,66.85,800.07,11.968137621540764,6.86,rated_capped,False,,31.57,8.1,27.7,30,0,10
2025-01-15 06:52:19.000+05:30,8.92,67.18,807.36,12.017862459065197,6.8,rated_capped,False,,31.29,8.57,27.7,4,0,10
2025-01-15 06:52:20.000+05:30,8.78,64.74,778.51,12.025177633611369,6.72,rated_capped,False,,30.78,9.43,27.7,-12,0,10
2025-01-15 06:52:21.000+05:30,8.78,63.23,760.99,12.035268068954611,6.73,rated_capped,False,,30.76,9.12,27.7,-11,0,10
2025-01-15 06:52:22.000+05:30,8.71,66.13,796.37,12.04249206109179,7.01,rated_capped,False,,30.98,8.7,27.7,-13,0,10
2025-01-15 06:52:23.000+05:30,8.79,64.44,773.09,11.997051520794539,6.56,rated_capped,False,,31.44,9.06,27.7,-18,0,10
2025-01-15 06:52:24.000+05:30,8.92,63.58,767.54,12.072035231204781,6.8,rated_capped,False,,31.99,9.03,27.7,18,0,10
2025-01-15 06:52:25.000+05:30,8.83,65.76,792.58,12.052615571776155,6.77,rated_capped,False,,32.68,10.12,27.7,7,0,10
2025-01-15 06:52:26.000+05:30,8.85,63.1,759.13,12.030586370839936,6.81,rated_capped,False,,32.36,10.75,27.7,22,0,10
2025-01-15 06:52:27.000+05:30,8.84,64.79,780.6,12.048155579564748,6.99,rated_capped,False,,32.34,9.35,27.7,26,0,10
2025-01-15 06:52:28.000+05:30,9.08,65.16,783.82,12.029158993247393,6.76,rated_capped,False,,32.22,9.06,27.7,-14,0,10
2025-01-15 06:52:29.000+05:30,8.87,65.82,792.87,12.046034639927075,6.61,rated_capped,False,,31.67,8.87,27.7,2,0,10
2025-01-15 06:52:30.000+05:30,8.89,67.74,815.13,12.033215234720993,6.71,rated_capped,False,,31.75,8.67,27.8,24,0,10
2025-01-15 06:52:31.000+05:30,8.86,67.07,806.78,12.02892500372745,6.65,rated_capped,False,,31.73,8.49,27.8,-8,0,10
2025-01-15 06:52:32.000+05:30,8.95,68.49,824.37,12.03635567236093,7.06,rated_capped,False,,32.37,8.3,27.7,13,0,10
2025-01-15 06:52:33.000+05:30,8.92,64.4,777.4,12.07142857142857,6.64,rated_capped,False,,32.82,8.37,27.7,9,0,10
2025-01-15 06:52:34.000+05:30,8.51,67.15,810.67,12.072524199553238,6.85,rated_capped,False,,32.98,8.34,27.7,12,0,10
2025-01-15 06:52:35.000+05:30,8.56,65.48,787.93,12.03313989004276,6.79,rated_capped,False,,32.9,9.15,27.7,1,0,10
2025-01-15 06:52:36.000+05:30,8.35,66.93,807.87,12.070372030479604,6.5,rated_capped,False,,32.92,9.49,27.7,12,0,10
2025-01-15 06:52:37.000+05:30,8.3,68.86,825.68,11.990705779843159,6.84,rated_capped,False,,32.72,9.73,27.7,-25,0,10
2025-01-15 06:52:38.000+05:30,8.28,65.85,788.58,11.975398633257404,6.61,rated_capped,False,,32.77,9.23,27.7,7,0,10
2025-01-15 06:52:39.000+05:30,8.41,66.22,797.08,12.036846874056177,6.74,rated_capped,False,,32.67,8.68,27.6,11,0,10
2025-01-15 06:52:40.000+05:30,8.12,66.83,804.42,12.03680981595092,6.89,rated_capped,False,,32.99,9.41,27.6,8,0,10
2025-01-15 06:52:41.000+05:30,7.91,65.49,787.46,12.024125820735991,6.95,rated_capped,False,,33.0,9.43,27.6,-24,0,10
2025-01-15 06:52:42.000+05:30,8.0,63.84,769.13,12.047775689223057,6.39,rated_capped,False,,32.9,9.77,27.6,23,0,10
2025-01-15 06:52:43.000+05:30,8.0,65.21,777.97,11.93022542554823,6.63,rated_capped,False,,32.52,9.47,27.6,29,0,10
2025-01-15 06:52:44.000+05:30,8.21,66.21,796.57,12.030962090318685,6.47,rated_capped,False,,32.75,9.81,27.6,19,0,10
2025-01-15 06:52:45.000+05:30,8.32,64.53,778.51,12.064311173097783,6.74,rated_capped,False,,32.96,9.25,27.6,25,0,10
2025-01-15 06:52:46.000+05:30,8.11,63.92,768.89,12.028942428035043,6.59,rated_capped,False,,32.32,9.79,27.6,-11,0,10
2025-01-15 06:52:47.000+05:30,8.1,64.48,780.98,12.11197270471464,6.82,rated_capped,False,,32.45,10.12,27.6,15,0,10
2025-01-15 06:52:48.000+05:30,7.98,62.81,758.05,12.068938067186753,6.55,rated_capped,False,,32.44,9.66,27.6,-27,0,10
2025-01-15 06:52:49.000+05:30,7.83,63.52,766.17,12.061870277078084,6.77,rated_capped,False,,32.68,9.76,27.5,-30,0,10
2025-01-15 06:52:50.000+05:30,8.0,65.71,790.43,12.029067113072593,6.73,rated_capped,False,,32.96,9.99,27.5,-29,0,10
2025-01-15 06:52:51.000+05:30,8.12,69.58,840.84,12.084507042253522,7.01,rated_capped,False,,32.76,9.07,27.5,-23,0,10
2025-01-15 06:52:52.000+05:30,8.1,65.72,791.98,12.050821667681072,6.8,rated_capped,False,,32.31,9.0,27.5,-18,0,10
2025-01-15 06:52:53.000+05:30,8.11,66.42,796.17,11.986901535682023,6.92,rated_capped,False,,32.72,8.98,27.6,6,0,10
2025-01-15 06:52:54.000+05:30,8.01,67.8,814.67,12.015781710914455,6.75,rated_capped,False,,32.78,9.09,27.5,21,0,10
2025-01-15 06:52:55.000+05:30,8.28,62.97,758.35,12.043036366523742,6.63,rated_capped,False,,32.94,8.76,27.5,-7,0,10
2025-01-15 06:52:56.000+05:30,8.47,66.47,799.0,12.020460358056265,6.73,rated_capped,False,,32.44,8.32,27.5,1,0,10
2025-01-15 06:52:57.000+05:30,8.33,68.85,829.52,12.048220769789397,6.89,rated_capped,False,,32.8,7.93,27.5,-3,0,10
2025-01-15 06:52:58.000+05:30,8.65,64.68,776.14,11.99969078540507,6.92,rated_capped,False,,32.6,7.1,27.5,12,0,10
2025-01-15 06:52:59.000+05:30,8.53,66.69,802.86,12.038686459739091,6.65,rated_capped,False,,32.9,7.24,27.5,5,0,10
2025-01-15 06:53:00.000+05:30,8.73,67.23,804.99,11.97367246764837,6.85,rated_capped,False,,32.98,7.0,27.5,23,0,10
2025-01-15 06:53:01.000+05:30,8.86,67.96,819.46,12.057975279576223,6.6,rated_capped,False,,32.89,7.56,27.5,2,0,10
2025-01-15 06:53:02.000+05:30,8.96,67.18,814.12,12.118487645132479,6.53,rated_capped,False,,32.93,7.32,27.5,5,0,10
2025-01-15 06:53:03.000+05:30,9.23,66.62,805.27,12.087511257880514,6.74,rated_capped,False,,32.61,7.31,27.5,4,0,10
2025-01-15 06:53:04.000+05:30,9.27,65.29,783.59,12.00168479093276,6.8,rated_capped,False,,32.26,7.34,27.5,16,0,10
2025-01-15 06:53:05.000+05:30,9.29,67.16,808.59,12.039755807027994,6.74,rated_capped,False,,31.96,7.27,27.5,28,0,10
2025-01-15 06:53:06.000+05:30,9.49,65.65,791.32,12.053617669459253,6.65,rated_capped,False,,32.02,7.21,27.5,17,0,10
2025-01-15 06:53:07.000+05:30,9.49,65.27,781.4,11.971809407078291,6.51,rated_capped,False,,31.49,7.64,27.5,-30,0,10
2025-01-15 06:53:08.000+05:30,9.51,66.25,798.31,12.049962264150942,6.63,rated_capped,False,,31.38,8.77,27.5,-8,0,10
2025-01-15 06:53:09.000+05:30,9.53,65.36,787.58,12.049877600979192,6.76,rated_capped,False,,31.62,8.76,27.5,-11,0,10
2025-01-15 06:53:10.000+05:30,9.56,68.52,827.52,12.07705779334501,6.55,rated_capped,False,,31.25,9.11,27.5,13,0,10
2025-01-15 06:53:11.000+05:30,9.46,67.22,812.52,12.087473966081523,6.56,rated_capped,False,,31.52,9.2,27.6,16,0,10
2025-01-15 06:53:12.000+05:30,9.52,65.6,792.57,12.081859756097563,7.06,rated_capped,False,,31.84,9.06,27.5,-20,0,10
2025-01-15 06:53:13.000+05:30,9.58,65.79,786.62,11.956528347773217,6.67,rated_capped,False,,31.67,8.69,27.6,12,0,10
2025-01-15 06:53:14.000+05:30,9.45,63.76,767.19,12.032465495608534,6.57,rated_capped,False,,31.58,9.32,27.5,13,0,10
2025-01-15 06:53:15.000+05:30,9.55,65.17,785.02,12.045726561301212,6.35,rated_capped,False,,31.76,9.69,27.5,10,0,10
2025-01-15 06:53:16.000+05:30,9.65,66.92,807.6,12.068141063956963,6.86,rated_capped,False,,31.62,9.87,27.5,23,0,10
2025-01-15 06:53:17.000+05:30,9.84,67.12,813.13,12.114570917759236,6.81,rated_capped,False,,31.82,9.97,27.5,24,0,10
2025-01-15 06:53:18.000+05:30,9.97,65.52,791.12,12.074481074481076,7.0,rated_capped,False,,32.31,10.32,27.5,24,0,10
2025-01-15 06:53:19.000+05:30,10.04,66.09,794.72,12.024814646693901,6.51,rated_capped,False,,32.25,9.05,27.5,-14,0,10
2025-01-15 06:53:20.000+05:30,10.11,63.9,770.99,12.065571205007824,6.58,rated_capped,False,,32.15,8.84,27.5,20,0,10
2025-01-15 06:53:21.000+05:30,9.98,65.69,794.49,12.094534936824479,6.83,rated_capped,False,,32.79,9.54,27.5,-15,0,10
2025-01-15 06:53:22.000+05:30,10.27,67.29,808.31,12.012334670827759,6.91,rated_capped,False,,32.67,9.66,27.5,1,0,10
2025-01-15 06:53:23.000+05:30,10.22,65.77,788.9,11.994830469819068,6.63,rated_capped,False,,32.94,10.1,27.6,28,0,10
2025-01-15 06:53:24.000+05:30,10.12,63.4,764.98,12.065930599369086,6.83,rated_capped,False,,32.98,9.38,27.6,18,0,10
2025-01-15 06:53:25.000+05:30,10.37,63.87,761.93,11.929387819007358,6.63,rated_capped,False,,32.8,9.67,27.6,29,0,10
2025-01-15 06:53:26.000+05:30,10.48,65.98,795.82,12.061533798120642,6.67,rated_capped,False,,32.58,9.89,27.6,-11,0,10
2025-01-15 06:53:27.000+05:30,10.7,66.24,797.23,12.035477053140097,6.69,rated_capped,False,,32.54,10.08,27.6,19,0,10
2025-01-15 06:53:28.000+05:30,10.6,66.32,802.26,12.096803377563331,6.86,rated_capped,False,,32.77,10.43,27.6,7,0,10
2025-01-15 06:53:29.000+05:30,10.62,68.68,822.27,11.972481071636574,6.73,rated_capped,False,,32.57,10.37,27.6,26,0,10
2025-01-15 06:53:30.000+05:30,10.54,66.38,793.25,11.950135583006931,6.64,rated_capped,False,,31.85,10.14,27.6,12,0,10
2025-01-15 06:53:31.000+05:30,10.52,66.96,804.88,12.02031063321386,6.9,rated_capped,False,,31.82,10.67,27.6,13,0,10
2025-01-15 06:53:32.000+05:30,10.71,63.48,767.69,12.093415248897292,6.73,rated_capped,False,,31.96,10.4,27.6,-2,0,10
2025-01-15 06:53:33.000+05:30,10.79,66.52,800.42,12.032772098616958,6.7,rated_capped,False,,32.39,10.8,27.6,-16,0,10
2025-01-15 06:53:34.000+05:30,10.83,67.05,809.44,12.072184936614468,6.5,rated_capped,False,,32.83,10.54,27.6,20,0,10
2025-01-15 06:53:35.000+05:30,10.92,66.14,796.84,12.047777441790142,6.78,rated_capped,False,,32.97,9.7,27.6,-2,0,10
2025-01-15 06:53:36.000+05:30,10.76,64.74,785.08,12.126660488106273,6.74,rated_capped,False,,32.21,9.74,27.6,-25,0,10
2025-01-15 06:53:37.000+05:30,10.83,66.81,813.33,12.17377638078132,6.79,rated_capped,False,,32.88,9.73,27.6,-6,0,10
2025-01-15 06:53:38.000+05:30,10.82,63.73,765.86,12.017260316962185,6.86,rated_capped,False,,32.92,9.12,27.6,30,0,10
2025-01-15 06:53:39.000+05:30,10.95,66.19,793.59,11.989575464571688,6.76,rated_capped,False,,32.67,9.76,27.6,19,0,10
2025-01-15 06:53:40.000+05:30,10.97,66.01,789.57,11.961369489471291,6.73,rated_capped,False,,32.96,9.77,27.6,-1,0,10
2025-01-15 06:53:41.000+05:30,10.86,66.49,803.75,12.088283952474058,6.97,rated_capped,False,,32.8,10.49,27.6,-26,0,10
2025-01-15 06:53:42.000+05:30,11.07,64.67,775.82,11.996598113499305,7.03,rated_capped,False,,33.02,9.88,27.6,-10,0,10
2025-01-15 06:53:43.000+05:30,11.14,65.99,793.86,12.030004546143356,6.84,rated_capped,False,,32.98,9.72,27.6,5,0,10
2025-01-15 06:53:44.000+05:30,11.27,66.69,807.47,12.107812265707004,6.75,rated_capped,False,,32.37,10.5,27.7,-26,0,10
2025-01-15 06:53:45.000+05:30,11.12,65.15,783.07,12.019493476592478,6.68,rated_capped,False,,32.51,9.71,27.6,6,0,10
2025-01-15 06:53:46.000+05:30,11.02,64.11,768.16,11.981906098892528,7.01,rated_capped,False,,32.5,9.03,27.7,8,0,10
2025-01-15 06:53:47.000+05:30,11.04,64.8,776.71,11.986265432098767,6.78,rated_capped,False,,32.58,8.67,27.7,-22,0,10
2025-01-15 06:53:48.000+05:30,11.24,65.89,793.89,12.048717559568978,6.74,rated_capped,False,,32.57,9.05,27.7,-23,0,10
2025-01-15 06:53:49.000+05:30,11.29,67.5,813.92,12.058074074074073,6.54,rated_capped,False,,32.7,8.46,27.7,-19,0,10
2025-01-15 06:53:50.000+05:30,11.29,63.74,771.09,12.09742704737998,6.91,rated_capped,False,,32.36,8.52,27.6,-25,0,10
2025-01-15 06:53:51.000+05:30,11.11,66.6,799.15,11.99924924924925,6.91,rated_capped,False,,32.63,8.39,27.6,-9,0,10
2025-01-15 06:53:52.000+05:30,11.05,66.12,799.0,12.084089534180277,6.9,rated_capped,False,,32.83,8.54,27.6,16,0,10
2025-01-15 06:53:53.000+05:30,10.98,63.73,765.91,12.018044876824101,6.8,rated_capped,False,,32.37,8.56,27.6,-5,0,10
2025-01-15 06:53:54.000+05:30,11.17,65.64,787.35,11.994972577696526,6.79,rated_capped,False,,31.9,9.08,27.7,30,0,10
2025-01-15 06:53:55.000+05:30,11.2,66.16,790.91,11.95450423216445,6.68,rated_capped,False,,31.6,9.14,27.7,-28,0,10
2025-01-15 06:53:56.000+05:30,11.24,64.18,766.41,11.941570582736054,6.77,rated_capped,False,,31.32,9.37,27.7,-6,0,10
2025-01-15 06:53:57.000+05:30,11.21,62.46,753.45,12.062920268972142,6.9,rated_capped,False,,31.4,9.62,27.7,30,0,10
2025-01-15 06:53:58.000+05:30,11.18,62.99,759.76,12.061597078901412,6.72,rated_capped,False,,31.22,9.44,27.7,12,0,10
2025-01-15 06:53:59.000+05:30,11.24,65.45,785.04,11.994499618029028,6.87,rated_capped,False,,30.6,9.2,27.7,-4,0,10
2025-01-15 06:54:00.000+05:30,11.24,65.5,791.2,12.0793893129771,6.57,rated_capped,False,,30.53,9.31,27.7,7,0,10
2025-01-15 06:54:01.000+05:30,11.23,65.7,783.89,11.931354642313545,6.62,rated_capped,False,,30.91,9.8,27.7,-16,0,10
2025-01-15 06:54:02.000+05:30,11.02,64.54,774.67,12.00294391075302,6.8,rated_capped,False,,31.71,9.85,27.7,18,0,10
2025-01-15 06:54:03.000+05:30,11.36,64.66,787.07,12.172440457779153,6.64,rated_capped,False,,31.25,9.85,27.6,-20,0,10
2025-01-15 06:54:04.000+05:30,11.31,64.99,784.32,12.068318202800432,7.06,rated_capped,False,,31.69,9.87,27.6,-27,0,10
2025-01-15 06:54:05.000+05:30,11.56,66.03,793.21,12.012872936543996,6.74,rated_capped,False,,31.41,10.0,27.6,-23,0,10
2025-01-15 06:54:06.000+05:30,11.53,63.91,768.75,12.028634016585825,6.37,rated_capped,False,,30.81,9.99,27.6,-5,0,10
2025-01-15 06:54:07.000+05:30,11.29,65.78,787.16,11.966555183946488,6.72,rated_capped,False,,31.12,9.25,27.6,-14,0,10
2025-01-15 06:54:08.000+05:30,11.37,65.05,787.25,12.102229054573405,6.72,rated_capped,False,,31.08,8.75,27.6,-20,0,10
2025-01-15 06:54:09.000+05:30,11.34,65.54,786.2,11.995727799816905,6.72,rated_capped,False,,30.94,8.51,27.6,3,0,10
2025-01-15 06:54:10.000+05:30,11.32,64.82,780.14,12.035482875655664,7.06,rated_capped,False,,30.7,7.88,27.6,-3,0,10
2025-01-15 06:54:11.000+05:30,11.37,62.71,756.69,12.066496571519695,6.66,rated_capped,False,,30.87,8.19,27.6,-4,0,10
2025-01-15 06:54:12.000+05:30,11.39,62.03,741.99,11.961792680960825,6.67,rated_capped,False,,31.19,8.4,27.6,22,0,10
2025-01-15 06:54:13.000+05:30,11.66,66.3,797.21,12.024283559577679,6.91,rated_capped,False,,30.79,7.95,27.6,-26,0,10
2025-01-15 06:54:14.000+05:30,11.91,66.21,802.84,12.125660776317778,6.71,rated_capped,False,,30.32,8.45,27.6,26,0,10
2025-01-15 06:54:15.000+05:30,11.83,65.38,791.99,12.113643315998777,6.83,rated_capped,False,,30.4,8.75,27.6,-26,0,10
2025-01-15 06:54:16.000+05:30,11.67,66.36,803.15,12.102923447860157,6.83,rated_capped,False,,30.84,9.02,27.6,21,0,10
2025-01-15 06:54:17.000+05:30,11.66,64.21,773.29,12.043139697866376,6.93,rated_capped,False,,31.16,9.81,27.6,7,0,10
2025-01-15 06:54:18.000+05:30,11.95,64.74,783.31,12.099320358356502,6.92,rated_capped,False,,31.4,10.03,27.6,-20,0,10
2025-01-15 06:54:19.000+05:30,11.8,67.38,808.46,11.998515880083112,6.76,rated_capped,False,,30.57,9.43,27.6,25,0,10
2025-01-15 06:54:20.000+05:30,11.82,63.33,759.91,11.999210484762356,6.88,rated_capped,False,,30.99,10.1,27.6,-13,0,10
2025-01-15 06:54:21.000+05:30,11.82,64.88,777.8,11.988286066584465,7.06,rated_capped,False,,30.89,9.91,27.6,-13,0,10
2025-01-15 06:54:22.000+05:30,12.0,65.41,784.95,12.000458645467056,6.8,rated_capped,False,,30.87,10.2,27.7,17,0,10
2025-01-15 06:54:23.000+05:30,11.73,63.03,763.2,12.108519752498811,6.52,rated_capped,False,,31.05,10.66,27.6,15,0,10
2025-01-15 06:54:24.000+05:30,11.96,65.16,784.95,12.046500920810315,6.71,rated_capped,False,,30.74,10.62,27.6,6,0,10
2025-01-15 06:54:25.000+05:30,11.88,66.09,796.04,12.044787411106066,6.65,rated_capped,False,,30.84,10.9,27.7,-17,0,10
2025-01-15 06:54:26.000+05:30,11.92,68.07,819.9,12.044953724107538,6.61,rated_capped,False,,30.96,10.23,27.6,12,0,10
2025-01-15 06:54:27.000+05:30,11.66,63.99,766.5,11.978434130332865,6.86,rated_capped,False,,30.61,9.71,27.7,4,0,10
2025-01-15 06:54:28.000+05:30,11.45,65.83,792.2,12.034027039343766,6.97,rated_capped,False,,30.69,9.86,27.7,25,0,10
2025-01-15 06:54:29.000+05:30,11.52,65.77,793.51,12.064923217272312,6.96,rated_capped,False,,30.82,9.0,27.7,-5,0,10
2025-01-15 06:54:30.000+05:30,11.46,66.55,808.64,12.150864012021037,6.42,rated_capped,False,,30.99,8.99,27.7,-2,0,10
2025-01-15 06:54:31.000+05:30,11.5,67.01,804.64,12.007760035815549,6.37,rated_capped,False,,30.93,9.52,27.7,-22,0,10
2025-01-15 06:54:32.000+05:30,11.37,65.16,777.32,11.929404542664212,6.93,rated_capped,False,,31.32,8.93,27.7,26,0,10
2025-01-15 06:54:33.000+05:30,11.14,65.0,781.62,12.024923076923077,6.66,rated_capped,False,,31.31,9.0,27.7,-11,0,10
2025-01-15 06:54:34.000+05:30,11.2,63.41,762.31,12.021920832676233,6.72,rated_capped,False,,31.63,8.87,27.7,-12,0,10
2025-01-15 06:54:35.000+05:30,11.01,64.8,781.0,12.05246913580247,6.76,rated_capped,False,,31.57,9.05,27.7,23,0,10
2025-01-15 06:54:36.000+05:30,11.01,64.2,771.06,12.010280373831774,6.57,rated_capped,False,,32.22,8.99,27.7,-25,0,10
2025-01-15 06:54:37.000+05:30,11.17,65.75,786.91,11.968212927756653,7.06,rated_capped,False,,32.97,8.82,27.7,-12,0,10
2025-01-15 06:54:38.000+05:30,11.31,66.16,800.07,12.09295646916566,6.67,rated_capped,False,,32.14,9.18,27.7,-1,0,10
2025-01-15 06:54:39.000+05:30,11.34,64.54,776.49,12.031143476913542,6.82,rated_capped,False,,32.07,8.9,27.7,28,0,10
2025-01-15 06:54:40.000+05:30,11.41,68.37,826.14,12.083369899078543,6.77,rated_capped,False,,32.0,8.46,27.7,-18,0,10
2025-01-15 06:54:41.000+05:30,11.53,67.98,816.94,12.01735804648426,6.71,rated_capped,False,,31.85,8.37,27.7,0,0,10
2025-01-15 06:54:42.000+05:30,11.42,62.45,748.34,11.983026421136909,6.68,rated_capped,False,,31.97,8.7,27.7,-20,0,10
2025-01-15 06:54:43.000+05:30,11.38,65.35,786.76,12.039173680183627,7.04,rated_capped,False,,31.7,8.48,27.7,18,0,10
2025-01-15 06:54:44.000+05:30,11.46,66.87,800.5,11.970988485120381,6.79,rated_capped,False,,31.42,9.19,27.6,-13,0,10
2025-01-15 06:54:45.000+05:30,11.21,66.91,803.9,12.014646540128531,6.6,rated_capped,False,,31.59,9.05,27.6,-18,0,10
2025-01-15 06:54:46.000+05:30,11.29,64.45,775.42,12.031342125678819,6.77,rated_capped,False,,31.89,8.35,27.7,-7,0,10
2025-01-15 06:54:47.000+05:30,11.52,65.23,781.67,11.983289897286523,6.6,rated_capped,False,,31.22,7.82,27.7,-7,0,10
2025-01-15 06:54:48.000+05:30,11.55,65.51,792.61,12.099068844451228,6.6,rated_capped,False,,31.6,7.53,27.7,-22,0,10
2025-01-15 06:54:49.000+05:30,11.5,65.81,792.68,12.044977966874335,6.73,rated_capped,False,,31.78,7.21,27.7,18,0,10
2025-01-15 06:54:50.000+05:30,11.63,68.0,816.63,12.009264705882353,6.96,rated_capped,False,,31.81,6.65,27.7,26,0,10
2025-01-15 06:54:51.000+05:30,11.62,65.36,781.98,11.964198286413708,6.65,rated_capped,False,,31.05,6.6,27.7,-12,0,10
2025-01-15 06:54:52.000+05:30,11.56,67.96,821.59,12.089317245438496,6.72,rated_capped,False,,31.17,6.99,27.7,-1,0,10
2025-01-15 06:54:53.000+05:30,11.69,65.9,790.04,11.988467374810318,6.65,rated_capped,False,,31.14,7.04,27.7,30,0,10
2025-01-15 06:54:54.000+05:30,11.35,67.95,817.7,12.033848417954378,6.64,rated_capped,False,,30.93,7.36,27.7,-6,0,10
2025-01-15 06:54:55.000+05:30,11.34,66.08,792.66,11.99546004842615,6.68,rated_capped,False,,30.84,6.77,27.7,14,0,10
2025-01-15 06:54:56.000+05:30,11.47,67.59,809.46,11.976031957390147,6.72,rated_capped,False,,30.95,6.2,27.7,24,0,10
2025-01-15 06:54:57.000+05:30,11.63,65.67,790.97,12.044617024516523,6.49,rated_capped,False,,30.91,6.3,27.7,15,0,10
2025-01-15 06:54:58.000+05:30,11.78,64.61,780.84,12.085435691069495,6.66,rated_capped,False,,31.28,6.07,27.7,-10,0,10
2025-01-15 06:54:59.000+05:30,11.78,65.03,787.21,12.1053359987698,6.68,rated_capped,False,,30.9,5.5,27.8,-14,0,10
2025-01-15 06:55:00.000+05:30,11.55,66.02,797.07,12.073159648591338,6.86,rated_capped,False,,31.94,5.19,27.8,9,0,10
2025-01-15 06:55:01.000+05:30,11.28,64.89,788.2,12.146709816612729,6.45,rated_capped,False,,31.79,4.8,27.8,-29,0,10
2025-01-15 06:55:02.000+05:30,11.12,63.53,767.41,12.079490004722178,6.79,rated_capped,False,,31.56,4.1,27.8,-9,0,10
2025-01-15 06:55:03.000+05:30,11.19,62.36,755.22,12.110647851186659,6.6,rated_capped,False,,31.17,3.85,27.8,14,0,10
2025-01-15 06:55:04.000+05:30,11.1,64.7,781.89,12.084853168469861,6.75,rated_capped,False,,31.33,3.78,27.8,-22,0,10
2025-01-15 06:55:05.000+05:30,11.47,64.49,774.31,12.006667700418669,6.97,rated_capped,False,,30.79,3.63,27.8,18,0,10
2025-01-15 06:55:06.000+05:30,11.27,62.86,756.39,12.03293032134903,6.59,rated_capped,False,,30.37,4.29,27.8,-15,0,10
2025-01-15 06:55:07.000+05:30,11.26,67.99,822.45,12.096631857626123,6.53,rated_capped,False,,30.31,4.32,27.8,2,0,10
2025-01-15 06:55:08.000+05:30,11.24,65.67,790.12,12.031673519110704,6.98,rated_capped,False,,30.76,4.39,27.8,-2,0,10
2025-01-15 06:55:09.000+05:30,11.19,68.89,827.85,12.016983597038758,6.69,rated_capped,False,,30.85,3.74,27.7,2,0,10
2025-01-15 06:55:10.000+05:30,11.25,67.09,804.32,11.988671933224028,6.58,rated_capped,False,,31.01,3.52,27.7,18,0,10
2025-01-15 06:55:11.000+05:30,11.3,66.51,802.65,12.068110058637798,6.79,rated_capped,False,,30.83,3.13,27.7,13,0,10
2025-01-15 06:55:12.000+05:30,11.26,65.41,791.09,12.094328084390767,6.56,rated_capped,False,,30.5,3.82,27.7,15,0,10
2025-01-15 06:55:13.000+05:30,11.33,67.18,809.83,12.054629353974397,6.9,rated_capped,False,,30.55,4.98,27.7,15,0,10
2025-01-15 06:55:14.000+05:30,11.5,64.5,777.23,12.050077519379846,6.88,rated_capped,False,,30.95,4.07,27.7,-13,0,10
2025-01-15 06:55:15.000+05:30,11.38,64.89,779.93,12.019263368777931,6.8,rated_capped,False,,31.04,4.31,27.7,4,0,10
2025-01-15 06:55:16.000+05:30,11.36,63.02,754.48,11.972072357981594,6.94,rated_capped,False,,30.87,4.44,27.7,22,0,10
2025-01-15 06:55:17.000+05:30,11.37,64.87,777.64,11.987667642978263,6.61,rated_capped,False,,30.39,5.41,27.7,23,0,10
2025-01-15 06:55:18.000+05:30,11.23,63.01,755.66,11.992699571496587,6.6,rated_capped,False,,30.6,5.4,27.7,-14,0,10
2025-01-15 06:55:19.000+05:30,11.03,64.88,777.88,11.989519112207152,6.79,rated_capped,False,,30.4,6.25,27.7,-14,0,10
2025-01-15 06:55:20.000+05:30,11.05,66.55,798.92,12.00480841472577,6.68,rated_capped,False,,30.74,6.17,27.7,-2,0,10
2025-01-15 06:55:21.000+05:30,11.15,66.66,802.99,12.046054605460547,6.54,rated_capped,False,,30.92,6.92,27.7,-27,0,10
2025-01-15 06:55:22.000+05:30,11.2,68.3,824.06,12.065300146412884,6.74,rated_capped,False,,30.31,6.22,27.7,-7,0,10
2025-01-15 06:55:23.000+05:30,11.34,67.51,812.3,12.032291512368536,6.62,rated_capped,False,,29.44,6.71,27.7,-9,0,10
2025-01-15 06:55:24.000+05:30,11.26,65.59,797.18,12.153986888245157,7.02,rated_capped,False,,29.24,6.27,27.7,-22,0,10
2025-01-15 06:55:25.000+05:30,11.2,65.95,798.46,12.107050796057619,6.63,rated_capped,False,,29.44,7.02,27.7,-1,0,10
2025-01-15 06:55:26.000+05:30,11.78,65.45,786.91,12.023071046600457,6.74,rated_capped,False,,28.88,7.37,27.7,7,0,10
2025-01-15 06:55:27.000+05:30,11.76,64.96,778.0,11.976600985221676,6.61,rated_capped,False,,28.52,7.46,27.7,-5,0,10
2025-01-15 06:55:28.000+05:30,12.0,66.09,796.5,12.051747616886065,6.89,rated_capped,False,,28.44,6.09,27.8,17,0,10
2025-01-15 06:55:29.000+05:30,11.94,67.06,806.42,12.025350432448553,6.88,rated_capped,False,,27.84,6.0,27.8,2,0,10
2025-01-15 06:55:30.000+05:30,11.8,63.28,761.52,12.034134007585335,6.73,rated_capped,False,,28.48,5.43,27.7,7,0,10
2025-01-15 06:55:31.000+05:30,11.92,63.29,760.43,12.015010270184863,6.74,rated_capped,False,,28.19,6.03,27.7,15,0,10
2025-01-15 06:55:32.000+05:30,12.0,67.47,811.83,12.03245887060916,6.97,rated_capped,False,,28.5,6.41,27.7,-26,0,10
2025-01-15 06:55:33.000+05:30,12.0,66.58,801.16,12.033042955842594,6.57,rated_capped,False,,28.81,6.45,27.7,-12,0,10
2025-01-15 06:55:34.000+05:30,12.0,66.69,799.12,11.982606087869247,6.65,rated_capped,False,,28.69,6.1,27.7,28,0,10
2025-01-15 06:55:35.000+05:30,12.0,66.33,801.13,12.077943615257048,6.84,rated_capped,False,,29.31,5.89,27.7,-2,0,10
2025-01-15 06:55:36.000+05:30,12.0,64.95,781.3,12.029253271747496,6.52,rated_capped,False,,29.6,5.63,27.8,-9,0,10
2025-01-15 06:55:37.000+05:30,12.0,63.39,765.85,12.081558605458275,6.76,rated_capped,False,,29.72,6.25,27.8,29,0,10
2025-01-15 06:55:38.000+05:30,12.0,66.7,807.25,12.102698650674663,6.8,rated_capped,False,,29.44,5.64,27.8,-16,0,10
2025-01-15 06:55:39.000+05:30,11.6,64.92,779.82,12.012014787430685,6.48,rated_capped,False,,28.79,4.83,27.8,25,0,10
2025-01-15 06:55:40.000+05:30,11.48,66.63,809.86,12.15458502176197,6.81,rated_capped,False,,28.9,4.84,27.8,13,0,10
2025-01-15 06:55:41.000+05:30,11.55,65.41,794.03,12.139275340162055,6.53,rated_capped,False,,29.1,4.51,27.8,-25,0,10
2025-01-15 06:55:42.000+05:30,11.34,67.88,815.29,12.010754272245139,6.7,rated_capped,False,,29.42,5.51,27.8,-23,0,10
2025-01-15 06:55:43.000+05:30,11.35,67.24,805.6,11.980963712076147,6.57,rated_capped,False,,28.94,5.12,27.8,13,0,10
2025-01-15 06:55:44.000+05:30,11.37,68.02,828.24,12.176418700382241,6.89,rated_capped,False,,29.09,4.93,27.7,21,0,10
2025-01-15 06:55:45.000+05:30,11.33,64.41,773.12,12.0031051079025,6.93,rated_capped,False,,29.34,5.25,27.7,24,0,10
2025-01-15 06:55:46.000+05:30,11.42,61.85,743.13,12.015036378334681,7.03,rated_capped,False,,29.98,5.46,27.8,18,0,10
2025-01-15 06:55:47.000+05:30,11.43,67.25,812.17,12.076877323420074,6.49,rated_capped,False,,30.12,5.66,27.8,8,0,10
2025-01-15 06:55:48.000+05:30,11.52,66.1,795.14,12.029349470499245,6.65,rated_capped,False,,29.98,5.63,27.8,-1,0,10
2025-01-15 06:55:49.000+05:30,11.41,65.01,776.94,11.951084448546377,6.58,rated_capped,False,,30.28,5.64,27.8,-21,0,10
2025-01-15 06:55:50.000+05:30,11.31,66.04,795.81,12.050423985463354,6.75,rated_capped,False,,30.22,5.7,27.8,-15,0,10
2025-01-15 06:55:51.000+05:30,11.47,66.28,799.0,12.054918527459263,6.78,rated_capped,False,,30.37,5.49,27.8,21,0,10
2025-01-15 06:55:52.000+05:30,11.46,64.9,781.86,12.047149460708782,6.69,rated_capped,False,,29.67,5.56,27.9,9,0,10
2025-01-15 06:55:53.000+05:30,11.46,66.95,804.79,12.020761762509334,6.65,rated_capped,False,,29.18,5.16,27.9,15,0,10
2025-01-15 06:55:54.000+05:30,11.23,63.98,778.68,12.170678336980306,6.67,rated_capped,False,,29.95,5.5,27.9,17,0,10
2025-01-15 06:55:55.000+05:30,11.2,66.39,794.39,11.965506853441783,6.55,rated_capped,False,,30.01,5.92,27.9,-4,0,10
2025-01-15 06:55:56.000+05:30,11.18,63.7,763.67,11.988540031397173,6.88,rated_capped,False,,30.39,6.11,27.9,-24,0,10
2025-01-15 06:55:57.000+05:30,11.06,65.34,786.23,12.032904805632079,6.74,rated_capped,False,,31.11,6.6,27.9,24,0,10
2025-01-15 06:55:58.000+05:30,11.0,66.99,809.86,12.089267054784298,6.92,rated_capped,False,,31.67,6.01,27.9,-5,0,10
2025-01-15 06:55:59.000+05:30,10.97,65.48,786.78,12.01557727550397,6.56,rated_capped,False,,30.79,5.75,27.9,-5,0,10
2025-01-15 06:56:00.000+05:30,11.09,66.5,797.28,11.989172932330826,6.7,rated_capped,False,,31.0,6.52,27.9,3,0,10
2025-01-15 06:56:01.000+05:30,11.21,63.96,770.3,12.043464665415884,6.77,rated_capped,False,,30.92,5.48,27.9,12,0,10
2025-01-15 06:56:02.000+05:30,11.27,67.46,810.59,12.015861251111772,6.51,rated_capped,False,,30.97,4.8,27.9,5,0,10
2025-01-15 06:56:03.000+05:30,11.24,66.3,802.42,12.10286576168929,6.82,rated_capped,False,,30.34,4.89,27.9,5,0,10
2025-01-15 06:56:04.000+05:30,11.14,67.37,815.08,12.098560189995547,6.43,rated_capped,False,,30.07,5.38,27.9,-21,0,10
2025-01-15 06:56:05.000+05:30,11.1,68.28,823.1,12.05477445811365,6.64,rated_capped,False,,30.95,4.84,27.9,21,0,10
2025-01-15 06:56:06.000+05:30,10.96,66.77,807.35,12.091508162348362,6.73,rated_capped,False,,31.0,4.22,27.9,-6,0,10
2025-01-15 06:56:07.000+05:30,11.01,68.61,826.29,12.04328815041539,6.78,rated_capped,False,,31.23,4.77,27.9,26,0,10
2025-01-15 06:56:08.000+05:30,10.84,66.28,793.62,11.973747736873868,6.65,rated_capped,False,,31.05,4.84,27.8,15,0,10
2025-01-15 06:56:09.000+05:30,10.79,66.39,798.83,12.032384395240248,6.58,rated_capped,False,,30.18,5.36,27.9,-14,0,10
2025-01-15 06:56:10.000+05:30,10.81,63.89,771.89,12.081546407888558,6.59,rated_capped,False,,30.8,5.57,27.8,-16,0,10
2025-01-15 06:56:11.000+05:30,10.79,65.4,787.04,12.034250764525993,6.61,rated_capped,False,,29.89,4.97,27.9,9,0,10
2025-01-15 06:56:12.000+05:30,10.71,66.1,800.08,12.10408472012103,6.96,rated_capped,False,,30.22,4.71,27.9,26,0,10
2025-01-15 06:56:13.000+05:30,10.59,65.59,793.69,12.100777557554505,6.9,rated_capped,False,,30.48,4.93,27.9,29,0,10
2025-01-15 06:56:14.000+05:30,10.53,65.07,788.45,12.11695097587214,6.81,rated_capped,False,,30.5,5.85,27.9,6,0,10
2025-01-15 06:56:15.000+05:30,10.46,65.64,790.61,12.044637416209628,6.52,rated_capped,False,,30.83,6.3,27.9,21,0,10
2025-01-15 06:56:16.000+05:30,10.6,65.52,790.72,12.06837606837607,6.74,rated_capped,False,,30.6,6.27,27.8,-26,0,10
2025-01-15 06:56:17.000+05:30,10.46,68.22,820.52,12.027557900908825,6.39,rated_capped,False,,30.66,6.22,27.9,5,0,10
2025-01-15 06:56:18.000+05:30,10.47,67.54,815.88,12.079952620669232,6.55,rated_capped,False,,30.79,6.69,27.8,22,0,10
2025-01-15 06:56:19.000+05:30,10.38,67.23,803.99,11.958798155585304,6.77,rated_capped,False,,30.85,7.25,27.9,3,0,10
2025-01-15 06:56:20.000+05:30,10.2,65.48,785.31,11.993127672571775,6.81,rated_capped,False,,30.58,7.65,27.9,12,0,10
2025-01-15 06:56:21.000+05:30,10.46,67.14,806.01,12.00491510277033,6.57,rated_capped,False,,30.79,7.16,27.9,27,0,10
2025-01-15 06:56:22.000+05:30,10.55,68.05,819.36,12.040558412931668,6.67,rated_capped,False,,30.82,7.69,27.9,-7,0,10
2025-01-15 06:56:23.000+05:30,10.71,65.41,785.12,12.003057636447027,6.73,rated_capped,False,,31.26,7.23,27.9,28,0,10
2025-01-15 06:56:24.000+05:30,10.56,69.14,833.24,12.051489730980618,6.71,rated_capped,False,,31.98,7.55,27.9,-16,0,10
2025-01-15 06:56:25.000+05:30,10.58,66.81,801.93,12.003143242029635,6.7,rated_capped,False,,32.3,7.46,27.9,-18,0,10
2025-01-15 06:56:26.000+05:30,10.73,67.32,807.76,11.99881164587047,6.71,rated_capped,False,,31.79,7.74,27.9,-20,0,10
2025-01-15 06:56:27.000+05:30,10.62,65.63,787.91,12.005332927015084,6.79,rated_capped,False,,31.96,7.12,27.9,10,0,10
2025-01-15 06:56:28.000+05:30,10.57,63.78,760.03,11.91643148322358,6.85,rated_capped,False,,32.34,7.71,27.9,18,0,10
2025-01-15 06:56:29.000+05:30,10.74,66.9,803.19,12.005829596412555,6.77,rated_capped,False,,32.43,8.22,27.9,-8,0,10
2025-01-15 06:56:30.000+05:30,10.76,64.15,775.7,12.091971940763834,6.73,rated_capped,False,,32.59,8.03,27.9,-5,0,10
2025-01-15 06:56:31.000+05:30,10.83,67.89,818.28,12.05302695536898,6.74,rated_capped,False,,32.91,8.1,27.9,2,0,10
2025-01-15 06:56:32.000+05:30,10.85,67.52,816.32,12.09004739336493,6.79,rated_capped,False,,32.75,7.94,27.9,17,0,10
2025-01-15 06:56:33.000+05:30,11.0,64.79,779.79,12.035653650254668,6.84,rated_capped,False,,32.65,7.74,27.9,17,0,10
2025-01-15 06:56:34.000+05:30,11.06,64.11,769.92,12.009358914365933,6.72,rated_capped,False,,32.69,8.58,27.9,10,0,10
2025-01-15 06:56:35.000+05:30,11.04,65.11,787.56,12.095837812931961,6.87,rated_capped,False,,32.6,8.49,27.9,-30,0,10
2025-01-15 06:56:36.000+05:30,11.07,65.45,788.35,12.045072574484339,6.83,rated_capped,False,,32.31,8.17,27.9,-16,0,10
2025-01-15 06:56:37.000+05:30,11.11,63.74,763.35,11.975996234703484,6.91,rated_capped,False,,32.61,8.34,27.9,-14,0,10
2025-01-15 06:56:38.000+05:30,11.07,64.38,778.43,12.091177384280833,6.79,rated_capped,False,,32.53,9.36,27.8,26,0,10
2025-01-15 06:56:39.000+05:30,11.18,64.33,770.72,11.980724389864761,6.89,rated_capped,False,,32.43,10.21,27.8,-9,0,10
2025-01-15 06:56:40.000+05:30,11.18,64.63,773.06,11.961318273247718,6.72,rated_capped,False,,32.32,9.71,27.8,8,0,10
2025-01-15 06:56:41.000+05:30,10.96,64.25,769.57,11.97774319066148,6.83,rated_capped,False,,32.05,9.91,27.8,-7,0,10
2025-01-15 06:56:42.000+05:30,10.96,68.16,823.82,12.086561032863852,6.68,rated_capped,False,,32.31,9.6,27.8,26,0,10
2025-01-15 06:56:43.000+05:30,10.78,63.91,772.33,12.084650289469568,6.59,rated_capped,False,,31.54,9.25,27.8,5,0,10
2025-01-15 06:56:44.000+05:30,10.99,64.32,776.49,12.072294776119405,6.8,rated_capped,False,,32.1,10.09,27.8,-5,0,10
2025-01-15 06:56:45.000+05:30,11.02,66.96,802.33,11.982228195937875,6.83,rated_capped,False,,32.48,9.97,27.8,23,0,10
2025-01-15 06:56:46.000+05:30,10.9,67.32,807.66,11.997326203208557,6.95,rated_capped,False,,32.31,10.59,27.7,-26,0,10
2025-01-15 06:56:47.000+05:30,10.93,66.32,797.49,12.02487937273824,6.64,rated_capped,False,,32.43,11.18,27.7,-20,0,10
2025-01-15 06:56:48.000+05:30,10.82,64.41,776.55,12.056357708430367,6.58,rated_capped,False,,32.27,11.82,27.7,13,0,10
2025-01-15 06:56:49.000+05:30,10.64,63.76,764.47,11.989805520702635,6.78,rated_capped,False,,31.94,11.36,27.7,-10,0,10
2025-01-15 06:56:50.000+05:30,10.6,66.82,804.87,12.04534570487878,6.74,rated_capped,False,,31.66,11.29,27.7,20,0,10
2025-01-15 06:56:51.000+05:30,10.39,69.55,834.3,11.99568655643422,6.83,rated_capped,False,,31.36,10.8,27.7,-4,0,10
2025-01-15 06:56:52.000+05:30,10.42,65.57,789.63,12.042549946621932,6.54,rated_capped,False,,31.05,10.5,27.7,24,0,10
2025-01-15 06:56:53.000+05:30,10.32,64.74,779.03,12.033209762125425,6.83,rated_capped,False,,31.25,11.23,27.8,-1,0,10
2025-01-15 06:56:54.000+05:30,10.35,66.23,797.92,12.047712516986259,6.7,rated_capped,False,,31.55,11.35,27.8,-1,0,10
2025-01-15 06:56:55.000+05:30,10.15,64.73,776.45,11.995210875946238,6.52,rated_capped,False,,31.23,11.05,27.8,0,0,10
2025-01-15 06:56:56.000+05:30,10.25,62.96,763.77,12.131035578144854,6.7,rated_capped,False,,31.52,11.4,27.7,-16,0,10
2025-01-15 06:56:57.000+05:30,10.43,63.78,770.94,12.087488240827847,6.86,rated_capped,False,,31.84,11.33,27.7,-17,0,10
2025-01-15 06:56:58.000+05:30,10.33,65.56,791.07,12.066351433801099,6.66,rated_capped,False,,32.12,11.03,27.8,5,0,10
2025-01-15 06:56:59.000+05:30,10.36,62.87,758.71,12.067917925878799,6.61,rated_capped,False,,31.52,11.03,27.7,-7,0,10
2025-01-15 06:57:00.000+05:30,10.42,65.12,784.54,12.04760442260442,6.84,rated_capped,False,,30.76,10.93,27.8,19,0,10
2025-01-15 06:57:01.000+05:30,10.31,66.16,797.62,12.055925030229746,6.85,rated_capped,False,,30.8,11.18,27.7,10,0,10
2025-01-15 06:57:02.000+05:30,10.31,66.19,797.09,12.042453542831245,6.6,rated_capped,False,,31.14,11.21,27.7,-2,0,10
2025-01-15 06:57:03.000+05:30,10.26,63.77,763.71,11.976007527050337,6.63,rated_capped,False,,31.38,11.13,27.7,-12,0,10
2025-01-15 06:57:04.000+05:30,10.35,64.92,784.15,12.078712261244608,6.99,rated_capped,False,,31.63,11.46,27.7,1,0,10
2025-01-15 06:57:05.000+05:30,10.3,65.09,781.79,12.01090797357505,6.78,rated_capped,False,,31.75,11.47,27.7,-26,0,10
2025-01-15 06:57:06.000+05:30,10.1,68.35,824.04,12.056181419166057,6.77,rated_capped,False,,31.37,11.64,27.7,-28,0,10
2025-01-15 06:57:07.000+05:30,10.04,64.35,778.44,12.0969696969697,6.8,rated_capped,False,,31.35,11.74,27.7,3,0,10
2025-01-15 06:57:08.000+05:30,9.95,63.63,768.86,12.083294043690083,6.97,rated_capped,False,,31.87,12.44,27.7,7,0,10
2025-01-15 06:57:09.000+05:30,9.85,64.68,776.0,11.997526283240568,6.68,rated_capped,False,,31.72,11.6,27.7,-18,0,10
2025-01-15 06:57:10.000+05:30,9.89,65.69,797.07,12.133810321205663,6.83,rated_capped,False,,31.2,11.04,27.7,8,0,10
2025-01-15 06:57:11.000+05:30,9.99,65.73,789.03,12.004107713372887,6.73,rated_capped,False,,31.48,10.78,27.7,21,0,10
2025-01-15 06:57:12.000+05:30,9.95,65.56,789.72,12.045759609517999,6.75,rated_capped,False,,31.64,10.98,27.7,-1,0,10
2025-01-15 06:57:13.000+05:30,9.88,65.56,786.95,12.003508236729713,6.65,rated_capped,False,,32.16,10.55,27.7,-10,0,10
2025-01-15 06:57:14.000+05:30,9.62,64.03,769.53,12.018272684679056,6.78,rated_capped,False,,32.05,10.66,27.7,14,0,10
2025-01-15 06:57:15.000+05:30,10.01,67.92,822.11,12.10409305064782,6.72,rated_capped,False,,31.62,10.94,27.6,13,0,10
2025-01-15 06:57:16.000+05:30,9.96,65.74,788.37,11.992242166108914,6.58,rated_capped,False,,32.15,10.05,27.6,-6,0,10
2025-01-15 06:57:17.000+05:30,9.8,65.28,790.19,12.104626225490197,6.69,rated_capped,False,,32.2,10.51,27.7,21,0,10
2025-01-15 06:57:18.000+05:30,9.7,65.6,788.72,12.023170731707319,6.99,rated_capped,False,,31.75,10.29,27.6,3,0,10
2025-01-15 06:57:19.000+05:30,9.92,67.16,805.05,11.987045860631328,6.43,rated_capped,False,,31.78,11.02,27.6,-14,0,10
2025-01-15 06:57:20.000+05:30,9.86,67.32,806.45,11.979352346999407,6.82,rated_capped,False,,31.91,10.8,27.6,1,0,10
2025-01-15 06:57:21.000+05:30,9.68,64.71,776.99,12.007263174161645,6.94,rated_capped,False,,31.61,10.9,27.7,18,0,10
2025-01-15 06:57:22.000+05:30,9.52,64.68,776.96,12.012368583797155,6.96,rated_capped,False,,31.38,12.07,27.6,-19,0,10
2025-01-15 06:57:23.000+05:30,9.71,68.85,829.99,12.055047204066813,6.8,rated_capped,False,,31.5,11.86,27.6,24,0,10
2025-01-15 06:57:24.000+05:30,9.73,66.77,805.36,12.061704358244722,6.59,rated_capped,False,,31.65,11.09,27.6,-29,0,10
2025-01-15 06:57:25.000+05:30,9.66,68.2,820.24,12.026979472140763,6.71,rated_capped,False,,31.33,11.34,27.6,30,0,10
2025-01-15 06:57:26.000+05:30,9.63,65.85,789.21,11.984965831435082,7.0,rated_capped,False,,30.97,10.75,27.6,30,0,10
2025-01-15 06:57:27.000+05:30,9.7,65.77,795.78,12.099437433480311,6.86,rated_capped,False,,31.07,10.83,27.6,-13,0,10
2025-01-15 06:57:28.000+05:30,10.01,66.74,805.66,12.071621216661672,6.44,rated_capped,False,,30.86,10.66,27.6,-30,0,10
2025-01-15 06:57:29.000+05:30,10.18,64.46,774.43,12.014117282035372,7.06,rated_capped,False,,31.46,11.02,27.7,-4,0,10
2025-01-15 06:57:30.000+05:30,10.09,66.96,808.55,12.075119474313023,6.78,rated_capped,False,,31.14,10.54,27.7,17,0,10
2025-01-15 06:57:31.000+05:30,10.08,66.32,800.74,12.073884197828711,6.58,rated_capped,False,,31.24,10.03,27.7,-21,0,10
2025-01-15 06:57:32.000+05:30,10.27,66.35,796.36,12.002411454408442,6.88,rated_capped,False,,31.41,10.19,27.6,2,0,10
2025-01-15 06:57:33.000+05:30,10.39,66.37,797.65,12.018231128521922,6.63,rated_capped,False,,31.34,11.19,27.7,-5,0,10
2025-01-15 06:57:34.000+05:30,10.38,64.9,785.21,12.098767334360554,6.8,rated_capped,False,,31.44,11.72,27.7,15,0,10
2025-01-15 06:57:35.000+05:30,10.25,65.31,786.79,12.047006583984075,6.65,rated_capped,False,,31.5,11.64,27.7,6,0,10
2025-01-15 06:57:36.000+05:30,10.2,64.84,778.93,12.013109191856877,6.95,rated_capped,False,,32.09,10.83,27.7,-23,0,10
2025-01-15 06:57:37.000+05:30,10.0,64.8,785.6,12.123456790123457,6.89,rated_capped,False,,31.96,10.72,27.7,-5,0,10
2025-01-15 06:57:38.000+05:30,10.09,62.61,758.51,12.114837885321833,6.67,rated_capped,False,,32.02,10.71,27.7,-9,0,10
2025-01-15 06:57:39.000+05:30,10.06,68.73,826.79,12.029535864978902,6.5,rated_capped,False,,31.86,10.72,27.7,20,0,10
2025-01-15 06:57:40.000+05:30,10.15,63.33,764.79,12.076267171956419,6.77,rated_capped,False,,31.4,10.72,27.7,2,0,10
2025-01-15 06:57:41.000+05:30,10.23,65.43,789.97,12.073513678740637,6.59,rated_capped,False,,31.8,10.45,27.7,4,0,10
2025-01-15 06:57:42.000+05:30,10.25,64.82,784.83,12.10783708731873,6.71,rated_capped,False,,31.71,11.04,27.7,-4,0,10
2025-01-15 06:57:43.000+05:30,10.33,62.74,752.63,11.996015301243226,6.78,rated_capped,False,,31.73,11.36,27.7,19,0,10
2025-01-15 06:57:44.000+05:30,10.28,66.38,799.54,12.044893040072312,6.8,rated_capped,False,,31.83,10.93,27.7,21,0,10
2025-01-15 06:57:45.000+05:30,10.2,65.24,782.9,12.000306560392398,6.7,rated_capped,False,,32.32,10.62,27.7,0,0,10
2025-01-15 06:57:46.000+05:30,10.18,66.0,800.01,12.121363636363636,6.87,rated_capped,False,,32.02,10.59,27.7,1,0,10
2025-01-15 06:57:47.000+05:30,10.15,65.53,792.01,12.086220051884633,6.79,rated_capped,False,,31.92,10.47,27.7,6,0,10
2025-01-15 06:57:48.000+05:30,10.12,67.46,809.76,12.003557663800771,6.83,rated_capped,False,,31.96,10.72,27.7,-5,0,10
2025-01-15 06:57:49.000+05:30,10.4,63.39,761.44,12.011989272755956,6.7,rated_capped,False,,31.51,10.77,27.7,-23,0,10
2025-01-15 06:57:50.000+05:30,10.4,66.32,795.66,11.997285886610374,6.87,rated_capped,False,,31.27,10.22,27.8,-27,0,10
2025-01-15 06:57:51.000+05:30,10.41,68.82,826.0,12.002324905550713,6.56,rated_capped,False,,30.77,9.78,27.7,13,0,10
2025-01-15 06:57:52.000+05:30,10.22,66.68,799.23,11.98605278944211,6.65,rated_capped,False,,30.87,9.06,27.7,-16,0,10
2025-01-15 06:57:53.000+05:30,10.33,63.09,759.05,12.031225233792993,6.6,rated_capped,False,,31.85,9.27,27.7,27,0,10
2025-01-15 06:57:54.000+05:30,10.81,64.1,776.15,12.10842433697348,6.72,rated_capped,False,,32.16,9.07,27.7,4,0,10
2025-01-15 06:57:55.000+05:30,10.66,61.41,739.1,12.035499104380396,6.66,rated_capped,False,,32.27,8.63,27.7,-8,0,10
2025-01-15 06:57:56.000+05:30,10.44,66.0,793.19,12.018030303030304,6.95,rated_capped,False,,32.47,9.28,27.7,24,0,10
2025-01-15 06:57:57.000+05:30,10.26,63.33,761.4,12.02273803884415,6.92,rated_capped,False,,32.58,9.6,27.7,-27,0,10
2025-01-15 06:57:58.000+05:30,9.79,64.24,773.83,12.045921544209216,6.64,rated_capped,False,,32.65,9.76,27.7,17,0,10
2025-01-15 06:57:59.000+05:30,9.9,67.07,805.73,12.013269718204862,6.78,rated_capped,False,,32.53,10.14,27.7,2,0,10
2025-01-15 06:58:00.000+05:30,9.71,64.43,771.14,11.968648145273939,6.58,rated_capped,False,,32.24,11.16,27.7,-14,0,10
2025-01-15 06:58:01.000+05:30,9.67,63.58,768.71,12.090437244416485,6.77,rated_capped,False,,32.14,11.68,27.6,-19,0,10
2025-01-15 06:58:02.000+05:30,10.0,65.19,781.9,11.994170885105078,6.78,rated_capped,False,,32.35,11.1,27.7,-4,0,10
2025-01-15 06:58:03.000+05:30,9.83,63.39,767.91,12.114055844770467,6.55,rated_capped,False,,31.97,10.39,27.7,-28,0,10
2025-01-15 06:58:04.000+05:30,9.83,62.93,755.43,12.004290481487367,6.83,rated_capped,False,,32.22,10.05,27.6,-1,0,10
2025-01-15 06:58:05.000+05:30,9.67,62.33,755.18,12.115835071394192,6.87,rated_capped,False,,32.62,10.45,27.6,-15,0,10
2025-01-15 06:58:06.000+05:30,9.75,64.02,769.82,12.024679787566386,6.86,rated_capped,False,,32.98,10.44,27.6,-4,0,10
2025-01-15 06:58:07.000+05:30,9.67,64.88,782.17,12.055641183723798,6.84,rated_capped,False,,32.98,10.79,27.6,20,0,10
2025-01-15 06:58:08.000+05:30,9.8,66.53,800.06,12.025552382383886,6.57,rated_capped,False,,32.93,11.33,27.6,22,0,10
2025-01-15 06:58:09.000+05:30,9.76,62.53,745.41,11.920837997761074,6.6,rated_capped,False,,32.72,12.04,27.6,-30,0,10
2025-01-15 06:58:10.000+05:30,9.65,66.43,801.88,12.071052235435795,6.61,rated_capped,False,,32.59,12.31,27.6,19,0,10
2025-01-15 06:58:11.000+05:30,9.75,66.54,795.5,11.955214908325818,6.79,rated_capped,False,,32.95,12.61,27.6,30,0,10
2025-01-15 06:58:12.000+05:30,9.73,66.14,793.92,12.003628666465074,6.5,rated_capped,False,,32.74,13.22,27.6,-9,0,10
2025-01-15 06:58:13.000+05:30,9.81,64.31,775.89,12.0648421707355,6.51,rated_capped,False,,32.66,12.49,27.6,-11,0,10
2025-01-15 06:58:14.000+05:30,9.96,66.63,802.32,12.041422782530393,6.52,rated_capped,False,,32.82,12.14,27.6,-11,0,10
2025-01-15 06:58:15.000+05:30,9.93,63.87,773.7,12.113668388914984,6.48,rated_capped,False,,32.23,12.32,27.6,-2,0,10
2025-01-15 06:58:16.000+05:30,9.9,65.96,796.09,12.069284414796849,6.69,rated_capped,False,,32.12,12.29,27.6,-23,0,10
2025-01-15 06:58:17.000+05:30,9.96,65.89,799.96,12.140840795264836,6.98,rated_capped,False,,32.57,11.22,27.6,-4,0,10
2025-01-15 06:58:18.000+05:30,10.28,65.85,788.53,11.974639331814732,6.6,rated_capped,False,,32.42,10.64,27.6,3,0,10
2025-01-15 06:58:19.000+05:30,10.2,64.34,776.82,12.073671122163507,6.55,rated_capped,False,,32.38,11.08,27.6,-11,0,10
2025-01-15 06:58:20.000+05:30,9.95,66.78,808.9,12.112908056304283,6.54,rated_capped,False,,32.43,10.71,27.6,-5,0,10
2025-01-15 06:58:21.000+05:30,10.02,65.55,790.81,12.064225781845918,6.93,rated_capped,False,,32.49,11.04,27.6,-10,0,10
2025-01-15 06:58:22.000+05:30,10.06,64.22,772.78,12.033322952351293,6.73,rated_capped,False,,32.28,11.11,27.6,-29,0,10
2025-01-15 06:58:23.000+05:30,10.13,63.1,765.19,12.12662440570523,6.91,rated_capped,False,,32.07,10.87,27.6,-13,0,10
2025-01-15 06:58:24.000+05:30,10.24,64.68,778.82,12.04112554112554,6.8,rated_capped,False,,31.99,11.03,27.6,25,0,10
2025-01-15 06:58:25.000+05:30,10.14,66.74,803.18,12.034462091699131,6.74,rated_capped,False,,32.19,11.41,27.6,13,0,10
2025-01-15 06:58:26.000+05:30,10.07,65.05,788.71,12.12467332820907,6.79,rated_capped,False,,32.81,10.92,27.6,-27,0,10
2025-01-15 06:58:27.000+05:30,10.11,67.55,818.24,12.113101406365656,6.65,rated_capped,False,,32.91,10.48,27.6,-7,0,10
2025-01-15 06:58:28.000+05:30,9.94,67.37,808.51,12.001039038147542,6.8,rated_capped,False,,32.97,10.45,27.6,11,0,10
2025-01-15 06:58:29.000+05:30,9.94,66.11,792.17,11.982604749659657,6.83,rated_capped,False,,32.98,10.78,27.6,-26,0,10
2025-01-15 06:58:30.000+05:30,9.92,64.22,777.11,12.100747430706946,6.64,rated_capped,False,,32.63,11.51,27.6,-24,0,10
2025-01-15 06:58:31.000+05:30,10.1,64.8,788.27,12.16466049382716,6.71,rated_capped,False,,32.57,10.97,27.6,-22,0,10
2025-01-15 06:58:32.000+05:30,9.98,68.29,823.9,12.064723971298871,6.9,rated_capped,False,,32.99,11.5,27.6,-8,0,10
2025-01-15 06:58:33.000+05:30,10.06,67.06,810.51,12.086340590515956,6.52,rated_capped,False,,32.26,11.88,27.6,18,0,10
2025-01-15 06:58:34.000+05:30,9.92,67.24,815.1,12.122248661511007,6.54,rated_capped,False,,32.93,11.95,27.7,10,0,10
2025-01-15 06:58:35.000+05:30,9.74,64.94,784.85,12.085771481367416,6.53,rated_capped,False,,32.76,12.02,27.6,8,0,10
2025-01-15 06:58:36.000+05:30,9.76,65.82,789.8,11.99939228198116,6.88,rated_capped,False,,32.63,12.11,27.7,24,0,10
2025-01-15 06:58:37.000+05:30,9.93,66.39,796.2,11.992769995481249,6.7,rated_capped,False,,32.64,11.99,27.7,-6,0,10
2025-01-15 06:58:38.000+05:30,10.07,63.63,765.67,12.033160458903032,6.73,rated_capped,False,,32.39,12.49,27.6,11,0,10
2025-01-15 06:58:39.000+05:30,9.88,63.87,764.16,11.964302489431658,6.84,rated_capped,False,,32.04,12.63,27.6,-1,0,10
2025-01-15 06:58:40.000+05:30,9.57,65.45,789.99,12.07012987012987,6.69,rated_capped,False,,32.55,12.76,27.6,-9,0,10
2025-01-15 06:58:41.000+05:30,9.41,65.91,788.77,11.967379760279169,6.58,rated_capped,False,,32.39,12.19,27.6,27,0,10
2025-01-15 06:58:42.000+05:30,9.21,64.38,781.06,12.132028580304443,6.9,rated_capped,False,,32.0,12.63,27.7,23,0,10
2025-01-15 06:58:43.000+05:30,9.49,66.29,797.65,12.032734952481519,6.94,rated_capped,False,,32.37,13.5,27.7,-12,0,10
2025-01-15 06:58:44.000+05:30,9.2,67.54,812.19,12.02531832987859,6.72,rated_capped,False,,31.87,13.68,27.7,-30,0,10
2025-01-15 06:58:45.000+05:30,9.1,66.36,796.79,12.00708257986739,6.82,rated_capped,False,,32.09,13.46,27.7,19,0,10
2025-01-15 06:58:46.000+05:30,9.38,66.32,800.17,12.065289505428227,6.78,rated_capped,False,,32.19,13.28,27.7,-4,0,10
2025-01-15 06:58:47.000+05:30,9.28,65.14,790.89,12.141387780165797,6.67,rated_capped,False,,32.09,13.1,27.7,-24,0,10
2025-01-15 06:58:48.000+05:30,9.24,65.69,798.07,12.149033338407673,6.89,rated_capped,False,,32.4,12.85,27.7,22,0,10
2025-01-15 06:58:49.000+05:30,9.36,66.2,799.15,12.071752265861026,6.64,rated_capped,False,,32.44,13.38,27.7,-30,0,10
2025-01-15 06:58:50.000+05:30,9.23,66.95,808.99,12.083495145631067,6.83,rated_capped,False,,32.98,12.93,27.6,9,0,10
2025-01-15 06:58:51.000+05:30,9.19,65.91,795.58,12.070702473069339,6.92,rated_capped,False,,33.0,12.52,27.7,18,0,10
2025-01-15 06:58:52.000+05:30,9.11,64.15,773.92,12.06422447388932,6.67,rated_capped,False,,32.32,12.17,27.7,21,0,10
2025-01-15 06:58:53.000+05:30,8.94,67.52,813.35,12.046060426540285,6.67,rated_capped,False,,32.33,12.17,27.7,-11,0,10
2025-01-15 06:58:54.000+05:30,8.69,65.32,786.71,12.043937538273118,6.74,rated_capped,False,,32.12,12.36,27.7,6,0,10
2025-01-15 06:58:55.000+05:30,8.69,65.41,786.5,12.02415532793151,6.92,rated_capped,False,,32.82,12.53,27.7,-11,0,10
2025-01-15 06:58:56.000+05:30,8.64,62.63,754.41,12.04550534887434,6.72,rated_capped,False,,32.47,13.05,27.8,12,0,10
2025-01-15 06:58:57.000+05:30,8.55,67.6,816.84,12.083431952662723,6.91,rated_capped,False,,32.0,12.9,27.8,17,0,10
2025-01-15 06:58:58.000+05:30,8.7,68.11,818.34,12.014975774482455,6.74,rated_capped,False,,32.5,13.1,27.8,9,0,10
2025-01-15 06:58:59.000+05:30,9.05,64.11,774.52,12.081110591171424,6.78,rated_capped,False,,32.65,12.89,27.8,7,0,10
2025-01-15 06:59:00.000+05:30,9.23,65.15,782.71,12.013967766692248,6.53,rated_capped,False,,32.71,12.23,27.8,-9,0,10
2025-01-15 06:59:01.000+05:30,9.26,63.79,769.76,12.067095155980562,6.69,rated_capped,False,,32.93,12.41,27.8,-9,0,10
2025-01-15 06:59:02.000+05:30,9.26,65.29,785.25,12.027109817736253,6.92,rated_capped,False,,32.89,13.48,27.8,-24,0,10
2025-01-15 06:59:03.000+05:30,9.19,62.01,750.5,12.102886631188518,6.79,rated_capped,False,,32.45,13.54,27.8,-1,0,10
2025-01-15 06:59:04.000+05:30,9.25,64.74,781.66,12.073833796725363,6.8,rated_capped,False,,32.5,13.85,27.8,-15,0,10
2025-01-15 06:59:05.000+05:30,9.13,63.93,775.81,12.135304239011418,6.95,rated_capped,False,,32.19,14.0,27.9,-27,0,10
2025-01-15 06:59:06.000+05:30,9.26,64.95,792.39,12.2,6.84,rated_capped,False,,32.28,12.82,27.8,27,0,10
2025-01-15 06:59:07.000+05:30,9.07,66.8,803.91,12.034580838323354,6.82,rated_capped,False,,32.03,12.68,27.8,-7,0,10
2025-01-15 06:59:08.000+05:30,9.12,65.79,797.52,12.12220702234382,6.93,rated_capped,False,,32.17,12.47,27.8,3,0,10
2025-01-15 06:59:09.000+05:30,9.15,69.63,841.02,12.078414476518743,6.74,rated_capped,False,,32.77,12.48,27.8,-16,0,10
2025-01-15 06:59:10.000+05:30,9.13,68.87,827.52,12.015681719181064,6.96,rated_capped,False,,32.7,12.05,27.8,25,0,10
2025-01-15 06:59:11.000+05:30,9.16,65.54,784.55,11.970552334452242,7.05,rated_capped,False,,33.02,11.21,27.8,21,0,10
2025-01-15 06:59:12.000+05:30,9.21,64.96,780.96,12.022167487684731,6.74,rated_capped,False,,32.96,12.46,27.8,23,0,10
2025-01-15 06:59:13.000+05:30,9.13,67.05,811.21,12.098583146905296,6.86,rated_capped,False,,32.6,11.65,27.8,30,0,10
2025-01-15 06:59:14.000+05:30,9.11,67.57,818.03,12.106408169305906,6.92,rated_capped,False,,32.62,11.29,27.8,-26,0,10
2025-01-15 06:59:15.000+05:30,9.22,66.19,795.04,12.011482096993504,6.61,rated_capped,False,,32.23,11.93,27.8,8,0,10
2025-01-15 06:59:16.000+05:30,8.93,64.71,783.42,12.106629578117756,6.7,rated_capped,False,,31.85,12.27,27.8,28,0,10
2025-01-15 06:59:17.000+05:30,8.91,65.08,790.05,12.139674247080515,6.85,rated_capped,False,,31.93,12.29,27.8,-24,0,10
2025-01-15 06:59:18.000+05:30,9.06,64.1,769.73,12.00826833073323,6.58,rated_capped,False,,31.88,11.63,27.8,-24,0,10
2025-01-15 06:59:19.000+05:30,9.03,69.47,835.3,12.023895206563983,6.81,rated_capped,False,,32.36,11.37,27.8,-23,0,10
2025-01-15 06:59:20.000+05:30,8.88,64.86,776.2,11.96731421523281,6.99,rated_capped,False,,32.77,11.7,27.8,-8,0,10
2025-01-15 06:59:21.000+05:30,8.74,65.9,797.29,12.098482549317145,6.8,rated_capped,False,,32.56,12.14,27.8,5,0,10
2025-01-15 06:59:22.000+05:30,8.66,63.69,767.3,12.047417176950855,7.06,rated_capped,False,,32.67,12.07,27.8,15,0,10
2025-01-15 06:59:23.000+05:30,8.68,61.26,740.95,12.095168135814562,6.9,rated_capped,False,,32.95,11.84,27.8,10,0,10
2025-01-15 06:59:24.000+05:30,8.71,65.25,785.9,12.044444444444444,6.52,rated_capped,False,,32.82,12.16,27.8,15,0,10
2025-01-15 06:59:25.000+05:30,8.34,68.03,813.16,11.952961928560928,6.54,rated_capped,False,,32.25,12.31,27.8,10,0,10
2025-01-15 06:59:26.000+05:30,8.48,64.63,775.97,12.006343803187375,6.72,rated_capped,False,,32.71,12.28,27.8,-4,0,10
2025-01-15 06:59:27.000+05:30,8.5,66.26,800.92,12.087533957138543,6.8,rated_capped,False,,32.1,11.98,27.8,-2,0,10
2025-01-15 06:59:28.000+05:30,8.29,64.59,780.61,12.085616968570985,6.89,rated_capped,False,,32.37,12.7,27.8,-8,0,10
2025-01-15 06:59:29.000+05:30,8.35,64.6,769.51,11.911919504643963,7.05,rated_capped,False,,32.43,12.33,27.8,2,0,10
2025-01-15 06:59:30.000+05:30,8.55,63.65,767.8,12.062843676355067,6.9,rated_capped,False,,32.93,12.54,27.8,-22,0,10
2025-01-15 06:59:31.000+05:30,8.78,66.61,802.52,12.048040834709504,6.65,rated_capped,False,,32.46,12.29,27.8,20,0,10
2025-01-15 06:59:32.000+05:30,8.79,66.92,807.8,12.07112970711297,6.69,rated_capped,False,,32.37,13.04,27.8,20,0,10
2025-01-15 06:59:33.000+05:30,8.92,66.87,804.86,12.036189621653955,6.74,rated_capped,False,,32.6,12.61,27.8,-27,0,10
2025-01-15 06:59:34.000+05:30,9.01,66.06,792.94,12.003330305782622,6.81,rated_capped,False,,32.62,12.98,27.8,-9,0,10
2025-01-15 06:59:35.000+05:30,9.46,65.39,791.02,12.096956721211194,6.8,rated_capped,False,,32.97,12.15,27.8,6,0,10
2025-01-15 06:59:36.000+05:30,9.55,63.74,768.42,12.055538123627235,6.63,rated_capped,False,,32.94,11.74,27.8,-24,0,10
2025-01-15 06:59:37.000+05:30,9.57,63.04,759.01,12.040133248730964,6.87,rated_capped,False,,32.89,11.99,27.8,7,0,10
2025-01-15 06:59:38.000+05:30,9.66,66.21,799.27,12.071741428787194,7.06,rated_capped,False,,32.49,12.16,27.7,1,0,10
2025-01-15 06:59:39.000+05:30,9.44,68.37,819.27,11.982887231241772,6.67,rated_capped,False,,32.35,13.38,27.8,18,0,10
2025-01-15 06:59:40.000+05:30,9.3,64.51,776.78,12.041233917222135,6.93,rated_capped,False,,32.68,13.76,27.8,-6,0,10
2025-01-15 06:59:41.000+05:30,9.42,65.89,793.14,12.03733495219305,6.77,rated_capped,False,,32.74,13.34,27.8,-16,0,10
2025-01-15 06:59:42.000+05:30,9.51,63.78,771.47,12.095798055816871,6.48,rated_capped,False,,32.89,13.09,27.8,-24,0,10
2025-01-15 06:59:43.000+05:30,9.57,66.92,807.94,12.073221757322177,6.79,rated_capped,False,,32.97,12.65,27.8,-20,0,10
2025-01-15 06:59:44.000+05:30,9.59,66.64,800.86,12.017707082833134,6.62,rated_capped,False,,32.94,12.06,27.7,15,0,10
2025-01-15 06:59:45.000+05:30,9.57,67.28,806.3,11.98424494649227,6.77,rated_capped,False,,32.97,12.35,27.7,9,0,10
2025-01-15 06:59:46.000+05:30,9.76,65.98,791.41,11.994695362230978,6.68,rated_capped,False,,32.95,12.48,27.7,9,0,10
2025-01-15 06:59:47.000+05:30,9.93,62.76,755.06,12.03091140854047,6.84,rated_capped,False,,32.98,12.85,27.7,-14,0,10
2025-01-15 06:59:48.000+05:30,9.9,62.72,753.86,12.019451530612246,6.78,rated_capped,False,,32.97,12.59,27.7,25,0,10
2025-01-15 06:59:49.000+05:30,9.94,65.92,798.98,12.120449029126213,6.66,rated_capped,False,,32.95,12.54,27.7,-28,0,10
2025-01-15 06:59:50.000+05:30,9.89,64.04,773.76,12.082448469706431,6.84,rated_capped,False,,32.98,12.08,27.7,-23,0,10
2025-01-15 06:59:51.000+05:30,9.82,65.42,789.72,12.071537756037909,6.82,rated_capped,False,,32.98,12.03,27.7,25,0,10
2025-01-15 06:59:52.000+05:30,9.54,65.99,795.55,12.055614487043492,6.52,rated_capped,False,,32.57,12.02,27.7,-22,0,10
2025-01-15 06:59:53.000+05:30,9.25,67.02,801.82,11.963891375708744,6.58,rated_capped,False,,32.47,11.49,27.6,5,0,10
2025-01-15 06:59:54.000+05:30,9.2,65.92,794.04,12.045509708737864,6.75,rated_capped,False,,32.77,11.19,27.6,-18,0,10
2025-01-15 06:59:55.000+05:30,9.02,67.4,814.11,12.078783382789316,6.59,rated_capped,False,,32.37,11.95,27.7,-9,0,10
2025-01-15 06:59:56.000+05:30,9.23,65.65,793.04,12.079817212490479,6.99,rated_capped,False,,32.92,11.59,27.7,12,0,10
2025-01-15 06:59:57.000+05:30,9.23,65.84,797.68,12.115431348724178,6.76,rated_capped,False,,32.97,12.04,27.7,27,0,10
2025-01-15 06:59:58.000+05:30,9.17,64.55,774.23,11.994268009295121,6.7,rated_capped,False,,32.9,12.2,27.7,-18,0,10
2025-01-15 06:59:59.000+05:30,9.34,68.12,819.7,12.033176746917205,6.93,rated_capped,False,,33.0,11.53,27.7,-10,0,10
2025-01-15 07:00:00.000+05:30,9.25,65.44,788.91,12.0554706601467,6.75,rated_capped,False,,32.87,11.05,27.7,-17,0,10
2025-01-15 07:00:01.000+05:30,8.98,67.57,807.65,11.952789699570816,6.6,rated_capped,False,,32.79,10.98,27.7,30,0,10
2025-01-15 07:00:02.000+05:30,9.0,65.11,781.02,11.99539241283981,6.96,rated_capped,False,,32.7,11.66,27.7,-25,0,10
2025-01-15 07:00:03.000+05:30,9.2,65.37,787.32,12.044056906838,6.74,rated_capped,False,,32.96,11.85,27.8,-2,0,10
2025-01-15 07:00:04.000+05:30,8.99,64.94,778.23,11.98383122882661,6.56,rated_capped,False,,32.93,12.81,27.8,-5,0,10
2025-01-15 07:00:05.000+05:30,9.22,65.58,786.58,11.994205550472707,6.73,rated_capped,False,,32.7,12.92,27.8,-24,0,10
2025-01-15 07:00:06.000+05:30,9.27,68.87,830.85,12.064033686656018,6.88,rated_capped,False,,32.75,13.23,27.8,-12,0,10
2025-01-15 07:00:07.000+05:30,9.22,63.7,763.92,11.992464678178962,6.91,rated_capped,False,,32.36,12.4,27.8,-13,0,10
2025-01-15 07:00:08.000+05:30,9.04,62.36,752.14,12.061257216164208,6.77,rated_capped,False,,32.97,12.36,27.8,-29,0,10
2025-01-15 07:00:09.000+05:30,9.02,65.96,794.23,12.041085506367496,6.6,rated_capped,False,,32.94,11.82,27.8,-16,0,10
2025-01-15 07:00:10.000+05:30,8.94,67.19,806.71,12.006399761869327,6.86,rated_capped,False,,32.27,11.47,27.8,29,0,10
2025-01-15 07:00:11.000+05:30,8.99,67.5,809.02,11.98548148148148,6.83,rated_capped,False,,32.33,12.27,27.8,-28,0,10
2025-01-15 07:00:12.000+05:30,8.98,66.55,800.09,12.022389181066869,6.66,rated_capped,False,,32.95,12.37,27.8,21,0,10
2025-01-15 07:00:13.000+05:30,9.21,66.07,795.92,12.046617224156199,6.98,rated_capped,False,,32.4,12.01,27.8,16,0,10
2025-01-15 07:00:14.000+05:30,9.01,63.55,771.06,12.133123524783635,6.82,rated_capped,False,,32.98,12.44,27.8,0,0,10
2025-01-15 07:00:15.000+05:30,8.98,66.56,801.43,12.040715144230768,6.77,rated_capped,False,,32.97,12.53,27.8,9,0,10
2025-01-15 07:00:16.000+05:30,8.91,66.4,803.21,12.096536144578312,6.86,rated_capped,False,,32.92,11.91,27.8,-6,0,10
2025-01-15 07:00:17.000+05:30,8.54,64.08,770.21,12.019506866416979,6.78,rated_capped,False,,31.97,11.36,27.8,25,0,10
2025-01-15 07:00:18.000+05:30,8.49,66.52,799.7,12.021948286229707,6.52,rated_capped,False,,31.96,11.86,27.8,29,0,10
2025-01-15 07:00:19.000+05:30,8.36,62.92,759.18,12.06579783852511,6.64,rated_capped,False,,31.69,12.21,27.8,23,0,10
2025-01-15 07:00:20.000+05:30,8.14,64.69,776.42,12.002164167568402,6.7,rated_capped,False,,31.76,11.52,27.9,14,0,10
2025-01-15 07:00:21.000+05:30,8.3,67.46,813.88,12.064630892380672,6.45,rated_capped,False,,31.21,11.55,27.9,-2,0,10
2025-01-15 07:00:22.000+05:30,8.45,64.23,776.18,12.084384244122683,7.0,rated_capped,False,,31.77,11.35,27.9,22,0,10
2025-01-15 07:00:23.000+05:30,8.64,67.11,805.97,12.009685590821041,6.85,rated_capped,False,,31.27,11.93,27.9,5,0,10
2025-01-15 07:00:24.000+05:30,8.37,64.69,780.6,12.066780027825013,6.73,rated_capped,False,,31.57,11.18,27.9,7,0,10
2025-01-15 07:00:25.000+05:30,8.33,65.85,790.59,12.00592255125285,6.58,rated_capped,False,,31.37,12.35,27.9,24,0,10
2025-01-15 07:00:26.000+05:30,8.47,65.68,795.13,12.106120584652862,6.48,rated_capped,False,,31.48,11.87,27.9,-24,0,10
2025-01-15 07:00:27.000+05:30,8.04,66.99,809.38,12.082101806239738,6.73,rated_capped,False,,32.02,11.21,27.9,11,0,10
2025-01-15 07:00:28.000+05:30,8.07,66.82,803.18,12.020053876085004,6.8,rated_capped,False,,32.08,11.24,27.9,-25,0,10
2025-01-15 07:00:29.000+05:30,7.81,67.15,813.75,12.118391660461652,6.85,rated_capped,False,,31.76,11.9,27.9,24,0,10
2025-01-15 07:00:30.000+05:30,7.72,65.44,790.22,12.075488997555013,6.79,rated_capped,False,,31.27,11.73,27.9,2,0,10
2025-01-15 07:00:31.000+05:30,7.9,65.44,786.13,12.012988997555013,6.59,rated_capped,False,,31.7,11.75,27.9,3,0,10
2025-01-15 07:00:32.000+05:30,8.04,64.11,774.67,12.083450319762907,6.97,rated_capped,False,,31.95,11.16,27.9,30,0,10
2025-01-15 07:00:33.000+05:30,7.89,64.93,784.89,12.088248883412906,6.92,rated_capped,False,,32.03,10.69,27.9,12,0,10
2025-01-15 07:00:34.000+05:30,7.88,63.89,762.8,11.939270621380498,6.55,rated_capped,False,,32.12,10.95,27.9,10,0,10
2025-01-15 07:00:35.000+05:30,7.87,64.01,770.51,12.037337915950632,6.7,rated_capped,False,,32.85,12.17,27.9,19,0,10
2025-01-15 07:00:36.000+05:30,8.05,65.72,790.89,12.034236153377966,6.77,rated_capped,False,,32.97,12.13,27.9,16,0,10
2025-01-15 07:00:37.000+05:30,8.03,66.52,798.2,11.999398677089598,6.6,rated_capped,False,,32.76,12.49,27.9,-21,0,10
2025-01-15 07:00:38.000+05:30,8.07,67.07,810.34,12.082003876546892,6.64,rated_capped,False,,32.47,12.85,27.9,-18,0,10
2025-01-15 07:00:39.000+05:30,8.26,64.66,776.18,12.004021033096196,6.79,rated_capped,False,,32.58,12.42,27.8,20,0,10
2025-01-15 07:00:40.000+05:30,8.21,64.53,775.98,12.02510460251046,6.82,rated_capped,False,,32.9,12.33,27.9,20,0,10
2025-01-15 07:00:41.000+05:30,8.16,63.73,769.55,12.075160834771692,6.45,rated_capped,False,,32.91,13.02,27.9,-15,0,10
2025-01-15 07:00:42.000+05:30,8.05,66.6,798.65,11.991741741741743,6.81,rated_capped,False,,32.7,13.11,27.9,-19,0,10
2025-01-15 07:00:43.000+05:30,8.35,66.09,794.6,12.022998940838251,6.93,rated_capped,False,,32.73,12.78,27.9,28,0,10
2025-01-15 07:00:44.000+05:30,8.35,64.96,778.52,11.98460591133005,6.46,rated_capped,False,,32.62,12.25,27.9,26,0,10
2025-01-15 07:00:45.000+05:30,8.43,65.31,785.72,12.030623181748584,6.77,rated_capped,False,,32.59,12.6,27.9,5,0,10
2025-01-15 07:00:46.000+05:30,8.37,64.32,778.5,12.103544776119405,6.58,rated_capped,False,,32.23,12.6,27.9,14,0,10
2025-01-15 07:00:47.000+05:30,8.44,67.52,813.68,12.050947867298579,6.58,rated_capped,False,,32.32,11.79,27.9,29,0,10
2025-01-15 07:00:48.000+05:30,8.4,66.87,808.98,12.097801704800359,6.74,rated_capped,False,,32.69,11.97,27.9,-15,0,10
2025-01-15 07:00:49.000+05:30,8.42,67.67,810.91,11.983301315206146,6.91,rated_capped,False,,32.75,12.32,27.9,2,0,10
2025-01-15 07:00:50.000+05:30,8.36,67.59,813.98,12.042905755289244,6.64,rated_capped,False,,32.95,12.91,27.9,6,0,10
2025-01-15 07:00:51.000+05:30,8.31,67.14,811.71,12.08981233243968,6.66,rated_capped,False,,32.61,12.99,27.9,1,0,10
2025-01-15 07:00:52.000+05:30,8.39,64.4,778.56,12.089440993788818,6.71,rated_capped,False,,32.42,12.64,27.9,16,0,10
2025-01-15 07:00:53.000+05:30,8.46,66.26,798.44,12.05010564443103,6.91,rated_capped,False,,32.49,13.16,27.9,15,0,10
2025-01-15 07:00:54.000+05:30,8.37,63.18,766.69,12.135011079455525,6.6,rated_capped,False,,32.55,13.11,27.9,-24,0,10
2025-01-15 07:00:55.000+05:30,8.68,68.32,822.82,12.043618266978925,6.8,rated_capped,False,,32.66,12.85,27.9,-5,0,10
2025-01-15 07:00:56.000+05:30,8.72,67.7,813.63,12.018168389955687,6.68,rated_capped,False,,32.52,12.82,27.9,-14,0,10
2025-01-15 07:00:57.000+05:30,8.71,65.42,792.76,12.118006725771934,6.6,rated_capped,False,,32.51,12.46,27.9,0,0,10
2025-01-15 07:00:58.000+05:30,8.64,65.77,793.63,12.066747757336172,6.54,rated_capped,False,,32.68,11.91,27.9,-8,0,10
2025-01-15 07:00:59.000+05:30,8.51,66.28,797.64,12.034399517199757,6.76,rated_capped,False,,32.12,11.73,27.9,5,0,10
2025-01-15 07:01:00.000+05:30,8.46,65.45,792.53,12.108938120702826,6.54,rated_capped,False,,32.33,12.33,27.9,1,0,10
2025-01-15 07:01:01.000+05:30,8.36,64.13,771.35,12.027912053641042,6.84,rated_capped,False,,32.3,12.86,27.8,-9,0,10
2025-01-15 07:01:02.000+05:30,8.56,66.92,806.0,12.044231918708906,6.92,rated_capped,False,,32.55,13.29,27.8,9,0,10
2025-01-15 07:01:03.000+05:30,8.73,66.29,796.43,12.014330969980387,6.8,rated_capped,False,,32.53,13.28,27.8,-4,0,10
2025-01-15 07:01:04.000+05:30,8.9,66.41,801.51,12.069116096973348,6.88,rated_capped,False,,32.99,13.32,27.9,-16,0,10
2025-01-15 07:01:05.000+05:30,8.9,63.51,767.74,12.088490001574556,6.61,rated_capped,False,,32.94,12.95,27.9,21,0,10
2025-01-15 07:01:06.000+05:30,8.92,63.71,768.57,12.0635692983833,6.87,rated_capped,False,,32.53,13.19,27.9,25,0,10
2025-01-15 07:01:07.000+05:30,8.74,64.47,770.59,11.952691174189546,6.91,rated_capped,False,,32.22,13.1,27.9,5,0,10
2025-01-15 07:01:08.000+05:30,8.51,66.52,801.0,12.0414912808178,6.91,rated_capped,False,,32.25,13.24,27.9,28,0,10
2025-01-15 07:01:09.000+05:30,8.87,66.53,800.69,12.035021794679093,6.93,rated_capped,False,,32.76,12.82,27.9,-12,0,10
2025-01-15 07:01:10.000+05:30,8.91,66.82,804.98,12.046991918587251,6.66,rated_capped,False,,32.35,12.39,27.9,-11,0,10
2025-01-15 07:01:11.000+05:30,9.19,64.7,780.54,12.063987635239567,6.76,rated_capped,False,,32.65,12.54,27.9,-10,0,10
2025-01-15 07:01:12.000+05:30,9.28,67.0,805.97,12.029402985074627,6.55,rated_capped,False,,32.33,11.87,27.9,-24,0,10
2025-01-15 07:01:13.000+05:30,9.02,67.48,811.74,12.029342027267338,6.62,rated_capped,False,,32.12,12.56,27.9,-22,0,10
2025-01-15 07:01:14.000+05:30,8.8,66.72,802.27,12.02443045563549,6.81,rated_capped,False,,31.92,11.38,27.8,-1,0,10
2025-01-15 07:01:15.000+05:30,8.63,68.87,828.69,12.032670248293886,6.39,rated_capped,False,,32.07,11.48,27.8,-5,0,10
2025-01-15 07:01:16.000+05:30,8.69,66.18,795.41,12.018887881535205,6.59,rated_capped,False,,32.55,11.89,27.8,-25,0,10
2025-01-15 07:01:17.000+05:30,8.78,66.62,798.88,11.991594115881115,6.75,rated_capped,False,,32.7,12.13,27.9,4,0,10
2025-01-15 07:01:18.000+05:30,8.69,66.1,796.18,12.045083207261724,6.59,rated_capped,False,,32.81,12.03,27.9,-29,0,10
2025-01-15 07:01:19.000+05:30,8.69,64.73,784.52,12.119882589216745,6.58,rated_capped,False,,32.16,12.42,27.9,7,0,10
2025-01-15 07:01:20.000+05:30,8.4,63.06,761.42,12.07453219156359,6.84,rated_capped,False,,31.92,12.6,27.9,27,0,10
2025-01-15 07:01:21.000+05:30,8.56,64.6,775.6,12.006191950464398,6.4,rated_capped,False,,31.94,12.97,27.9,-7,0,10
2025-01-15 07:01:22.000+05:30,8.48,64.28,778.61,12.112787803360298,6.61,rated_capped,False,,31.77,12.79,27.8,-2,0,10
2025-01-15 07:01:23.000+05:30,8.48,64.93,782.99,12.058986600954873,6.91,rated_capped,False,,31.43,12.93,27.8,-29,0,10
2025-01-15 07:01:24.000+05:30,8.42,61.58,743.03,12.066092887301071,6.65,rated_capped,False,,31.56,12.12,27.8,19,0,10
2025-01-15 07:01:25.000+05:30,8.37,65.5,782.88,11.95236641221374,6.63,rated_capped,False,,31.28,12.13,27.8,-1,0,10
2025-01-15 07:01:26.000+05:30,8.4,65.63,783.99,11.945604144446138,6.55,rated_capped,False,,30.47,12.06,27.9,-19,0,10
2025-01-15 07:01:27.000+05:30,8.47,66.76,803.92,12.041941282204911,6.71,rated_capped,False,,30.77,11.62,27.8,-1,0,10
2025-01-15 07:01:28.000+05:30,8.24,66.72,805.95,12.079586330935253,6.6,rated_capped,False,,30.61,11.96,27.8,9,0,10
2025-01-15 07:01:29.000+05:30,8.23,65.37,785.98,12.023558207128652,6.81,rated_capped,False,,30.91,12.55,27.9,23,0,10
2025-01-15 07:01:30.000+05:30,8.0,62.41,752.28,12.053837526037494,6.8,rated_capped,False,,30.83,12.18,27.8,-24,0,10
2025-01-15 07:01:31.000+05:30,7.74,62.19,753.84,12.121562952243126,6.61,rated_capped,False,,30.96,11.79,27.9,1,0,10
2025-01-15 07:01:32.000+05:30,7.74,64.12,766.43,11.95305676855895,6.85,rated_capped,False,,31.33,10.75,27.9,11,0,10
2025-01-15 07:01:33.000+05:30,7.7,64.5,774.46,12.007131782945738,6.61,rated_capped,False,,31.43,10.38,27.8,6,0,10
2025-01-15 07:01:34.000+05:30,7.47,68.62,828.25,12.070096181871174,6.56,rated_capped,False,,31.21,10.53,27.8,0,0,10
2025-01-15 07:01:35.000+05:30,7.67,62.71,759.26,12.10747887099346,6.47,rated_capped,False,,31.03,9.49,27.8,-13,0,10
2025-01-15 07:01:36.000+05:30,7.58,64.78,778.22,12.013275702377276,6.8,rated_capped,False,,30.81,10.19,27.9,24,0,10
2025-01-15 07:01:37.000+05:30,7.54,64.12,771.94,12.038989394884592,6.68,rated_capped,False,,30.32,9.37,27.8,-12,0,10
2025-01-15 07:01:38.000+05:30,7.47,64.16,773.32,12.052992518703244,6.55,rated_capped,False,,30.14,9.02,27.8,-29,0,10
2025-01-15 07:01:39.000+05:30,7.38,67.48,814.2,12.065797273266153,6.71,rated_capped,False,,29.98,9.02,27.8,10,0,10
2025-01-15 07:01:40.000+05:30,7.18,65.4,784.12,11.989602446483179,6.55,rated_capped,False,,29.65,8.27,27.8,-3,0,10
2025-01-15 07:01:41.000+05:30,7.4,66.27,801.02,12.087218952768977,6.68,rated_capped,False,,28.81,7.47,27.8,5,0,10
2025-01-15 07:01:42.000+05:30,7.56,64.48,781.55,12.120812655086848,6.99,rated_capped,False,,29.0,7.72,27.9,1,0,10
2025-01-15 07:01:43.000+05:30,7.36,66.07,792.82,11.999697290752234,6.52,rated_capped,False,,29.35,8.23,27.8,-6,0,10
2025-01-15 07:01:44.000+05:30,7.64,64.86,779.4,12.016651248843663,6.64,rated_capped,False,,29.02,8.85,27.8,-30,0,10
2025-01-15 07:01:45.000+05:30,7.65,66.07,797.18,12.065687906765552,6.98,rated_capped,False,,28.92,8.63,27.8,-15,0,10
2025-01-15 07:01:46.000+05:30,7.78,64.34,773.17,12.016941249611438,6.89,rated_capped,False,,29.01,8.34,27.8,19,0,10
2025-01-15 07:01:47.000+05:30,7.81,68.63,829.86,12.091796590412358,6.97,rated_capped,False,,29.32,10.05,27.8,-20,0,10
2025-01-15 07:01:48.000+05:30,7.68,64.86,778.54,12.003391921060746,6.91,rated_capped,False,,29.86,10.17,27.8,-21,0,10
2025-01-15 07:01:49.000+05:30,7.91,69.15,832.71,12.042082429501084,6.93,rated_capped,False,,30.37,10.66,27.8,9,0,10
2025-01-15 07:01:50.000+05:30,7.89,65.56,792.18,12.083282489322757,6.6,rated_capped,False,,30.87,10.78,27.8,-28,0,10
2025-01-15 07:01:51.000+05:30,7.85,65.69,790.86,12.039275384381185,6.86,rated_capped,False,,31.26,11.01,27.8,29,0,10
2025-01-15 07:01:52.000+05:30,7.9,66.32,793.37,11.962756332931244,6.83,rated_capped,False,,31.47,10.39,27.8,5,0,10
2025-01-15 07:01:53.000+05:30,7.76,63.35,765.42,12.082399368587213,6.94,rated_capped,False,,31.55,9.37,27.8,-4,0,10
2025-01-15 07:01:54.000+05:30,7.69,62.8,759.76,12.098089171974523,6.8,rated_capped,False,,31.78,9.84,27.8,4,0,10
2025-01-15 07:01:55.000+05:30,7.51,64.44,775.02,12.027001862197393,6.91,rated_capped,False,,31.74,9.52,27.7,-30,0,10
2025-01-15 07:01:56.000+05:30,7.65,63.91,775.83,12.139414802065406,6.72,rated_capped,False,,31.7,9.34,27.7,-4,0,10
2025-01-15 07:01:57.000+05:30,7.78,65.57,789.97,12.047735244776577,6.56,rated_capped,False,,31.29,9.92,27.7,-17,0,10
2025-01-15 07:01:58.000+05:30,7.79,61.8,748.72,12.115210355987056,6.58,rated_capped,False,,31.07,10.19,27.7,-14,0,10
2025-01-15 07:01:59.000+05:30,7.65,65.67,790.57,12.038525963149079,6.65,rated_capped,False,,30.56,10.5,27.7,22,0,10
2025-01-15 07:02:00.000+05:30,7.84,62.43,754.87,12.091462437930483,7.06,rated_capped,False,,30.8,9.46,27.7,-19,0,10
2025-01-15 07:02:01.000+05:30,7.99,66.46,801.63,12.061841709298827,6.77,rated_capped,False,,30.9,9.14,27.7,11,0,10
2025-01-15 07:02:02.000+05:30,8.15,65.99,793.92,12.030913774814366,6.72,rated_capped,False,,31.12,8.93,27.7,-28,0,10
2025-01-15 07:02:03.000+05:30,8.21,66.75,806.78,12.086591760299624,6.79,rated_capped,False,,30.96,9.04,27.7,-23,0,10
2025-01-15 07:02:04.000+05:30,8.04,64.57,776.76,12.029735171132106,6.78,rated_capped,False,,31.61,9.58,27.7,-16,0,10
2025-01-15 07:02:05.000+05:30,7.92,63.41,767.18,12.098722598959155,7.04,rated_capped,False,,31.8,10.02,27.7,-23,0,10
2025-01-15 07:02:06.000+05:30,8.06,66.12,796.34,12.043859649122806,6.83,rated_capped,False,,32.19,10.02,27.7,25,0,10
2025-01-15 07:02:07.000+05:30,8.13,64.31,772.41,12.010729280049759,6.63,rated_capped,False,,32.1,10.47,27.7,-27,0,10
2025-01-15 07:02:08.000+05:30,8.04,64.4,779.76,12.108074534161489,6.6,rated_capped,False,,31.99,11.11,27.8,-20,0,10
2025-01-15 07:02:09.000+05:30,7.82,65.87,795.52,12.077121603157734,6.95,rated_capped,False,,32.35,11.41,27.7,-29,0,10
2025-01-15 07:02:10.000+05:30,8.23,67.53,820.2,12.14571301643714,6.46,rated_capped,False,,32.02,11.06,27.7,-14,0,10
2025-01-15 07:02:11.000+05:30,8.31,65.47,788.15,12.038338170154269,6.64,rated_capped,False,,31.4,10.62,27.7,-4,0,10
2025-01-15 07:02:12.000+05:30,8.42,63.61,760.89,11.961798459361736,6.91,rated_capped,False,,31.35,9.78,27.7,14,0,10
2025-01-15 07:02:13.000+05:30,8.18,65.5,785.37,11.990381679389314,6.8,rated_capped,False,,31.13,10.09,27.7,1,0,10
2025-01-15 07:02:14.000+05:30,8.01,65.63,790.17,12.039768398598202,6.69,rated_capped,False,,30.68,9.9,27.7,-4,0,10
2025-01-15 07:02:15.000+05:30,8.16,65.01,781.22,12.016920473773265,6.79,rated_capped,False,,30.44,9.93,27.7,-1,0,10
2025-01-15 07:02:16.000+05:30,8.24,64.98,785.15,12.082948599569097,6.95,rated_capped,False,,30.76,9.85,27.7,2,0,10
2025-01-15 07:02:17.000+05:30,8.16,66.89,804.06,12.020630886530123,6.52,rated_capped,False,,30.78,9.2,27.7,-30,0,10
2025-01-15 07:02:18.000+05:30,8.0,67.11,809.66,12.064669944866637,6.64,rated_capped,False,,30.99,10.04,27.7,16,0,10
2025-01-15 07:02:19.000+05:30,7.81,65.57,786.58,11.996034771999392,6.4,rated_capped,False,,30.73,10.37,27.7,0,0,10
2025-01-15 07:02:20.000+05:30,8.01,65.13,785.0,12.052817442039,6.58,rated_capped,False,,30.87,10.25,27.7,27,0,10
2025-01-15 07:02:21.000+05:30,8.07,64.33,771.9,11.999067309187005,6.71,rated_capped,False,,31.5,10.28,27.7,-13,0,10
2025-01-15 07:02:22.000+05:30,8.2,67.45,812.6,12.047442550037065,6.94,rated_capped,False,,31.84,10.53,27.7,13,0,10
2025-01-15 07:02:23.000+05:30,8.23,66.78,804.1,12.04103024857742,6.76,rated_capped,False,,31.26,9.46,27.7,-5,0,10
2025-01-15 07:02:24.000+05:30,7.91,65.21,785.82,12.05060573531667,6.69,rated_capped,False,,31.34,9.55,27.7,30,0,10
2025-01-15 07:02:25.000+05:30,8.01,65.88,789.88,11.989678202792957,6.85,rated_capped,False,,31.12,9.88,27.8,-6,0,10
2025-01-15 07:02:26.000+05:30,7.93,66.82,802.84,12.014965579167916,6.7,rated_capped,False,,30.87,9.97,27.8,-26,0,10
2025-01-15 07:02:27.000+05:30,8.11,65.48,787.94,12.033292608430054,6.72,rated_capped,False,,31.32,9.95,27.8,-7,0,10
2025-01-15 07:02:28.000+05:30,8.2,64.91,782.73,12.058696656909568,6.66,rated_capped,False,,30.93,10.01,27.8,-20,0,10
2025-01-15 07:02:29.000+05:30,7.89,67.75,816.32,12.049003690036901,6.82,rated_capped,False,,31.24,10.1,27.8,27,0,10
2025-01-15 07:02:30.000+05:30,7.99,64.05,768.32,11.995628415300548,6.74,rated_capped,False,,31.71,9.79,27.8,14,0,10
2025-01-15 07:02:31.000+05:30,7.75,66.44,797.77,12.00737507525587,6.68,rated_capped,False,,32.49,9.61,27.7,17,0,10
2025-01-15 07:02:32.000+05:30,7.65,65.93,795.26,12.062187168208705,6.64,rated_capped,False,,31.97,10.49,27.7,18,0,10
2025-01-15 07:02:33.000+05:30,7.42,66.55,800.08,12.022238918106687,6.8,rated_capped,False,,32.04,10.69,27.7,-12,0,10
2025-01-15 07:02:34.000+05:30,7.68,64.89,778.67,11.999845893049775,7.06,rated_capped,False,,31.38,10.91,27.7,-15,0,10
2025-01-15 07:02:35.000+05:30,7.75,64.8,777.18,11.993518518518519,6.81,rated_capped,False,,31.44,10.64,27.6,19,0,10
2025-01-15 07:02:36.000+05:30,7.79,64.96,783.15,12.055880541871922,6.69,rated_capped,False,,31.14,9.97,27.7,28,0,10
2025-01-15 07:02:37.000+05:30,7.8,67.63,815.46,12.05766671595446,6.61,rated_capped,False,,31.08,9.49,27.7,-7,0,10
2025-01-15 07:02:38.000+05:30,7.59,64.11,774.2,12.076119170176261,6.73,rated_capped,False,,31.64,9.4,27.7,-28,0,10
2025-01-15 07:02:39.000+05:30,7.58,64.27,771.78,12.008402053835383,6.83,rated_capped,False,,32.03,9.6,27.7,-14,0,10
2025-01-15 07:02:40.000+05:30,7.58,64.08,768.95,11.999843945068665,6.79,rated_capped,False,,32.33,9.71,27.7,18,0,10
2025-01-15 07:02:41.000+05:30,7.66,66.22,798.54,12.058894593778314,6.8,rated_capped,False,,32.29,9.09,27.7,14,0,10
2025-01-15 07:02:42.000+05:30,7.39,67.98,812.57,11.953074433656958,6.76,rated_capped,False,,32.87,8.99,27.6,27,0,10
2025-01-15 07:02:43.000+05:30,7.38,65.46,788.48,12.045218454017721,6.85,rated_capped,False,,32.89,9.43,27.7,-4,0,10
2025-01-15 07:02:44.000+05:30,7.54,67.58,815.12,12.061556673572063,6.74,rated_capped,False,,32.61,9.93,27.7,-13,0,10
2025-01-15 07:02:45.000+05:30,7.27,65.63,791.48,12.059728782568948,6.7,rated_capped,False,,32.77,10.77,27.6,-8,0,10
2025-01-15 07:02:46.000+05:30,7.0,65.08,782.19,12.018899815611556,6.69,rated_capped,False,,32.95,9.96,27.7,4,0,10
2025-01-15 07:02:47.000+05:30,6.75,65.17,779.32,11.9582630044499,6.79,rated_capped,False,,32.97,8.92,27.6,-21,0,10
2025-01-15 07:02:48.000+05:30,7.04,66.07,792.25,11.991070077190859,6.68,rated_capped,False,,32.45,8.73,27.6,4,0,10
2025-01-15 07:02:49.000+05:30,7.16,65.53,789.01,12.040439493361818,6.93,rated_capped,False,,32.96,9.04,27.6,28,0,10
2025-01-15 07:02:50.000+05:30,7.16,65.76,789.94,12.012469586374696,6.76,rated_capped,False,,32.97,9.61,27.6,-19,0,10
2025-01-15 07:02:51.000+05:30,7.16,64.21,776.65,12.095467995639309,6.98,rated_capped,False,,33.01,9.77,27.6,30,0,10
2025-01-15 07:02:52.000+05:30,7.27,63.33,762.4,12.038528343597031,6.31,rated_capped,False,,32.89,9.18,27.6,3,0,10
2025-01-15 07:02:53.000+05:30,7.31,66.79,804.01,12.037879922144032,6.92,rated_capped,False,,32.85,9.06,27.6,-13,0,10
2025-01-15 07:02:54.000+05:30,7.65,66.23,796.63,12.028234938849463,7.06,rated_capped,False,,32.42,9.09,27.6,-17,0,10
2025-01-15 07:02:55.000+05:30,7.81,65.53,787.43,12.01632839920647,6.7,rated_capped,False,,31.86,9.54,27.6,-26,0,10
2025-01-15 07:02:56.000+05:30,8.01,65.48,794.72,12.136835675015272,6.72,rated_capped,False,,31.87,9.49,27.6,-21,0,10
2025-01-15 07:02:57.000+05:30,7.76,65.04,780.84,12.005535055350553,6.78,rated_capped,False,,31.79,8.62,27.6,-4,0,10
2025-01-15 07:02:58.000+05:30,7.99,67.03,806.67,12.034462181112934,6.79,rated_capped,False,,31.63,9.33,27.6,-22,0,10
2025-01-15 07:02:59.000+05:30,7.89,63.13,760.39,12.044828132425154,6.73,rated_capped,False,,31.2,10.37,27.6,3,0,10
2025-01-15 07:03:00.000+05:30,8.02,65.66,793.51,12.085135546756016,6.81,rated_capped,False,,31.41,10.45,27.6,10,0,10
2025-01-15 07:03:01.000+05:30,7.96,66.43,801.65,12.067589944302272,6.74,rated_capped,False,,31.87,11.35,27.6,18,0,10
2025-01-15 07:03:02.000+05:30,8.01,63.64,768.47,12.07526712759271,6.72,rated_capped,False,,32.29,11.25,27.6,25,0,10
2025-01-15 07:03:03.000+05:30,8.09,66.54,801.99,12.052750225428312,6.8,rated_capped,False,,32.24,12.08,27.6,4,0,10
2025-01-15 07:03:04.000+05:30,8.2,62.98,758.64,12.045728802794539,6.9,rated_capped,False,,32.38,11.56,27.6,-26,0,10
2025-01-15 07:03:05.000+05:30,8.48,67.95,816.63,12.018101545253863,6.89,rated_capped,False,,32.45,10.99,27.6,15,0,10
2025-01-15 07:03:06.000+05:30,8.51,66.32,797.68,12.027744270205067,6.9,rated_capped,False,,32.02,10.82,27.6,-19,0,10
2025-01-15 07:03:07.000+05:30,8.56,67.45,811.24,12.027279466271311,6.62,rated_capped,False,,31.28,11.17,27.6,-10,0,10
2025-01-15 07:03:08.000+05:30,8.67,62.89,761.46,12.107807282556847,6.56,rated_capped,False,,30.9,10.57,27.5,-19,0,10
2025-01-15 07:03:09.000+05:30,8.59,65.38,790.48,12.090547568063629,6.75,rated_capped,False,,31.19,11.53,27.5,-15,0,10
2025-01-15 07:03:10.000+05:30,8.69,64.24,768.58,11.964196762141968,6.47,rated_capped,False,,31.0,11.7,27.6,-1,0,10
2025-01-15 07:03:11.000+05:30,8.82,64.73,779.62,12.04418353159277,6.78,rated_capped,False,,31.69,11.92,27.5,3,0,10
2025-01-15 07:03:12.000+05:30,8.7,66.31,791.65,11.93862162569748,6.76,rated_capped,False,,31.24,12.09,27.5,-22,0,10
2025-01-15 07:03:13.000+05:30,8.79,64.33,770.97,11.984610601585576,6.79,rated_capped,False,,31.23,11.85,27.5,16,0,10
2025-01-15 07:03:14.000+05:30,8.79,67.22,809.22,12.038381434096996,6.5,rated_capped,False,,30.97,11.91,27.5,-2,0,10
2025-01-15 07:03:15.000+05:30,8.72,65.54,783.7,11.957583155324992,6.7,rated_capped,False,,30.97,12.22,27.6,22,0,10
2025-01-15 07:03:16.000+05:30,8.89,67.75,814.46,12.021549815498156,6.62,rated_capped,False,,31.06,11.61,27.6,-3,0,10
2025-01-15 07:03:17.000+05:30,9.22,67.46,814.14,12.06848502816484,6.61,rated_capped,False,,31.07,12.23,27.6,-14,0,10
2025-01-15 07:03:18.000+05:30,9.15,64.27,776.9,12.088065971681967,6.83,rated_capped,False,,32.03,12.63,27.6,19,0,10
2025-01-15 07:03:19.000+05:30,9.21,64.82,775.17,11.95880900956495,6.67,rated_capped,False,,32.35,12.5,27.5,-29,0,10
2025-01-15 07:03:20.000+05:30,9.18,65.43,792.83,12.117224514748585,6.89,rated_capped,False,,32.31,12.78,27.5,-9,0,10
2025-01-15 07:03:21.000+05:30,9.33,63.89,765.88,11.987478478635154,6.37,rated_capped,False,,32.47,12.08,27.5,-1,0,10
2025-01-15 07:03:22.000+05:30,9.25,66.86,807.01,12.070146574932695,6.49,rated_capped,False,,32.15,11.74,27.5,-26,0,10
2025-01-15 07:03:23.000+05:30,9.41,63.22,757.67,11.984656754191711,6.89,rated_capped,False,,32.22,11.09,27.5,20,0,10
2025-01-15 07:03:24.000+05:30,9.54,64.52,775.27,12.01596404215747,6.94,rated_capped,False,,32.16,11.05,27.5,29,0,10
2025-01-15 07:03:25.000+05:30,9.39,66.54,802.4,12.058911932672075,6.99,rated_capped,False,,32.11,10.3,27.5,14,0,10
2025-01-15 07:03:26.000+05:30,9.49,64.6,781.07,12.090866873065018,6.9,rated_capped,False,,31.94,10.84,27.5,-30,0,10
2025-01-15 07:03:27.000+05:30,9.36,67.42,811.52,12.03678433699199,6.89,rated_capped,False,,32.29,11.24,27.5,-13,0,10
2025-01-15 07:03:28.000+05:30,9.51,67.02,807.49,12.04849298716801,6.63,rated_capped,False,,31.89,11.1,27.5,-17,0,10
2025-01-15 07:03:29.000+05:30,9.54,64.45,779.74,12.098370830100853,6.71,rated_capped,False,,32.09,11.03,27.5,16,0,10
2025-01-15 07:03:30.000+05:30,9.71,66.48,798.23,12.007069795427196,6.65,rated_capped,False,,32.0,10.83,27.5,-3,0,10
2025-01-15 07:03:31.000+05:30,9.69,64.3,775.07,12.053965785381028,6.76,rated_capped,False,,31.59,11.32,27.5,-7,0,10
2025-01-15 07:03:32.000+05:30,9.73,64.99,787.78,12.121557162640407,6.68,rated_capped,False,,31.99,11.01,27.5,-22,0,10
2025-01-15 07:03:33.000+05:30,9.61,67.71,817.59,12.074878156845372,6.82,rated_capped,False,,31.64,11.44,27.5,12,0,10
2025-01-15 07:03:34.000+05:30,9.49,67.43,809.6,12.006525285481239,6.65,rated_capped,False,,32.58,11.06,27.5,-9,0,10
2025-01-15 07:03:35.000+05:30,9.4,66.54,803.22,12.071235347159602,6.68,rated_capped,False,,32.21,10.73,27.5,-6,0,10
2025-01-15 07:03:36.000+05:30,9.56,66.14,797.09,12.051557302691261,6.46,rated_capped,False,,32.09,11.32,27.5,23,0,10
2025-01-15 07:03:37.000+05:30,9.62,66.86,806.4,12.061023033203709,6.87,rated_capped,False,,32.09,11.39,27.5,-7,0,10
2025-01-15 07:03:38.000+05:30,9.83,68.47,822.17,12.007740616328318,6.79,rated_capped,False,,31.56,12.3,27.5,2,0,10
2025-01-15 07:03:39.000+05:30,10.05,66.3,801.16,12.083861236802413,6.61,rated_capped,False,,31.53,11.96,27.5,23,0,10
2025-01-15 07:03:40.000+05:30,10.2,65.18,782.18,12.00030684258975,6.85,rated_capped,False,,31.68,11.64,27.5,20,0,10
2025-01-15 07:03:41.000+05:30,10.12,63.63,768.59,12.07905076221908,6.65,rated_capped,False,,32.3,11.06,27.5,5,0,10
2025-01-15 07:03:42.000+05:30,10.35,66.41,804.1,12.108116247553081,6.71,rated_capped,False,,32.04,12.02,27.6,16,0,10
2025-01-15 07:03:43.000+05:30,10.25,64.28,774.3,12.045737398879899,6.76,rated_capped,False,,31.9,11.98,27.5,19,0,10
2025-01-15 07:03:44.000+05:30,10.14,66.85,800.32,11.971877337322365,6.7,rated_capped,False,,31.84,12.15,27.5,21,0,10
2025-01-15 07:03:45.000+05:30,9.86,64.67,779.54,12.054120921601978,6.68,rated_capped,False,,31.52,12.53,27.5,6,0,10
2025-01-15 07:03:46.000+05:30,9.9,67.03,805.43,12.015963001641055,6.82,rated_capped,False,,31.49,12.57,27.5,21,0,10
2025-01-15 07:03:47.000+05:30,9.84,66.55,805.04,12.096769346356123,6.77,rated_capped,False,,30.75,12.82,27.5,20,0,10
2025-01-15 07:03:48.000+05:30,10.04,65.36,782.13,11.966493268053856,6.79,rated_capped,False,,31.51,13.4,27.5,15,0,10
2025-01-15 07:03:49.000+05:30,10.08,68.0,815.39,11.991029411764705,6.6,rated_capped,False,,31.84,13.59,27.5,-4,0,10
2025-01-15 07:03:50.000+05:30,10.23,65.3,787.77,12.06385911179173,6.77,rated_capped,False,,31.65,13.9,27.5,19,0,10
2025-01-15 07:03:51.000+05:30,10.29,64.55,778.97,12.067699457784665,6.81,rated_capped,False,,32.12,13.78,27.5,-11,0,10
2025-01-15 07:03:52.000+05:30,10.2,63.49,763.76,12.029610962356276,6.56,rated_capped,False,,31.9,13.67,27.5,15,0,10
2025-01-15 07:03:53.000+05:30,10.27,66.93,806.68,12.052592260570744,6.82,rated_capped,False,,31.42,12.9,27.5,25,0,10
2025-01-15 07:03:54.000+05:30,10.12,66.45,800.94,12.053273137697516,6.59,rated_capped,False,,32.32,12.58,27.5,16,0,10
2025-01-15 07:03:55.000+05:30,10.02,65.81,792.7,12.045281872055918,6.45,rated_capped,False,,31.96,12.31,27.5,-11,0,10
2025-01-15 07:03:56.000+05:30,10.26,65.31,785.26,12.023579849946408,6.74,rated_capped,False,,31.98,12.18,27.5,11,0,10
2025-01-15 07:03:57.000+05:30,10.44,64.69,782.98,12.103570876487867,6.59,rated_capped,False,,31.86,11.54,27.5,22,0,10
2025-01-15 07:03:58.000+05:30,10.49,65.04,777.99,11.96171586715867,7.06,rated_capped,False,,32.06,11.36,27.5,-15,0,10
2025-01-15 07:03:59.000+05:30,10.76,64.63,779.27,12.057403682500388,6.74,rated_capped,False,,32.41,10.92,27.5,-5,0,10
2025-01-15 07:04:00.000+05:30,10.6,64.12,772.03,12.040393013100436,6.72,rated_capped,False,,32.05,11.69,27.5,25,0,10
2025-01-15 07:04:01.000+05:30,10.53,66.16,796.59,12.040356711003628,6.68,rated_capped,False,,32.3,12.12,27.5,1,0,10
2025-01-15 07:04:02.000+05:30,10.7,67.43,813.9,12.070295120866081,6.91,rated_capped,False,,31.83,11.97,27.5,19,0,10
2025-01-15 07:04:03.000+05:30,10.79,64.0,770.98,12.0465625,6.73,rated_capped,False,,32.13,11.78,27.6,9,0,10
2025-01-15 07:04:04.000+05:30,10.6,66.91,806.67,12.056045434165297,6.74,rated_capped,False,,32.15,12.37,27.6,8,0,10
2025-01-15 07:04:05.000+05:30,10.5,63.86,765.24,11.983088005010961,6.9,rated_capped,False,,32.21,11.59,27.6,19,0,10
2025-01-15 07:04:06.000+05:30,10.51,67.13,809.5,12.058692089974677,6.75,rated_capped,False,,31.88,12.35,27.6,22,0,10
2025-01-15 07:04:07.000+05:30,10.51,65.59,789.61,12.038572953194084,6.81,rated_capped,False,,31.66,11.25,27.6,-17,0,10
2025-01-15 07:04:08.000+05:30,10.42,65.96,791.3,11.99666464523954,6.96,rated_capped,False,,31.3,12.17,27.6,-12,0,10
2025-01-15 07:04:09.000+05:30,10.65,63.72,764.04,11.990583804143126,6.61,rated_capped,False,,31.34,11.95,27.6,16,0,10
2025-01-15 07:04:10.000+05:30,10.85,66.21,800.55,12.091073855913004,7.01,rated_capped,False,,30.9,11.97,27.6,23,0,10
2025-01-15 07:04:11.000+05:30,10.63,65.08,783.12,12.03318992009834,6.89,rated_capped,False,,31.17,11.54,27.6,19,0,10
2025-01-15 07:04:12.000+05:30,10.78,65.21,785.44,12.0447784082196,6.79,rated_capped,False,,31.56,11.97,27.6,25,0,10
2025-01-15 07:04:13.000+05:30,11.0,66.32,801.62,12.087153196622438,6.66,rated_capped,False,,31.2,11.41,27.6,6,0,10
2025-01-15 07:04:14.000+05:30,11.05,67.27,808.82,12.023487438679949,6.99,rated_capped,False,,31.42,11.13,27.6,-4,0,10
2025-01-15 07:04:15.000+05:30,11.19,66.95,807.23,12.057206870799103,6.59,rated_capped,False,,31.36,10.94,27.6,-13,0,10
2025-01-15 07:04:16.000+05:30,11.28,65.58,788.04,12.016468435498627,6.7,rated_capped,False,,31.51,11.14,27.6,-9,0,10
2025-01-15 07:04:17.000+05:30,11.35,66.04,797.13,12.070411871592972,6.86,rated_capped,False,,31.42,10.67,27.6,-23,0,10
2025-01-15 07:04:18.000+05:30,11.35,65.94,791.16,11.998180163785259,6.79,rated_capped,False,,31.64,10.28,27.6,-11,0,10
2025-01-15 07:04:19.000+05:30,11.13,65.13,782.74,12.018117610931982,6.74,rated_capped,False,,31.37,10.43,27.6,25,0,10
2025-01-15 07:04:20.000+05:30,11.17,67.24,811.72,12.071980963712077,6.56,rated_capped,False,,31.76,10.89,27.6,20,0,10
2025-01-15 07:04:21.000+05:30,11.29,64.43,774.35,12.018469656992083,6.85,rated_capped,False,,31.78,10.55,27.6,-15,0,10
2025-01-15 07:04:22.000+05:30,11.11,68.7,823.87,11.992285298398835,7.06,rated_capped,False,,31.65,11.13,27.5,1,0,10
2025-01-15 07:04:23.000+05:30,11.24,64.57,780.6,12.089205513396315,6.6,rated_capped,False,,31.43,11.24,27.5,-9,0,10
2025-01-15 07:04:24.000+05:30,11.32,64.17,774.27,12.065918653576437,7.06,rated_capped,False,,31.59,10.86,27.5,24,0,10
2025-01-15 07:04:25.000+05:30,11.43,67.66,817.59,12.083801359739876,6.97,rated_capped,False,,32.63,9.67,27.5,-6,0,10
2025-01-15 07:04:26.000+05:30,11.48,65.42,789.16,12.062977682665851,7.0,rated_capped,False,,33.01,9.13,27.5,19,0,10
2025-01-15 07:04:27.000+05:30,11.58,68.09,820.11,12.044499926567777,6.9,rated_capped,False,,32.99,9.37,27.5,7,0,10
2025-01-15 07:04:28.000+05:30,11.48,61.51,743.07,12.080474719557797,6.66,rated_capped,False,,32.79,10.04,27.5,19,0,10
2025-01-15 07:04:29.000+05:30,11.29,67.36,808.66,12.005047505938242,6.9,rated_capped,False,,32.99,9.11,27.5,14,0,10
2025-01-15 07:04:30.000+05:30,11.36,65.58,782.34,11.929551692589206,6.78,rated_capped,False,,32.97,8.15,27.5,10,0,10
2025-01-15 07:04:31.000+05:30,11.48,62.74,755.68,12.044628626075868,6.72,rated_capped,False,,32.85,9.04,27.5,1,0,10
2025-01-15 07:04:32.000+05:30,11.61,64.78,777.64,12.00432232170423,6.73,rated_capped,False,,32.5,8.84,27.5,-19,0,10
2025-01-15 07:04:33.000+05:30,11.53,67.93,815.51,12.005152362726335,6.82,rated_capped,False,,32.61,8.66,27.5,17,0,10
2025-01-15 07:04:34.000+05:30,11.53,64.17,765.12,11.923328658251519,6.8,rated_capped,False,,32.43,8.09,27.5,-9,0,10
2025-01-15 07:04:35.000+05:30,11.54,65.62,795.72,12.126181042365133,6.63,rated_capped,False,,32.87,8.61,27.5,-26,0,10
2025-01-15 07:04:36.000+05:30,11.45,65.28,789.3,12.090992647058822,6.7,rated_capped,False,,32.57,8.17,27.5,18,0,10
2025-01-15 07:04:37.000+05:30,11.53,66.19,795.2,12.013899380571084,6.82,rated_capped,False,,32.6,8.07,27.5,-13,0,10
2025-01-15 07:04:38.000+05:30,11.69,64.85,780.87,12.041171935235159,7.04,rated_capped,False,,32.43,7.75,27.5,-27,0,10
2025-01-15 07:04:39.000+05:30,11.7,64.25,776.87,12.091361867704281,6.93,rated_capped,False,,32.34,6.61,27.5,-2,0,10
2025-01-15 07:04:40.000+05:30,11.65,65.47,787.38,12.026577058194594,6.69,rated_capped,False,,32.95,6.73,27.6,30,0,10
2025-01-15 07:04:41.000+05:30,11.6,67.78,817.16,12.056063735615226,6.69,rated_capped,False,,32.76,6.57,27.5,26,0,10
2025-01-15 07:04:42.000+05:30,11.64,65.0,783.92,12.060307692307692,7.03,rated_capped,False,,32.77,6.16,27.5,4,0,10
2025-01-15 07:04:43.000+05:30,11.74,67.12,805.35,11.998659117997615,6.78,rated_capped,False,,32.39,6.46,27.5,5,0,10
2025-01-15 07:04:44.000+05:30,11.82,66.85,803.38,12.017651458489155,6.71,rated_capped,False,,32.65,6.7,27.6,-1,0,10
2025-01-15 07:04:45.000+05:30,11.76,64.29,768.27,11.950069995333642,6.64,rated_capped,False,,32.59,6.92,27.6,3,0,10
2025-01-15 07:04:46.000+05:30,12.0,67.68,813.72,12.02304964539007,6.56,rated_capped,False,,32.47,5.97,27.6,-26,0,10
2025-01-15 07:04:47.000+05:30,11.85,65.65,792.78,12.075856816450875,6.86,rated_capped,False,,32.98,5.31,27.6,-14,0,10
2025-01-15 07:04:48.000+05:30,11.85,66.11,796.64,12.050219331417335,6.61,rated_capped,False,,32.7,6.1,27.6,-27,0,10
2025-01-15 07:04:49.000+05:30,11.68,64.62,778.72,12.050758279170536,6.46,rated_capped,False,,31.67,6.2,27.6,22,0,10
2025-01-15 07:04:50.000+05:30,11.7,63.41,762.26,12.021132313515219,6.64,rated_capped,False,,32.19,5.6,27.6,-15,0,10
2025-01-15 07:04:51.000+05:30,11.71,65.63,786.59,11.985220173701054,6.4,rated_capped,False,,32.1,5.19,27.6,0,0,10
2025-01-15 07:04:52.000+05:30,11.42,64.58,775.5,12.008361721895325,6.92,rated_capped,False,,32.92,4.8,27.6,-20,0,10
2025-01-15 07:04:53.000+05:30,11.53,62.71,753.31,12.012597671822675,6.73,rated_capped,False,,32.96,4.92,27.6,7,0,10
2025-01-15 07:04:54.000+05:30,11.67,63.49,767.13,12.08269018743109,6.85,rated_capped,False,,32.98,5.11,27.6,28,0,10
2025-01-15 07:04:55.000+05:30,11.57,65.37,785.36,12.014073734128804,6.65,rated_capped,False,,32.95,6.05,27.6,18,0,10
2025-01-15 07:04:56.000+05:30,11.66,68.03,818.34,12.029104806702925,6.79,rated_capped,False,,32.92,5.5,27.7,13,0,10
2025-01-15 07:04:57.000+05:30,11.65,63.33,762.82,12.045160271593243,6.73,rated_capped,False,,32.96,5.91,27.7,3,0,10
2025-01-15 07:04:58.000+05:30,11.68,63.07,758.98,12.033930553353416,6.96,rated_capped,False,,32.68,5.31,27.7,-3,0,10
2025-01-15 07:04:59.000+05:30,11.33,65.9,795.16,12.06616084977238,6.51,rated_capped,False,,32.48,5.33,27.7,26,0,10
2025-01-15 07:05:00.000+05:30,11.41,63.49,764.27,12.037643723421011,6.65,rated_capped,False,,31.94,5.1,27.6,1,0,10
2025-01-15 07:05:01.000+05:30,11.23,62.88,758.47,12.06218193384224,6.9,rated_capped,False,,32.39,5.87,27.7,-12,0,10
2025-01-15 07:05:02.000+05:30,11.17,64.8,782.36,12.073456790123458,6.87,rated_capped,False,,32.72,5.52,27.7,-7,0,10
2025-01-15 07:05:03.000+05:30,11.11,64.99,790.87,12.16910293891368,7.06,rated_capped,False,,32.7,5.28,27.7,-8,0,10
2025-01-15 07:05:04.000+05:30,11.45,66.74,804.25,12.050494456098292,6.78,rated_capped,False,,32.05,5.3,27.7,-27,0,10
2025-01-15 07:05:05.000+05:30,11.82,68.29,822.59,12.04554107482794,6.86,rated_capped,False,,32.29,4.07,27.7,30,0,10
2025-01-15 07:05:06.000+05:30,11.94,66.88,804.42,12.02781100478469,6.66,rated_capped,False,,32.38,3.81,27.7,9,0,10
2025-01-15 07:05:07.000+05:30,11.8,65.49,788.87,12.045655825316842,6.65,rated_capped,False,,32.4,4.36,27.7,-16,0,10
2025-01-15 07:05:08.000+05:30,11.72,64.31,777.88,12.095786036386254,6.74,rated_capped,False,,32.77,4.82,27.7,0,0,10
2025-01-15 07:05:09.000+05:30,11.78,64.53,777.22,12.044320471098715,6.56,rated_capped,False,,32.85,4.73,27.7,21,0,10
2025-01-15 07:05:10.000+05:30,11.6,66.1,800.49,12.110287443267778,6.78,rated_capped,False,,32.31,5.48,27.7,-17,0,10
2025-01-15 07:05:11.000+05:30,11.76,70.18,847.56,12.07694499857509,6.89,rated_capped,False,,32.1,5.67,27.7,19,0,10
2025-01-15 07:05:12.000+05:30,11.93,62.39,752.54,12.061868889245071,6.9,rated_capped,False,,31.53,5.47,27.7,1,0,10
2025-01-15 07:05:13.000+05:30,11.85,64.48,781.62,12.121898263027294,6.82,rated_capped,False,,31.44,5.47,27.6,16,0,10
2025-01-15 07:05:14.000+05:30,11.75,67.8,816.55,12.043510324483776,6.68,rated_capped,False,,31.98,4.48,27.7,-14,0,10
2025-01-15 07:05:15.000+05:30,11.74,65.28,786.63,12.050091911764705,6.86,rated_capped,False,,32.06,4.48,27.6,10,0,10
2025-01-15 07:05:16.000+05:30,11.52,63.66,766.08,12.03393025447691,6.62,rated_capped,False,,32.45,3.73,27.6,-25,0,10
2025-01-15 07:05:17.000+05:30,11.67,64.17,775.92,12.091631603553061,6.77,rated_capped,False,,31.97,4.28,27.7,21,0,10
2025-01-15 07:05:18.000+05:30,11.62,65.54,784.52,11.970094598718338,7.04,rated_capped,False,,32.65,3.6,27.6,6,0,10
2025-01-15 07:05:19.000+05:30,11.46,64.15,770.17,12.005767731878409,6.85,rated_capped,False,,32.56,4.17,27.6,16,0,10
2025-01-15 07:05:20.000+05:30,11.5,64.0,773.89,12.09203125,6.66,rated_capped,False,,32.47,3.92,27.6,9,0,10
2025-01-15 07:05:21.000+05:30,11.36,65.69,794.34,12.092251484244178,6.98,rated_capped,False,,32.82,4.26,27.7,8,0,10
2025-01-15 07:05:22.000+05:30,11.2,64.63,776.57,12.015627417607924,6.94,rated_capped,False,,32.72,4.52,27.7,5,0,10
2025-01-15 07:05:23.000+05:30,11.46,65.98,791.33,11.99348287359806,6.63,rated_capped,False,,32.94,5.18,27.7,3,0,10
2025-01-15 07:05:24.000+05:30,11.61,66.77,805.28,12.060506215366182,6.77,rated_capped,False,,32.97,4.61,27.6,2,0,10
2025-01-15 07:05:25.000+05:30,11.75,62.06,748.79,12.06558169513374,6.51,rated_capped,False,,32.63,4.02,27.6,-22,0,10
2025-01-15 07:05:26.000+05:30,11.68,62.47,754.83,12.083079878341605,6.67,rated_capped,False,,32.29,4.46,27.6,12,0,10
2025-01-15 07:05:27.000+05:30,11.52,66.7,799.69,11.989355322338831,6.77,rated_capped,False,,32.79,2.99,27.6,6,0,10
2025-01-15 07:05:28.000+05:30,11.45,66.74,806.68,12.08690440515433,6.75,rated_capped,False,,32.6,2.51,27.6,16,0,10
2025-01-15 07:05:29.000+05:30,11.46,66.28,796.17,12.012220881110439,6.78,rated_capped,False,,32.87,2.62,27.6,18,0,10
2025-01-15 07:05:30.000+05:30,11.19,64.55,777.9,12.051123160340822,6.69,rated_capped,False,,32.48,3.26,27.6,8,0,10
2025-01-15 07:05:31.000+05:30,11.06,64.88,782.35,12.058415536374847,6.94,rated_capped,False,,32.24,3.62,27.6,-4,0,10
2025-01-15 07:05:32.000+05:30,10.9,64.93,780.1,12.014477129216077,6.58,rated_capped,False,,32.3,4.28,27.6,-17,0,10
2025-01-15 07:05:33.000+05:30,10.91,65.29,789.34,12.089753407872568,6.98,rated_capped,False,,32.09,4.33,27.6,12,0,10
2025-01-15 07:05:34.000+05:30,10.75,66.87,804.7,12.033796919395842,6.55,rated_capped,False,,32.49,4.87,27.6,-17,0,10
2025-01-15 07:05:35.000+05:30,10.47,67.63,813.44,12.027798314357534,6.93,rated_capped,False,,32.48,5.25,27.6,-26,0,10
2025-01-15 07:05:36.000+05:30,10.34,66.07,791.76,11.983653700620556,6.78,rated_capped,False,,32.49,5.48,27.6,5,0,10
2025-01-15 07:05:37.000+05:30,10.32,65.44,780.23,11.922830073349633,6.91,rated_capped,False,,32.5,5.58,27.6,-11,0,10
2025-01-15 07:05:38.000+05:30,10.47,65.87,786.84,11.94534689540003,6.69,rated_capped,False,,32.3,5.33,27.6,0,0,10
2025-01-15 07:05:39.000+05:30,10.45,64.61,774.79,11.991796935458908,6.78,rated_capped,False,,32.96,5.06,27.6,12,0,10
2025-01-15 07:05:40.000+05:30,10.55,66.77,805.74,12.067395536917779,6.98,rated_capped,False,,32.63,5.1,27.6,12,0,10
2025-01-15 07:05:41.000+05:30,10.37,65.41,785.45,12.008102736584622,6.9,rated_capped,False,,32.65,5.03,27.6,-3,0,10
2025-01-15 07:05:42.000+05:30,10.64,65.45,791.46,12.092589763178,6.85,rated_capped,False,,32.98,4.8,27.6,-16,0,10
2025-01-15 07:05:43.000+05:30,10.58,63.83,770.14,12.065486448378506,6.41,rated_capped,False,,32.68,5.41,27.6,6,0,10
2025-01-15 07:05:44.000+05:30,10.71,62.4,753.94,12.082371794871795,6.84,rated_capped,False,,32.81,5.49,27.6,4,0,10
2025-01-15 07:05:45.000+05:30,10.59,65.7,786.14,11.965601217656012,6.72,rated_capped,False,,31.74,5.28,27.6,-13,0,10
2025-01-15 07:05:46.000+05:30,10.59,68.17,822.29,12.062344139650872,6.55,rated_capped,False,,31.7,5.67,27.6,2,0,10
2025-01-15 07:05:47.000+05:30,10.62,66.27,803.55,12.125396106835673,6.84,rated_capped,False,,31.31,5.55,27.6,-6,0,10
2025-01-15 07:05:48.000+05:30,10.56,66.36,798.46,12.032248342374926,6.87,rated_capped,False,,31.25,6.43,27.6,25,0,10
2025-01-15 07:05:49.000+05:30,10.68,66.25,799.57,12.068981132075473,6.76,rated_capped,False,,31.59,6.06,27.6,-28,0,10
2025-01-15 07:05:50.000+05:30,10.76,67.18,810.23,12.060583506996128,6.89,rated_capped,False,,31.74,5.53,27.6,-11,0,10
2025-01-15 07:05:51.000+05:30,10.82,66.94,805.03,12.02614281446071,6.73,rated_capped,False,,31.47,4.56,27.6,-13,0,10
2025-01-15 07:05:52.000+05:30,10.58,63.6,763.51,12.004874213836478,6.88,rated_capped,False,,31.27,4.76,27.6,-19,0,10
2025-01-15 07:05:53.000+05:30,10.83,66.19,796.14,12.028100921589363,6.49,rated_capped,False,,31.0,5.57,27.6,-8,0,10
2025-01-15 07:05:54.000+05:30,10.68,62.08,747.28,12.037371134020619,6.93,rated_capped,False,,31.31,5.4,27.6,10,0,10
2025-01-15 07:05:55.000+05:30,10.75,66.73,801.77,12.015135621159898,6.7,rated_capped,False,,30.84,5.26,27.7,-4,0,10
2025-01-15 07:05:56.000+05:30,10.7,68.26,821.84,12.039847641371228,6.63,rated_capped,False,,30.85,4.55,27.7,-30,0,10
2025-01-15 07:05:57.000+05:30,10.67,64.14,767.03,11.958684128468974,6.79,rated_capped,False,,32.1,3.79,27.7,26,0,10
2025-01-15 07:05:58.000+05:30,10.76,65.11,786.68,12.082322223928735,6.38,rated_capped,False,,32.26,3.86,27.7,-25,0,10
2025-01-15 07:05:59.000+05:30,10.66,67.7,816.59,12.061890694239292,6.57,rated_capped,False,,31.72,3.03,27.7,-23,0,10
2025-01-15 07:06:00.000+05:30,10.72,65.81,789.53,11.997112900774958,6.86,rated_capped,False,,31.53,3.5,27.7,6,0,10
2025-01-15 07:06:01.000+05:30,10.87,64.51,779.51,12.083552937529063,6.69,rated_capped,False,,31.14,3.63,27.7,20,0,10
2025-01-15 07:06:02.000+05:30,10.84,65.73,791.38,12.039860033470257,6.62,rated_capped,False,,32.03,3.46,27.7,8,0,10
2025-01-15 07:06:03.000+05:30,10.65,61.86,748.58,12.101196249595862,6.49,rated_capped,False,,32.7,3.47,27.7,-7,0,10
2025-01-15 07:06:04.000+05:30,10.99,64.9,777.48,11.979661016949152,7.06,rated_capped,False,,33.02,3.59,27.7,-16,0,10
2025-01-15 07:06:05.000+05:30,11.07,64.29,769.42,11.96795769170944,7.06,rated_capped,False,,33.02,3.62,27.7,25,0,10
2025-01-15 07:06:06.000+05:30,11.08,63.68,760.53,11.942996231155778,6.84,rated_capped,False,,32.62,3.23,27.8,13,0,10
2025-01-15 07:06:07.000+05:30,11.23,65.55,788.16,12.023798627002288,6.83,rated_capped,False,,32.17,2.62,27.8,-6,0,10
2025-01-15 07:06:08.000+05:30,11.19,68.67,823.18,11.987476336100189,6.82,rated_capped,False,,32.54,2.74,27.8,17,0,10
2025-01-15 07:06:09.000+05:30,11.22,66.02,787.16,11.923053620115116,7.06,rated_capped,False,,32.48,2.76,27.8,-10,0,10
2025-01-15 07:06:10.000+05:30,11.15,66.97,808.73,12.076004180976557,6.97,rated_capped,False,,32.68,2.77,27.8,4,0,10
2025-01-15 07:06:11.000+05:30,11.19,62.53,751.58,12.019510634895251,6.51,rated_capped,False,,32.92,2.65,27.8,8,0,10
2025-01-15 07:06:12.000+05:30,11.28,66.08,798.21,12.079449152542374,6.89,rated_capped,False,,32.6,2.5,27.7,1,0,10
2025-01-15 07:06:13.000+05:30,11.11,66.47,801.21,12.053708439897699,7.02,rated_capped,False,,32.77,3.32,27.7,-3,0,10
2025-01-15 07:06:14.000+05:30,10.9,63.98,760.68,11.8893404188809,6.88,rated_capped,False,,32.1,3.06,27.7,26,0,10
2025-01-15 07:06:15.000+05:30,10.83,67.09,808.41,12.049634818899984,6.72,rated_capped,False,,32.08,3.72,27.7,-20,0,10
2025-01-15 07:06:16.000+05:30,10.9,66.5,801.3,12.049624060150375,6.6,rated_capped,False,,32.28,3.87,27.7,-5,0,10
2025-01-15 07:06:17.000+05:30,10.64,64.37,775.24,12.043498524157215,6.65,rated_capped,False,,32.25,4.85,27.7,23,0,10
2025-01-15 07:06:18.000+05:30,10.82,67.33,812.59,12.068765780484183,6.86,rated_capped,False,,32.11,5.01,27.7,21,0,10
2025-01-15 07:06:19.000+05:30,10.54,67.41,811.31,12.035454680314492,6.95,rated_capped,False,,31.73,4.92,27.7,-30,0,10
2025-01-15 07:06:20.000+05:30,10.31,65.33,780.91,11.95331394458901,6.79,rated_capped,False,,31.72,4.43,27.7,22,0,10
2025-01-15 07:06:21.000+05:30,10.57,67.01,805.01,12.013281599761228,6.7,rated_capped,False,,31.38,4.39,27.7,23,0,10
2025-01-15 07:06:22.000+05:30,10.45,64.67,778.8,12.042678212463274,6.82,rated_capped,False,,31.43,4.98,27.7,-21,0,10
2025-01-15 07:06:23.000+05:30,10.26,66.87,814.31,12.177508598773738,6.54,rated_capped,False,,31.05,4.86,27.7,-10,0,10
2025-01-15 07:06:24.000+05:30,10.39,64.64,776.47,12.012221534653465,6.64,rated_capped,False,,31.31,4.25,27.7,-25,0,10
2025-01-15 07:06:25.000+05:30,10.2,66.13,803.51,12.15046121276274,6.61,rated_capped,False,,30.87,4.33,27.7,10,0,10
2025-01-15 07:06:26.000+05:30,10.06,64.86,785.49,12.11054579093432,6.86,rated_capped,False,,30.75,4.65,27.8,28,0,10
2025-01-15 07:06:27.000+05:30,10.1,65.15,781.86,12.000920951650038,6.66,rated_capped,False,,30.66,5.14,27.8,-6,0,10
2025-01-15 07:06:28.000+05:30,9.9,63.95,769.12,12.026896012509773,6.77,rated_capped,False,,30.42,5.69,27.8,3,0,10
2025-01-15 07:06:29.000+05:30,10.1,66.61,811.16,12.177751088425161,6.5,rated_capped,False,,30.27,5.18,27.8,-28,0,10
2025-01-15 07:06:30.000+05:30,10.2,66.47,803.21,12.08379720174515,6.53,rated_capped,False,,30.37,5.52,27.8,-28,0,10
2025-01-15 07:06:31.000+05:30,10.47,63.92,770.43,12.053035043804755,6.81,rated_capped,False,,30.78,5.78,27.8,-13,0,10
2025-01-15 07:06:32.000+05:30,10.51,67.13,812.88,12.10904215700879,6.73,rated_capped,False,,30.92,6.08,27.8,3,0,10
2025-01-15 07:06:33.000+05:30,10.77,64.4,774.56,12.027329192546581,6.79,rated_capped,False,,31.15,6.31,27.8,24,0,10
2025-01-15 07:06:34.000+05:30,11.01,66.92,805.81,12.041392707710699,6.75,rated_capped,False,,30.94,6.61,27.8,-18,0,10
2025-01-15 07:06:35.000+05:30,10.92,66.31,798.89,12.047805760820388,6.75,rated_capped,False,,30.46,6.9,27.8,-16,0,10
2025-01-15 07:06:36.000+05:30,10.9,66.92,809.67,12.099073520621637,6.76,rated_capped,False,,30.51,7.18,27.8,-25,0,10
2025-01-15 07:06:37.000+05:30,10.67,63.91,771.18,12.066656235330933,6.69,rated_capped,False,,31.13,6.2,27.9,28,0,10
2025-01-15 07:06:38.000+05:30,10.58,65.43,788.48,12.050741250191043,7.04,rated_capped,False,,30.75,5.35,27.8,1,0,10
2025-01-15 07:06:39.000+05:30,10.57,63.86,767.13,12.01268399624178,6.57,rated_capped,False,,31.1,6.17,27.8,18,0,10
2025-01-15 07:06:40.000+05:30,10.35,64.67,783.32,12.112571516932118,6.82,rated_capped,False,,31.28,5.96,27.8,29,0,10
2025-01-15 07:06:41.000+05:30,10.33,67.55,809.14,11.97838638045892,6.67,rated_capped,False,,31.31,6.11,27.8,-24,0,10
2025-01-15 07:06:42.000+05:30,10.11,66.15,792.74,11.983975812547241,6.84,rated_capped,False,,31.65,5.06,27.8,-4,0,10
2025-01-15 07:06:43.000+05:30,10.25,63.01,756.71,12.009363593080465,6.8,rated_capped,False,,31.46,5.18,27.8,-2,0,10
2025-01-15 07:06:44.000+05:30,10.51,67.57,809.24,11.976320852449312,6.54,rated_capped,False,,31.79,5.03,27.8,-11,0,10
2025-01-15 07:06:45.000+05:30,10.5,67.46,817.78,12.122442929143197,6.75,rated_capped,False,,32.01,5.55,27.8,17,0,10
2025-01-15 07:06:46.000+05:30,10.59,65.72,792.69,12.061625076080341,7.06,rated_capped,False,,31.48,6.2,27.8,13,0,10
2025-01-15 07:06:47.000+05:30,10.55,65.57,789.5,12.040567332621627,6.9,rated_capped,False,,31.63,6.36,27.8,-19,0,10
2025-01-15 07:06:48.000+05:30,10.39,66.67,802.79,12.041247937603119,6.63,rated_capped,False,,31.89,6.32,27.8,28,0,10
2025-01-15 07:06:49.000+05:30,10.42,66.86,802.38,12.000897397547114,6.76,rated_capped,False,,31.76,6.75,27.8,-25,0,10
2025-01-15 07:06:50.000+05:30,10.4,64.58,775.75,12.012232889439455,7.02,rated_capped,False,,32.16,6.49,27.8,-17,0,10
2025-01-15 07:06:51.000+05:30,10.26,66.25,794.19,11.98777358490566,6.94,rated_capped,False,,32.33,6.29,27.8,12,0,10
2025-01-15 07:06:52.000+05:30,10.16,64.59,783.87,12.136089177891314,6.99,rated_capped,False,,32.7,5.81,27.8,-14,0,10
2025-01-15 07:06:53.000+05:30,10.37,67.38,817.15,12.12748590086079,6.93,rated_capped,False,,32.4,6.46,27.8,25,0,10
2025-01-15 07:06:54.000+05:30,10.09,64.5,779.22,12.08093023255814,6.75,rated_capped,False,,32.65,5.8,27.8,-26,0,10
2025-01-15 07:06:55.000+05:30,9.97,65.86,791.84,12.023079259034315,6.63,rated_capped,False,,32.65,4.89,27.8,-13,0,10
2025-01-15 07:06:56.000+05:30,10.05,66.32,801.18,12.080518697225573,6.73,rated_capped,False,,32.57,3.76,27.8,-29,0,10
2025-01-15 07:06:57.000+05:30,9.8,64.27,772.69,12.022561070483897,6.96,rated_capped,False,,31.97,3.87,27.8,4,0,10
2025-01-15 07:06:58.000+05:30,9.72,65.07,779.27,11.975872137697865,6.74,rated_capped,False,,31.53,3.0,27.8,-25,0,10
2025-01-15 07:06:59.000+05:30,9.57,67.58,819.11,12.12059781000296,6.75,rated_capped,False,,31.81,2.0,27.8,7,0,10
2025-01-15 07:07:00.000+05:30,9.69,65.83,795.71,12.087346194744038,6.92,rated_capped,False,,31.64,2.56,27.8,1,0,10
2025-01-15 07:07:01.000+05:30,9.57,66.44,800.34,12.046056592414208,6.85,rated_capped,False,,31.99,3.64,27.9,-10,0,10
2025-01-15 07:07:02.000+05:30,9.57,65.68,790.47,12.035170523751521,6.54,rated_capped,False,,32.15,3.78,27.9,-11,0,10
2025-01-15 07:07:03.000+05:30,9.26,64.23,774.44,12.05729409933053,6.58,rated_capped,False,,31.97,4.22,27.9,24,0,10
2025-01-15 07:07:04.000+05:30,9.25,67.01,807.18,12.04566482614535,6.31,rated_capped,False,,32.62,4.22,27.9,18,0,10
2025-01-15 07:07:05.000+05:30,9.27,64.05,772.8,12.065573770491802,6.74,rated_capped,False,,32.89,3.97,27.9,-21,0,10
2025-01-15 07:07:06.000+05:30,9.55,66.0,790.48,11.976969696969697,6.9,rated_capped,False,,32.99,4.86,27.9,29,0,10
2025-01-15 07:07:07.000+05:30,9.84,67.42,813.66,12.06852566004153,6.92,rated_capped,False,,32.96,3.78,27.9,-3,0,10
2025-01-15 07:07:08.000+05:30,9.82,64.69,777.71,12.022105425877262,6.89,rated_capped,False,,32.97,4.66,27.9,19,0,10
2025-01-15 07:07:09.000+05:30,9.97,63.85,768.27,12.032419733750979,6.73,rated_capped,False,,32.48,5.0,27.9,-5,0,10
2025-01-15 07:07:10.000+05:30,10.09,64.85,782.5,12.066306861989206,6.81,rated_capped,False,,32.74,5.08,27.9,28,0,10
2025-01-15 07:07:11.000+05:30,10.63,65.18,774.2,11.87787664927892,6.48,rated_capped,False,,32.92,4.28,27.9,12,0,10
2025-01-15 07:07:12.000+05:30,10.52,64.88,781.69,12.048242909987671,6.85,rated_capped,False,,32.85,5.21,27.9,-29,0,10
2025-01-15 07:07:13.000+05:30,10.34,65.96,789.49,11.969223771983021,6.8,rated_capped,False,,32.63,4.47,27.9,30,0,10
2025-01-15 07:07:14.000+05:30,10.36,64.21,770.42,11.99844261018533,6.89,rated_capped,False,,32.83,4.95,27.9,-9,0,10
2025-01-15 07:07:15.000+05:30,10.2,62.73,756.89,12.065837717200703,6.54,rated_capped,False,,32.5,4.88,27.9,-26,0,10
2025-01-15 07:07:16.000+05:30,10.07,65.6,783.06,11.93689024390244,6.84,rated_capped,False,,32.98,4.47,27.9,-18,0,10
2025-01-15 07:07:17.000+05:30,9.99,65.07,780.86,12.000307361303213,6.85,rated_capped,False,,32.53,4.19,27.9,6,0,10
2025-01-15 07:07:18.000+05:30,10.06,64.59,778.54,12.053568663879856,6.77,rated_capped,False,,32.36,5.04,27.9,-14,0,10
2025-01-15 07:07:19.000+05:30,10.06,67.63,814.94,12.049977820493865,6.76,rated_capped,False,,31.9,4.55,27.9,-11,0,10
2025-01-15 07:07:20.000+05:30,10.17,66.1,794.3,12.016641452344933,6.74,rated_capped,False,,31.88,5.35,27.9,21,0,10
2025-01-15 07:07:21.000+05:30,10.18,65.77,792.88,12.055344381937054,6.79,rated_capped,False,,31.64,5.27,27.8,3,0,10
2025-01-15 07:07:22.000+05:30,10.31,65.91,795.33,12.066909421939009,6.93,rated_capped,False,,31.63,5.18,27.8,-20,0,10
2025-01-15 07:07:23.000+05:30,10.19,65.38,791.97,12.113337412052617,6.76,rated_capped,False,,31.83,5.11,27.8,29,0,10
2025-01-15 07:07:24.000+05:30,9.98,66.75,798.6,11.964044943820225,6.75,rated_capped,False,,31.78,5.72,27.8,23,0,10
2025-01-15 07:07:25.000+05:30,9.79,63.25,757.9,11.982608695652173,7.03,rated_capped,False,,31.95,4.73,27.8,-29,0,10
2025-01-15 07:07:26.000+05:30,9.64,64.0,769.09,12.01703125,6.78,rated_capped,False,,32.39,5.2,27.8,-28,0,10
2025-01-15 07:07:27.000+05:30,9.56,65.76,792.47,12.050942822384428,6.85,rated_capped,False,,32.2,5.5,27.9,-27,0,10
2025-01-15 07:07:28.000+05:30,9.38,64.03,769.6,12.019365922223958,6.82,rated_capped,False,,32.47,6.17,27.8,-7,0,10
2025-01-15 07:07:29.000+05:30,9.27,63.34,758.29,11.971739816861382,7.01,rated_capped,False,,32.28,5.75,27.8,19,0,10
2025-01-15 07:07:30.000+05:30,9.39,67.17,811.77,12.085305940151853,6.69,rated_capped,False,,32.76,5.35,27.9,23,0,10
2025-01-15 07:07:31.000+05:30,9.34,68.12,819.45,12.029506752789196,6.47,rated_capped,False,,32.91,5.6,27.9,-3,0,10
2025-01-15 07:07:32.000+05:30,9.19,63.74,766.22,12.021022905553812,6.64,rated_capped,False,,32.49,5.58,27.9,18,0,10
2025-01-15 07:07:33.000+05:30,9.32,65.17,777.54,11.930949823538437,6.82,rated_capped,False,,31.38,4.84,27.9,0,0,10
2025-01-15 07:07:34.000+05:30,9.5,66.11,793.73,12.006201784903949,6.81,rated_capped,False,,32.01,4.14,27.9,-18,0,10
2025-01-15 07:07:35.000+05:30,9.49,67.24,810.56,12.054729327781082,6.85,rated_capped,False,,31.32,4.06,27.9,12,0,10
2025-01-15 07:07:36.000+05:30,9.25,66.92,802.87,11.997459653317394,6.86,rated_capped,False,,30.75,4.47,27.9,17,0,10
2025-01-15 07:07:37.000+05:30,9.39,64.02,770.61,12.037019681349578,6.96,rated_capped,False,,30.83,4.44,27.9,-25,0,10
2025-01-15 07:07:38.000+05:30,9.22,65.9,791.4,12.009104704097116,6.96,rated_capped,False,,30.28,5.22,27.9,25,0,10
2025-01-15 07:07:39.000+05:30,9.26,64.62,778.41,12.045961002785514,6.65,rated_capped,False,,29.85,4.98,27.9,-30,0,10
2025-01-15 07:07:40.000+05:30,9.15,66.4,796.25,11.99171686746988,6.51,rated_capped,False,,30.39,4.83,27.9,11,0,10
2025-01-15 07:07:41.000+05:30,9.05,65.77,792.87,12.055192336931732,6.65,rated_capped,False,,30.54,5.36,27.9,0,0,10
2025-01-15 07:07:42.000+05:30,8.91,64.52,776.44,12.034097954122755,6.43,rated_capped,False,,30.38,5.29,27.9,7,0,10
2025-01-15 07:07:43.000+05:30,9.13,66.56,795.37,11.949669471153847,7.04,rated_capped,False,,29.95,5.66,27.9,-13,0,10
2025-01-15 07:07:44.000+05:30,9.15,65.68,792.85,12.07140682095006,7.06,rated_capped,False,,29.97,5.55,27.9,-25,0,10
2025-01-15 07:07:45.000+05:30,9.34,66.11,798.31,12.075480260172439,6.75,rated_capped,False,,30.26,5.31,27.9,21,0,10
2025-01-15 07:07:46.000+05:30,9.33,64.8,781.89,12.066203703703705,6.55,rated_capped,False,,30.22,5.03,27.9,-3,0,10
2025-01-15 07:07:47.000+05:30,9.64,64.73,777.95,12.018384056851538,6.67,rated_capped,False,,30.97,5.53,27.9,27,0,10
2025-01-15 07:07:48.000+05:30,9.51,66.52,801.44,12.048105832832233,6.81,rated_capped,False,,30.89,5.86,27.9,1,0,10
2025-01-15 07:07:49.000+05:30,9.76,64.7,778.11,12.026429675425039,6.83,rated_capped,False,,31.87,5.58,27.9,6,0,10
2025-01-15 07:07:50.000+05:30,9.7,66.11,796.4,12.046589018302829,6.83,rated_capped,False,,32.3,6.47,27.9,-28,0,10
2025-01-15 07:07:51.000+05:30,9.72,63.66,768.37,12.069902607602891,6.84,rated_capped,False,,31.81,6.2,27.9,-1,0,10
2025-01-15 07:07:52.000+05:30,9.51,65.79,794.05,12.069463444292444,6.78,rated_capped,False,,32.56,6.3,27.9,-3,0,10
2025-01-15 07:07:53.000+05:30,9.57,64.45,774.7,12.020170674941815,6.66,rated_capped,False,,32.95,6.72,27.9,-17,0,10
2025-01-15 07:07:54.000+05:30,9.59,66.0,792.01,12.000151515151515,6.77,rated_capped,False,,32.38,6.64,27.9,-19,0,10
2025-01-15 07:07:55.000+05:30,9.64,65.99,796.71,12.073192908016368,6.63,rated_capped,False,,31.96,5.85,27.9,0,0,10
2025-01-15 07:07:56.000+05:30,9.89,64.79,775.82,11.974378762154654,6.82,rated_capped,False,,32.14,6.34,27.9,-19,0,10
2025-01-15 07:07:57.000+05:30,10.13,64.1,770.35,12.017940717628706,6.73,rated_capped,False,,31.86,7.22,27.9,8,0,10
2025-01-15 07:07:58.000+05:30,10.02,64.84,784.96,12.106107341147439,6.64,rated_capped,False,,30.92,6.74,27.9,28,0,10
2025-01-15 07:07:59.000+05:30,9.93,64.85,778.51,12.00478026214341,6.96,rated_capped,False,,31.04,7.24,27.9,7,0,10
2025-01-15 07:08:00.000+05:30,9.97,66.0,791.7,11.995454545454546,6.71,rated_capped,False,,30.94,7.3,27.9,-29,0,10
2025-01-15 07:08:01.000+05:30,9.86,65.6,784.81,11.963567073170731,6.72,rated_capped,False,,30.87,6.01,27.9,3,0,10
2025-01-15 07:08:02.000+05:30,9.84,65.57,789.91,12.04682019216105,6.75,rated_capped,False,,31.67,5.41,27.9,-8,0,10
2025-01-15 07:08:03.000+05:30,9.88,63.86,768.71,12.037425618540558,6.74,rated_capped,False,,31.63,5.9,27.9,-22,0,10
2025-01-15 07:08:04.000+05:30,9.7,64.77,778.54,12.020071020534198,6.89,rated_capped,False,,31.33,5.98,27.8,22,0,10
2025-01-15 07:08:05.000+05:30,9.69,62.86,756.67,12.03738466433344,7.01,rated_capped,False,,31.81,6.18,27.9,3,0,10
2025-01-15 07:08:06.000+05:30,9.59,67.23,803.03,11.94451881600476,7.06,rated_capped,False,,31.86,6.8,27.8,5,0,10
2025-01-15 07:08:07.000+05:30,9.52,67.76,816.32,12.047225501770956,6.86,rated_capped,False,,32.11,6.47,27.9,-1,0,10
2025-01-15 07:08:08.000+05:30,9.42,67.87,817.3,12.042139384116693,6.67,rated_capped,False,,32.43,6.13,27.9,9,0,10
2025-01-15 07:08:09.000+05:30,9.34,66.28,798.72,12.050694025347013,6.74,rated_capped,False,,32.96,5.91,27.9,12,0,10
2025-01-15 07:08:10.000+05:30,9.23,66.24,804.93,12.151721014492754,6.8,rated_capped,False,,32.73,5.57,27.9,-15,0,10
2025-01-15 07:08:11.000+05:30,9.54,68.66,827.4,12.050684532478881,6.76,rated_capped,False,,32.3,4.78,27.8,21,0,10
2025-01-15 07:08:12.000+05:30,9.37,66.97,801.83,11.972972972972974,6.72,rated_capped,False,,32.05,5.5,27.9,-20,0,10
2025-01-15 07:08:13.000+05:30,9.39,65.17,785.54,12.053705692803437,6.95,rated_capped,False,,32.13,6.17,27.9,-12,0,10
2025-01-15 07:08:14.000+05:30,9.43,66.28,797.47,12.031834640917321,7.06,rated_capped,False,,32.51,6.32,27.8,24,0,10
2025-01-15 07:08:15.000+05:30,9.55,65.03,781.39,12.015838843610641,6.75,rated_capped,False,,32.33,6.38,27.8,28,0,10
2025-01-15 07:08:16.000+05:30,9.87,64.45,778.98,12.086578743211792,6.73,rated_capped,False,,32.07,6.16,27.8,3,0,10
2025-01-15 07:08:17.000+05:30,10.07,65.65,791.96,12.063366336633663,7.02,rated_capped,False,,32.33,5.62,27.8,23,0,10
2025-01-15 07:08:18.000+05:30,10.02,64.64,781.54,12.09065594059406,6.99,rated_capped,False,,32.83,4.92,27.8,4,0,10
2025-01-15 07:08:19.000+05:30,10.09,63.2,763.15,12.0751582278481,6.64,rated_capped,False,,32.75,4.55,27.8,-8,0,10
2025-01-15 07:08:20.000+05:30,10.14,63.82,773.46,12.119398307740521,6.65,rated_capped,False,,32.95,4.38,27.8,-4,0,10
2025-01-15 07:08:21.000+05:30,9.88,64.98,785.71,12.091566635887965,6.65,rated_capped,False,,32.93,4.27,27.9,-23,0,10
2025-01-15 07:08:22.000+05:30,9.66,66.75,800.36,11.990411985018726,6.83,rated_capped,False,,32.67,3.91,27.8,2,0,10
2025-01-15 07:08:23.000+05:30,9.68,65.25,785.0,12.030651340996169,6.64,rated_capped,False,,32.16,3.93,27.8,-23,0,10
2025-01-15 07:08:24.000+05:30,9.9,65.35,783.3,11.986228003060445,6.84,rated_capped,False,,32.4,3.29,27.8,-4,0,10
2025-01-15 07:08:25.000+05:30,9.86,65.33,789.36,12.082657278432574,6.7,rated_capped,False,,32.7,3.4,27.8,-8,0,10
2025-01-15 07:08:26.000+05:30,9.64,66.82,803.31,12.021999401376833,6.67,rated_capped,False,,32.95,2.86,27.9,24,0,10
2025-01-15 07:08:27.000+05:30,9.74,66.14,793.89,12.00317508315694,6.81,rated_capped,False,,32.25,3.05,27.9,10,0,10
2025-01-15 07:08:28.000+05:30,9.56,63.38,767.5,12.10949826443673,6.55,rated_capped,False,,32.78,3.07,27.9,-23,0,10
2025-01-15 07:08:29.000+05:30,9.69,66.49,795.9,11.970221085877576,6.62,rated_capped,False,,32.31,3.31,27.9,-28,0,10
2025-01-15 07:08:30.000+05:30,9.74,65.21,787.71,12.079589020088946,6.48,rated_capped,False,,32.92,3.33,27.9,5,0,10
2025-01-15 07:08:31.000+05:30,9.57,63.84,768.13,12.032111528822055,7.0,rated_capped,False,,33.01,3.29,27.9,-22,0,10
2025-01-15 07:08:32.000+05:30,9.64,66.02,790.62,11.975461981217814,6.67,rated_capped,False,,32.95,3.9,27.9,-7,0,10
2025-01-15 07:08:33.000+05:30,9.57,65.67,787.56,11.992690726359067,6.81,rated_capped,False,,32.45,4.19,27.8,-6,0,10
2025-01-15 07:08:34.000+05:30,9.48,69.21,828.67,11.97326975870539,6.53,rated_capped,False,,32.44,5.02,27.8,-5,0,10
2025-01-15 07:08:35.000+05:30,9.69,64.51,781.11,12.108355293752906,6.69,rated_capped,False,,32.47,5.88,27.8,28,0,10
2025-01-15 07:08:36.000+05:30,9.94,66.65,803.29,12.052363090772692,6.63,rated_capped,False,,32.81,5.48,27.8,20,0,10
2025-01-15 07:08:37.000+05:30,10.08,64.79,777.92,12.006791171477078,6.88,rated_capped,False,,32.88,6.5,27.8,5,0,10
2025-01-15 07:08:38.000+05:30,10.29,66.27,802.97,12.116644031990344,6.92,rated_capped,False,,32.69,6.3,27.8,25,0,10
2025-01-15 07:08:39.000+05:30,10.14,66.42,795.91,11.982987052092742,6.6,rated_capped,False,,32.42,7.18,27.9,7,0,10
2025-01-15 07:08:40.000+05:30,10.29,65.53,787.99,12.024874103464063,6.81,rated_capped,False,,32.84,7.5,27.9,-7,0,10
2025-01-15 07:08:41.000+05:30,10.16,64.57,781.42,12.101904909400652,6.89,rated_capped,False,,32.57,6.7,27.9,-5,0,10
2025-01-15 07:08:42.000+05:30,9.87,65.87,788.98,11.977835129801123,7.06,rated_capped,False,,32.45,6.34,27.9,12,0,10
2025-01-15 07:08:43.000+05:30,9.83,63.73,763.78,11.984622626706418,6.74,rated_capped,False,,32.1,5.2,27.9,-25,0,10
2025-01-15 07:08:44.000+05:30,9.98,65.58,787.58,12.009454101860324,6.82,rated_capped,False,,32.21,5.3,27.9,23,0,10
2025-01-15 07:08:45.000+05:30,10.02,65.76,790.3,12.01794403892944,6.7,rated_capped,False,,32.08,5.17,27.9,-17,0,10
2025-01-15 07:08:46.000+05:30,10.17,65.06,783.29,12.039501998155547,6.95,rated_capped,False,,31.83,4.97,27.9,26,0,10
2025-01-15 07:08:47.000+05:30,10.36,65.8,788.02,11.975987841945289,6.45,rated_capped,False,,31.31,4.69,27.9,3,0,10
2025-01-15 07:08:48.000+05:30,10.25,64.85,781.19,12.046106399383193,6.77,rated_capped,False,,30.71,5.87,27.9,-3,0,10
2025-01-15 07:08:49.000+05:30,10.39,68.36,823.28,12.043300175541251,6.77,rated_capped,False,,30.84,5.73,27.9,-25,0,10
2025-01-15 07:08:50.000+05:30,10.43,65.66,787.36,11.991471215351813,6.68,rated_capped,False,,30.93,6.02,27.9,22,0,10
2025-01-15 07:08:51.000+05:30,10.49,65.81,787.62,11.968089955933749,6.67,rated_capped,False,,31.04,6.57,27.8,8,0,10
2025-01-15 07:08:52.000+05:30,10.56,63.04,760.88,12.069796954314722,6.73,rated_capped,False,,31.25,6.11,27.8,14,0,10
2025-01-15 07:08:53.000+05:30,10.51,64.55,774.85,12.003872966692487,6.71,rated_capped,False,,30.74,6.35,27.8,-11,0,10
2025-01-15 07:08:54.000+05:30,10.61,65.92,791.75,12.010770631067961,6.82,rated_capped,False,,30.33,6.19,27.8,-9,0,10
2025-01-15 07:08:55.000+05:30,10.89,66.91,804.95,12.030339261694815,6.84,rated_capped,False,,30.4,5.94,27.8,-21,0,10
2025-01-15 07:08:56.000+05:30,10.7,65.31,786.06,12.035829122645842,6.58,rated_capped,False,,30.3,5.3,27.8,-6,0,10
2025-01-15 07:08:57.000+05:30,11.07,66.51,804.36,12.09382047812359,6.76,rated_capped,False,,30.59,4.9,27.8,4,0,10
2025-01-15 07:08:58.000+05:30,11.11,65.67,788.96,12.01400944114512,6.65,rated_capped,False,,30.18,5.15,27.8,26,0,10
2025-01-15 07:08:59.000+05:30,11.01,65.2,786.76,12.066871165644171,6.7,rated_capped,False,,30.39,4.9,27.8,5,0,10
2025-01-15 07:09:00.000+05:30,11.02,63.71,770.11,12.087741327892012,6.8,rated_capped,False,,30.87,4.74,27.8,28,0,10
2025-01-15 07:09:01.000+05:30,11.31,65.33,785.55,12.024337976427368,6.76,rated_capped,False,,30.91,4.3,27.8,7,0,10
2025-01-15 07:09:02.000+05:30,11.11,67.23,806.57,11.997173880708017,6.62,rated_capped,False,,31.08,4.89,27.8,22,0,10
2025-01-15 07:09:03.000+05:30,10.88,67.44,808.17,11.983540925266905,6.76,rated_capped,False,,31.93,4.27,27.8,-9,0,10
2025-01-15 07:09:04.000+05:30,11.11,67.35,808.75,12.008166295471419,6.6,rated_capped,False,,31.98,4.6,27.8,10,0,10
2025-01-15 07:09:05.000+05:30,11.31,67.01,807.39,12.048798686763169,6.93,rated_capped,False,,31.9,4.71,27.8,-3,0,10
2025-01-15 07:09:06.000+05:30,11.12,65.79,790.3,12.012463900288797,6.84,rated_capped,False,,32.02,5.53,27.8,13,0,10
2025-01-15 07:09:07.000+05:30,11.11,65.69,790.23,12.029684883543919,6.8,rated_capped,False,,31.8,5.31,27.8,-25,0,10
2025-01-15 07:09:08.000+05:30,10.94,64.45,772.13,11.980294802172226,6.81,rated_capped,False,,31.47,5.04,27.8,10,0,10
2025-01-15 07:09:09.000+05:30,11.01,64.2,774.19,12.059034267912773,6.78,rated_capped,False,,31.49,5.5,27.8,-19,0,10
2025-01-15 07:09:10.000+05:30,11.12,62.05,747.04,12.039323126510878,6.88,rated_capped,False,,31.33,4.82,27.8,-17,0,10
2025-01-15 07:09:11.000+05:30,11.28,64.21,773.38,12.04454134869958,6.68,rated_capped,False,,31.41,4.15,27.8,-5,0,10
2025-01-15 07:09:12.000+05:30,11.7,66.15,792.45,11.979591836734693,7.01,rated_capped,False,,31.83,4.51,27.9,-28,0,10
2025-01-15 07:09:13.000+05:30,11.72,64.39,771.48,11.981363565771083,7.02,rated_capped,False,,31.5,4.02,27.8,-12,0,10
2025-01-15 07:09:14.000+05:30,11.49,64.19,775.94,12.088175728306592,6.72,rated_capped,False,,31.71,3.61,27.8,-29,0,10
2025-01-15 07:09:15.000+05:30,11.36,65.04,784.94,12.068573185731857,6.84,rated_capped,False,,31.32,3.44,27.9,22,0,10
2025-01-15 07:09:16.000+05:30,11.4,66.92,802.56,11.992827256425581,6.44,rated_capped,False,,31.42,3.85,27.9,16,0,10
2025-01-15 07:09:17.000+05:30,11.48,65.6,789.83,12.040091463414635,6.44,rated_capped,False,,31.59,3.78,27.9,5,0,10
2025-01-15 07:09:18.000+05:30,11.38,65.83,790.72,12.011544888348778,6.64,rated_capped,False,,31.68,3.57,27.9,-2,0,10
2025-01-15 07:09:19.000+05:30,11.66,65.81,789.79,12.00106366813554,6.66,rated_capped,False,,31.7,3.93,27.9,-4,0,10
2025-01-15 07:09:20.000+05:30,11.54,66.08,794.08,12.016949152542374,6.78,rated_capped,False,,31.89,4.14,27.9,-4,0,10
2025-01-15 07:09:21.000+05:30,11.51,65.85,792.87,12.040546697038726,6.89,rated_capped,False,,31.72,4.98,27.9,30,0,10
2025-01-15 07:09:22.000+05:30,11.54,65.61,794.12,12.103642737387593,6.71,rated_capped,False,,31.77,5.11,27.9,-1,0,10
2025-01-15 07:09:23.000+05:30,11.47,65.68,795.6,12.113276492082825,6.59,rated_capped,False,,32.51,6.38,27.9,5,0,10
2025-01-15 07:09:24.000+05:30,11.31,67.17,808.79,12.040940896233437,6.81,rated_capped,False,,32.58,6.42,27.9,-19,0,10
2025-01-15 07:09:25.000+05:30,11.4,64.16,771.75,12.028522443890274,6.67,rated_capped,False,,32.67,6.74,27.9,21,0,10
2025-01-15 07:09:26.000+05:30,11.46,65.8,796.77,12.108966565349544,6.78,rated_capped,False,,32.97,6.11,27.9,-7,0,10
2025-01-15 07:09:27.000+05:30,11.58,64.85,786.03,12.120740169622206,6.91,rated_capped,False,,32.62,5.73,27.9,27,0,10
2025-01-15 07:09:28.000+05:30,11.46,65.94,795.04,12.057021534728541,6.72,rated_capped,False,,32.59,5.88,27.9,-13,0,10
2025-01-15 07:09:29.000+05:30,11.66,66.46,796.73,11.988113150767381,7.06,rated_capped,False,,32.54,5.36,27.9,-29,0,10
2025-01-15 07:09:30.000+05:30,11.69,67.85,819.11,12.072365512159175,6.87,rated_capped,False,,32.36,5.46,27.9,-11,0,10
2025-01-15 07:09:31.000+05:30,11.68,65.94,794.35,12.046557476493783,6.88,rated_capped,False,,32.48,5.4,27.9,-16,0,10
2025-01-15 07:09:32.000+05:30,11.78,65.6,792.4,12.079268292682928,6.72,rated_capped,False,,32.11,5.36,27.9,-11,0,10
2025-01-15 07:09:33.000+05:30,12.0,66.14,794.0,12.004838221953433,6.73,rated_capped,False,,31.15,5.98,27.9,-16,0,10
2025-01-15 07:09:34.000+05:30,11.84,64.96,780.82,12.020012315270938,6.76,rated_capped,False,,31.15,6.14,27.9,17,0,10
2025-01-15 07:09:35.000+05:30,11.89,64.26,772.36,12.019296607531901,6.56,rated_capped,False,,30.63,6.33,27.9,21,0,10
2025-01-15 07:09:36.000+05:30,11.91,67.86,814.04,11.995873857942824,6.76,rated_capped,False,,30.55,6.67,27.9,11,0,10
2025-01-15 07:09:37.000+05:30,11.75,65.99,792.17,12.004394605243219,6.87,rated_capped,False,,31.16,6.5,27.9,1,0,10
2025-01-15 07:09:38.000+05:30,11.86,64.78,776.41,11.985334979932077,6.99,rated_capped,False,,31.38,6.39,27.9,-27,0,10
2025-01-15 07:09:39.000+05:30,11.64,64.25,774.17,12.049338521400777,6.56,rated_capped,False,,31.12,6.91,27.9,11,0,10
2025-01-15 07:09:40.000+05:30,11.82,66.96,806.05,12.037783751493428,6.74,rated_capped,False,,31.1,7.21,27.9,8,0,10
2025-01-15 07:09:41.000+05:30,11.71,66.91,804.05,12.016888357495143,6.5,rated_capped,False,,30.78,7.06,27.9,-8,0,10
2025-01-15 07:09:42.000+05:30,11.9,64.99,784.24,12.067087244191415,6.85,rated_capped,False,,30.51,5.83,27.9,12,0,10
2025-01-15 07:09:43.000+05:30,11.91,66.47,797.65,12.000150443809238,6.69,rated_capped,False,,30.88,5.47,27.8,26,0,10
2025-01-15 07:09:44.000+05:30,11.81,64.12,768.11,11.979257641921397,6.57,rated_capped,False,,31.08,5.05,27.8,22,0,10
2025-01-15 07:09:45.000+05:30,11.84,68.02,816.94,12.010291090855633,6.65,rated_capped,False,,31.06,5.85,27.8,-23,0,10
2025-01-15 07:09:46.000+05:30,11.68,67.13,804.54,11.984805601072546,6.96,rated_capped,False,,31.24,5.63,27.8,30,0,10
2025-01-15 07:09:47.000+05:30,11.52,65.54,784.26,11.96612755569118,6.61,rated_capped,False,,31.75,6.35,27.8,11,0,10
2025-01-15 07:09:48.000+05:30,11.47,65.77,793.38,12.062946632203133,6.68,rated_capped,False,,31.24,6.39,27.8,3,0,10
2025-01-15 07:09:49.000+05:30,11.53,63.39,759.95,11.988483988010728,6.73,rated_capped,False,,30.85,6.62,27.8,-27,0,10
2025-01-15 07:09:50.000+05:30,11.72,63.24,762.43,12.056135357368753,6.45,rated_capped,False,,30.84,7.0,27.9,-24,0,10
2025-01-15 07:09:51.000+05:30,11.8,63.43,761.3,12.002207157496452,6.67,rated_capped,False,,30.0,6.49,27.9,-2,0,10
2025-01-15 07:09:52.000+05:30,11.84,64.26,772.06,12.0146280734516,6.83,rated_capped,False,,29.57,6.9,27.9,7,0,10
2025-01-15 07:09:53.000+05:30,11.76,67.69,819.45,12.105924065593147,6.43,rated_capped,False,,29.46,6.34,27.9,29,0,10
2025-01-15 07:09:54.000+05:30,11.74,65.38,783.86,11.98929336188437,6.72,rated_capped,False,,30.06,5.7,27.9,12,0,10
2025-01-15 07:09:55.000+05:30,11.65,65.92,789.31,11.973756067961164,6.87,rated_capped,False,,30.63,6.15,27.9,-4,0,10
2025-01-15 07:09:56.000+05:30,11.59,63.67,765.56,12.02387309564944,6.74,rated_capped,False,,30.28,5.9,27.9,1,0,10
2025-01-15 07:09:57.000+05:30,11.75,65.28,783.74,12.005821078431373,6.67,rated_capped,False,,31.23,6.48,27.8,12,0,10
2025-01-15 07:09:58.000+05:30,11.69,64.5,775.99,12.030852713178295,6.77,rated_capped,False,,31.66,6.08,27.8,7,0,10
2025-01-15 07:09:59.000+05:30,11.56,66.25,798.88,12.058566037735849,6.77,rated_capped,False,,31.88,6.2,27.8,27,0,10
2025-01-15 07:10:00.000+05:30,11.55,66.55,803.34,12.07122464312547,6.56,rated_capped,False,,31.89,6.92,27.8,6,0,10
2025-01-15 07:10:01.000+05:30,11.65,66.84,803.81,12.025882704967085,6.67,rated_capped,False,,32.47,7.1,27.8,0,0,10
2025-01-15 07:10:02.000+05:30,11.61,64.34,771.75,11.994870997824059,6.52,rated_capped,False,,32.36,7.05,27.8,20,0,10
2025-01-15 07:10:03.000+05:30,11.62,66.68,801.22,12.015896820635872,6.8,rated_capped,False,,32.74,6.83,27.9,19,0,10
2025-01-15 07:10:04.000+05:30,11.45,64.73,779.6,12.043874555847365,6.79,rated_capped,False,,32.93,6.66,27.9,7,0,10
2025-01-15 07:10:05.000+05:30,11.3,66.89,801.65,11.984601584691283,6.82,rated_capped,False,,32.98,6.54,27.9,7,0,10
2025-01-15 07:10:06.000+05:30,11.33,63.96,770.82,12.051594746716699,6.78,rated_capped,False,,32.92,7.07,27.9,-15,0,10
2025-01-15 07:10:07.000+05:30,11.28,62.66,750.83,11.982604532397065,6.94,rated_capped,False,,32.73,6.89,27.8,0,0,10
2025-01-15 07:10:08.000+05:30,11.21,62.62,754.59,12.050303417438519,6.87,rated_capped,False,,32.88,6.35,27.9,-26,0,10
2025-01-15 07:10:09.000+05:30,11.1,67.58,814.33,12.049866824504292,6.87,rated_capped,False,,32.99,6.52,27.9,14,0,10
2025-01-15 07:17:20.000+05:30,4.16,46.41,558.1,12.025425554837321,1.62,below_rated,True,0.281099211677254,21.35,14.0,27.5,-14,0,10
2025-01-15 07:17:21.000+05:30,4.15,46.48,563.88,12.131669535283994,1.72,below_rated,True,0.30061369499908974,20.47,13.63,27.5,-8,0,10
2025-01-15 07:17:22.000+05:30,3.9,41.47,499.47,12.044128285507597,1.38,below_rated,True,0.29060954220785457,19.91,14.0,27.5,-4,0,10
2025-01-15 07:17:23.000+05:30,3.91,45.5,548.48,12.054505494505495,1.43,below_rated,True,0.29883424924864804,19.09,13.94,27.5,-30,0,10
2025-01-15 07:17:24.000+05:30,3.7,38.04,465.48,12.23659305993691,1.2,below_rated,True,0.29593796211439855,18.41,13.5,27.5,1,0,10
2025-01-15 07:17:25.000+05:30,3.59,37.12,443.42,11.945581896551726,0.86,below_rated,True,0.2321879678386738,17.92,13.05,27.5,-20,0,10
2025-01-15 07:17:26.000+05:30,3.38,38.34,464.62,12.118414188836724,0.78,below_rated,True,0.2523301273350937,18.21,14.0,27.6,-4,0,10
2025-01-15 07:17:27.000+05:30,3.47,38.02,458.46,12.058390320883744,0.76,below_rated,True,0.22722168332991916,17.78,13.4,27.6,-30,0,10
2025-01-15 07:17:28.000+05:30,3.62,37.49,455.04,12.137636703120831,0.8,below_rated,True,0.21066329871434838,17.17,12.7,27.6,16,0,10
2025-01-15 07:17:29.000+05:30,3.62,38.53,470.59,12.213599792369582,0.86,below_rated,True,0.22646304611792453,16.43,13.34,27.6,30,0,10
2025-01-15 07:17:30.000+05:30,3.56,41.01,491.39,11.982199463545477,0.69,below_rated,True,0.1910397327115151,15.68,13.8,27.6,-12,0,10
2025-01-15 07:17:31.000+05:30,3.71,39.39,473.74,12.026910383346028,1.02,below_rated,True,0.2495186706112265,15.34,12.96,27.6,-24,0,10
2025-01-15 07:17:32.000+05:30,3.59,37.77,453.14,11.997352396081546,0.81,below_rated,True,0.21868866738293696,15.09,12.77,27.6,-18,0,10
2025-01-15 07:17:33.000+05:30,3.56,40.52,485.0,11.969397828232971,0.68,below_rated,True,0.18827104093308733,14.76,13.28,27.6,-26,0,10
2025-01-15 07:17:34.000+05:30,3.87,41.95,504.68,12.030512514898689,1.28,below_rated,True,0.27586822439797604,14.14,14.0,27.6,25,0,10
2025-01-15 07:17:35.000+05:30,3.67,41.89,506.14,12.082597278586775,1.03,below_rated,True,0.2602936880889923,13.53,14.0,27.6,17,0,10
2025-01-15 07:17:36.000+05:30,3.69,39.35,469.13,11.921982210927572,1.14,below_rated,True,0.28343296361979736,13.83,13.88,27.5,15,0,10
2025-01-15 07:17:37.000+05:30,3.74,41.51,503.94,12.140207178993014,1.13,below_rated,True,0.2698287626808921,14.1,12.92,27.5,3,0,10
2025-01-15 07:17:38.000+05:30,3.62,40.24,484.44,12.038767395626241,1.04,below_rated,True,0.2738622883286529,14.87,12.71,27.5,-11,0,10
2025-01-15 07:17:39.000+05:30,3.64,37.16,443.93,11.946447793326158,0.89,below_rated,True,0.23052098185417538,14.56,11.68,27.5,11,0,10
2025-01-15 07:17:40.000+05:30,3.7,38.93,468.56,12.035961983046494,1.16,below_rated,True,0.2860733633772519,14.98,12.26,27.6,12,0,10
2025-01-15 07:17:41.000+05:30,3.9,41.16,498.47,12.110544217687076,1.32,below_rated,True,0.27797434472055654,14.53,12.04,27.6,26,0,10
2025-01-15 07:17:42.000+05:30,3.98,45.24,543.13,12.00552608311229,1.36,below_rated,True,0.2694724042282728,14.39,12.05,27.6,-16,0,10
2025-01-15 07:17:43.000+05:30,3.91,41.15,498.42,12.112272174969624,1.39,below_rated,True,0.2904752492696649,13.63,12.28,27.6,1,0,10
2025-01-15 07:17:44.000+05:30,3.99,42.73,508.64,11.903580622513457,1.35,below_rated,True,0.26548481546063396,13.18,12.39,27.6,-22,0,10
2025-01-15 07:17:45.000+05:30,3.68,40.6,497.87,12.262807881773398,0.92,below_rated,True,0.23060513638308555,12.91,12.67,27.6,-28,0,10
2025-01-15 07:17:46.000+05:30,3.55,39.78,477.78,12.010558069381597,0.89,below_rated,True,0.24850180779640307,12.6,13.21,27.6,-30,0,10
2025-01-15 07:17:47.000+05:30,3.67,40.39,484.85,12.00420896261451,0.9,below_rated,True,0.22744108667970198,12.08,12.54,27.6,-19,0,10
2025-01-15 07:17:48.000+05:30,3.57,39.49,474.73,12.021524436566219,0.97,below_rated,True,0.2663125854712221,11.9,12.86,27.5,23,0,10
2025-01-15 07:17:49.000+05:30,3.76,40.49,487.47,12.039268955297604,0.98,below_rated,True,0.23029639830041365,11.27,12.79,27.5,-8,0,10
2025-01-15 07:17:50.000+05:30,3.64,40.62,484.88,11.9369768586903,1.12,below_rated,True,0.2900938198614342,11.16,12.94,27.6,-21,0,10
2025-01-15 07:17:51.000+05:30,3.63,37.53,455.61,12.139888089528377,0.87,below_rated,True,0.22720819026503156,11.34,12.8,27.6,3,0,10
2025-01-15 07:17:52.000+05:30,3.58,41.65,498.97,11.980072028811525,0.81,below_rated,True,0.22052637770435027,11.69,12.98,27.6,27,0,10
2025-01-15 07:17:53.000+05:30,3.69,39.92,478.22,11.979458917835672,1.04,below_rated,True,0.2585704229513941,10.64,13.11,27.6,11,0,10
2025-01-15 07:17:54.000+05:30,3.54,38.75,460.8,11.891612903225807,0.44,below_rated,True,0.12389891277245618,10.38,13.65,27.6,4,0,10
2025-01-15 07:17:55.000+05:30,3.77,41.14,495.84,12.052503646086533,1.29,below_rated,True,0.30073935550356734,10.42,14.0,27.6,1,0,10
2025-01-15 07:17:56.000+05:30,3.61,42.77,517.1,12.090250175356559,0.84,below_rated,True,0.22303975807119952,11.05,14.0,27.6,-8,0,10
2025-01-15 07:17:57.000+05:30,3.77,39.24,470.43,11.988532110091743,1.08,below_rated,True,0.2517817860029866,10.53,14.0,27.5,-22,0,10
2025-01-15 07:17:58.000+05:30,3.75,41.61,501.36,12.049026676279741,1.3,below_rated,True,0.30794570703762675,10.05,14.0,27.5,16,0,10
2025-01-15 07:17:59.000+05:30,3.78,41.18,497.09,12.071151044196212,1.32,below_rated,True,0.3052974217602405,10.3,14.0,27.5,-20,0,10
2025-01-15 07:18:00.000+05:30,4.26,46.38,551.84,11.898231996550237,1.79,below_rated,True,0.28923366362070946,10.59,13.61,27.5,12,0,10
2025-01-15 07:18:01.000+05:30,4.23,43.86,525.64,11.984496124031008,1.56,below_rated,True,0.25747087042706857,10.1,13.72,27.5,17,0,10
2025-01-15 07:18:02.000+05:30,4.23,47.47,564.6,11.893827680640404,2.07,below_rated,True,0.34164403960514866,10.36,14.0,27.5,-29,0,10
2025-01-15 07:18:03.000+05:30,4.41,47.23,565.65,11.976497988566589,2.16,below_rated,True,0.31460280302247934,10.8,13.77,27.5,3,0,10
2025-01-15 07:18:04.000+05:30,4.79,52.62,635.01,12.067844925883694,2.99,below_rated,True,0.33985154849750965,11.05,14.0,27.5,6,0,10
2025-01-15 07:18:05.000+05:30,4.77,48.42,587.24,12.128046261875259,2.92,below_rated,True,0.33608746837916575,11.83,14.0,27.6,-30,0,10
2025-01-15 07:18:06.000+05:30,4.94,54.57,655.57,12.01337731354224,3.45,below_rated,True,0.3574891401631102,12.76,13.37,27.6,25,0,10
2025-01-15 07:18:07.000+05:30,4.61,51.47,618.67,12.020011657276083,2.93,below_rated,True,0.37358501621745427,12.79,13.08,27.5,27,0,10
2025-01-15 07:18:08.000+05:30,4.28,46.87,566.66,12.090036270535524,2.28,below_rated,True,0.36326883819668976,12.98,12.87,27.5,-8,0,10
2025-01-15 07:18:09.000+05:30,4.3,46.52,562.06,12.082115219260531,2.14,below_rated,True,0.33622732980805203,12.97,13.11,27.6,9,0,10
2025-01-15 07:18:10.000+05:30,4.73,49.49,593.39,11.99009900990099,3.05,below_rated,True,0.3600319329555314,13.16,13.19,27.5,-24,0,10
2025-01-15 07:18:11.000+05:30,4.85,52.17,629.39,12.064213149319531,3.28,below_rated,True,0.3591478185617885,13.62,12.73,27.5,-27,0,10
2025-01-15 07:18:12.000+05:30,4.76,48.82,586.17,12.006759524784924,2.93,below_rated,True,0.3393683736570293,14.16,12.68,27.5,10,0,10
2025-01-15 07:18:13.000+05:30,4.91,54.39,658.12,12.100018385732671,3.05,below_rated,True,0.3218696056921217,14.43,13.4,27.5,-20,0,10
2025-01-15 07:18:14.000+05:30,5.03,55.8,675.41,12.104121863799284,3.58,below_rated,True,0.3514015529761763,14.5,12.89,27.5,-1,0,10
2025-01-15 07:18:15.000+05:30,4.93,54.29,653.82,12.043101860379444,3.45,below_rated,True,0.35966894600823546,14.44,12.74,27.5,-24,0,10
2025-01-15 07:18:16.000+05:30,4.69,52.11,627.11,12.034350412588754,2.84,below_rated,True,0.34389385608298534,14.35,12.9,27.5,-17,0,10
2025-01-15 07:18:17.000+05:30,4.55,48.55,586.43,12.078887744593203,2.26,below_rated,True,0.29970835789112754,14.29,12.43,27.5,-25,0,10
2025-01-15 07:18:18.000+05:30,4.44,49.66,597.87,12.039267015706807,2.21,below_rated,True,0.3154045603167538,14.15,12.04,27.6,13,0,10
2025-01-15 07:18:19.000+05:30,4.51,50.73,613.29,12.089296274393849,2.52,below_rated,True,0.3431591000083418,14.35,13.17,27.5,18,0,10
2025-01-15 07:18:20.000+05:30,4.69,50.45,609.42,12.079682854311198,3.06,below_rated,True,0.3705335209908222,14.86,13.06,27.5,4,0,10
2025-01-15 07:18:21.000+05:30,4.57,48.44,581.92,12.013212221304707,2.62,below_rated,True,0.3429077464208883,14.85,13.9,27.5,23,0,10
2025-01-15 07:18:22.000+05:30,4.58,49.43,598.07,12.099332389237306,2.81,below_rated,True,0.36537135087148376,15.15,13.92,27.5,19,0,10
2025-01-15 07:18:23.000+05:30,4.6,49.84,604.26,12.123996789727126,2.39,below_rated,True,0.30672488401005893,15.08,13.83,27.5,10,0,10
2025-01-15 07:18:24.000+05:30,4.69,50.76,609.43,12.006107171000787,2.93,below_rated,True,0.3547919008180095,14.79,14.0,27.5,28,0,10
2025-01-15 07:18:25.000+05:30,4.56,46.95,563.9,12.010649627263044,2.92,below_rated,True,0.38469179943974635,14.51,14.0,27.6,4,0,10
2025-01-15 07:18:26.000+05:30,4.44,45.09,544.12,12.0674207141273,2.32,below_rated,True,0.33110342983478225,14.43,13.88,27.6,-26,0,10
2025-01-15 07:18:27.000+05:30,4.46,50.76,612.39,12.064420803782506,2.4,below_rated,True,0.3379335188420934,14.29,14.0,27.6,-13,0,10
2025-01-15 07:18:28.000+05:30,4.44,49.17,592.08,12.041488712629652,2.6,below_rated,True,0.37106418860794566,14.8,13.03,27.5,13,0,10
2025-01-15 07:18:29.000+05:30,4.46,48.76,587.29,12.044503691550451,2.55,below_rated,True,0.35905436376972427,15.46,12.92,27.5,17,0,10
2025-01-15 07:18:30.000+05:30,4.62,49.41,595.65,12.055251973284761,2.48,below_rated,True,0.314159617255637,16.28,13.02,27.5,12,0,10
2025-01-15 07:18:31.000+05:30,4.69,50.13,601.2,11.99281867145422,2.77,below_rated,True,0.3354175990668554,16.34,13.06,27.6,-20,0,10
2025-01-15 07:18:32.000+05:30,4.44,47.72,573.95,12.027451802179382,2.29,below_rated,True,0.32682191996622906,15.83,12.71,27.6,-20,0,10
2025-01-15 07:18:33.000+05:30,4.45,48.57,582.1,11.984764257772287,2.26,below_rated,True,0.3203708630654324,15.78,11.97,27.6,7,0,10
2025-01-15 07:18:34.000+05:30,4.6,52.11,631.78,12.123968528113606,2.75,below_rated,True,0.35292612176889626,15.54,11.38,27.6,-23,0,10
2025-01-15 07:18:35.000+05:30,4.58,49.51,601.82,12.155524136538075,2.52,below_rated,True,0.3276639872584125,15.65,11.15,27.6,-16,0,10
2025-01-15 07:18:36.000+05:30,4.66,50.95,609.4,11.960745829244356,2.78,below_rated,True,0.3431718459668261,16.28,11.12,27.6,-15,0,10
2025-01-15 07:18:37.000+05:30,4.75,51.12,620.27,12.133607198748043,3.05,below_rated,True,0.35550328280850213,15.9,11.01,27.6,22,0,10
2025-01-15 07:18:38.000+05:30,4.99,52.84,634.91,12.01570779712339,3.55,below_rated,True,0.3569039226251188,16.26,12.11,27.7,28,0,10
2025-01-15 07:18:39.000+05:30,4.82,51.69,620.54,12.005029986457728,3.02,below_rated,True,0.3368917945128276,16.51,11.95,27.7,-13,0,10
2025-01-15 07:18:40.000+05:30,4.96,54.28,648.64,11.949889462048636,3.59,below_rated,True,0.3675141154681629,16.77,12.62,27.7,-29,0,10
2025-01-15 07:18:41.000+05:30,4.93,52.72,632.83,12.003603945371777,3.46,below_rated,True,0.3607114646923173,17.33,12.8,27.7,2,0,10
2025-01-15 07:18:42.000+05:30,4.91,56.17,675.53,12.026526615631118,3.34,below_rated,True,0.3524736009874382,18.03,12.89,27.7,24,0,10
2025-01-15 07:18:43.000+05:30,4.92,52.27,630.47,12.061794528410177,3.43,below_rated,True,0.35976873301575435,18.25,12.07,27.7,-24,0,10
2025-01-15 07:18:44.000+05:30,4.96,54.19,654.74,12.082303007935044,3.39,below_rated,True,0.34703979148664965,18.23,12.13,27.7,-24,0,10
2025-01-15 07:18:45.000+05:30,4.8,52.6,633.16,12.037262357414448,3.06,below_rated,True,0.3456386652488481,18.18,11.75,27.7,3,0,10
2025-01-15 07:18:46.000+05:30,4.73,51.05,621.79,12.18001958863859,2.73,below_rated,True,0.3222580908093773,18.5,11.21,27.7,1,0,10
2025-01-15 07:18:47.000+05:30,4.56,47.81,569.67,11.915289688349716,2.73,below_rated,True,0.35966048372277654,18.22,11.34,27.7,-6,0,10
2025-01-15 07:18:48.000+05:30,4.52,51.03,610.12,11.956104252400548,2.45,below_rated,True,0.33141746030026886,18.36,10.5,27.7,5,0,10
2025-01-15 07:18:49.000+05:30,4.53,50.29,603.71,12.00457347385166,2.46,below_rated,True,0.3305712698389678,18.4,9.88,27.7,4,0,10
2025-01-15 07:18:50.000+05:30,4.44,48.3,584.09,12.092960662525881,2.06,below_rated,True,0.2939970109739877,17.93,9.28,27.7,-23,0,10
2025-01-15 07:18:51.000+05:30,4.49,47.6,569.83,11.971218487394959,2.4,below_rated,True,0.33120495367723085,18.44,8.67,27.7,-4,0,10
2025-01-15 07:18:52.000+05:30,4.15,46.36,557.37,12.02264883520276,1.72,below_rated,True,0.30061369499908974,17.83,8.22,27.7,-5,0,10
2025-01-15 07:18:53.000+05:30,4.16,46.59,560.23,12.02468340845675,1.7,below_rated,True,0.29498065422921715,17.41,8.06,27.7,26,0,10
2025-01-15 07:18:54.000+05:30,4.14,46.58,558.3,11.985830828681838,1.71,below_rated,True,0.30103687154249287,16.98,8.75,27.8,-17,0,10
2025-01-15 07:18:55.000+05:30,4.07,46.1,558.07,12.105639913232105,1.76,below_rated,True,0.32610243759162366,16.91,8.32,27.7,11,0,10
2025-01-15 07:18:56.000+05:30,3.94,44.2,537.08,12.151131221719456,1.53,below_rated,True,0.3124837014753941,16.07,8.21,27.7,-12,0,10
2025-01-15 07:18:57.000+05:30,3.9,43.72,521.81,11.93526989935956,1.14,below_rated,True,0.24006875225866248,15.52,8.81,27.8,-13,0,10
2025-01-15 07:18:58.000+05:30,3.89,43.63,522.93,11.985560394224155,1.18,below_rated,True,0.2504135403512855,15.43,8.48,27.8,7,0,10
2025-01-15 07:18:59.000+05:30,3.87,42.2,510.44,12.095734597156397,1.33,below_rated,True,0.286644326913522,15.46,9.03,27.8,25,0,10
2025-01-15 07:19:00.000+05:30,3.79,39.46,476.3,12.0704510897111,1.43,below_rated,True,0.3281277893059098,15.83,9.52,27.8,12,0,10
2025-01-15 07:19:01.000+05:30,4.0,44.01,532.41,12.097477845944104,1.39,below_rated,True,0.27130602053415465,16.2,10.08,27.8,-24,0,10
2025-01-15 07:19:02.000+05:30,4.16,45.49,545.25,11.986150802374148,1.92,below_rated,True,0.3331546212471158,16.49,9.8,27.8,26,0,10
2025-01-15 07:19:03.000+05:30,4.36,48.66,581.15,11.94307439375257,2.15,below_rated,True,0.32404371097827445,16.55,9.74,27.8,13,0,10
2025-01-15 07:19:04.000+05:30,4.09,43.15,520.39,12.06002317497103,1.84,below_rated,True,0.335948343486159,16.71,9.72,27.8,30,0,10
2025-01-15 07:19:05.000+05:30,4.0,44.89,541.74,12.068166629538872,1.61,below_rated,True,0.31424654176977623,16.51,9.27,27.8,-28,0,10
2025-01-15 07:19:06.000+05:30,3.97,41.67,503.18,12.075353971682265,1.39,below_rated,True,0.2775031293633834,15.93,10.26,27.8,28,0,10
2025-01-15 07:19:07.000+05:30,4.03,45.54,551.38,12.107597716293368,1.75,below_rated,True,0.33400080632564166,15.65,9.99,27.8,19,0,10
2025-01-15 07:19:08.000+05:30,3.96,44.82,535.48,11.947344935296742,1.2,below_rated,True,0.24139056612608314,14.96,9.86,27.8,2,0,10
2025-01-15 07:19:09.000+05:30,4.12,48.82,584.15,11.965383039737812,1.57,below_rated,True,0.2804352544344475,14.45,9.79,27.8,-12,0,10
2025-01-15 07:19:10.000+05:30,4.31,46.28,553.71,11.964347450302506,1.95,below_rated,True,0.3042477715058576,14.79,10.25,27.8,-1,0,10
2025-01-15 07:19:11.000+05:30,4.26,45.55,550.11,12.077058177826565,1.86,below_rated,True,0.3005444772818545,14.43,10.34,27.8,-5,0,10
2025-01-15 07:19:12.000+05:30,4.29,47.59,570.09,11.97919731035932,1.9,below_rated,True,0.3006120113431786,14.25,10.32,27.8,5,0,10
2025-01-15 07:19:13.000+05:30,4.01,45.1,547.95,12.149667405764967,1.49,below_rated,True,0.2886541166280017,14.11,10.27,27.8,-7,0,10
2025-01-15 07:19:14.000+05:30,3.94,43.78,517.53,11.821151210598446,1.52,below_rated,True,0.310441324341568,14.21,10.42,27.9,19,0,10
2025-01-15 07:19:15.000+05:30,4.0,43.2,515.89,11.941898148148146,1.6,below_rated,True,0.3122946998954298,14.4,10.19,27.9,12,0,10
2025-01-15 07:19:16.000+05:30,4.2,45.36,549.24,12.10846560846561,1.85,below_rated,True,0.3119237635279911,14.7,9.7,27.9,7,0,10
2025-01-15 07:19:17.000+05:30,4.01,43.0,518.69,12.062558139534884,1.43,below_rated,True,0.2770304609248607,15.14,9.68,27.8,0,0,10
2025-01-15 07:19:18.000+05:30,3.91,40.41,489.55,12.114575600098986,1.27,below_rated,True,0.2653982493327154,15.29,8.83,27.9,16,0,10
2025-01-15 07:19:19.000+05:30,3.84,39.58,474.41,11.986104092976252,0.89,below_rated,True,0.19634549381604552,15.36,9.32,27.9,12,0,10
2025-01-15 07:19:20.000+05:30,3.79,43.59,526.54,12.079376003670564,1.22,below_rated,True,0.2799411908763706,15.68,9.34,27.9,14,0,10
2025-01-15 07:19:21.000+05:30,3.96,41.83,502.41,12.01075782930911,1.24,below_rated,True,0.24943691833028592,15.76,8.58,27.9,15,0,10
2025-01-15 07:19:22.000+05:30,3.75,41.97,506.83,12.076006671431974,1.1,below_rated,True,0.2605694444164534,15.65,9.08,27.9,-27,0,10
2025-01-15 07:19:23.000+05:30,3.73,42.63,514.78,12.075533661740558,1.09,below_rated,True,0.2623763024841189,15.78,8.44,27.9,-5,0,10
2025-01-15 07:19:24.000+05:30,3.82,43.37,526.38,12.136961032972101,1.27,below_rated,True,0.2846021897271031,15.62,7.98,27.9,-21,0,10
2025-01-15 07:19:25.000+05:30,3.69,38.16,462.01,12.107180293501049,1.11,below_rated,True,0.27597420141927637,15.42,7.78,27.9,-4,0,10
2025-01-15 07:19:26.000+05:30,3.87,43.31,525.58,12.135303625028863,1.4,below_rated,True,0.3017308704352863,15.81,7.17,27.9,28,0,10
2025-01-15 07:19:27.000+05:30,3.89,42.34,505.06,11.92867264997638,1.31,below_rated,True,0.2780014727628678,15.45,6.47,27.9,25,0,10
2025-01-15 07:19:28.000+05:30,4.04,46.57,561.73,12.062057118316513,1.39,below_rated,True,0.26332695060390565,16.19,7.38,27.9,-5,0,10
2025-01-15 07:19:29.000+05:30,3.68,39.7,476.81,12.010327455919395,1.15,below_rated,True,0.2882564204788569,16.14,6.98,27.9,-4,0,10
2025-01-15 07:19:30.000+05:30,3.8,43.12,510.7,11.84369202226345,0.74,below_rated,True,0.16846338965054533,15.78,7.12,27.8,-28,0,10
2025-01-15 07:19:31.000+05:30,3.65,40.26,488.46,12.13263785394933,1.11,below_rated,True,0.28514712057019787,15.56,7.88,27.8,22,0,10
2025-01-15 07:19:32.000+05:30,3.78,41.41,499.31,12.057715527650327,0.81,below_rated,True,0.1873415997165112,14.52,8.89,27.8,-16,0,10
2025-01-15 07:19:33.000+05:30,3.83,39.71,480.01,12.087887182070007,0.99,below_rated,True,0.22012201398395573,14.06,9.09,27.9,-10,0,10
2025-01-15 07:19:34.000+05:30,3.82,42.04,510.45,12.142007611798288,1.16,below_rated,True,0.2599516063649131,14.5,9.13,27.9,11,0,10
2025-01-15 07:19:35.000+05:30,4.02,43.8,524.97,11.985616438356166,1.7,below_rated,True,0.3268852821498254,14.9,9.53,27.9,-3,0,10
2025-01-15 07:19:36.000+05:30,4.16,44.81,537.01,11.984155322472661,1.83,below_rated,True,0.31753799837615726,14.7,9.24,27.9,3,0,10
2025-01-15 07:19:37.000+05:30,4.19,46.56,556.65,11.955541237113401,1.99,below_rated,True,0.33793689740890775,15.13,9.28,27.9,28,0,10
2025-01-15 07:19:38.000+05:30,4.11,43.15,523.9,12.141367323290845,1.7,below_rated,True,0.30587787243596004,15.21,8.88,27.9,-23,0,10
2025-01-15 07:19:39.000+05:30,4.11,42.74,515.03,12.050304164716891,1.65,below_rated,True,0.2968814644231377,15.36,8.81,27.9,30,0,10
2025-01-15 07:19:40.000+05:30,3.98,40.4,485.17,12.009158415841584,1.43,below_rated,True,0.283342307387081,15.42,9.27,27.9,19,0,10
2025-01-15 07:19:41.000+05:30,4.3,45.5,551.47,12.12021978021978,1.96,below_rated,True,0.3079465263662533,15.19,8.45,27.9,29,0,10
2025-01-15 07:19:42.000+05:30,4.23,47.18,570.55,12.093047901653241,1.86,below_rated,True,0.30698449935535094,15.24,8.91,27.9,-6,0,10
2025-01-15 07:19:43.000+05:30,4.13,46.3,552.37,11.930237580993522,1.71,below_rated,True,0.30322887901957607,14.64,8.64,27.9,14,0,10
2025-01-15 07:19:44.000+05:30,4.18,44.27,531.27,12.000677659814771,1.58,below_rated,True,0.27024200017042826,14.53,8.58,27.9,-17,0,10
2025-01-15 07:19:45.000+05:30,4.35,47.87,576.57,12.044495508669314,1.99,below_rated,True,0.3020020636100515,14.88,8.26,27.9,-29,0,10
2025-01-15 07:19:46.000+05:30,4.25,44.19,532.26,12.04480651731161,2.18,below_rated,True,0.35474338717207704,15.5,7.65,27.9,-4,0,10
2025-01-15 07:19:47.000+05:30,4.1,44.29,536.06,12.1034093474825,1.83,below_rated,True,0.3316836962949677,16.02,7.57,27.9,-15,0,10
2025-01-15 07:19:48.000+05:30,4.15,46.88,560.1,11.947525597269625,1.93,below_rated,True,0.33731652985362975,15.59,7.79,27.9,-28,0,10
2025-01-15 07:19:49.000+05:30,3.97,43.41,522.04,12.025800506795669,1.65,below_rated,True,0.3294101895320738,15.81,7.83,27.9,-26,0,10
2025-01-15 07:19:50.000+05:30,3.83,44.67,539.42,12.075665995074994,0.89,below_rated,True,0.19788746711688948,14.99,7.42,27.9,-14,0,10
2025-01-15 07:19:51.000+05:30,4.09,44.09,531.37,12.05193921524155,1.32,below_rated,True,0.24100642032702707,14.79,8.02,27.9,-23,0,10
2025-01-15 07:19:52.000+05:30,4.2,44.23,532.22,12.033009269726431,1.92,below_rated,True,0.3237262843101313,14.67,7.03,27.9,16,0,10
2025-01-15 07:19:53.000+05:30,4.23,47.92,571.87,11.933848080133556,1.7,below_rated,True,0.28057723059360035,14.37,6.75,27.9,2,0,10
2025-01-15 07:19:54.000+05:30,4.3,48.08,579.15,12.04554908485857,2.0,below_rated,True,0.3142311493533197,14.33,6.82,27.9,-28,0,10
2025-01-15 07:19:55.000+05:30,4.22,43.18,515.44,11.93700787401575,2.21,below_rated,True,0.36734956152482917,14.33,6.46,27.9,11,0,10
2025-01-15 07:19:56.000+05:30,3.94,40.69,492.15,12.09510936347997,1.2,below_rated,True,0.24508525605913264,13.94,6.36,27.9,-24,0,10
2025-01-15 07:19:57.000+05:30,3.36,38.08,455.63,11.965073529411764,0.56,below_rated,True,0.18441438722094072,14.48,6.99,27.8,-26,0,10
2025-01-15 07:19:58.000+05:30,3.55,38.51,466.71,12.11918982082576,0.7,below_rated,True,0.1954508600645867,14.41,8.05,27.8,-14,0,10
2025-01-15 07:19:59.000+05:30,3.61,37.23,446.14,11.98334676336288,1.07,below_rated,True,0.2841101680192661,14.53,7.83,27.9,-27,0,10
2025-01-15 07:20:00.000+05:30,3.35,34.67,413.54,11.92789154888953,0.64,below_rated,True,0.2126523360206675,14.03,8.07,27.9,27,0,10
2025-01-15 07:20:01.000+05:30,3.23,35.77,434.56,12.148727984344422,0.51,below_rated,True,0.18905458485051377,14.09,8.35,27.9,16,0,10
2025-01-15 07:20:02.000+05:30,3.36,34.15,416.94,12.209077598828697,0.49,below_rated,True,0.16136258881832313,14.35,7.66,27.9,25,0,10
2025-01-15 07:20:03.000+05:30,3.47,40.32,489.2,12.132936507936508,0.65,below_rated,True,0.19433433442690454,14.22,7.06,27.9,6,0,10
2025-01-15 07:20:04.000+05:30,3.26,34.62,423.26,12.225880993645292,0.31,below_rated,True,0.11177212264718218,13.7,6.38,27.9,-12,0,10
2025-01-15 07:20:05.000+05:30,3.14,35.89,435.13,12.123989969350793,0.62,below_rated,True,0.250165461855362,14.23,6.02,27.9,-18,0,10
2025-01-15 07:20:06.000+05:30,3.16,35.4,427.8,12.084745762711865,0.36,below_rated,True,0.14251673290849548,14.03,5.76,27.9,-13,0,10
2025-01-15 07:20:07.000+05:30,3.0,32.31,388.83,12.034354688950788,0.65,below_rated,True,0.3007282295289324,13.15,5.21,27.9,12,0,10
2025-01-15 07:20:08.000+05:30,3.1,35.31,420.68,11.91390540923251,0.26,below_rated,True,0.10902168033676177,12.96,4.86,27.9,-5,0,10
2025-01-15 07:20:09.000+05:30,3.26,33.02,398.2,12.059357964869774,0.64,below_rated,True,0.23075534998127933,12.91,4.49,27.9,-16,0,10
2025-01-15 07:20:10.000+05:30,3.12,36.74,439.7,11.967882416984212,0.33,below_rated,True,0.13572966050808424,12.34,5.01,27.9,3,0,10
2025-01-15 07:20:11.000+05:30,3.27,35.68,433.72,12.155829596412557,0.56,below_rated,True,0.20006419640760303,11.86,4.34,27.9,-19,0,10
2025-01-15 07:20:12.000+05:30,3.04,32.6,393.39,12.06717791411043,0.13,below_rated,True,0.05780257774116049,11.84,5.15,27.9,-22,0,10
2025-01-15 07:20:13.000+05:30,3.23,35.8,427.58,11.943575418994413,0.78,below_rated,True,0.28914230624196224,11.97,5.42,27.9,17,0,10
2025-01-15 07:20:14.000+05:30,3.03,32.45,392.97,12.110015408320493,0.63,below_rated,True,0.28290281503728965,11.84,4.89,27.9,22,0,10
2025-01-15 07:20:15.000+05:30,3.0,36.13,440.21,12.18405756988652,0.19,below_rated,True,0.08790517478538025,11.99,5.57,27.9,-25,0,10
2025-01-15 07:20:16.000+05:30,3.11,33.95,408.13,12.021502209131073,0.49,below_rated,True,0.20348833484524853,12.11,5.12,27.9,25,0,10
2025-01-15 07:20:17.000+05:30,3.07,35.31,424.35,12.017841971112999,0.53,below_rated,True,0.22881545145980908,12.09,4.48,27.9,-13,0,10
2025-01-15 07:20:18.000+05:30,3.33,34.98,417.54,11.936535162950259,0.57,below_rated,True,0.1928265185244709,11.93,5.07,27.9,-17,0,10
2025-01-15 07:20:19.000+05:30,3.43,34.86,415.73,11.92570281124498,0.79,below_rated,True,0.2445509398130279,11.49,4.78,27.9,6,0,10
2025-01-15 07:20:20.000+05:30,3.22,33.78,408.39,12.089698046181171,0.49,below_rated,True,0.1833382450747512,10.97,3.98,27.9,11,0,10
2025-01-15 07:20:21.000+05:30,3.04,32.61,392.1,12.023919043238271,0.3,below_rated,True,0.13339056401806268,11.15,3.93,27.9,-14,0,10
2025-01-15 07:20:22.000+05:30,3.04,31.91,383.07,12.004700720777185,0.41,below_rated,True,0.18230043749135233,10.54,4.49,27.8,-2,0,10
2025-01-15 07:20:23.000+05:30,3.07,32.72,395.01,12.072432762836186,0.67,below_rated,True,0.2892572688265511,10.53,4.16,27.8,-22,0,10
2025-01-15 07:20:24.000+05:30,3.0,33.61,404.12,12.023802439750074,0.31,below_rated,True,0.14342423254456776,10.82,4.75,27.8,18,0,10
2025-01-15 07:20:25.000+05:30,3.01,34.46,412.03,11.956761462565291,0.5,below_rated,True,0.22903144996597646,11.95,4.98,27.8,12,0,10
2025-01-15 07:20:26.000+05:30,3.07,33.26,401.52,12.072158749248347,0.48,below_rated,True,0.20722908811454407,11.72,4.41,27.8,-11,0,10
2025-01-15 07:20:27.000+05:30,3.09,32.86,396.38,12.0626902008521,0.66,below_rated,True,0.27944291453906733,11.54,4.33,27.8,4,0,10
2025-01-15 07:20:28.000+05:30,3.24,36.62,445.56,12.167121791370837,0.52,below_rated,True,0.19098221150798428,10.78,3.45,27.8,-12,0,10
2025-01-15 07:20:29.000+05:30,3.31,34.06,410.33,12.04726952436876,0.47,below_rated,True,0.16189688085399875,10.38,2.72,27.7,-11,0,10
2025-01-15 07:20:30.000+05:30,3.15,35.96,430.24,11.96440489432703,0.71,below_rated,True,0.28376007637060896,10.17,2.9,27.7,13,0,10
2025-01-15 07:20:31.000+05:30,3.05,35.61,437.41,12.283347374333053,0.51,below_rated,True,0.22454079867008317,10.46,2.94,27.7,-25,0,10
2025-01-15 07:20:32.000+05:30,3.2,34.51,412.28,11.946682121124311,0.62,below_rated,True,0.23635585197163872,10.33,2.31,27.7,-2,0,10
2025-01-15 07:20:33.000+05:30,3.05,31.67,381.63,12.05020524155352,0.18,below_rated,True,0.07924969364826465,9.69,2.47,27.7,17,0,10
2025-01-15 07:20:34.000+05:30,3.32,37.23,446.36,11.989255976363149,0.54,below_rated,True,0.18433343397927476,9.05,1.98,27.7,-10,0,10
2025-01-15 07:20:35.000+05:30,3.29,35.5,426.81,12.02281690140845,0.43,below_rated,True,0.1508361249771496,8.82,1.93,27.7,10,0,10
2025-01-15 07:20:36.000+05:30,3.19,35.93,433.88,12.07570275535764,0.5,below_rated,True,0.19240774962036394,9.3,2.54,27.7,-3,0,10
2025-01-15 07:20:37.000+05:30,3.36,36.67,437.37,11.92718843741478,0.82,below_rated,True,0.27003535271637746,9.13,1.67,27.8,30,0,10
2025-01-15 07:20:38.000+05:30,3.23,34.76,418.84,12.049482163406214,0.3,below_rated,True,0.11120857932383163,9.2,1.26,27.8,-21,0,10
2025-01-15 07:20:39.000+05:30,3.0,33.12,398.32,12.02657004830918,0.29,below_rated,True,0.13417105625136985,9.81,1.89,27.8,-19,0,10
2025-01-15 07:20:40.000+05:30,3.0,32.43,390.95,12.055195806352144,0.35,below_rated,True,0.16193058513096362,9.93,1.88,27.8,1,0,10
2025-01-15 07:20:41.000+05:30,3.12,36.19,435.75,12.040618955512572,0.37,below_rated,True,0.1521817405696702,9.77,1.86,27.8,10,0,10
2025-01-15 07:20:42.000+05:30,3.05,34.16,407.13,11.918325526932085,0.59,below_rated,True,0.2597628847359786,9.81,1.16,27.8,10,0,10
2025-01-15 07:20:43.000+05:30,3.0,32.97,398.02,12.072186836518046,0.4,below_rated,True,0.1850635258639584,10.31,0.84,27.8,-12,0,10
2025-01-15 07:20:44.000+05:30,3.17,33.46,401.3,11.993424985056784,0.32,below_rated,True,0.12548643940787282,10.7,0.28,27.8,9,0,10
2025-01-15 07:20:45.000+05:30,3.34,33.69,403.8,11.985752448797864,0.75,below_rated,True,0.25144700550661636,10.51,1.02,27.8,-9,0,10
2025-01-15 07:20:46.000+05:30,3.54,39.56,474.55,11.995702730030333,0.84,below_rated,True,0.23653428802014362,10.26,1.31,27.8,-16,0,10
2025-01-15 07:20:47.000+05:30,3.49,36.16,433.24,11.981194690265488,0.77,below_rated,True,0.22627628990063237,10.83,0.96,27.8,-22,0,10
2025-01-15 07:20:48.000+05:30,3.27,34.33,418.38,12.18700844742208,0.5,below_rated,True,0.1786287467925027,11.01,1.58,27.8,-26,0,10
2025-01-15 07:20:49.000+05:30,3.28,34.88,419.8,12.035550458715596,0.72,below_rated,True,0.25487988957092805,10.46,1.01,27.8,13,0,10
2025-01-15 07:20:50.000+05:30,3.08,36.29,437.9,12.06668503720033,0.56,below_rated,True,0.23942003089240083,10.73,0.28,27.8,6,0,10
2025-01-15 07:20:51.000+05:30,3.0,34.37,420.18,12.225196392202504,0.05,below_rated,True,0.0231329407329948,10.24,0.24,27.8,12,0,10
2025-01-15 07:20:52.000+05:30,3.0,34.75,412.84,11.880287769784172,0.38,below_rated,True,0.1758103495707605,10.3,0.52,27.8,29,0,10
2025-01-15 07:20:53.000+05:30,3.22,36.48,437.97,12.00575657894737,0.41,below_rated,True,0.15340547036866936,10.38,0.17,27.8,-21,0,10
2025-01-15 07:20:54.000+05:30,3.17,37.33,446.98,11.973747656040718,0.24,below_rated,True,0.09411482955590462,10.04,0.44,27.8,26,0,10
2025-01-15 07:20:55.000+05:30,3.31,33.11,395.98,11.959528843249775,0.59,below_rated,True,0.20323225468906225,11.05,0.29,27.8,18,0,10
2025-01-15 07:20:56.000+05:30,3.35,34.86,419.71,12.039873780837636,0.65,below_rated,True,0.21597502877099042,11.52,0.39,27.7,21,0,10
2025-01-15 07:20:57.000+05:30,3.39,36.57,437.16,11.954060705496309,0.34,below_rated,True,0.10901956063694403,11.55,0.87,27.8,-14,0,10
2025-01-15 07:20:58.000+05:30,3.22,33.56,401.32,11.958283671036948,0.44,below_rated,True,0.16463026088345006,11.21,0.42,27.8,19,0,10
2025-01-15 07:20:59.000+05:30,3.18,34.44,412.65,11.981707317073171,0.54,below_rated,True,0.20976692161679086,11.28,0.95,27.8,-28,0,10
2025-01-15 07:21:00.000+05:30,3.13,33.23,398.48,11.99157387902498,0.54,below_rated,True,0.2199810912913244,10.96,0.86,27.8,-29,0,10
2025-01-15 07:21:01.000+05:30,3.19,36.43,445.38,12.225638210266265,0.78,below_rated,True,0.3001560894077677,10.86,0.25,27.8,-14,0,10
2025-01-15 07:21:02.000+05:30,3.36,39.41,468.89,11.897741689926415,0.73,below_rated,True,0.24039732619872628,10.16,0.46,27.8,-27,0,10
2025-01-15 07:21:03.000+05:30,3.15,34.49,415.07,12.03450275442157,0.29,below_rated,True,0.11590200302461494,10.52,0.24,27.8,25,0,10
2025-01-15 07:21:04.000+05:30,3.37,36.85,434.2,11.782903663500678,0.5,below_rated,True,0.16319427029219966,10.11,0.0,27.8,-7,0,10
2025-01-15 07:21:05.000+05:30,3.3,35.46,427.8,12.064297800338409,0.44,below_rated,True,0.1529450626974863,10.08,0.0,27.8,-1,0,10
2025-01-15 07:21:06.000+05:30,3.25,34.38,416.75,12.121873182082606,0.3,below_rated,True,0.10916810629025493,9.7,0.03,27.8,0,0,10
2025-01-15 07:21:07.000+05:30,3.3,35.02,418.47,11.949457452884065,0.44,below_rated,True,0.1529450626974863,9.95,0.0,27.8,5,0,10
2025-01-15 07:21:08.000+05:30,3.41,36.85,443.85,12.044776119402986,0.76,below_rated,True,0.23942806754880347,10.2,0.85,27.8,19,0,10
2025-01-15 07:21:09.000+05:30,3.34,36.42,435.49,11.957440966501922,0.54,below_rated,True,0.1810418439647638,10.18,1.34,27.8,-26,0,10
2025-01-15 07:21:10.000+05:30,3.34,37.3,447.03,11.984718498659518,0.5,below_rated,True,0.16763133700441094,10.5,2.18,27.9,14,0,10
2025-01-15 07:21:11.000+05:30,3.5,38.77,465.48,12.006190353366003,0.57,below_rated,True,0.16607158385109735,10.94,2.54,27.9,20,0,10
2025-01-15 07:21:12.000+05:30,3.44,33.61,408.13,12.143112168997323,0.59,below_rated,True,0.18105115050630724,11.27,2.65,27.9,-20,0,10
2025-01-15 07:21:13.000+05:30,3.63,40.38,482.47,11.94824170381377,0.89,below_rated,True,0.23243136705273343,10.89,2.48,27.9,27,0,10
2025-01-15 07:21:14.000+05:30,3.62,38.33,457.07,11.924602139316463,0.63,below_rated,True,0.16589734773754936,10.63,2.5,27.8,-19,0,10
2025-01-15 07:21:15.000+05:30,3.55,42.54,509.13,11.968265162200282,0.8,below_rated,True,0.2233724115023848,10.51,2.61,27.8,16,0,10
2025-01-15 07:21:16.000+05:30,3.66,41.87,501.69,11.9820874134225,0.87,below_rated,True,0.22166677428623402,11.41,2.33,27.8,-4,0,10
2025-01-15 07:21:17.000+05:30,3.64,38.67,465.05,12.026118438065684,1.09,below_rated,True,0.28232344968657436,12.0,2.3,27.8,27,0,10
2025-01-15 07:21:18.000+05:30,3.57,42.96,517.75,12.051908752327746,1.23,below_rated,True,0.3376953403397971,12.01,2.27,27.8,16,0,10
2025-01-15 07:21:19.000+05:30,3.4,37.83,453.47,11.987047316944226,0.9,below_rated,True,0.2860423670933105,12.35,2.86,27.8,18,0,10
2025-01-15 07:21:20.000+05:30,3.63,37.59,451.4,12.008512902367649,0.92,below_rated,True,0.24026613223428622,12.35,2.98,27.7,-30,0,10
2025-01-15 07:21:21.000+05:30,3.54,37.01,442.13,11.946230748446366,0.85,below_rated,True,0.2393501724013358,12.57,3.7,27.7,-3,0,10
2025-01-15 07:21:22.000+05:30,3.64,37.26,447.56,12.011808910359635,0.79,below_rated,True,0.2046197479379759,12.36,3.86,27.8,-18,0,10
2025-01-15 07:21:23.000+05:30,3.4,39.72,478.3,12.041792547834845,0.78,below_rated,True,0.2479033848142024,12.16,3.62,27.8,-13,0,10
2025-01-15 07:21:24.000+05:30,3.4,37.7,461.27,12.235278514588858,0.41,below_rated,True,0.13030818945361922,11.67,3.11,27.8,-21,0,10
2025-01-15 07:21:25.000+05:30,3.06,34.92,416.23,11.919530355097365,0.36,below_rated,True,0.15695054435846936,11.56,2.15,27.8,-17,0,10
2025-01-15 07:21:26.000+05:30,3.0,34.21,409.52,11.970768781058169,0.29,below_rated,True,0.13417105625136985,11.76,2.19,27.8,-10,0,10
2025-01-15 07:21:27.000+05:30,3.0,34.15,409.64,11.995314787701318,0.24,below_rated,True,0.11103811551837504,11.88,2.08,27.8,9,0,10
2025-01-15 07:21:28.000+05:30,3.0,32.05,385.17,12.017784711388456,0.45,below_rated,True,0.2081964665969532,11.93,2.23,27.8,7,0,10
2025-01-15 07:21:29.000+05:30,3.01,32.7,389.24,11.903363914373088,0.22,below_rated,True,0.10077383798502965,12.24,2.7,27.8,8,0,10
2025-01-15 07:21:30.000+05:30,3.0,31.65,388.94,12.288783570300158,0.34,below_rated,True,0.15730399698436465,12.49,2.52,27.8,-17,0,10
2025-01-15 07:21:31.000+05:30,3.0,32.56,393.31,12.079545454545453,0.15,below_rated,True,0.06939882219898441,11.82,1.92,27.8,27,0,10
2025-01-15 07:21:32.000+05:30,3.0,33.42,403.38,12.070017953321363,0.19,below_rated,True,0.08790517478538025,11.32,1.53,27.7,-14,0,10
2025-01-15 07:21:33.000+05:30,3.27,34.87,421.83,12.097218239174076,0.48,below_rated,True,0.1714835969208026,11.02,1.12,27.7,0,0,10
2025-01-15 07:21:34.000+05:30,3.26,35.47,430.2,12.128559345926135,0.58,below_rated,True,0.2091220359205344,11.15,1.69,27.7,2,0,10
2025-01-15 07:21:35.000+05:30,3.43,39.89,485.63,12.174229130107797,0.83,below_rated,True,0.2569332658795103,10.51,0.96,27.7,18,0,10
2025-01-15 07:21:36.000+05:30,3.26,34.84,422.5,12.12686567164179,0.66,below_rated,True,0.23796645466819433,10.16,0.73,27.7,-16,0,10
2025-01-15 07:21:37.000+05:30,3.33,35.25,425.47,12.070070921985817,0.61,below_rated,True,0.2063582040349601,9.88,0.14,27.7,-8,0,10
2025-01-15 07:21:38.000+05:30,3.32,34.96,423.46,12.112700228832951,0.56,below_rated,True,0.1911605982007294,10.21,0.0,27.7,6,0,10
2025-01-15 07:21:39.000+05:30,3.36,37.72,449.14,11.907211028632025,0.79,below_rated,True,0.2601560105438271,10.21,0.0,27.7,-22,0,10
2025-01-15 07:21:40.000+05:30,3.4,40.31,482.78,11.976680724386007,0.71,below_rated,True,0.22565564515138936,9.59,0.34,27.7,-9,0,10
2025-01-15 07:21:41.000+05:30,3.55,35.86,426.9,11.90462911321807,1.1,below_rated,True,0.3071370658157791,9.39,0.6,27.7,7,0,10
2025-01-15 07:21:42.000+05:30,3.53,36.5,442.79,12.13123287671233,0.58,below_rated,True,0.16471322949913045,9.41,0.51,27.7,-23,0,10
2025-01-15 07:21:43.000+05:30,3.35,36.34,437.72,12.045129334067143,0.48,below_rated,True,0.15948925201550063,8.88,0.0,27.7,5,0,10
2025-01-15 07:21:44.000+05:30,3.49,37.22,448.37,12.04648038688877,0.86,below_rated,True,0.252724167940966,8.67,0.62,27.7,-27,0,10
2025-01-15 07:21:45.000+05:30,3.4,39.32,471.21,11.983977619532045,0.66,below_rated,True,0.20976440253509435,8.41,0.75,27.7,-29,0,10
2025-01-15 07:21:46.000+05:30,3.2,36.82,443.27,12.038837588267246,0.42,below_rated,True,0.16011202875498107,8.77,0.45,27.7,-30,0,10
2025-01-15 07:21:47.000+05:30,3.0,31.73,386.41,12.178064922786007,0.31,below_rated,True,0.14342423254456776,8.59,0.28,27.7,-5,0,10
2025-01-15 07:21:48.000+05:30,3.11,38.58,462.92,11.998963193364439,0.41,below_rated,True,0.17026574956439164,8.55,0.86,27.7,-25,0,10
2025-01-15 07:21:49.000+05:30,3.13,35.24,427.23,12.123439273552782,0.37,below_rated,True,0.15072778477368523,8.86,0.89,27.8,-8,0,10
2025-01-15 07:21:50.000+05:30,3.1,33.37,403.98,12.106083308360805,0.52,below_rated,True,0.21804336067352353,9.08,1.25,27.8,1,0,10
2025-01-15 07:21:51.000+05:30,3.22,37.05,450.11,12.14871794871795,0.18,below_rated,True,0.06734874308868412,9.45,0.97,27.8,-13,0,10
2025-01-15 07:21:52.000+05:30,3.26,38.3,464.45,12.126631853785902,0.6,below_rated,True,0.21633314060744938,8.76,0.56,27.7,-1,0,10
2025-01-15 07:21:53.000+05:30,3.0,31.75,377.55,11.891338582677166,0.33,below_rated,True,0.1526774088377657,8.84,0.36,27.7,21,0,10
2025-01-15 07:21:54.000+05:30,3.1,32.33,391.89,12.121558923600372,0.23,below_rated,True,0.09644225568252002,8.9,0.36,27.7,-17,0,10
2025-01-15 07:21:55.000+05:30,3.0,33.22,399.72,12.032510535821796,0.29,below_rated,True,0.13417105625136985,9.12,0.9,27.7,-28,0,10
2025-01-15 07:21:56.000+05:30,3.0,33.96,413.63,12.179917550058892,0.19,below_rated,True,0.08790517478538025,9.02,1.18,27.7,5,0,10
2025-01-15 07:21:57.000+05:30,3.16,35.27,417.43,11.835270768358377,0.48,below_rated,True,0.19002231054466065,9.31,2.32,27.7,6,0,10
2025-01-15 07:21:58.000+05:30,3.3,36.84,445.63,12.096362649294244,0.76,below_rated,True,0.2641778355683854,9.26,1.87,27.8,-11,0,10
2025-01-15 07:21:59.000+05:30,3.39,37.1,450.13,12.13288409703504,0.51,below_rated,True,0.16352934095541605,8.64,1.84,27.7,3,0,10
2025-01-15 07:22:00.000+05:30,3.31,35.32,426.52,12.075877689694224,0.67,below_rated,True,0.23078917057910459,8.6,2.09,27.7,25,0,10
2025-01-15 07:22:01.000+05:30,3.47,37.94,454.95,11.991302055877702,0.79,below_rated,True,0.2361909603034686,8.44,1.83,27.7,-4,0,10
2025-01-15 07:22:02.000+05:30,3.62,34.68,418.78,12.075547866205305,0.84,below_rated,True,0.22119646365006582,8.86,1.98,27.7,20,0,10
2025-01-15 07:22:03.000+05:30,3.95,42.01,506.72,12.061890026184242,1.27,below_rated,True,0.2574168900178336,9.03,2.08,27.7,26,0,10
2025-01-15 07:22:04.000+05:30,3.65,42.74,520.68,12.182498830135703,0.94,below_rated,True,0.24147593994232974,9.38,2.47,27.7,14,0,10
2025-01-15 07:22:05.000+05:30,3.43,35.53,427.1,12.020827469743878,0.69,below_rated,True,0.21359512464682182,9.11,1.99,27.7,-10,0,10
2025-01-15 07:22:06.000+05:30,3.34,35.63,431.9,12.12180746561886,0.62,below_rated,True,0.20786285788546954,8.5,1.94,27.7,10,0,10
2025-01-15 07:22:07.000+05:30,3.49,41.13,497.71,12.100899586676391,0.78,below_rated,True,0.229214943016225,8.16,2.62,27.7,17,0,10
2025-01-15 07:22:08.000+05:30,3.73,40.18,483.09,12.023145843703334,0.94,below_rated,True,0.2262694718670383,8.64,2.36,27.7,-23,0,10
2025-01-15 07:22:09.000+05:30,3.83,42.82,513.6,11.994395142456796,1.32,below_rated,True,0.2934960186452743,8.59,2.7,27.7,-12,0,10
2025-01-15 07:22:10.000+05:30,3.95,42.49,509.16,11.983054836432101,1.69,below_rated,True,0.34254688514184156,9.06,2.74,27.7,-11,0,10
2025-01-15 07:22:11.000+05:30,4.06,43.8,530.09,12.102511415525116,1.73,below_rated,True,0.3229182627611799,10.09,3.35,27.7,6,0,10
2025-01-15 07:22:12.000+05:30,4.03,43.33,519.55,11.99053773367182,1.57,below_rated,True,0.29964643767500426,9.75,3.25,27.7,-9,0,10
2025-01-15 07:22:13.000+05:30,4.08,41.65,504.78,12.119567827130853,1.29,below_rated,True,0.2372650807294048,10.13,2.9,27.7,11,0,10
2025-01-15 07:22:14.000+05:30,3.93,41.59,502.72,12.087521038711229,1.45,below_rated,True,0.29841108801060506,10.05,3.29,27.7,-10,0,10
2025-01-15 07:22:15.000+05:30,3.6,39.65,477.16,12.034300126103405,0.79,below_rated,True,0.2115164719799293,10.69,3.41,27.7,-12,0,10
2025-01-15 07:22:16.000+05:30,3.75,40.94,497.24,12.145578895945286,1.25,below_rated,True,0.2961016413823334,10.4,2.87,27.7,23,0,10
2025-01-15 07:22:17.000+05:30,3.61,41.53,500.7,12.056344810980013,0.67,below_rated,True,0.17790075941393296,10.38,2.88,27.7,28,0,10
2025-01-15 07:22:18.000+05:30,3.79,40.85,499.77,12.234271725826192,1.3,below_rated,True,0.29829799027809983,10.22,2.68,27.7,18,0,10
2025-01-15 07:22:19.000+05:30,3.72,40.73,489.41,12.015958752762094,1.17,below_rated,True,0.28391062587698374,10.18,2.38,27.7,17,0,10
2025-01-15 07:22:20.000+05:30,3.54,37.13,447.02,12.039321303528142,1.08,below_rated,True,0.30411551316875607,10.58,2.63,27.6,30,0,10
2025-01-15 07:22:21.000+05:30,3.33,33.89,414.45,12.229271171437002,0.52,below_rated,True,0.17591191163635944,11.19,3.63,27.6,-16,0,10
2025-01-15 07:22:22.000+05:30,3.45,37.23,449.22,12.066075745366641,0.75,below_rated,True,0.22815426053746818,11.32,3.14,27.7,-27,0,10
2025-01-15 07:22:23.000+05:30,3.52,40.02,484.78,12.113443278360817,0.8,below_rated,True,0.229132451439993,11.32,3.11,27.7,-8,0,10
2025-01-15 07:22:24.000+05:30,3.53,36.76,444.09,12.080794341675734,0.73,below_rated,True,0.20731147850752624,11.36,3.34,27.7,25,0,10
2025-01-15 07:22:25.000+05:30,3.74,40.05,477.26,11.916604244694133,1.09,below_rated,True,0.26027730205501987,11.1,3.69,27.7,-13,0,10
2025-01-15 07:22:26.000+05:30,3.62,38.13,455.96,11.958038290060319,0.8,below_rated,True,0.21066329871434838,10.81,4.17,27.7,-1,0,10
2025-01-15 07:22:27.000+05:30,3.5,38.99,462.42,11.85996409335727,0.78,below_rated,True,0.22725585158571218,11.11,4.56,27.7,-6,0,10
2025-01-15 07:22:28.000+05:30,3.76,40.78,497.48,12.199117214320745,1.1,below_rated,True,0.2584959572759745,11.32,4.2,27.7,-4,0,10
2025-01-15 07:22:29.000+05:30,4.01,44.54,537.14,12.059721598563089,1.59,below_rated,True,0.30802687613323676,12.0,4.18,27.7,2,0,10
2025-01-15 07:22:30.000+05:30,4.0,45.05,540.58,11.99955604883463,1.28,below_rated,True,0.24983575991634385,11.68,3.91,27.7,-7,0,10
2025-01-15 07:22:31.000+05:30,4.22,43.9,530.1,12.075170842824603,1.92,below_rated,True,0.31914532041976107,11.79,4.38,27.7,-28,0,10
2025-01-15 07:22:32.000+05:30,4.22,46.5,558.42,12.009032258064515,1.63,below_rated,True,0.27094107931469297,11.48,4.97,27.7,21,0,10
2025-01-15 07:22:33.000+05:30,4.32,48.1,582.38,12.107692307692307,2.32,below_rated,True,0.35946892214123,11.95,4.63,27.6,-30,0,10
2025-01-15 07:22:34.000+05:30,4.27,46.33,556.53,12.012303043384415,1.69,below_rated,True,0.27116128576604975,12.34,4.08,27.6,27,0,10
2025-01-15 07:22:35.000+05:30,4.54,49.93,599.73,12.011415982375325,2.59,below_rated,True,0.345745718282568,12.43,3.84,27.6,-25,0,10
2025-01-15 07:22:36.000+05:30,4.46,51.03,612.74,12.007446600039193,2.37,below_rated,True,0.33370934985656725,12.41,3.74,27.7,-14,0,10
2025-01-15 07:22:37.000+05:30,4.35,48.01,582.44,12.131639241824622,2.11,below_rated,True,0.3202132433252305,12.54,3.62,27.7,10,0,10
2025-01-15 07:22:38.000+05:30,4.3,46.8,563.56,12.041880341880342,1.84,below_rated,True,0.2890926574050541,12.92,3.83,27.7,10,0,10
2025-01-15 07:22:39.000+05:30,4.42,46.85,564.32,12.045250800426896,2.26,below_rated,True,0.32693862824603326,13.16,3.46,27.7,-5,0,10
2025-01-15 07:22:40.000+05:30,4.47,48.5,582.19,12.003917525773197,2.21,below_rated,True,0.30909665789840485,13.0,3.86,27.8,29,0,10
2025-01-15 07:22:41.000+05:30,4.63,51.97,623.6,11.99923032518761,2.72,below_rated,True,0.34233439518992104,13.39,4.18,27.8,-2,0,10
2025-01-15 07:22:42.000+05:30,4.77,51.29,623.53,12.15695067264574,2.91,below_rated,True,0.3349364838984152,14.03,3.92,27.8,2,0,10
2025-01-15 07:22:43.000+05:30,4.61,48.32,578.64,11.975165562913906,2.61,below_rated,True,0.33278392229609405,14.02,4.39,27.7,7,0,10
2025-01-15 07:22:44.000+05:30,4.45,48.19,584.14,12.121601992114547,2.33,below_rated,True,0.33029385439931747,14.28,3.14,27.7,-4,0,10
2025-01-15 07:22:45.000+05:30,4.47,48.99,592.27,12.089610124515206,2.12,below_rated,True,0.29650901119665984,13.98,1.65,27.7,15,0,10
2025-01-15 07:22:46.000+05:30,4.62,52.81,635.9,12.041280060594584,2.7,below_rated,True,0.34202861556057257,14.71,0.47,27.7,27,0,10
2025-01-15 07:22:47.000+05:30,4.69,50.86,613.71,12.066653558788833,2.86,below_rated,True,0.34631564380187957,14.74,0.48,27.7,25,0,10
2025-01-15 07:22:48.000+05:30,4.82,53.75,647.33,12.043348837209303,3.22,below_rated,True,0.3592025093812268,15.05,0.82,27.7,13,0,10
2025-01-15 07:22:49.000+05:30,4.8,53.19,647.49,12.173152848279752,3.01,below_rated,True,0.33999097464020683,15.18,1.17,27.6,-24,0,10
2025-01-15 07:22:50.000+05:30,4.7,51.71,621.02,12.009669309611294,2.68,below_rated,True,0.32245255703254644,15.52,1.41,27.7,25,0,10
2025-01-15 07:22:51.000+05:30,4.84,52.83,635.8,12.03482869581677,2.97,below_rated,True,0.3272238645357916,16.34,0.46,27.6,-26,0,10
2025-01-15 07:22:52.000+05:30,4.93,56.24,672.98,11.966216216216216,3.23,below_rated,True,0.33673353495843494,16.32,0.72,27.6,-24,0,10
2025-01-15 07:22:53.000+05:30,5.02,52.03,625.34,12.01883528733423,3.6,below_rated,True,0.3554806407687918,16.25,1.08,27.6,-30,0,10
2025-01-15 07:22:54.000+05:30,4.73,51.78,626.34,12.096176129779838,3.05,below_rated,True,0.3600319329555314,16.52,1.08,27.6,30,0,10
2025-01-15 07:22:55.000+05:30,4.98,52.2,625.72,11.986973180076628,3.89,below_rated,True,0.39344694550308834,16.31,0.55,27.6,-21,0,10
2025-01-15 07:22:56.000+05:30,5.33,60.28,728.95,12.09273390842734,4.6,below_rated,True,0.3794904136432569,16.71,0.04,27.6,27,0,10
2025-01-15 07:22:57.000+05:30,5.43,58.34,698.48,11.972574562907097,5.13,below_rated,True,0.40026026755726213,17.29,0.85,27.6,-12,0,10
2025-01-15 07:22:58.000+05:30,5.56,58.61,706.17,12.048626514246715,4.92,below_rated,True,0.35757350621158357,17.29,0.94,27.6,-29,0,10
2025-01-15 07:22:59.000+05:30,5.7,61.87,741.15,11.979149830289316,5.61,below_rated,True,0.3784102566324561,17.68,1.08,27.5,-3,0,10
2025-01-15 07:23:00.000+05:30,5.55,57.61,699.58,12.14337788578372,5.23,below_rated,True,0.38216186218723575,18.61,0.97,27.5,18,0,10
2025-01-15 07:23:01.000+05:30,5.76,62.15,747.43,12.026226870474657,6.07,below_rated,True,0.3967764119728327,19.34,0.84,27.6,-27,0,10
2025-01-15 07:23:02.000+05:30,5.37,59.66,719.48,12.059671471672814,4.63,below_rated,True,0.37349323411838753,19.67,0.62,27.6,9,0,10
2025-01-15 07:23:03.000+05:30,5.39,61.56,738.33,11.993664717348928,4.91,below_rated,True,0.3916875807352564,19.85,1.24,27.6,20,0,10
2025-01-15 07:23:04.000+05:30,5.4,59.97,725.95,12.10521927630482,4.71,below_rated,True,0.3736493513456978,20.41,1.26,27.6,22,0,10
2025-01-15 07:23:05.000+05:30,5.6,59.44,718.01,12.079576043068641,5.18,below_rated,True,0.36845994566743956,20.94,0.69,27.6,-16,0,10
2025-01-15 07:23:06.000+05:30,5.29,58.56,704.46,12.029713114754099,4.42,below_rated,True,0.3729751164699798,20.83,0.48,27.6,-22,0,10
2025-01-15 07:23:07.000+05:30,5.19,58.95,709.72,12.03935538592027,4.17,below_rated,True,0.37261350072469507,20.32,0.87,27.5,-15,0,10
2025-01-15 07:23:08.000+05:30,4.84,54.22,650.62,11.99963113242346,3.27,below_rated,True,0.36027678014546755,20.08,0.48,27.6,11,0,10
2025-01-15 07:23:09.000+05:30,4.93,52.51,631.81,12.032184345838887,3.6,below_rated,True,0.3753067262694631,20.78,0.59,27.6,23,0,10
2025-01-15 07:23:10.000+05:30,4.98,56.87,684.2,12.030947775628627,3.56,below_rated,True,0.3600696981981991,21.16,0.32,27.6,8,0,10
2025-01-15 07:23:11.000+05:30,4.88,52.15,626.06,12.004985618408437,3.18,below_rated,True,0.34181589871077683,21.79,0.58,27.6,-9,0,10
2025-01-15 07:23:12.000+05:30,4.7,51.22,617.1,12.048028114017962,2.84,below_rated,True,0.3417034559598627,20.98,0.41,27.6,-28,0,10
2025-01-15 07:23:13.000+05:30,4.67,52.52,634.95,12.08968012185834,2.94,below_rated,True,0.3605963228369298,21.1,0.62,27.6,-7,0,10
2025-01-15 07:23:14.000+05:30,4.9,54.55,656.81,12.04051329055912,3.36,below_rated,True,0.3567595786274915,21.74,0.57,27.6,-7,0,10
2025-01-15 07:23:15.000+05:30,4.73,52.4,633.57,12.091030534351146,2.99,below_rated,True,0.35294933755312746,22.03,0.55,27.6,-18,0,10
2025-01-15 07:23:16.000+05:30,5.06,55.22,665.2,12.046360014487506,3.84,below_rated,True,0.37025785331399813,21.93,0.47,27.6,-19,0,10
2025-01-15 07:23:17.000+05:30,4.93,52.87,641.51,12.133724229241537,3.38,below_rated,True,0.3523713152196626,22.1,0.34,27.6,23,0,10
2025-01-15 07:23:18.000+05:30,5.03,54.0,651.86,12.071481481481483,3.96,below_rated,True,0.38870115915800507,21.58,0.2,27.6,-18,0,10
2025-01-15 07:23:19.000+05:30,5.06,56.11,672.37,11.983068971662805,3.63,below_rated,True,0.35000937696088885,21.2,0.67,27.7,-14,0,10
2025-01-15 07:23:20.000+05:30,5.3,56.22,674.31,11.994130202774812,4.31,below_rated,True,0.36163817286734756,21.69,0.91,27.7,8,0,10
2025-01-15 07:23:21.000+05:30,5.29,55.65,667.45,11.993710691823901,4.62,below_rated,True,0.38985181857269374,21.92,1.37,27.7,-8,0,10
2025-01-15 07:23:22.000+05:30,5.37,59.01,714.43,12.106931028639213,4.88,below_rated,True,0.393660255399078,22.45,1.8,27.6,-15,0,10
2025-01-15 07:23:23.000+05:30,5.46,63.28,763.06,12.058470290771174,5.0,below_rated,True,0.3837219839436961,23.05,1.88,27.6,18,0,10
2025-01-15 07:23:24.000+05:30,5.12,57.4,692.14,12.058188153310105,3.91,below_rated,True,0.36390789645645927,22.92,3.01,27.6,-12,0,10
2025-01-15 07:23:25.000+05:30,4.93,55.07,661.93,12.019792990739058,3.43,below_rated,True,0.3575839086400718,22.76,2.64,27.6,0,0,10
2025-01-15 07:23:26.000+05:30,5.05,56.51,684.26,12.108653335692798,3.85,below_rated,True,0.37343171584922225,22.31,2.88,27.6,9,0,10
2025-01-15 07:23:27.000+05:30,4.9,51.1,619.72,12.127592954990215,3.71,below_rated,True,0.3939220347345219,22.09,3.1,27.6,28,0,10
2025-01-15 07:23:28.000+05:30,4.67,52.07,623.93,11.98252352602266,2.81,below_rated,True,0.3446515874733921,21.72,2.99,27.6,22,0,10
2025-01-15 07:23:29.000+05:30,4.38,50.16,600.78,11.977272727272728,2.49,below_rated,True,0.37017034233180723,21.72,4.07,27.6,16,0,10
2025-01-15 07:23:30.000+05:30,4.37,47.23,565.31,11.969299174253653,2.45,below_rated,True,0.366729949325789,21.45,4.36,27.6,-4,0,10
2025-01-15 07:23:31.000+05:30,4.39,47.1,571.52,12.134182590233545,2.29,below_rated,True,0.33811662602113934,21.81,4.21,27.6,-14,0,10
2025-01-15 07:23:32.000+05:30,4.65,52.41,631.06,12.04083190230872,2.64,below_rated,True,0.32799685024393277,21.41,4.78,27.6,30,0,10
2025-01-15 07:23:33.000+05:30,4.7,53.34,644.52,12.083239595050618,2.85,below_rated,True,0.34290663714281994,21.68,4.29,27.6,20,0,10
2025-01-15 07:23:34.000+05:30,4.85,53.45,642.63,12.023012160898034,3.27,below_rated,True,0.35805285570031964,21.62,4.61,27.6,11,0,10
2025-01-15 07:23:35.000+05:30,4.8,50.95,607.69,11.927183513248282,3.02,below_rated,True,0.34112051276193506,21.25,4.35,27.6,23,0,10
2025-01-15 07:23:36.000+05:30,4.7,52.45,631.95,12.048617731172545,2.76,below_rated,True,0.33207800649620456,21.54,3.91,27.6,-8,0,10
2025-01-15 07:23:37.000+05:30,4.66,50.92,617.78,12.132364493322859,2.84,below_rated,True,0.35057843257042665,21.01,4.09,27.6,-10,0,10
2025-01-15 07:23:38.000+05:30,4.63,50.24,605.51,12.05234872611465,2.83,below_rated,True,0.3561788008777487,20.62,4.34,27.6,22,0,10
2025-01-15 07:23:39.000+05:30,4.56,50.56,608.31,12.031447784810124,2.65,below_rated,True,0.34912098236826294,20.34,4.81,27.6,12,0,10
2025-01-15 07:23:40.000+05:30,4.48,49.61,595.34,12.000403144527313,2.5,below_rated,True,0.3473206232537247,20.17,3.88,27.6,-12,0,10
2025-01-15 07:23:41.000+05:30,4.18,48.33,580.38,12.00869025450031,1.77,below_rated,True,0.30273945588712536,20.01,4.55,27.5,-3,0,10
2025-01-15 07:23:42.000+05:30,4.43,48.81,588.52,12.057365293997131,2.55,below_rated,True,0.3663984322737484,20.28,3.92,27.5,-14,0,10
2025-01-15 07:23:43.000+05:30,4.49,45.73,551.12,12.051607260004374,2.32,below_rated,True,0.3201647885546565,19.93,4.33,27.5,-15,0,10
2025-01-15 07:23:44.000+05:30,4.45,47.97,578.68,12.06337294142172,2.4,below_rated,True,0.34021684573320254,19.4,5.09,27.5,-3,0,10
2025-01-15 07:23:45.000+05:30,4.55,49.37,588.96,11.929511849301196,2.62,below_rated,True,0.34744951224546644,19.01,5.29,27.5,-3,0,10
2025-01-15 07:23:46.000+05:30,4.68,51.4,617.55,12.014591439688715,2.75,below_rated,True,0.335134964217492,18.71,5.38,27.5,29,0,10
2025-01-15 07:23:47.000+05:30,4.39,47.03,560.62,11.920476291728683,2.32,below_rated,True,0.3425461014711979,18.6,5.12,27.5,13,0,10
2025-01-15 07:23:48.000+05:30,4.57,48.04,575.81,11.986053288925895,2.42,below_rated,True,0.3167315825719655,18.14,5.17,27.5,6,0,10
2025-01-15 07:23:49.000+05:30,4.35,47.99,581.94,12.126276307564076,2.27,below_rated,True,0.34449481627880246,16.97,4.7,27.5,-13,0,10
2025-01-15 07:23:50.000+05:30,4.53,46.87,558.51,11.916151056112653,2.35,below_rated,True,0.3157896276916969,16.61,5.17,27.5,23,0,10
2025-01-15 07:23:51.000+05:30,4.53,48.11,576.84,11.990022864269383,2.28,below_rated,True,0.30638312814343355,16.36,5.02,27.5,18,0,10
2025-01-15 07:23:52.000+05:30,4.5,48.25,577.85,11.97616580310881,2.21,below_rated,True,0.30295584604396153,16.9,4.94,27.5,-7,0,10
2025-01-15 07:23:53.000+05:30,4.45,46.42,559.6,12.055148642826367,2.16,below_rated,True,0.30619516115988227,16.84,5.22,27.5,6,0,10
2025-01-15 07:23:54.000+05:30,4.45,49.3,592.75,12.023326572008115,2.23,below_rated,True,0.31611815249376735,17.14,5.32,27.5,6,0,10
2025-01-15 07:23:55.000+05:30,4.34,47.68,574.36,12.046140939597315,2.11,below_rated,True,0.3224318029695102,16.97,6.01,27.5,-8,0,10
2025-01-15 07:23:56.000+05:30,4.48,49.69,597.46,12.023747232843633,2.46,below_rated,True,0.3417634932816651,17.09,6.1,27.5,16,0,10
2025-01-15 07:23:57.000+05:30,4.6,51.39,618.52,12.035804631251215,2.42,below_rated,True,0.3105749871566287,16.92,7.25,27.5,-26,0,10
2025-01-15 07:23:58.000+05:30,4.41,49.37,595.94,12.070893255013168,2.18,below_rated,True,0.31751579193935414,17.55,7.57,27.5,16,0,10
2025-01-15 07:23:59.000+05:30,4.09,42.44,512.48,12.075400565504243,1.78,below_rated,True,0.3249935061985668,16.91,7.99,27.5,-29,0,10
2025-01-15 07:24:00.000+05:30,3.91,42.56,508.05,11.937265037593985,1.12,below_rated,True,0.23405199941152852,17.09,7.95,27.5,-25,0,10
2025-01-15 07:24:01.000+05:30,3.82,41.18,498.24,12.099077221952404,1.15,below_rated,True,0.2577106442410776,17.15,7.83,27.5,19,0,10
2025-01-15 07:24:02.000+05:30,3.86,42.3,510.58,12.070449172576833,1.18,below_rated,True,0.25629769375636274,17.29,7.57,27.5,-22,0,10
2025-01-15 07:24:03.000+05:30,4.09,43.77,531.25,12.137308658898789,1.34,below_rated,True,0.24465803275622447,17.22,7.48,27.5,-19,0,10
2025-01-15 07:24:04.000+05:30,4.01,44.96,540.68,12.025800711743772,1.58,below_rated,True,0.30608960018271325,17.67,6.76,27.5,1,0,10
2025-01-15 07:24:05.000+05:30,3.86,43.3,516.65,11.931870669745958,1.27,below_rated,True,0.2758458229411701,17.57,7.03,27.5,20,0,10
2025-01-15 07:24:06.000+05:30,4.12,45.02,541.61,12.030430919591293,1.67,below_rated,True,0.2982973725512913,17.49,7.66,27.5,8,0,10
2025-01-15 07:24:07.000+05:30,4.29,48.33,577.9,11.957376370784193,2.04,below_rated,True,0.32276237007372865,17.23,8.21,27.5,-27,0,10
2025-01-15 07:24:08.000+05:30,4.51,50.12,603.37,12.038507581803671,2.68,below_rated,True,0.3649469793739508,17.08,8.11,27.5,-16,0,10
2025-01-15 07:24:09.000+05:30,4.42,48.17,580.27,12.046294374091758,2.09,below_rated,True,0.30234589957265906,16.77,8.12,27.5,5,0,10
2025-01-15 07:24:10.000+05:30,4.21,48.04,577.62,12.023730224812656,1.66,below_rated,True,0.2778986298451872,16.97,8.15,27.5,-19,0,10
2025-01-15 07:24:11.000+05:30,4.22,46.86,560.02,11.950917626973965,1.83,below_rated,True,0.3041853835250848,16.35,7.99,27.5,27,0,10
2025-01-15 07:24:12.000+05:30,4.4,49.24,594.24,12.068237205523964,2.45,below_rated,True,0.3592796838579089,16.84,8.28,27.5,-26,0,10
2025-01-15 07:24:13.000+05:30,4.5,50.28,608.13,12.094868735083532,2.74,below_rated,True,0.3756104154572193,16.79,8.72,27.5,-14,0,10
2025-01-15 07:24:14.000+05:30,4.34,50.17,602.46,12.008371536774966,2.17,below_rated,True,0.33160047983120244,16.19,9.09,27.5,26,0,10
2025-01-15 07:24:15.000+05:30,4.4,47.43,571.33,12.04575163398693,2.29,below_rated,True,0.33581652083045366,16.62,9.21,27.5,-15,0,10
2025-01-15 07:24:16.000+05:30,4.27,45.93,547.84,11.92771608970172,2.19,below_rated,True,0.3513865182412124,16.82,9.14,27.5,18,0,10
2025-01-15 07:24:17.000+05:30,4.15,43.9,528.58,12.040546697038726,1.74,below_rated,True,0.3041092030804745,16.34,8.32,27.5,26,0,10
2025-01-15 07:24:18.000+05:30,3.98,42.6,513.19,12.046713615023474,1.5,below_rated,True,0.29721221054588914,17.3,8.55,27.5,-3,0,10
2025-01-15 07:24:19.000+05:30,3.75,42.4,510.77,12.046462264150943,1.11,below_rated,True,0.2629382575475121,17.55,8.74,27.5,-2,0,10
2025-01-15 07:24:20.000+05:30,3.82,42.15,514.29,12.201423487544483,1.26,below_rated,True,0.28236122760326765,17.03,8.84,27.5,15,0,10
2025-01-15 07:24:21.000+05:30,3.71,39.43,478.04,12.123763631752473,1.04,below_rated,True,0.2544111935643878,16.67,8.89,27.5,26,0,10
2025-01-15 07:24:22.000+05:30,3.7,41.24,498.04,12.076624636275461,1.04,below_rated,True,0.25647956716581205,16.55,8.53,27.5,-14,0,10
2025-01-15 07:24:23.000+05:30,3.63,41.08,493.46,12.012171372930867,1.09,below_rated,True,0.28466313492975215,15.23,8.36,27.5,-30,0,10
2025-01-15 07:24:24.000+05:30,3.58,37.88,459.52,12.130939809926081,0.8,below_rated,True,0.21780382983145707,15.01,8.69,27.5,-17,0,10
2025-01-15 07:24:25.000+05:30,3.49,38.66,461.0,11.924469736161408,0.75,below_rated,True,0.22039898366944713,14.97,8.9,27.5,17,0,10
2025-01-15 07:24:26.000+05:30,3.54,42.0,508.15,12.098809523809523,0.81,below_rated,True,0.22808663487656705,14.31,10.45,27.5,1,0,10
2025-01-15 07:24:27.000+05:30,3.59,35.47,422.19,11.902734705384832,0.86,below_rated,True,0.2321879678386738,14.17,10.56,27.5,-7,0,10
2025-01-15 07:24:28.000+05:30,3.48,36.8,448.39,12.184510869565218,0.85,below_rated,True,0.2519450318668967,13.93,10.75,27.5,-28,0,10
2025-01-15 07:24:29.000+05:30,3.49,39.37,469.67,11.92964185928372,0.77,below_rated,True,0.22627628990063237,13.57,10.11,27.5,18,0,10
2025-01-15 07:24:30.000+05:30,3.54,34.79,414.99,11.928427709111814,0.78,below_rated,True,0.2196389817329905,12.86,9.99,27.5,-24,0,10
2025-01-15 07:24:31.000+05:30,3.53,39.51,472.81,11.96684383700329,0.71,below_rated,True,0.20163171197307347,12.63,9.8,27.5,-14,0,10
2025-01-15 07:24:32.000+05:30,3.48,37.54,452.0,12.040490143846563,0.51,below_rated,True,0.15116701912013802,12.63,9.47,27.5,-17,0,10
2025-01-15 07:24:33.000+05:30,3.5,39.85,481.27,12.077038895859472,0.6,below_rated,True,0.1748121935274709,13.09,9.59,27.5,-12,0,10
2025-01-15 07:24:34.000+05:30,3.65,41.08,497.1,12.100778967867576,1.01,below_rated,True,0.259458190789099,12.67,9.55,27.5,23,0,10
2025-01-15 07:24:35.000+05:30,4.05,45.48,541.1,11.897537379067723,1.42,below_rated,True,0.26702251356685563,12.7,9.42,27.5,20,0,10
2025-01-15 07:24:36.000+05:30,4.09,43.59,526.06,12.068364303739388,1.78,below_rated,True,0.3249935061985668,13.21,9.34,27.5,-29,0,10
2025-01-15 07:24:37.000+05:30,4.37,49.95,597.38,11.959559559559558,2.21,below_rated,True,0.3308053828612219,13.82,8.51,27.5,-20,0,10
2025-01-15 07:24:38.000+05:30,4.57,51.34,618.73,12.05161667315933,2.35,below_rated,True,0.30756992522484256,13.79,8.05,27.5,8,0,10
2025-01-15 07:24:39.000+05:30,4.59,47.96,585.77,12.21371976647206,2.63,below_rated,True,0.33973656926977325,14.39,7.79,27.6,21,0,10
2025-01-15 07:24:40.000+05:30,4.66,48.33,580.59,12.013035381750466,2.87,below_rated,True,0.35428172587222695,14.47,6.84,27.5,-10,0,10
2025-01-15 07:24:41.000+05:30,4.81,54.2,651.35,12.017527675276753,2.93,below_rated,True,0.32889479175966774,15.21,5.24,27.5,-14,0,10
2025-01-15 07:24:42.000+05:30,4.78,53.38,642.28,12.03222180591982,3.23,below_rated,True,0.36943959331367193,15.19,5.55,27.6,27,0,10
2025-01-15 07:24:43.000+05:30,4.94,55.67,668.69,12.011675947548051,3.59,below_rated,True,0.3719959458508886,15.53,5.02,27.6,20,0,10
2025-01-15 07:24:44.000+05:30,4.98,52.98,640.12,12.082295205738015,3.43,below_rated,True,0.3469210856235458,16.34,5.24,27.6,13,0,10
2025-01-15 07:24:45.000+05:30,5.32,58.23,700.95,12.037609479649667,4.69,below_rated,True,0.3891011826594917,16.74,5.6,27.6,17,0,10
2025-01-15 07:24:46.000+05:30,5.28,57.5,691.93,12.033565217391304,4.48,below_rated,True,0.38019014164858095,17.23,5.48,27.6,20,0,10
2025-01-15 07:24:47.000+05:30,5.44,60.51,728.99,12.047430176830277,4.85,below_rated,True,0.37633069672378344,17.72,5.34,27.6,-12,0,10
2025-01-15 07:24:48.000+05:30,5.42,57.82,699.39,12.095987547561396,4.58,below_rated,True,0.3593289624412388,18.51,4.96,27.6,-12,0,10
2025-01-15 07:24:49.000+05:30,5.23,57.47,689.9,12.00452409953019,4.29,below_rated,True,0.37460781264999266,19.15,4.68,27.5,-21,0,10
2025-01-15 07:24:50.000+05:30,5.33,59.25,715.86,12.082025316455697,4.87,below_rated,True,0.4017648509657959,19.84,4.29,27.6,3,0,10
2025-01-15 07:24:51.000+05:30,5.37,59.16,713.75,12.06473968897904,4.63,below_rated,True,0.37349323411838753,19.99,4.19,27.6,22,0,10
2025-01-15 07:24:52.000+05:30,5.3,57.58,692.4,12.025008683570684,4.36,below_rated,True,0.3658335112996834,19.85,4.4,27.5,-9,0,10
2025-01-15 07:24:53.000+05:30,5.22,59.28,708.47,11.951248313090419,4.31,below_rated,True,0.3785213376370632,20.42,5.32,27.5,-14,0,10
2025-01-15 07:24:54.000+05:30,5.37,58.04,706.04,12.164713990351482,4.37,below_rated,True,0.35251953198646946,20.65,5.55,27.5,16,0,10
2025-01-15 07:24:55.000+05:30,5.1,53.18,641.0,12.053403535163595,3.9,below_rated,True,0.3672642737988184,20.99,5.94,27.5,22,0,10
2025-01-15 07:24:56.000+05:30,5.17,55.13,662.24,12.01233448213314,4.18,below_rated,True,0.37785855332542145,21.22,6.26,27.5,-6,0,10
2025-01-15 07:24:57.000+05:30,5.27,57.01,684.33,12.003683564286968,4.28,below_rated,True,0.365288944434186,21.37,6.61,27.5,8,0,10
2025-01-15 07:24:58.000+05:30,5.35,58.17,699.23,12.020457280385077,4.52,below_rated,True,0.36872424390715247,21.28,6.43,27.5,2,0,10
2025-01-15 07:24:59.000+05:30,5.32,59.46,716.11,12.043558694920955,4.63,below_rated,True,0.38412334236960477,22.08,7.19,27.5,13,0,10
2025-01-15 07:25:00.000+05:30,5.21,58.72,705.39,12.012772479564033,4.09,below_rated,True,0.3612723658225281,21.47,6.42,27.5,-1,0,10
2025-01-15 07:25:01.000+05:30,5.07,54.35,653.84,12.03017479300828,4.07,below_rated,True,0.3901172339045893,22.35,5.71,27.5,6,0,10
2025-01-15 07:25:02.000+05:30,5.1,57.96,698.03,12.043305728088336,3.65,below_rated,True,0.343721692145048,22.78,5.71,27.5,25,0,10
2025-01-15 07:25:03.000+05:30,5.02,58.77,703.75,11.974646928705122,3.53,below_rated,True,0.3485685171982875,22.52,5.83,27.5,21,0,10
2025-01-15 07:25:04.000+05:30,4.82,51.66,619.27,11.987417731320171,3.15,below_rated,True,0.35139375917728705,22.75,5.82,27.5,10,0,10
2025-01-15 07:25:05.000+05:30,4.67,48.28,579.33,11.999378624689314,2.8,below_rated,True,0.3434250693685046,22.18,6.14,27.5,-13,0,10
2025-01-15 07:25:06.000+05:30,4.76,49.28,591.1,11.994724025974026,2.83,below_rated,True,0.32778583530696004,22.1,5.78,27.5,24,0,10
2025-01-15 07:25:07.000+05:30,4.72,52.56,628.6,11.959665144596652,2.99,below_rated,True,0.35519741577132063,21.82,4.93,27.5,9,0,10
2025-01-15 07:25:08.000+05:30,4.79,52.83,638.74,12.09047889456748,2.97,below_rated,True,0.3375782939925096,21.87,5.05,27.5,-9,0,10
2025-01-15 07:25:09.000+05:30,4.69,52.79,637.94,12.084485698048875,2.68,below_rated,True,0.3245195543318312,21.72,5.19,27.5,20,0,10
2025-01-15 07:25:10.000+05:30,4.53,47.68,575.33,12.06648489932886,2.62,below_rated,True,0.3520718402349982,21.56,5.85,27.5,11,0,10
2025-01-15 07:25:11.000+05:30,4.64,48.32,578.55,11.97330298013245,2.47,below_rated,True,0.3088642311618262,21.23,6.08,27.5,-11,0,10
2025-01-15 07:25:12.000+05:30,4.8,50.72,611.14,12.04929022082019,3.11,below_rated,True,0.35128635585748946,20.96,5.39,27.5,-28,0,10
2025-01-15 07:25:13.000+05:30,4.93,50.87,619.97,12.187340279142914,3.53,below_rated,True,0.3680090954808902,21.58,6.08,27.5,14,0,10
2025-01-15 07:25:14.000+05:30,5.05,54.75,663.31,12.11525114155251,4.0,below_rated,True,0.38798100347971143,21.78,6.33,27.5,9,0,10
2025-01-15 07:25:15.000+05:30,4.76,54.52,658.45,12.077219369038884,3.1,below_rated,True,0.35905868885214703,21.35,5.94,27.5,30,0,10
2025-01-15 07:25:16.000+05:30,5.05,53.87,647.68,12.023018377575644,3.71,below_rated,True,0.35985238072743236,20.75,5.29,27.5,11,0,10
2025-01-15 07:25:17.000+05:30,5.11,55.02,663.87,12.0659760087241,4.17,below_rated,True,0.39038934834979017,20.49,5.98,27.5,-30,0,10
2025-01-15 07:25:18.000+05:30,5.0,56.57,681.72,12.05091037652466,3.54,below_rated,True,0.35376743604154287,20.73,4.61,27.5,-30,0,10
2025-01-15 07:25:19.000+05:30,4.92,53.04,633.94,11.95211161387632,3.35,below_rated,True,0.35137762554016827,20.76,5.11,27.5,6,0,10
2025-01-15 07:25:20.000+05:30,4.84,52.37,630.2,12.033607026923812,3.14,below_rated,True,0.3459538500479413,20.2,5.64,27.5,-13,0,10
2025-01-15 07:25:21.000+05:30,4.59,47.99,575.03,11.982287976661803,2.66,below_rated,True,0.34361189135269843,20.15,5.57,27.6,21,0,10
2025-01-15 07:25:22.000+05:30,4.56,48.12,575.38,11.957190357439735,2.25,below_rated,True,0.296423475595695,20.25,5.49,27.5,-14,0,10
2025-01-15 07:25:23.000+05:30,4.5,45.41,547.61,12.059238053292228,2.3,below_rated,True,0.3152934144348921,20.01,5.66,27.5,0,0,10
2025-01-15 07:25:24.000+05:30,4.38,49.04,592.11,12.074021207177815,1.86,below_rated,True,0.2765127858382174,19.85,5.35,27.5,-1,0,10
2025-01-15 07:25:25.000+05:30,4.28,47.48,575.49,12.120682392586353,1.95,below_rated,True,0.3106904537208531,19.78,5.31,27.5,-18,0,10
2025-01-15 07:25:26.000+05:30,4.43,46.92,570.04,12.149190110826938,2.15,below_rated,True,0.30892416838767023,18.95,5.13,27.5,-9,0,10
2025-01-15 07:25:27.000+05:30,4.34,48.66,583.46,11.99054665022606,2.25,below_rated,True,0.34382538231345877,18.38,5.69,27.5,2,0,10
2025-01-15 07:25:28.000+05:30,4.37,47.65,573.22,12.029800629590767,2.24,below_rated,True,0.3352959536692928,18.37,5.81,27.5,24,0,10
2025-01-15 07:25:29.000+05:30,4.09,44.36,537.37,12.113841298467088,1.57,below_rated,True,0.28665157569199434,18.21,5.57,27.5,-3,0,10
2025-01-15 07:25:30.000+05:30,3.88,42.51,509.36,11.982121853681488,1.25,below_rated,True,0.26732491735079766,18.4,5.22,27.5,-25,0,10
2025-01-15 07:25:31.000+05:30,3.67,37.64,452.03,12.009298618490966,0.94,below_rated,True,0.23754957942102206,17.88,4.51,27.5,-11,0,10
2025-01-15 07:25:32.000+05:30,3.57,39.1,480.02,12.276726342710997,0.67,below_rated,True,0.18394786831517404,17.38,4.7,27.5,8,0,10
2025-01-15 07:25:33.000+05:30,3.5,37.29,450.02,12.068114776079378,0.82,below_rated,True,0.2389099978208769,17.48,5.27,27.6,22,0,10
2025-01-15 07:25:34.000+05:30,3.53,38.68,464.62,12.011892450879007,0.57,below_rated,True,0.16187334623190405,17.8,6.18,27.5,-3,0,10
2025-01-15 07:25:35.000+05:30,3.34,37.6,455.05,12.102393617021276,0.57,below_rated,True,0.19109972418502846,17.63,6.18,27.6,16,0,10
2025-01-15 07:25:36.000+05:30,3.03,31.81,377.43,11.86513674944986,0.32,below_rated,True,0.1436966679554487,17.42,6.29,27.6,2,0,10
2025-01-15 07:25:37.000+05:30,3.14,33.27,397.67,11.952810339645325,0.27,below_rated,True,0.10894302371120602,16.72,6.22,27.6,-30,0,10
2025-01-15 07:25:38.000+05:30,3.24,36.63,438.66,11.975429975429975,0.68,below_rated,True,0.24974596889505637,16.92,5.48,27.6,-1,0,10
2025-01-15 07:25:39.000+05:30,3.11,34.89,422.66,12.114072800229293,0.36,below_rated,True,0.14950163376385606,16.66,5.1,27.6,9,0,10
2025-01-15 07:25:40.000+05:30,3.01,34.2,408.18,11.935087719298245,0.23,below_rated,True,0.10535446698434917,15.74,4.85,27.6,-15,0,10
2025-01-15 07:25:41.000+05:30,3.0,32.2,387.91,12.046894409937888,0.15,below_rated,True,0.06939882219898441,15.85,5.61,27.6,26,0,10
2025-01-15 07:25:42.000+05:30,3.0,32.64,397.02,12.16360294117647,0.41,below_rated,True,0.18969011401055738,14.82,5.05,27.5,-3,0,10
2025-01-15 07:25:43.000+05:30,3.06,33.78,400.18,11.846654825340439,0.29,below_rated,True,0.12643238295543366,14.81,4.47,27.5,-2,0,10
2025-01-15 07:25:44.000+05:30,3.0,33.31,397.07,11.920444311017711,0.57,below_rated,True,0.26371552435614076,13.86,5.17,27.5,-6,0,10
2025-01-15 07:25:45.000+05:30,3.26,38.15,458.2,12.01048492791612,0.54,below_rated,True,0.19469982654670445,13.45,5.0,27.5,-12,0,10
2025-01-15 07:25:46.000+05:30,3.32,37.7,451.87,11.985941644562333,0.64,below_rated,True,0.21846925508654785,13.38,5.03,27.5,8,0,10
2025-01-15 07:25:47.000+05:30,3.2,33.97,415.41,12.228731233441273,0.6,below_rated,True,0.22873146964997296,12.86,5.12,27.5,29,0,10
2025-01-15 07:25:48.000+05:30,3.37,37.16,450.17,12.114370290635094,0.84,below_rated,True,0.27416637409089545,12.86,5.52,27.5,-7,0,10
2025-01-15 07:25:49.000+05:30,3.42,38.97,468.48,12.021555042340262,0.52,below_rated,True,0.1623863912399132,12.43,6.43,27.6,-16,0,10
2025-01-15 07:25:50.000+05:30,3.49,38.27,461.76,12.06584792265482,0.99,below_rated,True,0.2909266584436702,12.56,6.37,27.6,-26,0,10
2025-01-15 07:25:51.000+05:30,3.47,38.93,471.41,12.109170305676857,0.65,below_rated,True,0.19433433442690454,12.37,6.32,27.6,1,0,10
2025-01-15 07:25:52.000+05:30,3.49,40.36,484.26,11.998513379583747,0.6,below_rated,True,0.1763191869355577,11.0,6.32,27.6,-2,0,10
2025-01-15 07:25:53.000+05:30,3.59,37.77,454.14,12.023828435266083,0.85,below_rated,True,0.22948810774752643,11.42,6.61,27.6,-24,0,10
2025-01-15 07:25:54.000+05:30,3.39,35.75,429.14,12.003916083916083,0.9,below_rated,True,0.2885811899213224,11.73,5.59,27.6,5,0,10
2025-01-15 07:25:55.000+05:30,3.34,33.78,405.68,12.00947306098283,0.5,below_rated,True,0.16763133700441094,12.03,6.4,27.6,-17,0,10
2025-01-15 07:25:56.000+05:30,3.2,36.22,432.75,11.947818884594147,0.52,below_rated,True,0.1982339403633099,11.86,6.33,27.5,28,0,10
2025-01-15 07:25:57.000+05:30,3.0,32.69,391.04,11.96206791067605,0.52,below_rated,True,0.24058258362314594,12.12,6.72,27.5,-25,0,10
2025-01-15 07:25:58.000+05:30,3.18,37.69,446.14,11.837092066861237,0.58,below_rated,True,0.2253052121069235,12.09,6.97,27.5,-27,0,10
2025-01-15 07:25:59.000+05:30,3.24,36.07,439.74,12.191294704740782,0.75,below_rated,True,0.2754551127519004,11.38,6.98,27.5,28,0,10
2025-01-15 07:26:00.000+05:30,3.3,36.55,438.6,12.000000000000002,0.35,below_rated,True,0.12166084532754592,11.64,6.51,27.5,21,0,10
2025-01-15 07:26:01.000+05:30,3.11,30.0,357.72,11.924000000000001,0.41,below_rated,True,0.17026574956439164,11.42,6.92,27.5,-10,0,10
2025-01-15 07:26:02.000+05:30,3.1,35.09,420.67,11.988315759475633,0.34,below_rated,True,0.14256681274807306,11.63,7.51,27.5,23,0,10
2025-01-15 07:26:03.000+05:30,3.19,35.66,433.11,12.145541222658442,0.54,below_rated,True,0.20780036958999304,11.49,7.19,27.6,2,0,10
2025-01-15 07:26:04.000+05:30,3.13,34.07,406.77,11.939242735544466,0.61,below_rated,True,0.24849715868094052,10.8,7.32,27.5,17,0,10
2025-01-15 07:26:05.000+05:30,3.11,34.1,409.38,12.005278592375365,0.59,below_rated,True,0.24501656644631967,10.86,6.43,27.5,-7,0,10
2025-01-15 07:26:06.000+05:30,3.14,35.98,434.82,12.085047248471374,0.46,below_rated,True,0.18560663298946212,10.47,6.4,27.5,28,0,10
2025-01-15 07:26:07.000+05:30,3.15,35.97,427.49,11.884626077286628,0.69,below_rated,True,0.2757668347827045,10.7,5.74,27.5,16,0,10
2025-01-15 07:26:08.000+05:30,3.07,34.68,416.21,12.001441753171857,0.64,below_rated,True,0.2763054508193921,11.45,6.78,27.5,-14,0,10
2025-01-15 07:26:09.000+05:30,3.0,32.96,395.78,12.007888349514563,0.31,below_rated,True,0.14342423254456776,11.27,6.08,27.5,-9,0,10
2025-01-15 07:26:10.000+05:30,3.05,32.3,385.04,11.920743034055729,0.66,below_rated,True,0.29058221004363705,11.12,5.75,27.5,-4,0,10
2025-01-15 07:26:11.000+05:30,3.03,32.63,392.29,12.022372050260497,0.45,below_rated,True,0.20207343931234972,10.63,6.27,27.5,2,0,10
2025-01-15 07:26:12.000+05:30,3.09,33.99,409.01,12.033245072080023,0.6,below_rated,True,0.2540390132173339,10.53,6.46,27.5,-25,0,10
2025-01-15 07:26:13.000+05:30,3.1,34.2,411.5,12.032163742690058,0.55,below_rated,True,0.23062278532776526,10.3,6.27,27.5,29,0,10
2025-01-15 07:26:14.000+05:30,3.14,34.7,414.85,11.955331412103746,0.41,below_rated,True,0.1654319989688684,9.69,7.1,27.5,-10,0,10
2025-01-15 07:26:15.000+05:30,3.44,36.33,440.84,12.134324249931186,0.74,below_rated,True,0.22708110402485993,10.31,7.19,27.5,25,0,10
2025-01-15 07:26:16.000+05:30,3.19,36.87,447.09,12.126118795768917,0.48,below_rated,True,0.18471143963554937,10.26,7.41,27.5,-2,0,10
2025-01-15 07:26:17.000+05:30,3.09,35.0,419.16,11.976,0.51,below_rated,True,0.21593316123473383,10.66,7.59,27.5,28,0,10
2025-01-15 07:26:18.000+05:30,3.0,31.29,378.12,12.084372003835092,0.24,below_rated,True,0.11103811551837504,10.09,7.68,27.6,-20,0,10
2025-01-15 07:26:19.000+05:30,3.0,31.61,382.13,12.088895919012971,0.23,below_rated,True,0.10641152737177609,10.57,7.71,27.6,20,0,10
2025-01-15 07:26:20.000+05:30,3.08,32.88,396.45,12.057481751824817,0.27,below_rated,True,0.11543465775169326,10.82,8.09,27.6,-16,0,10
2025-01-15 07:26:21.000+05:30,3.43,38.5,463.76,12.045714285714286,0.66,below_rated,True,0.20430838009696,10.31,6.78,27.6,-20,0,10
2025-01-15 07:26:22.000+05:30,3.42,35.13,419.92,11.953316253914034,0.77,below_rated,True,0.2404567716437176,9.79,6.64,27.6,10,0,10
2025-01-15 07:26:23.000+05:30,3.31,34.43,415.04,12.054603543421436,0.55,below_rated,True,0.1894537967440411,10.09,6.58,27.6,-9,0,10
2025-01-15 07:26:24.000+05:30,3.32,37.35,450.42,12.059437751004015,0.61,below_rated,True,0.20822850875436594,10.13,5.69,27.6,5,0,10
2025-01-15 07:26:25.000+05:30,3.3,36.27,438.24,12.082712985938791,0.29,below_rated,True,0.10080470041425234,10.24,4.96,27.6,-27,0,10
2025-01-15 07:26:26.000+05:30,3.29,36.02,434.8,12.071071626873959,0.84,below_rated,True,0.2946566162344318,9.78,4.46,27.6,9,0,10
2025-01-15 07:26:27.000+05:30,3.54,39.18,469.0,11.970393057682491,0.88,below_rated,True,0.24779782554491236,10.37,4.66,27.6,-21,0,10
2025-01-15 07:26:28.000+05:30,3.69,40.83,488.99,11.976242958608866,1.23,below_rated,True,0.3058092502213603,9.81,4.6,27.6,17,0,10
2025-01-15 07:26:29.000+05:30,3.96,44.24,532.9,12.045660036166364,1.71,below_rated,True,0.3439815567296685,9.78,5.42,27.6,-21,0,10
2025-01-15 07:26:30.000+05:30,4.04,45.53,553.62,12.159455304195037,1.37,below_rated,True,0.2595380736167991,10.47,4.78,27.6,30,0,10
2025-01-15 07:26:31.000+05:30,3.96,45.41,540.27,11.897599647654703,1.29,below_rated,True,0.2594948585855394,10.88,4.7,27.6,27,0,10
2025-01-15 07:26:32.000+05:30,3.85,44.47,532.53,11.975039352372386,1.14,below_rated,True,0.2495440779129938,10.88,4.18,27.6,26,0,10
2025-01-15 07:26:33.000+05:30,3.92,43.08,521.72,12.110492107706593,1.35,below_rated,True,0.2799626994670258,10.54,4.33,27.6,-15,0,10
2025-01-15 07:26:34.000+05:30,4.07,44.82,537.53,11.993083444890672,1.61,below_rated,True,0.2983096162059739,10.71,3.66,27.6,-3,0,10
2025-01-15 07:26:35.000+05:30,4.16,47.52,568.06,11.954124579124578,1.87,below_rated,True,0.32447871965213887,10.33,3.38,27.6,10,0,10
2025-01-15 07:26:36.000+05:30,4.12,44.57,542.56,12.17321067982948,1.6,below_rated,True,0.2857938898695006,10.11,3.38,27.6,9,0,10
2025-01-15 07:26:37.000+05:30,4.0,44.2,537.51,12.160859728506786,1.56,below_rated,True,0.30448733239804404,10.1,2.71,27.6,-15,0,10
2025-01-15 07:26:38.000+05:30,4.16,47.03,569.37,12.106527748245801,1.67,below_rated,True,0.289775113272231,10.19,2.91,27.6,-1,0,10
2025-01-15 07:26:39.000+05:30,4.23,46.2,557.15,12.059523809523808,1.85,below_rated,True,0.30533404505774153,11.01,2.96,27.6,27,0,10
2025-01-15 07:26:40.000+05:30,4.42,44.78,537.08,11.993747208575257,2.35,below_rated,True,0.3399583081319372,11.11,2.12,27.6,0,0,10
2025-01-15 07:26:41.000+05:30,4.6,48.44,584.27,12.061725846407928,2.74,below_rated,True,0.351642754053373,11.11,2.21,27.6,2,0,10
2025-01-15 07:26:42.000+05:30,4.6,50.91,615.14,12.082891376939697,2.67,below_rated,True,0.3426591800447102,11.77,2.25,27.6,-22,0,10
2025-01-15 07:26:43.000+05:30,4.56,51.18,617.97,12.074443141852287,2.57,below_rated,True,0.33858148101374935,12.28,2.04,27.6,-25,0,10
2025-01-15 07:26:44.000+05:30,4.62,48.02,578.96,12.056643065389421,2.67,below_rated,True,0.33822829760989953,12.48,1.44,27.7,-7,0,10
2025-01-15 07:26:45.000+05:30,4.92,52.16,631.09,12.099118098159511,3.24,below_rated,True,0.33983985276123735,12.91,0.89,27.7,17,0,10
2025-01-15 07:26:46.000+05:30,5.02,57.63,699.51,12.137948984903696,3.67,below_rated,True,0.36239276433929607,13.32,1.12,27.7,-14,0,10
2025-01-15 07:26:47.000+05:30,4.99,58.62,708.64,12.088706925963836,3.63,below_rated,True,0.364946827923713,13.13,0.9,27.6,-17,0,10
2025-01-15 07:26:48.000+05:30,5.02,53.09,641.5,12.083254850254285,3.67,below_rated,True,0.36239276433929607,13.17,0.63,27.7,6,0,10
2025-01-15 07:26:49.000+05:30,4.9,54.07,652.11,12.060477159238024,3.24,below_rated,True,0.34401816510508115,13.3,0.06,27.7,-7,0,10
2025-01-15 07:26:50.000+05:30,4.94,57.95,700.23,12.08334771354616,3.37,below_rated,True,0.3491995369129511,13.82,0.37,27.7,21,0,10
2025-01-15 07:26:51.000+05:30,4.96,56.77,685.97,12.083318654218777,3.6,below_rated,True,0.3685378316672386,13.94,0.07,27.7,-25,0,10
2025-01-15 07:26:52.000+05:30,5.04,55.66,670.04,12.038088393819619,3.73,below_rated,True,0.3639500869492639,14.71,0.4,27.7,7,0,10
2025-01-15 07:26:53.000+05:30,5.14,59.88,718.24,11.994655978623914,4.15,below_rated,True,0.38175377888766876,15.4,0.02,27.7,17,0,10
2025-01-15 07:26:54.000+05:30,5.36,56.39,675.91,11.986345096648341,4.51,below_rated,True,0.36585313242081086,16.13,0.0,27.7,18,0,10
2025-01-15 07:26:55.000+05:30,5.39,58.5,706.33,12.074017094017094,4.77,below_rated,True,0.3805192994108295,16.38,0.0,27.6,29,0,10
2025-01-15 07:26:56.000+05:30,5.57,59.39,712.45,11.996127294157267,5.46,below_rated,True,0.3946859459041326,16.48,0.0,27.7,-15,0,10
2025-01-15 07:26:57.000+05:30,5.53,60.57,732.42,12.092124814264487,5.38,below_rated,True,0.39740331612449925,17.04,0.04,27.7,3,0,10
2025-01-15 07:26:58.000+05:30,5.28,59.27,715.96,12.079635566053653,4.47,below_rated,True,0.37934150293954394,17.4,0.0,27.7,-29,0,10
2025-01-15 07:26:59.000+05:30,5.13,56.29,682.93,12.132350328655178,3.96,below_rated,True,0.3664103186951887,17.66,0.05,27.7,28,0,10
2025-01-15 07:27:00.000+05:30,5.0,52.93,636.92,12.033251464197997,3.67,below_rated,True,0.36675889555719277,17.33,0.24,27.7,-6,0,10
2025-01-15 07:27:01.000+05:30,5.02,57.1,681.68,11.938353765323992,3.42,below_rated,True,0.3377066087303522,17.61,0.0,27.7,-8,0,10
2025-01-15 07:27:02.000+05:30,5.16,56.53,681.61,12.05749159738192,3.85,below_rated,True,0.35005495515343765,17.67,1.58,27.7,-21,0,10
2025-01-15 07:27:03.000+05:30,5.45,60.02,727.1,12.114295234921693,5.05,below_rated,True,0.3896964740025239,17.89,2.12,27.7,-1,0,10
2025-01-15 07:27:04.000+05:30,5.24,56.6,681.74,12.044876325088339,4.21,below_rated,True,0.3655214264457487,17.79,2.12,27.8,-24,0,10
2025-01-15 07:27:05.000+05:30,5.25,55.41,668.66,12.06749684172532,4.14,below_rated,True,0.357393817878385,18.21,1.49,27.8,29,0,10
2025-01-15 07:27:06.000+05:30,5.34,57.98,697.16,12.024146257330115,4.22,below_rated,True,0.3461890164434112,18.89,1.46,27.8,-6,0,10
2025-01-15 07:27:07.000+05:30,5.35,57.42,692.52,12.06060606060606,4.36,below_rated,True,0.3556720582821205,18.36,1.84,27.8,-20,0,10
2025-01-15 07:27:08.000+05:30,5.3,57.79,694.04,12.009690257830075,4.54,below_rated,True,0.3809367296560923,19.16,1.85,27.8,-6,0,10
2025-01-15 07:27:09.000+05:30,5.61,62.51,750.81,12.011038233882578,5.22,below_rated,True,0.3693231442003952,19.71,1.08,27.8,12,0,10
2025-01-15 07:27:10.000+05:30,5.41,60.72,730.88,12.036890645586299,4.77,below_rated,True,0.3763147045064886,20.09,0.52,27.8,-27,0,10
2025-01-15 07:27:11.000+05:30,5.39,56.79,686.14,12.08205670012326,4.62,below_rated,True,0.3685532837060864,20.28,0.41,27.8,3,0,10
2025-01-15 07:27:12.000+05:30,5.58,63.57,766.94,12.064495831366997,5.59,below_rated,True,0.401914630871121,20.4,0.36,27.8,4,0,10
2025-01-15 07:27:13.000+05:30,5.69,61.38,735.74,11.986640599543826,5.83,below_rated,True,0.3953268942442307,21.29,0.71,27.7,-6,0,10
2025-01-15 07:27:14.000+05:30,5.76,67.34,815.01,12.102910602910603,5.83,below_rated,True,0.3810883825043846,21.31,0.79,27.7,-3,0,10
2025-01-15 07:27:15.000+05:30,5.6,62.33,747.36,11.990373816781647,5.24,below_rated,True,0.3727278214859813,21.37,1.85,27.7,10,0,10
2025-01-15 07:27:16.000+05:30,5.78,60.35,724.64,12.007290803645402,6.0,below_rated,True,0.3881435200397726,22.23,1.94,27.8,29,0,10
2025-01-15 07:27:17.000+05:30,5.74,59.86,719.24,12.015369194787839,5.85,below_rated,True,0.38640682967021145,22.5,1.68,27.7,3,0,10
2025-01-15 07:27:18.000+05:30,5.61,62.35,749.07,12.013953488372094,5.57,below_rated,True,0.3940861902674715,22.66,1.69,27.7,30,0,10
2025-01-15 07:27:19.000+05:30,5.53,59.38,719.85,12.122768608959245,5.26,below_rated,True,0.3885393016384509,23.06,1.66,27.7,0,0,10
2025-01-15 07:27:20.000+05:30,5.46,60.7,733.49,12.083855024711696,4.59,below_rated,True,0.352256781260313,22.54,1.23,27.7,-14,0,10
2025-01-15 07:27:21.000+05:30,5.74,62.72,750.63,11.96795280612245,5.91,below_rated,True,0.390369976641188,23.41,0.6,27.7,9,0,10
2025-01-15 07:27:22.000+05:30,5.58,62.22,749.69,12.049019607843139,5.63,below_rated,True,0.4047905852959591,23.73,0.67,27.7,3,0,10
2025-01-15 07:27:23.000+05:30,5.91,64.79,782.53,12.07794412718012,6.54,below_rated,True,0.3957673023769697,23.84,0.67,27.8,-22,0,10
2025-01-15 07:27:24.000+05:30,6.07,63.3,762.51,12.045971563981043,6.84,rated_capped,False,,23.99,1.13,27.8,-22,0,10
2025-01-15 07:27:25.000+05:30,6.19,64.82,777.79,11.999228633137921,6.99,rated_capped,False,,24.26,1.31,27.8,-19,0,10
2025-01-15 07:27:26.000+05:30,6.15,64.71,779.51,12.046206150517696,6.73,rated_capped,False,,24.23,1.23,27.8,-13,0,10
2025-01-15 07:27:27.000+05:30,6.21,68.12,820.08,12.03875513799178,6.87,rated_capped,False,,24.97,2.45,27.8,29,0,10
2025-01-15 07:27:28.000+05:30,6.22,64.48,775.79,12.03148263027295,6.77,rated_capped,False,,25.54,2.96,27.8,-18,0,10
2025-01-15 07:27:29.000+05:30,6.03,64.58,779.97,12.077578197584392,6.94,rated_capped,False,,25.91,2.57,27.9,17,0,10
2025-01-15 07:27:30.000+05:30,5.86,67.35,805.54,11.960504825538234,6.39,below_rated,True,0.3966729765918857,26.29,2.88,27.8,-7,0,10
2025-01-15 07:27:31.000+05:30,5.86,65.09,785.04,12.060838838531263,6.48,below_rated,True,0.4022599199241658,26.83,3.93,27.8,19,0,10
2025-01-15 07:27:32.000+05:30,5.73,60.47,728.53,12.047792293699354,5.95,below_rated,True,0.3950733225724731,26.97,3.68,27.8,-27,0,10
2025-01-15 07:27:33.000+05:30,5.65,62.95,760.5,12.081016679904685,5.34,below_rated,True,0.3698456530031668,27.65,2.79,27.8,-26,0,10
2025-01-15 07:27:34.000+05:30,5.59,58.32,699.76,11.998628257887518,5.53,below_rated,True,0.3954707000281879,27.68,3.64,27.8,-3,0,10
2025-01-15 07:27:35.000+05:30,5.77,62.23,747.89,12.018158444480155,6.03,below_rated,True,0.39211592230584197,27.76,3.27,27.8,-24,0,10
2025-01-15 07:27:36.000+05:30,5.59,60.84,735.47,12.088593030900723,5.15,below_rated,True,0.36829549821793267,27.07,3.37,27.8,16,0,10
2025-01-15 07:27:37.000+05:30,5.83,61.12,740.19,12.110438481675395,6.15,below_rated,True,0.38769844265763004,27.47,3.04,27.8,-9,0,10
2025-01-15 07:27:38.000+05:30,5.73,59.43,715.26,12.035335689045937,5.7,below_rated,True,0.3784736031366549,26.87,2.49,27.8,-27,0,10
2025-01-15 07:27:39.000+05:30,5.74,63.91,765.08,11.97120951337819,5.98,below_rated,True,0.39499364810732723,27.41,2.78,27.8,-24,0,10
2025-01-15 07:27:40.000+05:30,5.89,62.75,752.24,11.98788844621514,6.09,below_rated,True,0.37230255209375623,28.0,2.93,27.8,25,0,10
2025-01-15 07:27:41.000+05:30,6.01,68.73,829.16,12.064018623599592,6.76,rated_capped,False,,28.3,3.18,27.8,-13,0,10
2025-01-15 07:27:42.000+05:30,6.2,68.78,827.81,12.035620820005814,6.75,rated_capped,False,,28.83,4.42,27.8,6,0,10
2025-01-15 07:27:43.000+05:30,5.99,65.86,788.81,11.977072578196173,6.83,below_rated,True,0.39697653941297695,28.56,4.19,27.8,-18,0,10
2025-01-15 07:27:44.000+05:30,5.93,64.15,770.28,12.007482462977395,6.62,below_rated,True,0.39656877369775023,28.91,5.21,27.8,-20,0,10
2025-01-15 07:27:45.000+05:30,5.91,63.89,772.6,12.092659258099859,6.17,below_rated,True,0.3733767975024317,28.4,5.45,27.8,-9,0,10
2025-01-15 07:27:46.000+05:30,5.78,59.94,719.16,11.997997997997999,5.74,below_rated,True,0.37132396750471575,28.17,6.0,27.8,-27,0,10
2025-01-15 07:27:47.000+05:30,5.84,64.81,787.87,12.156611634007097,6.07,below_rated,True,0.3806928803009531,28.2,5.75,27.7,-20,0,10
2025-01-15 07:27:48.000+05:30,5.84,64.74,777.11,12.003552672227372,6.4,below_rated,True,0.40138952782967047,28.12,5.59,27.7,-29,0,10
2025-01-15 07:27:49.000+05:30,5.78,62.93,760.88,12.090894644843477,5.92,below_rated,True,0.3829682731059089,28.08,5.85,27.8,-12,0,10
2025-01-15 07:27:50.000+05:30,5.82,65.49,787.85,12.030080928386015,6.01,below_rated,True,0.38082909707337326,28.69,6.71,27.7,3,0,10
2025-01-15 07:27:51.000+05:30,5.96,65.1,782.87,12.025652841781875,6.85,below_rated,True,0.40418146831384305,28.68,5.99,27.8,0,0,10
2025-01-15 07:27:52.000+05:30,6.04,63.83,764.64,11.979320068933104,6.7,rated_capped,False,,28.03,5.9,27.8,0,0,10
2025-01-15 07:27:53.000+05:30,6.28,63.71,765.78,12.019777115052582,6.65,rated_capped,False,,28.17,5.86,27.8,-2,0,10
2025-01-15 07:27:54.000+05:30,6.1,65.72,790.76,12.03225806451613,6.63,rated_capped,False,,28.12,5.22,27.8,-12,0,10
2025-01-15 07:27:55.000+05:30,6.19,65.4,787.49,12.041131498470946,6.91,rated_capped,False,,28.35,4.56,27.8,2,0,10
2025-01-15 07:27:56.000+05:30,6.28,64.31,777.66,12.092365106515315,6.81,rated_capped,False,,28.54,4.9,27.8,28,0,10
2025-01-15 07:27:57.000+05:30,6.21,65.44,786.37,12.016656479217604,6.88,rated_capped,False,,28.29,4.71,27.8,-7,0,10
2025-01-15 07:27:58.000+05:30,6.24,65.46,785.92,12.006110601894287,6.7,rated_capped,False,,28.17,3.77,27.8,-6,0,10
2025-01-15 07:27:59.000+05:30,6.3,67.56,811.85,12.01672587329781,7.06,rated_capped,False,,28.33,4.29,27.8,-1,0,10
2025-01-15 07:28:00.000+05:30,6.24,68.42,824.46,12.04998538439053,6.83,rated_capped,False,,29.43,3.73,27.8,-15,0,10
2025-01-15 07:28:01.000+05:30,6.13,66.78,799.25,11.968403713686733,6.84,rated_capped,False,,29.42,3.61,27.8,-10,0,10
2025-01-15 07:28:02.000+05:30,5.95,65.51,793.2,12.108075103037704,6.61,below_rated,True,0.3919901618890639,29.35,3.05,27.8,-20,0,10
2025-01-15 07:28:03.000+05:30,5.98,65.91,792.73,12.027461690183584,6.63,below_rated,True,0.38728848219932654,29.39,3.5,27.8,-14,0,10
2025-01-15 07:28:04.000+05:30,5.96,63.24,760.08,12.018975332068312,6.65,below_rated,True,0.39238054953095713,28.98,4.08,27.8,-1,0,10
2025-01-15 07:28:05.000+05:30,5.98,64.01,765.48,11.958756444305576,6.44,below_rated,True,0.37618971724942124,28.99,4.42,27.7,29,0,10
2025-01-15 07:28:06.000+05:30,6.13,66.1,798.68,12.082904689863843,6.98,rated_capped,False,,28.95,4.96,27.8,25,0,10
2025-01-15 07:28:07.000+05:30,5.69,63.1,764.0,12.107765451664026,5.96,below_rated,True,0.40414207370422206,28.51,5.27,27.8,-14,0,10
2025-01-15 07:28:08.000+05:30,5.69,56.61,680.68,12.024024024024023,5.63,below_rated,True,0.3817650796903977,27.96,5.13,27.7,-2,0,10
2025-01-15 07:28:09.000+05:30,5.57,60.92,732.16,12.018384766907419,5.07,below_rated,True,0.36649409262526594,27.49,4.68,27.7,23,0,10
2025-01-15 07:28:10.000+05:30,5.65,62.63,748.93,11.958007344722976,5.49,below_rated,True,0.38023457584033443,27.79,4.25,27.7,-24,0,10
2025-01-15 07:28:11.000+05:30,5.45,59.19,709.85,11.992735259334347,4.87,below_rated,True,0.3758063026519389,28.47,3.91,27.7,-21,0,10
2025-01-15 07:28:12.000+05:30,5.3,59.1,714.87,12.095939086294416,4.64,below_rated,True,0.389327406520764,28.68,3.82,27.8,-8,0,10
2025-01-15 07:28:13.000+05:30,5.42,58.8,710.94,12.090816326530614,4.73,below_rated,True,0.37109737824171607,28.73,3.56,27.7,1,0,10
2025-01-15 07:28:14.000+05:30,5.56,60.19,726.58,12.071440438611067,5.29,below_rated,True,0.38446419671936527,28.61,3.43,27.7,11,0,10
2025-01-15 07:28:15.000+05:30,5.68,64.64,778.89,12.049659653465346,5.75,below_rated,True,0.39196513859213644,27.8,3.56,27.7,26,0,10
2025-01-15 07:28:16.000+05:30,5.94,64.83,774.67,11.949251889557303,6.38,below_rated,True,0.38026464490973094,28.33,3.92,27.7,-21,0,10
2025-01-15 07:28:17.000+05:30,5.96,65.12,780.86,11.991093366093365,6.61,below_rated,True,0.39002036577437993,28.16,4.07,27.6,-8,0,10
2025-01-15 07:28:18.000+05:30,6.17,64.29,769.66,11.971690776170476,6.8,rated_capped,False,,28.29,3.47,27.6,-30,0,10
2025-01-15 07:28:19.000+05:30,6.34,65.12,784.81,12.051750614250613,6.73,rated_capped,False,,28.25,3.8,27.6,-24,0,10
2025-01-15 07:28:20.000+05:30,6.34,68.04,815.51,11.985743680188124,6.83,rated_capped,False,,28.15,3.78,27.6,8,0,10
2025-01-15 07:28:21.000+05:30,6.57,65.9,794.25,12.05235204855842,6.68,rated_capped,False,,28.99,3.14,27.6,-12,0,10
2025-01-15 07:28:22.000+05:30,6.45,65.65,788.51,12.01081492764661,6.95,rated_capped,False,,28.89,2.35,27.6,0,0,10
2025-01-15 07:28:23.000+05:30,6.51,64.11,769.44,12.001871782873188,6.54,rated_capped,False,,29.14,2.34,27.6,24,0,10
2025-01-15 07:28:24.000+05:30,6.42,64.57,778.12,12.050797584017348,7.0,rated_capped,False,,29.78,1.89,27.6,-11,0,10
2025-01-15 07:28:25.000+05:30,6.62,63.0,755.25,11.988095238095237,6.65,rated_capped,False,,29.71,2.21,27.6,13,0,10
2025-01-15 07:28:26.000+05:30,6.27,65.62,787.11,11.994971045412983,6.61,rated_capped,False,,29.39,1.61,27.6,5,0,10
2025-01-15 07:28:27.000+05:30,6.65,64.73,781.6,12.074772130387764,6.9,rated_capped,False,,29.71,2.36,27.6,-8,0,10
2025-01-15 07:28:28.000+05:30,6.33,64.72,776.51,11.997991347342397,6.65,rated_capped,False,,30.3,2.71,27.6,-27,0,10
2025-01-15 07:28:29.000+05:30,6.39,65.14,783.37,12.025944120356156,6.7,rated_capped,False,,30.63,2.26,27.6,11,0,10
2025-01-15 07:28:30.000+05:30,6.23,67.21,809.12,12.038684719535784,6.65,rated_capped,False,,30.55,2.15,27.6,23,0,10
2025-01-15 07:28:31.000+05:30,6.07,65.32,783.89,12.000765462339254,6.84,rated_capped,False,,30.3,2.34,27.6,-30,0,10
2025-01-15 07:28:32.000+05:30,6.31,66.62,802.92,12.052236565595916,6.76,rated_capped,False,,30.42,2.19,27.6,-25,0,10
2025-01-15 07:28:33.000+05:30,6.31,64.37,773.16,12.011185334783283,6.85,rated_capped,False,,30.03,1.93,27.6,24,0,10
2025-01-15 07:28:34.000+05:30,6.35,64.42,778.14,12.079167960260788,6.79,rated_capped,False,,30.35,0.79,27.6,11,0,10
2025-01-15 07:28:35.000+05:30,6.41,65.76,795.4,12.095498783454987,6.76,rated_capped,False,,29.94,0.94,27.5,21,0,10
2025-01-15 07:28:36.000+05:30,6.4,67.97,820.14,12.066205678976019,6.88,rated_capped,False,,29.83,0.57,27.6,14,0,10
2025-01-15 07:28:37.000+05:30,6.51,65.53,787.8,12.02197466809095,6.79,rated_capped,False,,29.45,0.46,27.6,-16,0,10
2025-01-15 07:28:38.000+05:30,6.7,66.04,800.7,12.124470018170806,6.86,rated_capped,False,,29.63,0.0,27.6,26,0,10
2025-01-15 07:28:39.000+05:30,6.64,63.4,763.08,12.03596214511041,6.7,rated_capped,False,,30.06,0.0,27.6,7,0,10
2025-01-15 07:28:40.000+05:30,6.74,65.98,791.62,11.997878144892391,6.73,rated_capped,False,,30.27,1.12,27.6,-23,0,10
2025-01-15 07:28:41.000+05:30,6.7,66.4,802.49,12.085692771084336,6.81,rated_capped,False,,30.48,0.71,27.6,6,0,10
2025-01-15 07:28:42.000+05:30,6.77,62.72,756.56,12.0625,6.62,rated_capped,False,,30.1,0.8,27.5,-2,0,10
2025-01-15 07:28:43.000+05:30,6.63,66.69,802.27,12.029839556155347,6.92,rated_capped,False,,29.76,1.32,27.5,13,0,10
2025-01-15 07:28:44.000+05:30,6.79,63.4,759.61,11.981230283911673,6.82,rated_capped,False,,29.73,1.49,27.6,25,0,10
2025-01-15 07:28:45.000+05:30,6.75,65.29,783.64,12.002450604993106,6.73,rated_capped,False,,29.13,0.66,27.6,4,0,10
2025-01-15 07:28:46.000+05:30,6.57,65.46,790.24,12.072105102352584,6.67,rated_capped,False,,29.59,0.63,27.6,3,0,10
2025-01-15 07:28:47.000+05:30,6.38,65.89,800.1,12.142965548641676,6.73,rated_capped,False,,29.95,0.34,27.6,-30,0,10
2025-01-15 07:28:48.000+05:30,6.63,64.04,769.64,12.018113678950655,6.85,rated_capped,False,,29.91,0.0,27.6,22,0,10
2025-01-15 07:28:49.000+05:30,7.02,65.77,793.66,12.067203892352136,7.0,rated_capped,False,,30.42,0.91,27.5,24,0,10
2025-01-15 07:28:50.000+05:30,7.15,66.72,804.43,12.056804556354916,6.53,rated_capped,False,,30.68,1.51,27.5,-26,0,10
2025-01-15 07:28:51.000+05:30,7.33,64.97,780.71,12.016469139602894,7.03,rated_capped,False,,30.63,1.77,27.6,23,0,10
2025-01-15 07:28:52.000+05:30,7.47,66.31,799.94,12.06364047654954,6.99,rated_capped,False,,31.08,0.98,27.5,-27,0,10
2025-01-15 07:28:53.000+05:30,7.38,67.88,817.53,12.043753682969948,6.83,rated_capped,False,,31.48,1.43,27.5,-15,0,10
2025-01-15 07:28:54.000+05:30,7.19,65.72,789.78,12.017346317711503,6.64,rated_capped,False,,31.07,1.55,27.6,-7,0,10
2025-01-15 07:28:55.000+05:30,7.34,64.08,770.93,12.030742821473158,6.74,rated_capped,False,,31.06,1.42,27.6,-27,0,10
2025-01-15 07:28:56.000+05:30,7.26,65.27,788.15,12.075225984372606,6.79,rated_capped,False,,30.56,2.19,27.6,4,0,10
2025-01-15 07:28:57.000+05:30,7.29,63.43,766.61,12.085921488254769,6.66,rated_capped,False,,30.48,2.24,27.6,25,0,10
2025-01-15 07:28:58.000+05:30,7.17,63.86,765.69,11.990134669589729,6.5,rated_capped,False,,30.82,0.92,27.6,8,0,10
2025-01-15 07:28:59.000+05:30,7.24,64.19,770.94,12.010281975385576,6.57,rated_capped,False,,31.07,1.21,27.6,27,0,10
2025-01-15 07:29:00.000+05:30,7.36,66.51,798.37,12.003758833258155,6.56,rated_capped,False,,30.51,1.12,27.6,-6,0,10
2025-01-15 07:29:01.000+05:30,7.46,65.68,789.4,12.018879415347136,6.7,rated_capped,False,,31.39,0.83,27.6,0,0,10
2025-01-15 07:29:02.000+05:30,7.83,64.51,779.69,12.086343202604247,6.95,rated_capped,False,,31.41,1.24,27.6,-13,0,10
2025-01-15 07:29:03.000+05:30,7.83,64.3,773.25,12.025660964230172,6.57,rated_capped,False,,31.24,0.83,27.6,-19,0,10
2025-01-15 07:29:04.000+05:30,7.83,65.62,792.06,12.070405364218225,6.6,rated_capped,False,,31.74,0.89,27.6,3,0,10
2025-01-15 07:29:05.000+05:30,7.78,67.07,802.76,11.96898762486954,6.86,rated_capped,False,,31.58,0.52,27.6,10,0,10
2025-01-15 07:29:06.000+05:30,7.92,65.08,782.44,12.022741241548864,6.71,rated_capped,False,,32.59,0.3,27.6,-8,0,10
2025-01-15 07:29:07.000+05:30,7.66,66.79,803.51,12.030393771522682,6.74,rated_capped,False,,32.96,0.5,27.6,21,0,10
2025-01-15 07:29:08.000+05:30,7.57,68.09,817.5,12.006168306652958,6.92,rated_capped,False,,32.92,0.7,27.6,18,0,10
2025-01-15 07:29:09.000+05:30,7.59,65.95,792.5,12.016679302501895,6.97,rated_capped,False,,32.72,1.12,27.6,9,0,10
2025-01-15 07:29:10.000+05:30,7.52,64.81,781.8,12.062953247955562,6.73,rated_capped,False,,32.96,0.72,27.6,-19,0,10
2025-01-15 07:29:11.000+05:30,7.62,65.52,787.23,12.01510989010989,6.65,rated_capped,False,,32.66,0.97,27.6,-24,0,10
2025-01-15 07:29:12.000+05:30,7.55,66.52,800.54,12.034576067348166,6.46,rated_capped,False,,32.36,0.55,27.6,-7,0,10
2025-01-15 07:29:13.000+05:30,7.44,64.93,779.5,12.005236408439856,6.9,rated_capped,False,,32.48,0.83,27.6,-23,0,10
2025-01-15 07:29:14.000+05:30,7.13,65.84,791.19,12.016859052247874,6.87,rated_capped,False,,32.46,1.07,27.6,-13,0,10
2025-01-15 07:29:15.000+05:30,7.36,66.08,792.66,11.99546004842615,6.96,rated_capped,False,,32.69,1.35,27.6,-10,0,10
2025-01-15 07:29:16.000+05:30,7.45,66.49,800.66,12.041810798616334,6.77,rated_capped,False,,32.75,1.25,27.6,-4,0,10
2025-01-15 07:29:17.000+05:30,7.16,66.68,791.84,11.875224955008997,6.68,rated_capped,False,,32.56,1.04,27.6,9,0,10
2025-01-15 07:29:18.000+05:30,7.2,66.67,799.84,11.9970001499925,6.66,rated_capped,False,,32.5,0.95,27.6,17,0,10
2025-01-15 07:29:19.000+05:30,7.33,66.38,798.84,12.034347695088883,6.6,rated_capped,False,,32.54,1.09,27.5,-20,0,10
2025-01-15 07:29:20.000+05:30,7.23,63.83,768.36,12.037599874667086,6.77,rated_capped,False,,32.61,0.75,27.5,-27,0,10
2025-01-15 07:29:21.000+05:30,7.37,64.78,781.22,12.059586292065452,6.84,rated_capped,False,,32.57,0.87,27.5,-4,0,10
2025-01-15 07:29:22.000+05:30,7.51,66.12,796.3,12.04325468844525,6.79,rated_capped,False,,32.75,0.85,27.5,30,0,10
2025-01-15 07:29:23.000+05:30,7.52,62.69,755.34,12.048811612697401,6.48,rated_capped,False,,32.92,1.0,27.5,-2,0,10
2025-01-15 07:29:24.000+05:30,7.39,63.81,771.46,12.089954552577966,6.54,rated_capped,False,,32.81,1.07,27.5,-17,0,10
2025-01-15 07:29:25.000+05:30,7.32,65.14,781.45,11.996469143383482,6.67,rated_capped,False,,32.03,2.55,27.5,14,0,10
2025-01-15 07:29:26.000+05:30,7.46,63.63,766.0,12.038346691812038,6.55,rated_capped,False,,31.69,2.46,27.5,-26,0,10
2025-01-15 07:29:27.000+05:30,7.23,63.35,768.81,12.135911602209944,6.73,rated_capped,False,,31.17,1.98,27.5,-2,0,10
2025-01-15 07:29:28.000+05:30,7.18,66.23,801.45,12.10101162615129,6.8,rated_capped,False,,30.87,1.54,27.5,21,0,10
2025-01-15 07:29:29.000+05:30,7.25,63.06,760.22,12.055502695845227,6.84,rated_capped,False,,31.94,0.73,27.5,12,0,10
2025-01-15 07:29:30.000+05:30,7.28,64.53,778.25,12.060282039361537,6.71,rated_capped,False,,32.96,1.13,27.5,7,0,10
2025-01-15 07:29:31.000+05:30,7.19,66.76,800.12,11.985020970641102,6.82,rated_capped,False,,32.98,1.56,27.5,28,0,10
2025-01-15 07:29:32.000+05:30,7.16,65.8,790.26,12.010030395136779,6.65,rated_capped,False,,32.72,0.92,27.5,-28,0,10
2025-01-15 07:29:33.000+05:30,7.09,65.17,785.58,12.054319472149762,6.83,rated_capped,False,,31.96,0.32,27.6,3,0,10
2025-01-15 07:29:34.000+05:30,7.24,65.17,786.43,12.067362283259166,6.53,rated_capped,False,,31.91,0.32,27.6,20,0,10
2025-01-15 07:29:35.000+05:30,7.0,67.68,812.92,12.011229314420802,6.65,rated_capped,False,,31.47,0.34,27.6,11,0,10
2025-01-15 07:29:36.000+05:30,7.01,65.34,787.42,12.051117232935413,6.58,rated_capped,False,,31.22,0.0,27.6,-26,0,10
2025-01-15 07:29:37.000+05:30,7.12,64.95,777.37,11.96874518860662,6.63,rated_capped,False,,32.24,0.0,27.6,5,0,10
2025-01-15 07:29:38.000+05:30,7.31,64.03,770.63,12.035452131813212,6.82,rated_capped,False,,32.29,0.0,27.6,26,0,10
2025-01-15 07:29:39.000+05:30,7.21,67.93,819.58,12.065066980715441,6.71,rated_capped,False,,32.05,0.0,27.6,-4,0,10
2025-01-15 07:29:40.000+05:30,7.03,64.54,780.35,12.090951348001239,6.64,rated_capped,False,,32.03,0.0,27.6,19,0,10
2025-01-15 07:29:41.000+05:30,7.3,65.7,791.99,12.054642313546422,6.68,rated_capped,False,,32.41,0.0,27.6,1,0,10
2025-01-15 07:29:42.000+05:30,7.59,65.95,797.76,12.096436694465503,7.01,rated_capped,False,,32.26,0.0,27.6,-26,0,10
2025-01-15 07:29:43.000+05:30,7.53,65.26,784.57,12.022218817039533,6.93,rated_capped,False,,32.21,0.15,27.6,19,0,10
2025-01-15 07:29:44.000+05:30,7.39,66.81,803.93,12.033078880407123,6.78,rated_capped,False,,31.77,0.0,27.6,20,0,10
2025-01-15 07:29:45.000+05:30,7.47,67.25,815.05,12.119702602230483,6.82,rated_capped,False,,32.06,0.61,27.6,-1,0,10
2025-01-15 07:29:46.000+05:30,7.5,68.52,823.21,12.014156450671338,6.83,rated_capped,False,,32.22,0.8,27.5,-6,0,10
2025-01-15 07:29:47.000+05:30,7.68,65.67,794.94,12.105070808588398,6.84,rated_capped,False,,32.36,0.78,27.5,3,0,10
2025-01-15 07:29:48.000+05:30,7.88,66.43,800.05,12.043504440764712,6.76,rated_capped,False,,32.57,1.35,27.5,24,0,10
2025-01-15 07:29:49.000+05:30,8.05,65.83,790.37,12.006228163451315,7.01,rated_capped,False,,32.86,1.52,27.5,24,0,10
2025-01-15 07:29:50.000+05:30,8.04,66.63,804.59,12.075491520336186,6.81,rated_capped,False,,32.73,2.01,27.5,26,0,10
2025-01-15 07:29:51.000+05:30,8.03,66.06,803.19,12.158492279745687,6.87,rated_capped,False,,32.92,1.88,27.5,12,0,10
2025-01-15 07:29:52.000+05:30,8.17,66.89,806.5,12.057108685902227,6.7,rated_capped,False,,32.72,1.17,27.5,4,0,10
2025-01-15 07:29:53.000+05:30,8.12,62.31,752.87,12.082651259829882,7.02,rated_capped,False,,32.46,0.52,27.5,24,0,10
2025-01-15 07:29:54.000+05:30,8.29,68.5,824.97,12.043357664233577,6.77,rated_capped,False,,32.08,0.88,27.5,-6,0,10
2025-01-15 07:29:55.000+05:30,8.4,65.13,782.53,12.014893290342393,6.78,rated_capped,False,,32.0,0.94,27.5,17,0,10
2025-01-15 07:29:56.000+05:30,8.39,64.64,770.93,11.92651608910891,7.0,rated_capped,False,,32.08,1.09,27.5,27,0,10
2025-01-15 07:29:57.000+05:30,8.61,64.79,782.77,12.081648402531254,6.73,rated_capped,False,,32.39,1.36,27.5,-19,0,10
2025-01-15 07:29:58.000+05:30,8.5,66.68,803.91,12.056238752249548,6.82,rated_capped,False,,32.13,1.57,27.6,30,0,10
2025-01-15 07:29:59.000+05:30,8.57,64.51,781.08,12.107890249573709,6.87,rated_capped,False,,32.03,1.92,27.6,12,0,10
2025-01-15 07:30:00.000+05:30,8.71,65.03,783.28,12.044902352760264,6.89,rated_capped,False,,31.69,2.39,27.6,29,0,10
2025-01-15 07:30:01.000+05:30,8.64,65.24,790.26,12.113120784794605,6.92,rated_capped,False,,31.46,2.96,27.6,-4,0,10
2025-01-15 07:30:02.000+05:30,8.54,64.52,775.99,12.027123372597645,6.6,rated_capped,False,,31.85,3.14,27.6,3,0,10
2025-01-15 07:30:03.000+05:30,8.5,66.54,803.32,12.072738202584912,6.84,rated_capped,False,,31.3,3.08,27.6,-29,0,10
2025-01-15 07:30:04.000+05:30,8.54,63.73,770.22,12.085673936921388,6.72,rated_capped,False,,31.35,2.68,27.6,15,0,10
2025-01-15 07:30:05.000+05:30,8.71,64.55,772.11,11.961425251742837,7.06,rated_capped,False,,31.51,2.44,27.6,-14,0,10
2025-01-15 07:30:06.000+05:30,8.75,63.52,769.04,12.10705289672544,6.54,rated_capped,False,,31.47,1.37,27.6,15,0,10
2025-01-15 07:30:07.000+05:30,8.7,63.35,766.04,12.0921862667719,6.82,rated_capped,False,,31.59,1.34,27.6,-29,0,10
2025-01-15 07:30:08.000+05:30,8.76,68.92,834.43,12.107225769007544,6.9,rated_capped,False,,31.94,1.57,27.6,29,0,10
2025-01-15 07:30:09.000+05:30,8.67,65.7,794.07,12.086301369863014,6.55,rated_capped,False,,32.9,2.24,27.6,-23,0,10
2025-01-15 07:30:10.000+05:30,8.88,66.83,803.26,12.019452341762682,6.9,rated_capped,False,,32.65,1.84,27.6,-8,0,10
2025-01-15 07:30:11.000+05:30,8.77,66.33,799.56,12.05427408412483,6.83,rated_capped,False,,32.35,2.25,27.6,30,0,10
2025-01-15 07:30:12.000+05:30,8.75,64.24,771.45,12.008872976338731,6.48,rated_capped,False,,32.66,2.57,27.5,25,0,10
2025-01-15 07:30:13.000+05:30,8.53,63.49,765.21,12.05244920459915,6.83,rated_capped,False,,32.98,2.01,27.5,30,0,10
2025-01-15 07:30:14.000+05:30,8.37,67.67,811.12,11.986404610610315,6.59,rated_capped,False,,32.94,1.81,27.5,-16,0,10
2025-01-15 07:30:15.000+05:30,8.51,66.6,802.9,12.055555555555555,6.53,rated_capped,False,,32.71,1.71,27.5,-23,0,10
2025-01-15 07:30:16.000+05:30,8.43,64.34,775.6,12.054709356543363,6.82,rated_capped,False,,32.98,1.1,27.5,-7,0,10
2025-01-15 07:30:17.000+05:30,8.37,64.48,780.41,12.10313275434243,6.82,rated_capped,False,,32.98,2.33,27.5,16,0,10
2025-01-15 07:30:18.000+05:30,8.26,65.94,796.33,12.076584774037004,6.86,rated_capped,False,,32.81,2.11,27.5,21,0,10
2025-01-15 07:30:19.000+05:30,8.28,67.05,813.46,12.132140193885162,6.96,rated_capped,False,,32.44,2.1,27.5,30,0,10
2025-01-15 07:30:20.000+05:30,8.35,65.04,781.93,12.022293972939728,6.7,rated_capped,False,,31.88,2.47,27.5,-2,0,10
2025-01-15 07:30:21.000+05:30,8.43,66.29,798.96,12.052496605822899,6.79,rated_capped,False,,31.71,2.0,27.5,-7,0,10
2025-01-15 07:30:22.000+05:30,8.49,67.4,809.31,12.007566765578634,6.86,rated_capped,False,,31.9,2.39,27.5,-25,0,10
2025-01-15 07:30:23.000+05:30,8.52,65.83,790.35,12.005924350600031,6.7,rated_capped,False,,32.24,2.44,27.5,13,0,10
2025-01-15 07:30:24.000+05:30,8.67,67.12,807.68,12.033373063170439,7.01,rated_capped,False,,32.43,2.53,27.5,-13,0,10
2025-01-15 07:30:25.000+05:30,8.6,66.19,798.37,12.061791811451881,7.04,rated_capped,False,,32.46,1.88,27.5,27,0,10
2025-01-15 07:30:26.000+05:30,8.8,68.55,823.71,12.016192560175055,6.5,rated_capped,False,,32.22,2.4,27.5,-3,0,10
2025-01-15 07:30:27.000+05:30,8.47,65.79,794.11,12.070375436996503,6.52,rated_capped,False,,32.47,2.18,27.5,-13,0,10
2025-01-15 07:30:28.000+05:30,8.42,66.96,806.16,12.039426523297491,6.49,rated_capped,False,,32.58,1.24,27.5,-6,0,10
2025-01-15 07:30:29.000+05:30,8.7,64.35,779.03,12.106138306138307,6.84,rated_capped,False,,31.76,0.18,27.5,30,0,10
2025-01-15 07:30:30.000+05:30,8.61,66.42,796.29,11.988708220415537,6.63,rated_capped,False,,31.62,1.01,27.5,26,0,10
2025-01-15 07:30:31.000+05:30,8.63,64.3,775.39,12.058942457231726,6.82,rated_capped,False,,31.47,1.46,27.5,23,0,10
2025-01-15 07:30:32.000+05:30,8.71,65.11,782.42,12.016894486254031,6.73,rated_capped,False,,31.32,1.69,27.6,-15,0,10
2025-01-15 07:30:33.000+05:30,9.03,64.13,767.3,11.964759083112428,6.91,rated_capped,False,,31.87,2.12,27.6,-23,0,10
2025-01-15 07:30:34.000+05:30,9.15,65.75,790.94,12.029505703422053,6.65,rated_capped,False,,32.26,1.62,27.6,-17,0,10
2025-01-15 07:30:35.000+05:30,8.91,63.52,764.54,12.036209068010075,6.78,rated_capped,False,,32.02,2.34,27.6,-30,0,10
2025-01-15 07:30:36.000+05:30,8.89,65.91,791.54,12.009406766803217,6.86,rated_capped,False,,31.87,1.72,27.6,-24,0,10
2025-01-15 07:30:37.000+05:30,8.68,65.84,795.6,12.083839611178615,6.94,rated_capped,False,,32.63,1.23,27.6,-23,0,10
2025-01-15 07:30:38.000+05:30,8.67,67.23,804.36,11.964301651048638,6.72,rated_capped,False,,32.56,0.78,27.6,-8,0,10
2025-01-15 07:30:39.000+05:30,8.65,64.82,782.67,12.07451403887689,6.71,rated_capped,False,,32.83,1.15,27.6,-23,0,10
2025-01-15 07:30:40.000+05:30,8.74,63.96,771.03,12.054878048780488,6.82,rated_capped,False,,32.98,0.91,27.6,-15,0,10
2025-01-15 07:30:41.000+05:30,8.89,63.65,763.93,12.002042419481539,6.89,rated_capped,False,,32.57,0.35,27.6,-1,0,10
2025-01-15 07:30:42.000+05:30,8.75,66.15,799.28,12.082842025699167,6.85,rated_capped,False,,32.94,0.0,27.7,-20,0,10
2025-01-15 07:30:43.000+05:30,8.67,65.53,787.09,12.011139935907218,6.57,rated_capped,False,,32.93,0.0,27.7,-28,0,10
2025-01-15 07:30:44.000+05:30,8.6,64.33,779.38,12.115342763873777,7.03,rated_capped,False,,33.02,0.45,27.7,-26,0,10
2025-01-15 07:30:45.000+05:30,8.48,65.72,785.35,11.949939135727329,6.73,rated_capped,False,,32.96,0.99,27.7,2,0,10
2025-01-15 07:30:46.000+05:30,8.23,63.45,762.65,12.019700551615445,6.76,rated_capped,False,,32.83,1.31,27.7,-8,0,10
2025-01-15 07:30:47.000+05:30,8.03,64.66,783.0,12.109495824311786,6.77,rated_capped,False,,32.92,0.82,27.7,17,0,10
2025-01-15 07:30:48.000+05:30,8.04,64.62,775.17,11.995821727019496,6.71,rated_capped,False,,32.85,1.2,27.7,-26,0,10
2025-01-15 07:30:49.000+05:30,8.02,66.44,802.16,12.073449729078868,6.63,rated_capped,False,,32.94,1.12,27.7,5,0,10
2025-01-15 07:30:50.000+05:30,8.07,69.77,846.98,12.139601547943244,6.43,rated_capped,False,,32.91,1.32,27.7,-20,0,10
2025-01-15 07:30:51.000+05:30,8.08,65.91,794.16,12.049157942649067,6.66,rated_capped,False,,32.75,0.77,27.7,22,0,10
2025-01-15 07:30:52.000+05:30,8.42,65.92,790.69,11.994690533980583,6.65,rated_capped,False,,32.95,0.51,27.7,-18,0,10
2025-01-15 07:30:53.000+05:30,8.45,66.62,799.58,12.00210147102972,6.68,rated_capped,False,,32.95,0.02,27.8,-29,0,10
2025-01-15 07:30:54.000+05:30,8.75,63.48,763.69,12.03040327662256,6.78,rated_capped,False,,32.97,0.1,27.8,-23,0,10
2025-01-15 07:30:55.000+05:30,8.96,65.9,795.78,12.075569044006068,6.66,rated_capped,False,,32.95,0.0,27.8,3,0,10
2025-01-15 07:30:56.000+05:30,9.27,65.81,790.06,12.005166388086916,6.97,rated_capped,False,,33.0,0.0,27.8,-28,0,10
2025-01-15 07:30:57.000+05:30,9.05,69.08,832.36,12.049218297625941,6.67,rated_capped,False,,32.73,0.0,27.8,-26,0,10
2025-01-15 07:30:58.000+05:30,8.93,63.03,763.68,12.116135173726796,6.82,rated_capped,False,,32.33,0.08,27.8,18,0,10
2025-01-15 07:30:59.000+05:30,8.67,66.41,798.26,12.020177684083723,6.59,rated_capped,False,,32.61,0.65,27.8,18,0,10
2025-01-15 07:31:00.000+05:30,8.81,60.59,728.32,12.020465423337184,6.75,rated_capped,False,,32.63,1.31,27.9,-16,0,10
2025-01-15 07:31:01.000+05:30,8.81,65.12,783.81,12.036394348894348,6.83,rated_capped,False,,32.9,0.51,27.9,-4,0,10
2025-01-15 07:31:02.000+05:30,8.81,63.6,766.23,12.047641509433962,6.95,rated_capped,False,,32.83,0.83,27.9,-24,0,10
2025-01-15 07:31:03.000+05:30,8.92,63.35,764.09,12.061404893449092,6.7,rated_capped,False,,32.21,0.73,27.9,5,0,10
2025-01-15 07:31:04.000+05:30,8.96,64.92,783.36,12.066543438077634,6.63,rated_capped,False,,32.02,0.85,27.9,2,0,10
2025-01-15 07:31:05.000+05:30,8.95,66.39,796.31,11.994426871516794,6.77,rated_capped,False,,31.87,1.0,27.9,-11,0,10
2025-01-15 07:31:06.000+05:30,9.17,65.6,786.47,11.988871951219513,6.94,rated_capped,False,,31.97,1.35,27.9,-11,0,10
2025-01-15 07:31:07.000+05:30,9.16,68.3,820.88,12.01874084919473,6.59,rated_capped,False,,32.26,1.95,27.9,-29,0,10
2025-01-15 07:31:08.000+05:30,9.16,64.91,781.71,12.042982591280236,6.54,rated_capped,False,,32.12,2.16,27.8,-2,0,10
2025-01-15 07:31:09.000+05:30,9.09,64.43,774.26,12.017072792177556,6.68,rated_capped,False,,32.12,1.89,27.8,5,0,10
2025-01-15 07:31:10.000+05:30,9.39,66.2,791.97,11.963293051359516,6.65,rated_capped,False,,31.75,1.08,27.8,-13,0,10
2025-01-15 07:31:11.000+05:30,9.46,64.88,781.71,12.048551171393344,6.56,rated_capped,False,,31.7,0.77,27.8,19,0,10
2025-01-15 07:31:12.000+05:30,9.53,63.65,762.23,11.975333857030638,6.5,rated_capped,False,,32.07,1.25,27.8,-25,0,10
2025-01-15 07:31:13.000+05:30,9.76,63.17,760.58,12.040208959949343,6.65,rated_capped,False,,32.62,0.83,27.8,1,0,10
2025-01-15 07:31:14.000+05:30,9.71,64.18,771.42,12.019632284200684,6.82,rated_capped,False,,32.66,0.78,27.8,15,0,10
2025-01-15 07:31:15.000+05:30,9.68,63.65,766.26,12.038648860958366,6.92,rated_capped,False,,33.0,0.0,27.8,-20,0,10
2025-01-15 07:31:16.000+05:30,9.86,65.54,787.48,12.015257857796765,6.64,rated_capped,False,,32.84,0.15,27.8,-9,0,10
2025-01-15 07:31:17.000+05:30,9.92,66.19,792.49,11.972956639975827,6.68,rated_capped,False,,32.54,0.0,27.8,21,0,10
2025-01-15 07:31:18.000+05:30,10.04,65.83,792.5,12.038584232113019,6.54,rated_capped,False,,32.81,0.4,27.8,9,0,10
2025-01-15 07:31:19.000+05:30,9.87,63.69,763.52,11.988067200502433,6.87,rated_capped,False,,32.46,0.0,27.8,19,0,10
2025-01-15 07:31:20.000+05:30,9.82,63.88,771.13,12.071540388227927,6.53,rated_capped,False,,31.66,0.03,27.8,-4,0,10
2025-01-15 07:31:21.000+05:30,9.95,63.98,771.77,12.062675836198812,6.64,rated_capped,False,,31.83,0.0,27.8,2,0,10
2025-01-15 07:31:22.000+05:30,9.93,63.79,768.44,12.046402257407118,6.58,rated_capped,False,,31.83,0.35,27.8,6,0,10
2025-01-15 07:31:23.000+05:30,10.09,65.11,780.7,11.990477653202275,6.86,rated_capped,False,,31.59,0.93,27.8,28,0,10
2025-01-15 07:31:24.000+05:30,10.04,64.33,780.26,12.129022229131044,6.84,rated_capped,False,,31.5,0.42,27.8,9,0,10
2025-01-15 07:31:25.000+05:30,9.94,66.66,801.76,12.027602760276029,6.84,rated_capped,False,,31.74,0.34,27.8,10,0,10
2025-01-15 07:31:26.000+05:30,10.01,63.71,767.48,12.04646052425051,6.56,rated_capped,False,,31.28,0.44,27.7,7,0,10
2025-01-15 07:31:27.000+05:30,9.9,64.19,771.52,12.019317650724412,6.38,rated_capped,False,,30.91,1.16,27.7,18,0,10
2025-01-15 07:31:28.000+05:30,9.97,65.95,799.31,12.1199393479909,7.0,rated_capped,False,,30.99,1.51,27.7,-29,0,10
2025-01-15 07:31:29.000+05:30,10.13,65.97,790.0,11.975140215249356,6.58,rated_capped,False,,31.45,1.76,27.7,-6,0,10
2025-01-15 07:31:30.000+05:30,10.01,67.04,807.48,12.044749403341289,6.89,rated_capped,False,,31.1,2.66,27.6,7,0,10
2025-01-15 07:31:31.000+05:30,10.11,63.34,762.52,12.03852226081465,6.66,rated_capped,False,,31.29,3.3,27.6,-15,0,10
2025-01-15 07:31:32.000+05:30,10.19,66.35,801.76,12.083798040693294,6.68,rated_capped,False,,31.56,3.61,27.6,-8,0,10
2025-01-15 07:31:33.000+05:30,10.16,64.97,780.51,12.013390795751885,6.86,rated_capped,False,,31.5,4.06,27.6,10,0,10
2025-01-15 07:31:34.000+05:30,10.2,68.76,828.3,12.046247818499126,6.51,rated_capped,False,,31.51,4.22,27.6,-30,0,10
2025-01-15 07:31:35.000+05:30,10.05,64.52,775.97,12.02681339119653,6.85,rated_capped,False,,31.44,4.53,27.6,23,0,10
2025-01-15 07:31:36.000+05:30,10.04,63.35,765.64,12.085872138910812,6.75,rated_capped,False,,30.61,4.69,27.6,22,0,10
2025-01-15 07:31:37.000+05:30,10.24,62.69,753.71,12.022810655606955,6.68,rated_capped,False,,31.01,5.02,27.7,-29,0,10
2025-01-15 07:31:38.000+05:30,10.27,65.12,786.88,12.083538083538082,6.57,rated_capped,False,,30.69,4.74,27.6,-25,0,10
2025-01-15 07:31:39.000+05:30,10.27,67.78,818.21,12.07155503098259,6.66,rated_capped,False,,30.45,4.83,27.6,-1,0,10
2025-01-15 07:31:40.000+05:30,10.14,65.29,791.31,12.119926481850205,6.69,rated_capped,False,,30.7,5.6,27.6,19,0,10
2025-01-15 07:31:41.000+05:30,10.13,66.29,796.38,12.013576708402473,6.75,rated_capped,False,,30.42,5.35,27.6,7,0,10
2025-01-15 07:31:42.000+05:30,10.33,65.16,785.14,12.049416820135052,6.68,rated_capped,False,,29.78,5.15,27.6,16,0,10
2025-01-15 07:31:43.000+05:30,10.26,65.78,789.64,12.004256612952265,6.72,rated_capped,False,,29.89,4.72,27.6,-4,0,10
2025-01-15 07:31:44.000+05:30,10.61,64.35,774.41,12.034343434343436,6.97,rated_capped,False,,30.47,4.58,27.6,-6,0,10
2025-01-15 07:31:45.000+05:30,10.74,67.14,810.03,12.06478999106345,6.79,rated_capped,False,,30.11,4.61,27.6,-17,0,10
2025-01-15 07:31:46.000+05:30,10.89,65.02,780.56,12.004921562596124,6.81,rated_capped,False,,30.18,4.15,27.6,-20,0,10
2025-01-15 07:31:47.000+05:30,10.94,65.41,785.92,12.015288182235132,6.9,rated_capped,False,,30.24,4.93,27.6,-28,0,10
2025-01-15 07:31:48.000+05:30,10.8,63.27,765.61,12.100679626995417,6.77,rated_capped,False,,29.91,5.01,27.6,30,0,10
2025-01-15 07:31:49.000+05:30,10.95,67.01,803.38,11.98895687210864,6.82,rated_capped,False,,30.23,5.14,27.7,11,0,10
2025-01-15 07:31:50.000+05:30,10.92,65.79,789.68,12.003039975680192,6.78,rated_capped,False,,30.78,4.92,27.7,0,0,10
2025-01-15 07:31:51.000+05:30,10.78,63.82,766.03,12.002977123158884,6.58,rated_capped,False,,30.8,4.21,27.7,-22,0,10
2025-01-15 07:31:52.000+05:30,10.75,63.83,768.94,12.046686511044964,6.62,rated_capped,False,,30.62,4.88,27.7,-9,0,10
2025-01-15 07:31:53.000+05:30,10.55,66.04,796.47,12.060417928528164,6.65,rated_capped,False,,30.68,5.08,27.7,-20,0,10
2025-01-15 07:31:54.000+05:30,10.35,64.27,767.8,11.946475805196826,6.86,rated_capped,False,,31.61,4.91,27.7,3,0,10
2025-01-15 07:31:55.000+05:30,10.57,66.14,798.44,12.071968551557303,6.73,rated_capped,False,,31.31,4.3,27.7,19,0,10
2025-01-15 07:31:56.000+05:30,10.42,60.94,733.4,12.034788316376764,6.52,rated_capped,False,,31.8,4.15,27.7,3,0,10
2025-01-15 07:31:57.000+05:30,10.24,68.79,830.78,12.0770460822794,6.75,rated_capped,False,,31.55,4.27,27.7,7,0,10
2025-01-15 07:31:58.000+05:30,10.47,64.03,768.02,11.994689989067624,6.66,rated_capped,False,,30.96,4.46,27.7,-14,0,10
2025-01-15 07:31:59.000+05:30,10.49,65.77,791.0,12.026759920936598,6.89,rated_capped,False,,31.33,4.72,27.7,-26,0,10
2025-01-15 07:32:00.000+05:30,10.62,63.4,764.37,12.056309148264985,6.64,rated_capped,False,,31.27,4.89,27.7,-27,0,10
2025-01-15 07:32:01.000+05:30,10.73,64.69,780.49,12.065079610449839,6.84,rated_capped,False,,31.42,5.15,27.7,4,0,10
2025-01-15 07:32:02.000+05:30,10.83,66.3,796.76,12.017496229260935,6.45,rated_capped,False,,31.89,5.7,27.7,8,0,10
2025-01-15 07:32:03.000+05:30,10.62,65.75,789.25,12.003802281368822,6.89,rated_capped,False,,31.16,6.43,27.7,0,0,10
2025-01-15 07:32:04.000+05:30,10.57,63.51,762.58,12.007242953865534,6.82,rated_capped,False,,31.9,6.61,27.7,10,0,10
2025-01-15 07:32:05.000+05:30,10.69,65.18,777.01,11.920988033138999,6.43,rated_capped,False,,32.44,7.15,27.7,-11,0,10
2025-01-15 07:32:06.000+05:30,10.73,65.76,790.54,12.021593673965935,7.02,rated_capped,False,,32.41,6.25,27.7,-26,0,10
2025-01-15 07:32:07.000+05:30,10.72,66.4,799.76,12.04457831325301,6.58,rated_capped,False,,32.93,5.8,27.7,20,0,10
2025-01-15 07:32:08.000+05:30,10.75,65.99,798.07,12.093802091225944,6.78,rated_capped,False,,32.97,6.43,27.7,-21,0,10
2025-01-15 07:32:09.000+05:30,10.59,68.12,817.65,12.003082795067527,6.75,rated_capped,False,,32.64,6.13,27.7,-7,0,10
2025-01-15 07:32:10.000+05:30,10.64,65.13,784.22,12.040841394134809,6.7,rated_capped,False,,32.96,5.76,27.7,-13,0,10
2025-01-15 07:32:11.000+05:30,10.58,61.94,744.35,12.017274782047144,6.66,rated_capped,False,,32.95,6.29,27.7,-6,0,10
2025-01-15 07:32:12.000+05:30,10.73,63.82,763.65,11.965684738326543,6.67,rated_capped,False,,32.18,7.24,27.7,9,0,10
2025-01-15 07:32:13.000+05:30,10.85,65.41,792.14,12.110380675737655,6.63,rated_capped,False,,31.56,6.62,27.7,-8,0,10
2025-01-15 07:32:14.000+05:30,10.85,67.6,814.54,12.049408284023668,6.63,rated_capped,False,,31.82,7.12,27.7,-4,0,10
2025-01-15 07:32:15.000+05:30,10.83,65.94,794.15,12.043524416135881,6.82,rated_capped,False,,32.02,7.38,27.7,-11,0,10
2025-01-15 07:32:16.000+05:30,10.94,68.79,826.23,12.010902747492366,6.67,rated_capped,False,,31.76,7.42,27.7,14,0,10
2025-01-15 07:32:17.000+05:30,11.21,65.93,795.06,12.05915364780828,6.75,rated_capped,False,,31.95,6.83,27.7,22,0,10
2025-01-15 07:32:18.000+05:30,11.54,62.86,754.34,12.00031816735603,6.8,rated_capped,False,,31.72,6.22,27.7,23,0,10
2025-01-15 07:32:19.000+05:30,11.85,63.34,766.4,12.099778970634668,6.78,rated_capped,False,,31.74,5.41,27.7,-5,0,10
2025-01-15 07:32:20.000+05:30,11.91,67.12,804.61,11.987634088200238,7.05,rated_capped,False,,31.56,5.36,27.7,23,0,10
2025-01-15 07:32:21.000+05:30,11.7,67.33,810.61,12.03935838407842,6.78,rated_capped,False,,31.89,4.83,27.7,10,0,10
2025-01-15 07:32:22.000+05:30,11.52,64.38,775.29,12.042404473438957,6.82,rated_capped,False,,32.27,3.99,27.7,22,0,10
2025-01-15 07:32:23.000+05:30,11.61,65.49,790.76,12.074515193159261,6.67,rated_capped,False,,32.14,4.47,27.7,22,0,10
2025-01-15 07:32:24.000+05:30,11.58,65.63,786.42,11.982629894865154,6.75,rated_capped,False,,31.75,4.32,27.7,13,0,10
2025-01-15 07:32:25.000+05:30,11.69,64.97,777.75,11.970909650607974,6.59,rated_capped,False,,31.52,4.23,27.7,2,0,10
2025-01-15 07:32:26.000+05:30,11.75,65.18,786.74,12.070266953053082,6.71,rated_capped,False,,31.78,4.09,27.7,26,0,10
2025-01-15 07:32:27.000+05:30,11.64,67.41,814.76,12.086634030559265,6.72,rated_capped,False,,32.02,4.38,27.7,25,0,10
2025-01-15 07:32:28.000+05:30,11.42,67.81,816.46,12.040407019613626,6.48,rated_capped,False,,31.94,4.77,27.7,-15,0,10
2025-01-15 07:32:29.000+05:30,10.87,67.81,818.09,12.064444772157499,6.48,rated_capped,False,,31.93,4.61,27.7,19,0,10
2025-01-15 07:32:30.000+05:30,11.08,64.2,770.51,12.001713395638628,6.76,rated_capped,False,,31.87,4.81,27.8,14,0,10
2025-01-15 07:32:31.000+05:30,10.86,66.39,799.58,12.043681277300799,6.54,rated_capped,False,,31.74,5.06,27.8,15,0,10
2025-01-15 07:32:32.000+05:30,10.82,65.24,785.82,12.045064377682404,6.65,rated_capped,False,,31.46,5.27,27.8,-24,0,10
2025-01-15 07:32:33.000+05:30,10.63,67.13,808.92,12.050052137643378,6.92,rated_capped,False,,31.21,4.88,27.8,-16,0,10
2025-01-15 07:32:34.000+05:30,10.77,64.72,780.72,12.063040791100125,6.78,rated_capped,False,,30.61,5.3,27.8,-13,0,10
2025-01-15 07:32:35.000+05:30,10.61,64.83,780.58,12.04041338886318,6.79,rated_capped,False,,30.51,4.57,27.8,28,0,10
2025-01-15 07:32:36.000+05:30,10.6,62.38,747.92,11.989740301378646,6.92,rated_capped,False,,30.75,4.23,27.8,1,0,10
2025-01-15 07:32:37.000+05:30,10.91,66.31,799.22,12.052782385763836,6.77,rated_capped,False,,30.87,4.05,27.8,18,0,10
2025-01-15 07:32:38.000+05:30,10.66,65.48,786.59,12.012675626145388,6.73,rated_capped,False,,30.99,3.16,27.8,-9,0,10
2025-01-15 07:32:39.000+05:30,10.43,66.52,809.4,12.167769092002406,6.56,rated_capped,False,,31.35,2.85,27.7,-11,0,10
2025-01-15 07:32:40.000+05:30,10.32,66.2,792.44,11.970392749244713,6.54,rated_capped,False,,31.57,2.55,27.8,23,0,10
2025-01-15 07:32:41.000+05:30,10.31,67.48,812.12,12.034973325429757,6.82,rated_capped,False,,31.31,2.58,27.7,4,0,10
2025-01-15 07:32:42.000+05:30,10.17,63.98,771.42,12.057205376680212,6.99,rated_capped,False,,31.08,2.57,27.7,3,0,10
2025-01-15 07:32:43.000+05:30,10.16,64.38,777.66,12.079217148182666,7.03,rated_capped,False,,30.68,2.83,27.7,3,0,10
2025-01-15 07:32:44.000+05:30,10.23,67.34,812.5,12.065637065637064,6.63,rated_capped,False,,30.89,3.54,27.7,11,0,10
2025-01-15 07:32:45.000+05:30,10.09,65.28,787.26,12.059742647058822,6.54,rated_capped,False,,31.33,3.04,27.7,-12,0,10
2025-01-15 07:32:46.000+05:30,10.01,64.4,771.45,11.979037267080745,6.64,rated_capped,False,,31.66,3.48,27.7,27,0,10
2025-01-15 07:32:47.000+05:30,10.09,66.58,799.58,12.00931210573746,6.63,rated_capped,False,,30.97,3.98,27.7,-27,0,10
2025-01-15 07:32:48.000+05:30,10.15,66.28,798.36,12.045262522631262,6.45,rated_capped,False,,31.05,3.37,27.7,12,0,10
2025-01-15 07:32:49.000+05:30,10.12,67.36,816.36,12.11935866983373,6.59,rated_capped,False,,31.34,2.51,27.7,-29,0,10
2025-01-15 07:32:50.000+05:30,9.93,66.5,799.54,12.023157894736842,6.86,rated_capped,False,,31.4,1.82,27.7,-20,0,10
2025-01-15 07:32:51.000+05:30,9.96,62.81,756.31,12.041235472058588,6.74,rated_capped,False,,30.91,2.08,27.7,6,0,10
2025-01-15 07:32:52.000+05:30,9.64,64.07,767.3,11.97596378960512,6.82,rated_capped,False,,31.0,2.19,27.7,-27,0,10
2025-01-15 07:32:53.000+05:30,9.39,65.57,787.64,12.01220070154034,6.56,rated_capped,False,,30.98,1.87,27.7,10,0,10
2025-01-15 07:32:54.000+05:30,9.38,61.69,746.16,12.09531528610796,6.78,rated_capped,False,,30.67,2.13,27.7,12,0,10
2025-01-15 07:32:55.000+05:30,9.47,65.4,784.96,12.002446483180428,6.7,rated_capped,False,,30.38,2.71,27.7,-22,0,10
2025-01-15 07:32:56.000+05:30,9.7,64.82,779.99,12.033168775069424,6.63,rated_capped,False,,29.71,2.65,27.7,18,0,10
2025-01-15 07:32:57.000+05:30,9.91,66.17,794.33,12.004382650748074,6.62,rated_capped,False,,29.96,3.09,27.7,6,0,10
2025-01-15 07:32:58.000+05:30,9.95,66.7,802.42,12.030284857571214,6.81,rated_capped,False,,29.74,3.02,27.7,-6,0,10
2025-01-15 07:32:59.000+05:30,9.84,64.91,783.98,12.07795409027885,6.78,rated_capped,False,,29.35,3.62,27.7,-24,0,10
2025-01-15 07:33:00.000+05:30,9.77,68.65,833.27,12.13794610342316,6.58,rated_capped,False,,29.89,3.79,27.7,-13,0,10
2025-01-15 07:33:01.000+05:30,9.78,65.95,787.14,11.935405610310841,6.92,rated_capped,False,,30.11,4.27,27.7,3,0,10
2025-01-15 07:33:02.000+05:30,9.58,66.19,797.58,12.049856473787582,6.8,rated_capped,False,,30.32,4.13,27.8,-20,0,10
2025-01-15 07:33:03.000+05:30,9.54,64.07,773.45,12.071952551896365,6.5,rated_capped,False,,30.25,3.83,27.7,11,0,10
2025-01-15 07:33:04.000+05:30,9.59,64.66,781.0,12.078564800494897,6.46,rated_capped,False,,30.47,3.93,27.7,-3,0,10
2025-01-15 07:33:05.000+05:30,9.4,67.33,810.1,12.031783751670876,6.77,rated_capped,False,,30.66,3.35,27.8,-5,0,10
2025-01-15 07:33:06.000+05:30,9.19,64.65,781.96,12.095282289249806,6.74,rated_capped,False,,30.44,2.62,27.8,1,0,10
2025-01-15 07:33:07.000+05:30,9.02,65.23,781.81,11.98543614901119,6.66,rated_capped,False,,29.98,2.67,27.8,-17,0,10
2025-01-15 07:33:08.000+05:30,9.0,63.66,765.81,12.029688972667294,6.84,rated_capped,False,,29.85,1.48,27.8,-17,0,10
2025-01-15 07:33:09.000+05:30,8.82,68.28,824.26,12.071763327475102,7.05,rated_capped,False,,30.54,1.25,27.8,4,0,10
2025-01-15 07:33:10.000+05:30,8.94,65.56,789.15,12.037065283709579,6.97,rated_capped,False,,31.45,2.03,27.8,-1,0,10
2025-01-15 07:33:11.000+05:30,9.03,67.75,816.2,12.047232472324724,6.6,rated_capped,False,,31.31,1.51,27.8,30,0,10
2025-01-15 07:33:12.000+05:30,8.87,65.12,785.2,12.057739557739557,6.81,rated_capped,False,,31.2,1.79,27.8,10,0,10
2025-01-15 07:33:13.000+05:30,8.96,63.84,773.17,12.111058897243106,6.9,rated_capped,False,,31.46,2.0,27.8,-16,0,10
2025-01-15 07:33:14.000+05:30,8.84,62.36,748.98,12.01058370750481,6.81,rated_capped,False,,30.89,1.08,27.8,-14,0,10
2025-01-15 07:33:15.000+05:30,8.71,61.35,744.92,12.142135289323553,6.79,rated_capped,False,,30.57,1.67,27.8,14,0,10
2025-01-15 07:33:16.000+05:30,8.79,65.29,786.59,12.047633634553529,6.66,rated_capped,False,,31.37,1.81,27.8,-27,0,10
2025-01-15 07:33:17.000+05:30,8.87,64.03,769.55,12.018585038263312,6.77,rated_capped,False,,31.55,2.08,27.8,-5,0,10
2025-01-15 07:33:18.000+05:30,8.86,64.84,780.45,12.036551511412709,6.98,rated_capped,False,,31.57,2.08,27.8,-1,0,10
2025-01-15 07:33:19.000+05:30,8.86,64.96,784.04,12.069581280788178,6.86,rated_capped,False,,32.02,3.17,27.8,22,0,10
2025-01-15 07:33:20.000+05:30,8.82,68.04,819.65,12.046590241034684,6.93,rated_capped,False,,31.89,2.96,27.8,3,0,10
2025-01-15 07:33:21.000+05:30,8.73,65.36,789.66,12.081701346389229,6.86,rated_capped,False,,32.0,3.91,27.8,23,0,10
2025-01-15 07:33:22.000+05:30,8.65,64.41,779.12,12.096258344977489,6.74,rated_capped,False,,32.25,4.49,27.8,-19,0,10
2025-01-15 07:33:23.000+05:30,8.8,66.86,800.8,11.97726592880646,6.66,rated_capped,False,,32.09,4.01,27.8,-16,0,10
2025-01-15 07:33:24.000+05:30,8.72,67.29,812.37,12.072670530539455,6.68,rated_capped,False,,32.27,3.42,27.8,-20,0,10
2025-01-15 07:33:25.000+05:30,8.69,63.45,766.26,12.07659574468085,6.78,rated_capped,False,,32.15,2.97,27.8,-8,0,10
2025-01-15 07:33:26.000+05:30,8.59,64.34,769.88,11.965806652160397,6.81,rated_capped,False,,31.84,1.7,27.8,19,0,10
2025-01-15 07:33:27.000+05:30,8.71,67.02,806.84,12.03879438973441,6.68,rated_capped,False,,32.15,1.16,27.8,28,0,10
2025-01-15 07:33:28.000+05:30,8.58,65.0,781.97,12.030307692307693,6.94,rated_capped,False,,32.49,1.18,27.8,11,0,10
2025-01-15 07:33:29.000+05:30,8.43,63.55,765.86,12.05129819040126,7.03,rated_capped,False,,32.22,0.91,27.8,-5,0,10
2025-01-15 07:33:30.000+05:30,8.61,64.7,775.35,11.983771251931994,7.06,rated_capped,False,,32.13,1.51,27.8,-29,0,10
2025-01-15 07:33:31.000+05:30,8.68,64.86,780.02,12.026210299105767,6.52,rated_capped,False,,31.65,1.53,27.8,20,0,10
2025-01-15 07:33:32.000+05:30,8.71,67.18,807.28,12.01667162846085,6.72,rated_capped,False,,31.81,1.46,27.8,3,0,10
2025-01-15 07:33:33.000+05:30,9.05,67.42,809.52,12.007119549095224,6.83,rated_capped,False,,31.27,1.37,27.8,29,0,10
2025-01-15 07:33:34.000+05:30,8.89,63.76,764.02,11.982747804265998,6.87,rated_capped,False,,31.2,1.29,27.8,-21,0,10
2025-01-15 07:33:35.000+05:30,9.11,66.38,798.18,12.024404941247363,6.8,rated_capped,False,,30.65,1.73,27.8,-15,0,10
2025-01-15 07:33:36.000+05:30,9.27,64.71,779.07,12.039406583217433,6.71,rated_capped,False,,30.56,1.79,27.8,3,0,10
2025-01-15 07:33:37.000+05:30,9.39,65.72,792.99,12.066189896530737,6.73,rated_capped,False,,30.75,1.12,27.8,13,0,10
2025-01-15 07:33:38.000+05:30,9.51,66.76,804.39,12.048981426003595,6.74,rated_capped,False,,31.5,1.8,27.8,-6,0,10
2025-01-15 07:33:39.000+05:30,9.64,66.17,799.1,12.076469699259484,6.7,rated_capped,False,,31.99,1.87,27.8,30,0,10
2025-01-15 07:33:40.000+05:30,9.82,64.31,776.15,12.068885087855698,6.75,rated_capped,False,,32.3,0.94,27.7,-24,0,10
2025-01-15 07:33:41.000+05:30,9.53,64.33,777.73,12.089693766516401,6.75,rated_capped,False,,32.14,0.92,27.7,-22,0,10
2025-01-15 07:33:42.000+05:30,9.44,63.32,765.47,12.088913455464308,6.83,rated_capped,False,,32.09,1.83,27.7,7,0,10
2025-01-15 07:33:43.000+05:30,9.59,65.81,789.3,11.993617991186749,6.92,rated_capped,False,,31.91,2.05,27.7,-14,0,10
2025-01-15 07:33:44.000+05:30,9.57,64.56,775.44,12.011152416356877,6.66,rated_capped,False,,31.66,1.95,27.7,26,0,10
2025-01-15 07:33:45.000+05:30,9.65,61.89,742.0,11.989012764582323,6.78,rated_capped,False,,31.25,1.63,27.7,-23,0,10
2025-01-15 07:33:46.000+05:30,9.69,66.71,805.49,12.074501573976915,6.94,rated_capped,False,,31.47,2.37,27.7,-15,0,10
2025-01-15 07:33:47.000+05:30,9.88,64.96,783.22,12.056958128078819,6.7,rated_capped,False,,31.5,1.68,27.7,22,0,10
2025-01-15 07:33:48.000+05:30,10.12,64.06,770.55,12.02856696846706,6.86,rated_capped,False,,31.58,1.44,27.7,-7,0,10
2025-01-15 07:33:49.000+05:30,10.0,65.69,789.02,12.011265032729487,6.88,rated_capped,False,,31.7,0.66,27.7,11,0,10
2025-01-15 07:33:50.000+05:30,10.02,66.17,797.01,12.044884388695783,6.68,rated_capped,False,,31.34,0.0,27.7,-16,0,10
2025-01-15 07:33:51.000+05:30,9.93,64.12,773.69,12.066281971303805,6.6,rated_capped,False,,30.85,0.53,27.6,-10,0,10
2025-01-15 07:33:52.000+05:30,9.81,67.85,816.38,12.032129697862933,6.72,rated_capped,False,,30.73,0.48,27.7,0,0,10
2025-01-15 07:33:53.000+05:30,9.95,65.2,787.6,12.079754601226993,6.68,rated_capped,False,,30.45,1.25,27.7,22,0,10
2025-01-15 07:33:54.000+05:30,9.96,63.59,763.18,12.001572574304134,6.73,rated_capped,False,,30.97,1.21,27.7,28,0,10
2025-01-15 07:33:55.000+05:30,9.95,65.14,789.61,12.121737795517348,6.81,rated_capped,False,,31.39,0.49,27.6,16,0,10
2025-01-15 07:33:56.000+05:30,10.05,66.96,807.07,12.053016726403825,6.86,rated_capped,False,,31.0,1.03,27.6,18,0,10
2025-01-15 07:33:57.000+05:30,10.18,66.33,795.58,11.994271068897936,6.69,rated_capped,False,,31.05,0.95,27.6,-4,0,10
2025-01-15 07:33:58.000+05:30,10.05,67.29,809.38,12.028235993461138,6.86,rated_capped,False,,31.01,0.46,27.6,26,0,10
2025-01-15 07:33:59.000+05:30,10.16,65.47,788.69,12.04658622269742,6.76,rated_capped,False,,31.0,0.61,27.6,25,0,10
2025-01-15 07:34:00.000+05:30,10.29,65.27,785.64,12.036770338593534,6.76,rated_capped,False,,31.06,1.03,27.6,-9,0,10
2025-01-15 07:34:01.000+05:30,10.22,68.8,831.61,12.08735465116279,6.58,rated_capped,False,,30.64,1.79,27.6,11,0,10
2025-01-15 07:34:02.000+05:30,10.27,70.05,837.52,11.956031406138473,6.82,rated_capped,False,,30.74,1.55,27.6,24,0,10
2025-01-15 07:34:03.000+05:30,10.18,66.63,804.07,12.067687227975387,6.72,rated_capped,False,,30.7,0.82,27.6,30,0,10
2025-01-15 07:34:04.000+05:30,10.13,65.12,784.91,12.053286240786239,6.9,rated_capped,False,,30.34,0.58,27.6,7,0,10
2025-01-15 07:34:05.000+05:30,10.13,65.54,791.74,12.080256332010984,6.66,rated_capped,False,,30.79,1.45,27.6,23,0,10
2025-01-15 07:34:06.000+05:30,10.21,67.53,807.35,11.955427217532948,6.68,rated_capped,False,,30.52,0.85,27.5,-9,0,10
2025-01-15 07:34:07.000+05:30,10.14,66.35,800.36,12.062697814619444,6.69,rated_capped,False,,29.9,0.74,27.5,22,0,10
2025-01-15 07:34:08.000+05:30,9.94,65.34,789.32,12.080195898377717,6.72,rated_capped,False,,29.93,0.56,27.5,-21,0,10
2025-01-15 07:34:09.000+05:30,9.69,64.98,784.43,12.071868267159124,6.62,rated_capped,False,,29.08,1.0,27.5,27,0,10
2025-01-15 07:34:10.000+05:30,9.58,64.65,779.67,12.059860788863107,6.56,rated_capped,False,,29.15,0.96,27.5,26,0,10
2025-01-15 07:34:11.000+05:30,9.67,65.72,794.21,12.08475349969568,6.67,rated_capped,False,,29.45,1.4,27.5,-21,0,10
2025-01-15 07:34:12.000+05:30,9.62,65.11,779.97,11.979265857779144,6.78,rated_capped,False,,28.53,1.29,27.5,26,0,10
2025-01-15 07:34:13.000+05:30,9.37,65.15,781.81,12.00015349194167,6.79,rated_capped,False,,28.43,1.15,27.5,-19,0,10
2025-01-15 07:34:14.000+05:30,9.11,63.23,761.08,12.036691443934842,6.72,rated_capped,False,,28.33,1.34,27.5,24,0,10
2025-01-15 07:34:15.000+05:30,9.3,63.71,765.87,12.021189766127767,6.71,rated_capped,False,,28.2,1.58,27.5,-9,0,10
2025-01-15 07:34:16.000+05:30,9.33,65.42,785.22,12.002751452155305,6.75,rated_capped,False,,29.14,1.16,27.5,6,0,10
2025-01-15 07:34:17.000+05:30,9.21,64.65,781.14,12.08259860788863,6.73,rated_capped,False,,29.21,0.34,27.5,26,0,10
2025-01-15 07:34:18.000+05:30,9.11,66.0,794.82,12.042727272727273,6.74,rated_capped,False,,29.31,0.35,27.5,-1,0,10
2025-01-15 07:34:19.000+05:30,9.06,64.8,781.44,12.05925925925926,7.01,rated_capped,False,,29.33,0.69,27.5,-10,0,10
2025-01-15 07:34:20.000+05:30,8.97,64.5,774.82,12.012713178294575,7.06,rated_capped,False,,29.51,0.02,27.5,18,0,10
2025-01-15 07:34:21.000+05:30,9.12,65.5,785.57,11.993435114503818,6.71,rated_capped,False,,29.59,0.0,27.5,-24,0,10
2025-01-15 07:34:22.000+05:30,9.01,67.5,816.06,12.089777777777776,6.7,rated_capped,False,,29.86,0.62,27.5,15,0,10
2025-01-15 07:34:23.000+05:30,9.2,65.36,786.06,12.026621787025704,6.76,rated_capped,False,,30.54,1.02,27.5,-23,0,10
2025-01-15 07:34:24.000+05:30,9.16,66.8,802.3,12.010479041916167,6.91,rated_capped,False,,31.1,0.96,27.5,19,0,10
2025-01-15 07:34:25.000+05:30,9.25,68.46,821.87,12.00511247443763,6.46,rated_capped,False,,31.36,0.15,27.5,1,0,10
2025-01-15 07:34:26.000+05:30,9.22,69.1,829.74,12.00781476121563,6.93,rated_capped,False,,31.28,0.63,27.5,-9,0,10
2025-01-15 07:34:27.000+05:30,9.3,63.32,766.73,12.108812381554012,6.91,rated_capped,False,,31.92,0.0,27.5,23,0,10
2025-01-15 07:34:28.000+05:30,9.2,63.46,765.07,12.05594075007879,6.68,rated_capped,False,,31.53,0.2,27.5,22,0,10
2025-01-15 07:34:29.000+05:30,9.46,65.74,792.46,12.054456951627625,6.88,rated_capped,False,,31.88,0.47,27.5,-8,0,10
2025-01-15 07:34:30.000+05:30,9.36,65.77,788.74,11.992397749733922,6.55,rated_capped,False,,31.68,0.57,27.5,-19,0,10
2025-01-15 07:34:31.000+05:30,9.23,68.11,818.28,12.014094846571721,6.87,rated_capped,False,,32.02,0.0,27.6,5,0,10
2025-01-15 07:34:32.000+05:30,9.17,65.18,784.56,12.036821110770173,7.0,rated_capped,False,,31.91,0.44,27.6,-13,0,10
2025-01-15 07:34:33.000+05:30,9.15,65.15,781.49,11.995241749808134,7.06,rated_capped,False,,31.71,0.0,27.6,-27,0,10
2025-01-15 07:34:34.000+05:30,9.28,65.35,791.09,12.105432287681715,6.7,rated_capped,False,,31.98,0.15,27.6,-12,0,10
2025-01-15 07:34:35.000+05:30,9.34,66.39,796.83,12.00225937641211,6.63,rated_capped,False,,31.96,0.41,27.6,22,0,10
2025-01-15 07:34:36.000+05:30,9.51,64.57,779.37,12.07015641938981,6.76,rated_capped,False,,31.72,0.93,27.5,-18,0,10
2025-01-15 07:34:37.000+05:30,9.53,64.33,776.75,12.074459816570807,6.61,rated_capped,False,,31.26,1.54,27.5,-18,0,10
2025-01-15 07:34:38.000+05:30,9.37,67.04,804.11,11.99448090692124,6.65,rated_capped,False,,31.69,1.43,27.5,-20,0,10
2025-01-15 07:34:39.000+05:30,9.54,66.09,798.96,12.088969586926918,6.62,rated_capped,False,,31.57,1.69,27.6,9,0,10
2025-01-15 07:34:40.000+05:30,9.17,64.88,781.43,12.044235511713934,6.46,rated_capped,False,,31.46,2.0,27.6,15,0,10
2025-01-15 07:34:41.000+05:30,9.01,64.28,775.09,12.058027380211575,6.63,rated_capped,False,,31.71,2.09,27.5,-30,0,10
2025-01-15 07:34:42.000+05:30,9.14,64.22,771.23,12.009187169106198,6.87,rated_capped,False,,31.75,1.64,27.5,-4,0,10
2025-01-15 07:34:43.000+05:30,9.08,67.54,815.73,12.077731714539532,6.74,rated_capped,False,,31.2,1.63,27.5,3,0,10
2025-01-15 07:34:44.000+05:30,8.98,64.88,781.13,12.039611590628853,6.72,rated_capped,False,,31.13,1.55,27.5,29,0,10
2025-01-15 07:34:45.000+05:30,8.95,65.82,792.0,12.032816773017322,6.58,rated_capped,False,,31.45,1.14,27.5,-25,0,10
2025-01-15 07:34:46.000+05:30,8.99,64.5,780.96,12.107906976744186,6.9,rated_capped,False,,31.29,0.64,27.5,6,0,10
2025-01-15 07:34:47.000+05:30,8.78,65.73,790.54,12.0270804807546,6.69,rated_capped,False,,31.01,1.07,27.5,14,0,10
2025-01-15 07:34:48.000+05:30,8.85,66.85,808.07,12.087808526551983,6.84,rated_capped,False,,30.48,0.72,27.5,-11,0,10
2025-01-15 07:34:49.000+05:30,8.76,64.57,773.8,11.983893448970111,6.83,rated_capped,False,,30.05,0.0,27.6,-24,0,10
2025-01-15 07:34:50.000+05:30,8.66,65.84,793.1,12.045868772782503,6.6,rated_capped,False,,30.09,0.0,27.6,-17,0,10
2025-01-15 07:34:51.000+05:30,8.77,64.21,774.34,12.059492290920419,6.72,rated_capped,False,,30.14,0.0,27.6,-14,0,10
2025-01-15 07:34:52.000+05:30,8.66,66.32,803.67,12.118063932448734,6.74,rated_capped,False,,30.12,0.7,27.6,17,0,10
2025-01-15 07:34:53.000+05:30,8.79,64.98,784.78,12.077254539858417,6.85,rated_capped,False,,30.5,0.81,27.6,-13,0,10
2025-01-15 07:34:54.000+05:30,8.8,66.53,799.77,12.021193446565459,6.96,rated_capped,False,,31.13,0.36,27.6,-18,0,10
2025-01-15 07:34:55.000+05:30,8.98,66.07,795.17,12.035265627364916,7.06,rated_capped,False,,31.7,0.49,27.6,-26,0,10
2025-01-15 07:34:56.000+05:30,9.12,66.07,789.74,11.953080066596035,6.54,rated_capped,False,,32.15,0.62,27.6,-13,0,10
2025-01-15 07:34:57.000+05:30,9.24,65.98,800.69,12.13534404364959,6.76,rated_capped,False,,31.48,0.35,27.7,-15,0,10
2025-01-15 07:34:58.000+05:30,9.21,66.86,806.4,12.061023033203709,6.88,rated_capped,False,,32.16,0.0,27.7,12,0,10
2025-01-15 07:34:59.000+05:30,9.2,66.25,794.64,11.994566037735849,6.94,rated_capped,False,,32.69,0.14,27.7,16,0,10
2025-01-15 07:35:00.000+05:30,9.22,66.68,800.44,12.004199160167966,6.63,rated_capped,False,,32.19,0.6,27.7,29,0,10
2025-01-15 07:35:01.000+05:30,9.21,62.85,755.67,12.023389021479712,6.89,rated_capped,False,,31.81,0.49,27.7,18,0,10
2025-01-15 07:35:02.000+05:30,9.37,65.53,791.48,12.07813215321227,6.46,rated_capped,False,,31.93,1.11,27.7,-14,0,10
2025-01-15 07:35:03.000+05:30,9.4,64.1,772.63,12.053510140405617,6.66,rated_capped,False,,32.0,1.03,27.7,-23,0,10
2025-01-15 07:35:04.000+05:30,9.6,66.93,805.92,12.04123711340206,6.56,rated_capped,False,,31.88,1.0,27.6,0,0,10
2025-01-15 07:35:05.000+05:30,9.76,65.96,789.16,11.964220739842329,6.77,rated_capped,False,,31.32,1.06,27.7,12,0,10
2025-01-15 07:35:06.000+05:30,9.78,66.95,805.09,12.025242718446602,6.56,rated_capped,False,,31.3,1.5,27.6,-26,0,10
2025-01-15 07:35:07.000+05:30,9.77,66.53,798.02,11.994889523523222,6.7,rated_capped,False,,30.97,1.48,27.6,5,0,10
2025-01-15 07:35:08.000+05:30,10.06,65.14,780.86,11.987411728584588,7.03,rated_capped,False,,30.91,1.75,27.7,23,0,10
2025-01-15 07:35:09.000+05:30,10.24,66.48,803.48,12.086040914560769,6.73,rated_capped,False,,30.59,0.44,27.7,-12,0,10
2025-01-15 07:35:10.000+05:30,10.35,66.58,799.7,12.01111444878342,6.98,rated_capped,False,,31.13,0.46,27.7,-30,0,10
2025-01-15 07:35:11.000+05:30,10.55,67.15,803.37,11.963812360387191,6.73,rated_capped,False,,30.77,0.0,27.6,11,0,10
2025-01-15 07:35:12.000+05:30,10.4,63.9,771.79,12.078090766823161,6.93,rated_capped,False,,30.4,0.37,27.6,15,0,10
2025-01-15 07:35:13.000+05:30,10.47,65.93,793.82,12.040345821325648,6.81,rated_capped,False,,30.52,0.33,27.6,-24,0,10
2025-01-15 07:35:14.000+05:30,10.66,66.51,798.13,12.000150353330325,6.9,rated_capped,False,,30.12,0.0,27.6,-15,0,10
2025-01-15 07:35:15.000+05:30,10.74,64.12,772.33,12.045071740486588,6.7,rated_capped,False,,30.03,0.0,27.7,23,0,10
2025-01-15 07:35:16.000+05:30,11.01,64.81,779.91,12.033791081623205,6.8,rated_capped,False,,29.91,0.29,27.6,5,0,10
2025-01-15 07:35:17.000+05:30,11.17,65.37,792.16,12.11809698638519,6.76,rated_capped,False,,29.46,0.54,27.6,-11,0,10
2025-01-15 07:35:18.000+05:30,11.24,64.74,778.43,12.023941921532284,6.77,rated_capped,False,,29.82,0.83,27.6,14,0,10
2025-01-15 07:35:19.000+05:30,11.42,65.56,791.91,12.079164124466137,6.89,rated_capped,False,,29.59,1.06,27.6,13,0,10
2025-01-15 07:35:20.000+05:30,11.53,64.43,779.48,12.098090951420145,6.86,rated_capped,False,,29.32,1.68,27.6,15,0,10
2025-01-15 07:35:21.000+05:30,11.48,63.46,765.54,12.063346990230066,6.75,rated_capped,False,,30.69,1.72,27.6,-19,0,10
2025-01-15 07:35:22.000+05:30,11.21,65.1,781.56,12.005529953917051,6.74,rated_capped,False,,30.09,1.16,27.6,-12,0,10
2025-01-15 07:35:23.000+05:30,11.29,62.29,747.3,11.997110290576336,6.67,rated_capped,False,,29.87,1.19,27.6,-6,0,10
2025-01-15 07:35:24.000+05:30,11.4,65.47,788.2,12.03910187872308,6.56,rated_capped,False,,30.07,1.36,27.6,-5,0,10
2025-01-15 07:35:25.000+05:30,11.75,66.05,801.49,12.134595003785012,6.66,rated_capped,False,,30.11,1.17,27.6,0,0,10
2025-01-15 07:35:26.000+05:30,11.8,67.75,817.84,12.071439114391145,6.85,rated_capped,False,,30.1,0.91,27.6,-19,0,10
2025-01-15 07:35:27.000+05:30,11.73,63.44,759.54,11.972572509457756,6.66,rated_capped,False,,30.36,1.2,27.6,16,0,10
2025-01-15 07:35:28.000+05:30,11.72,66.11,799.27,12.090001512630463,6.91,rated_capped,False,,30.65,0.43,27.6,8,0,10
2025-01-15 07:35:29.000+05:30,11.8,67.06,808.02,12.049209662988368,6.94,rated_capped,False,,30.82,0.76,27.6,30,0,10
2025-01-15 07:35:30.000+05:30,11.88,66.21,799.44,12.074309016764841,6.91,rated_capped,False,,30.91,0.62,27.6,1,0,10
2025-01-15 07:35:31.000+05:30,11.65,64.55,783.02,12.130441518202943,6.74,rated_capped,False,,31.39,0.89,27.5,-13,0,10
2025-01-15 07:35:32.000+05:30,11.62,65.03,784.5,12.063662924803937,6.69,rated_capped,False,,31.31,1.18,27.5,21,0,10
2025-01-15 07:35:33.000+05:30,11.74,65.86,791.72,12.021257212268448,6.68,rated_capped,False,,31.12,1.91,27.5,14,0,10
2025-01-15 07:35:34.000+05:30,11.72,64.75,780.45,12.053281853281854,6.98,rated_capped,False,,31.1,1.81,27.5,-18,0,10
2025-01-15 07:35:35.000+05:30,11.59,67.71,817.68,12.07620735489588,6.61,rated_capped,False,,31.43,2.67,27.5,25,0,10
2025-01-15 07:35:36.000+05:30,11.61,63.46,765.52,12.063031831074692,6.53,rated_capped,False,,31.11,3.46,27.5,-25,0,10
2025-01-15 07:35:37.000+05:30,11.34,64.63,778.47,12.045025529939657,6.56,rated_capped,False,,31.12,3.1,27.5,0,0,10
2025-01-15 07:35:38.000+05:30,11.25,60.89,732.56,12.030875348989982,6.57,rated_capped,False,,31.83,3.45,27.5,-22,0,10
2025-01-15 07:35:39.000+05:30,11.49,65.27,782.05,11.981768040447372,6.78,rated_capped,False,,31.96,3.42,27.5,-3,0,10
2025-01-15 07:35:40.000+05:30,11.39,66.19,794.24,11.999395679105605,6.6,rated_capped,False,,32.07,3.16,27.5,10,0,10
2025-01-15 07:35:41.000+05:30,11.3,64.69,778.86,12.039882516617716,6.9,rated_capped,False,,31.64,2.87,27.5,-28,0,10
2025-01-15 07:35:42.000+05:30,11.06,63.5,762.64,12.01007874015748,6.95,rated_capped,False,,32.28,2.58,27.5,25,0,10
2025-01-15 07:35:43.000+05:30,11.06,67.95,816.87,12.021633554083884,6.63,rated_capped,False,,32.44,3.01,27.5,-14,0,10
2025-01-15 07:35:44.000+05:30,11.11,67.21,812.07,12.082576997470616,7.0,rated_capped,False,,31.99,2.86,27.5,-8,0,10
2025-01-15 07:35:45.000+05:30,11.02,66.05,792.48,11.998183194549584,6.83,rated_capped,False,,31.54,2.8,27.5,-29,0,10
2025-01-15 07:35:46.000+05:30,11.1,67.21,802.77,11.944204731438775,6.75,rated_capped,False,,31.08,1.67,27.5,-11,0,10
2025-01-15 07:35:47.000+05:30,11.11,66.04,798.26,12.087522713506964,6.52,rated_capped,False,,30.99,1.32,27.5,15,0,10
2025-01-15 07:35:48.000+05:30,11.2,65.19,789.65,12.113054149409418,6.83,rated_capped,False,,32.11,1.76,27.6,10,0,10
2025-01-15 07:35:49.000+05:30,11.38,66.0,791.4,11.99090909090909,6.49,rated_capped,False,,32.14,1.7,27.5,0,0,10
2025-01-15 07:35:50.000+05:30,11.46,66.14,794.4,12.010885999395223,6.77,rated_capped,False,,32.05,1.83,27.5,-26,0,10
2025-01-15 07:35:51.000+05:30,11.71,66.1,799.35,12.093040847201213,6.65,rated_capped,False,,32.33,1.51,27.5,16,0,10
2025-01-15 07:35:52.000+05:30,11.77,66.39,799.24,12.038560024100015,6.6,rated_capped,False,,32.77,1.47,27.5,19,0,10
2025-01-15 07:35:53.000+05:30,11.88,67.36,813.94,12.083432304038006,6.82,rated_capped,False,,32.5,1.34,27.5,-12,0,10
2025-01-15 07:35:54.000+05:30,11.96,66.51,799.88,12.026462186137422,6.54,rated_capped,False,,32.56,1.78,27.5,-29,0,10
2025-01-15 07:35:55.000+05:30,11.98,65.64,791.89,12.064137720901888,6.78,rated_capped,False,,32.97,1.97,27.5,3,0,10
2025-01-15 07:35:56.000+05:30,12.0,64.51,775.13,12.015656487366298,6.81,rated_capped,False,,32.98,1.49,27.5,2,0,10
2025-01-15 07:35:57.000+05:30,12.0,65.22,785.21,12.039405090463049,6.82,rated_capped,False,,32.98,1.42,27.5,16,0,10
2025-01-15 07:35:58.000+05:30,12.0,65.7,792.16,12.057229832572297,6.83,rated_capped,False,,32.69,1.54,27.5,6,0,10
2025-01-15 07:35:59.000+05:30,12.0,65.07,782.76,12.029506685108347,6.61,rated_capped,False,,32.93,1.23,27.5,-22,0,10
2025-01-15 07:36:00.000+05:30,12.0,64.93,779.63,12.007238564608038,6.82,rated_capped,False,,32.88,1.47,27.5,21,0,10
2025-01-15 07:36:01.000+05:30,12.0,66.9,802.17,11.990582959641253,6.74,rated_capped,False,,32.69,1.57,27.5,-30,0,10
2025-01-15 07:36:02.000+05:30,12.0,66.3,794.17,11.97843137254902,6.75,rated_capped,False,,32.97,1.03,27.5,-16,0,10
2025-01-15 07:36:03.000+05:30,12.0,66.61,805.45,12.092028223990393,6.92,rated_capped,False,,33.0,0.5,27.5,13,0,10
2025-01-15 07:36:04.000+05:30,12.0,65.68,793.78,12.085566382460412,6.87,rated_capped,False,,32.99,0.88,27.5,-23,0,10
2025-01-15 07:36:05.000+05:30,12.0,67.64,815.71,12.059580130100533,6.67,rated_capped,False,,32.94,1.25,27.5,-14,0,10
2025-01-15 07:36:06.000+05:30,12.0,64.55,774.73,12.002013942680094,6.66,rated_capped,False,,32.95,1.58,27.5,14,0,10
2025-01-15 07:36:07.000+05:30,11.93,66.45,800.56,12.047554552294958,6.73,rated_capped,False,,32.96,1.43,27.6,-19,0,10
2025-01-15 07:36:08.000+05:30,12.0,65.33,787.3,12.051125057400887,6.68,rated_capped,False,,32.66,1.86,27.6,22,0,10
2025-01-15 07:36:09.000+05:30,11.91,64.66,773.56,11.963501391896072,6.86,rated_capped,False,,32.63,2.42,27.5,7,0,10
2025-01-15 07:36:10.000+05:30,12.0,65.64,792.43,12.072364411943935,6.98,rated_capped,False,,32.79,3.04,27.6,29,0,10
2025-01-15 07:36:11.000+05:30,11.9,64.78,785.37,12.123649274467429,6.9,rated_capped,False,,32.99,2.76,27.6,15,0,10
2025-01-15 07:36:12.000+05:30,12.0,67.49,813.24,12.049785153356053,6.73,rated_capped,False,,32.78,2.02,27.6,23,0,10
2025-01-15 07:36:13.000+05:30,11.79,65.24,785.89,12.046137339055795,6.68,rated_capped,False,,32.54,2.25,27.5,-19,0,10
2025-01-15 07:36:14.000+05:30,11.63,67.46,809.31,11.996887044174326,6.66,rated_capped,False,,32.95,2.19,27.5,27,0,10
2025-01-15 07:36:15.000+05:30,11.72,67.18,808.02,12.027686811551055,6.89,rated_capped,False,,32.99,1.76,27.5,-14,0,10
2025-01-15 07:36:16.000+05:30,11.61,63.19,759.84,12.024687450545974,6.55,rated_capped,False,,32.39,1.3,27.5,23,0,10
2025-01-15 07:36:17.000+05:30,11.66,65.74,787.76,11.982963188317616,7.06,rated_capped,False,,32.7,1.5,27.5,-22,0,10
2025-01-15 07:36:18.000+05:30,11.61,65.91,791.78,12.013048095888333,6.74,rated_capped,False,,32.24,0.96,27.5,1,0,10
2025-01-15 07:36:19.000+05:30,11.53,66.6,805.01,12.087237237237238,6.83,rated_capped,False,,31.46,0.55,27.5,-14,0,10
2025-01-15 07:36:20.000+05:30,11.7,66.06,791.25,11.977747502270663,6.96,rated_capped,False,,31.83,0.4,27.5,26,0,10
2025-01-15 07:36:21.000+05:30,11.95,66.31,797.42,12.025637158799576,6.74,rated_capped,False,,31.97,0.79,27.5,-3,0,10
2025-01-15 07:36:22.000+05:30,11.73,64.82,781.57,12.05754396791114,7.0,rated_capped,False,,32.39,1.41,27.6,28,0,10
2025-01-15 07:36:23.000+05:30,11.96,66.17,799.38,12.080701224119691,6.93,rated_capped,False,,32.51,1.29,27.6,13,0,10
2025-01-15 07:36:24.000+05:30,11.68,67.0,805.73,12.025820895522388,6.81,rated_capped,False,,32.61,0.91,27.6,-29,0,10
2025-01-15 07:36:25.000+05:30,11.68,65.85,788.83,11.979195140470768,6.67,rated_capped,False,,31.89,0.92,27.5,-5,0,10
2025-01-15 07:36:26.000+05:30,11.76,63.3,764.81,12.082306477093207,6.49,rated_capped,False,,32.26,0.71,27.5,-17,0,10
2025-01-15 07:36:27.000+05:30,11.96,64.39,771.64,11.98384842366827,6.91,rated_capped,False,,32.01,0.44,27.5,-30,0,10
2025-01-15 07:36:28.000+05:30,11.99,67.64,814.97,12.048639858072146,6.68,rated_capped,False,,31.73,0.0,27.5,28,0,10
2025-01-15 07:36:29.000+05:30,12.0,65.37,785.66,12.018662995257761,6.69,rated_capped,False,,32.32,0.0,27.5,18,0,10
2025-01-15 07:36:30.000+05:30,11.96,69.34,834.02,12.027978079030861,7.03,rated_capped,False,,31.82,0.0,27.5,-11,0,10
2025-01-15 07:36:31.000+05:30,11.77,62.91,758.74,12.060721665871881,6.66,rated_capped,False,,31.5,0.0,27.6,-7,0,10
2025-01-15 07:36:32.000+05:30,11.86,63.06,753.7,11.952109102442119,6.73,rated_capped,False,,31.46,0.03,27.6,-5,0,10
2025-01-15 07:36:33.000+05:30,11.91,64.97,784.34,12.072341080498692,6.68,rated_capped,False,,31.68,0.0,27.6,1,0,10
2025-01-15 07:36:34.000+05:30,11.7,65.73,797.13,12.127339114559561,6.89,rated_capped,False,,31.97,0.0,27.6,6,0,10
2025-01-15 07:36:35.000+05:30,11.5,65.09,781.14,12.000921800583805,6.81,rated_capped,False,,32.57,0.84,27.6,12,0,10
2025-01-15 07:36:36.000+05:30,11.53,66.13,793.72,12.002419476788146,6.93,rated_capped,False,,32.14,0.45,27.6,-24,0,10
2025-01-15 07:36:37.000+05:30,11.67,63.75,768.82,12.059921568627452,6.83,rated_capped,False,,31.9,0.0,27.6,-15,0,10
2025-01-15 07:36:38.000+05:30,11.74,68.53,821.14,11.982197577703195,6.91,rated_capped,False,,32.09,0.0,27.6,-12,0,10
2025-01-15 07:36:39.000+05:30,11.69,66.66,808.19,12.124062406240625,6.67,rated_capped,False,,32.13,0.0,27.6,-26,0,10
2025-01-15 07:36:40.000+05:30,11.77,63.27,754.59,11.926505452821242,6.66,rated_capped,False,,32.13,0.0,27.6,29,0,10
2025-01-15 07:36:41.000+05:30,11.78,65.81,787.51,11.96641847743504,6.69,rated_capped,False,,32.08,0.14,27.5,4,0,10
2025-01-15 07:36:42.000+05:30,11.79,67.63,814.3,12.040514564542363,6.77,rated_capped,False,,32.05,0.15,27.5,-21,0,10
2025-01-15 07:36:43.000+05:30,11.69,66.97,810.83,12.10736150515156,6.77,rated_capped,False,,32.49,0.85,27.6,1,0,10
2025-01-15 07:36:44.000+05:30,11.64,65.71,789.78,12.019175163597627,6.71,rated_capped,False,,32.56,0.26,27.5,-29,0,10
2025-01-15 07:36:45.000+05:30,11.64,68.45,826.15,12.069393718042367,6.79,rated_capped,False,,32.03,0.0,27.5,15,0,10
2025-01-15 07:36:46.000+05:30,11.76,68.87,832.68,12.090605488601712,6.9,rated_capped,False,,32.52,0.0,27.5,-1,0,10
2025-01-15 07:36:47.000+05:30,11.47,66.02,792.08,11.997576491972131,6.98,rated_capped,False,,32.79,0.16,27.5,-20,0,10
2025-01-15 07:36:48.000+05:30,11.46,66.57,798.5,11.99489259426168,6.67,rated_capped,False,,32.95,0.06,27.5,-8,0,10
2025-01-15 07:36:49.000+05:30,11.27,64.15,769.88,12.001247077162898,6.68,rated_capped,False,,32.52,0.7,27.5,-14,0,10
2025-01-15 07:36:50.000+05:30,11.42,67.84,813.26,11.987912735849056,6.68,rated_capped,False,,32.14,0.2,27.5,-13,0,10
2025-01-15 07:36:51.000+05:30,11.66,65.08,785.22,12.065457897971728,6.93,rated_capped,False,,31.81,0.8,27.5,20,0,10
2025-01-15 07:36:52.000+05:30,11.58,65.89,798.0,12.111094247989072,6.8,rated_capped,False,,32.41,0.48,27.5,-2,0,10
2025-01-15 07:36:53.000+05:30,11.5,65.18,785.77,12.055385087450137,6.75,rated_capped,False,,32.24,0.39,27.5,19,0,10
2025-01-15 07:36:54.000+05:30,11.48,63.15,762.08,12.067775138558988,6.95,rated_capped,False,,32.64,0.0,27.5,11,0,10
2025-01-15 07:36:55.000+05:30,11.72,65.59,791.33,12.064796462875439,6.72,rated_capped,False,,31.73,0.29,27.5,-9,0,10
2025-01-15 07:36:56.000+05:30,11.77,62.53,757.22,12.109707340476572,6.81,rated_capped,False,,31.84,0.57,27.5,27,0,10
2025-01-15 07:36:57.000+05:30,11.75,63.89,768.77,12.03271247456566,6.48,rated_capped,False,,32.17,0.8,27.5,-25,0,10
2025-01-15 07:36:58.000+05:30,12.0,64.32,775.62,12.058768656716419,6.88,rated_capped,False,,31.92,0.95,27.5,13,0,10
2025-01-15 07:36:59.000+05:30,12.0,62.6,752.73,12.02444089456869,6.82,rated_capped,False,,31.53,0.86,27.5,-9,0,10
2025-01-15 07:37:00.000+05:30,12.0,67.63,815.35,12.056040218837795,6.72,rated_capped,False,,31.03,1.57,27.5,-29,0,10
2025-01-15 07:37:01.000+05:30,11.71,65.19,786.41,12.063353275042184,6.69,rated_capped,False,,31.06,1.26,27.6,-6,0,10
2025-01-15 07:37:02.000+05:30,11.69,66.34,800.37,12.064666867651491,6.64,rated_capped,False,,30.87,1.2,27.6,-28,0,10
2025-01-15 07:37:03.000+05:30,11.87,61.2,738.36,12.064705882352941,6.93,rated_capped,False,,31.57,1.6,27.6,-8,0,10
2025-01-15 07:37:04.000+05:30,11.81,63.83,768.99,12.047469841767194,6.39,rated_capped,False,,30.85,1.31,27.6,9,0,10
2025-01-15 07:37:05.000+05:30,11.85,65.21,784.49,12.030210090476922,6.77,rated_capped,False,,30.64,0.74,27.6,18,0,10
2025-01-15 07:37:06.000+05:30,11.78,68.86,827.38,12.015393552134766,6.74,rated_capped,False,,31.05,0.47,27.6,-19,0,10
2025-01-15 07:37:07.000+05:30,11.72,65.37,784.21,11.996481566467798,6.97,rated_capped,False,,30.9,1.29,27.6,1,0,10
2025-01-15 07:37:08.000+05:30,11.66,64.03,766.9,11.977198188349211,6.74,rated_capped,False,,30.76,1.2,27.6,-8,0,10
2025-01-15 07:37:09.000+05:30,11.7,67.21,812.96,12.095819074542481,6.97,rated_capped,False,,30.29,0.98,27.6,-27,0,10
2025-01-15 07:37:10.000+05:30,11.54,64.01,771.84,12.058115919387594,6.63,rated_capped,False,,30.48,0.25,27.6,-30,0,10
2025-01-15 07:37:11.000+05:30,11.57,65.27,787.48,12.064960931515245,6.48,rated_capped,False,,30.05,0.68,27.6,15,0,10
2025-01-15 07:37:12.000+05:30,11.67,66.15,794.83,12.01557067271353,6.82,rated_capped,False,,30.17,0.81,27.6,-19,0,10
2025-01-15 07:37:13.000+05:30,11.64,66.21,799.88,12.080954538589339,6.51,rated_capped,False,,30.21,1.22,27.6,-10,0,10
2025-01-15 07:37:14.000+05:30,11.42,64.37,772.26,11.997203666304179,6.79,rated_capped,False,,29.65,1.52,27.6,-20,0,10
2025-01-15 07:37:15.000+05:30,11.39,66.77,802.13,12.01332933952374,6.9,rated_capped,False,,30.03,1.54,27.6,-7,0,10
2025-01-15 07:37:16.000+05:30,11.38,66.88,806.32,12.056220095693782,6.74,rated_capped,False,,30.98,0.98,27.7,-29,0,10
2025-01-15 07:37:17.000+05:30,11.49,63.49,762.21,12.00519766892424,7.06,rated_capped,False,,31.76,1.04,27.7,7,0,10
2025-01-15 07:37:18.000+05:30,11.58,64.49,776.37,12.03861063730811,6.84,rated_capped,False,,31.53,1.47,27.7,8,0,10
2025-01-15 07:37:19.000+05:30,11.45,66.8,798.79,11.957934131736527,6.48,rated_capped,False,,31.09,1.89,27.7,-9,0,10
2025-01-15 07:37:20.000+05:30,11.44,63.97,780.12,12.195091449116774,6.77,rated_capped,False,,30.84,2.16,27.7,-23,0,10
2025-01-15 07:37:21.000+05:30,11.33,65.36,789.9,12.085373317013463,6.92,rated_capped,False,,31.31,2.13,27.7,21,0,10
2025-01-15 07:37:22.000+05:30,11.43,66.42,799.31,12.034176452875638,6.8,rated_capped,False,,31.93,1.34,27.7,0,0,10
2025-01-15 07:37:23.000+05:30,11.51,66.33,797.59,12.024574099200965,6.66,rated_capped,False,,31.96,1.08,27.7,10,0,10
2025-01-15 07:37:24.000+05:30,11.75,66.61,801.56,12.033628584296652,6.56,rated_capped,False,,32.11,0.91,27.7,-9,0,10
2025-01-15 07:37:25.000+05:30,11.97,64.84,778.36,12.004318322023442,6.49,rated_capped,False,,32.06,0.7,27.7,-14,0,10
2025-01-15 07:37:26.000+05:30,12.0,64.08,773.62,12.072721598002497,6.73,rated_capped,False,,31.83,0.32,27.8,12,0,10
2025-01-15 07:37:27.000+05:30,11.97,65.38,783.17,11.978739675741817,6.68,rated_capped,False,,31.4,0.5,27.8,8,0,10
2025-01-15 07:37:28.000+05:30,12.0,65.34,788.93,12.074227119681664,6.45,rated_capped,False,,31.19,0.97,27.8,-21,0,10
2025-01-15 07:37:29.000+05:30,11.86,66.68,803.24,12.04619076184763,6.58,rated_capped,False,,31.07,1.91,27.9,19,0,10
2025-01-15 07:37:30.000+05:30,11.86,66.42,796.0,11.984342065642878,6.59,rated_capped,False,,30.41,2.02,27.8,-15,0,10
2025-01-15 07:37:31.000+05:30,11.82,64.83,780.22,12.03486040413389,6.85,rated_capped,False,,31.05,2.24,27.8,22,0,10
2025-01-15 07:37:32.000+05:30,12.0,65.0,785.57,12.085692307692309,6.53,rated_capped,False,,30.98,1.69,27.8,26,0,10
2025-01-15 07:37:33.000+05:30,11.83,64.75,776.46,11.991660231660232,6.72,rated_capped,False,,31.29,1.04,27.8,-14,0,10
2025-01-15 07:37:34.000+05:30,11.92,66.32,801.23,12.081272617611582,6.69,rated_capped,False,,31.37,0.92,27.8,-2,0,10
2025-01-15 07:37:35.000+05:30,11.89,63.68,765.0,12.013190954773869,6.89,rated_capped,False,,31.65,1.04,27.8,-26,0,10
2025-01-15 07:37:36.000+05:30,11.88,68.14,818.0,12.004696213677722,6.78,rated_capped,False,,32.15,0.7,27.8,1,0,10
2025-01-15 07:37:37.000+05:30,12.0,61.48,743.51,12.093526350032532,6.65,rated_capped,False,,32.35,0.25,27.8,-4,0,10
2025-01-15 07:37:38.000+05:30,12.0,64.35,775.96,12.05843045843046,6.69,rated_capped,False,,32.0,0.0,27.8,16,0,10
2025-01-15 07:37:39.000+05:30,11.93,64.25,775.78,12.074396887159534,6.66,rated_capped,False,,32.13,0.0,27.8,-22,0,10
2025-01-15 07:37:40.000+05:30,12.0,67.59,813.04,12.028998372540315,6.88,rated_capped,False,,32.48,0.51,27.8,11,0,10
2025-01-15 07:37:41.000+05:30,11.95,65.7,790.54,12.032572298325722,6.7,rated_capped,False,,32.55,0.38,27.8,-13,0,10
2025-01-15 07:37:42.000+05:30,11.75,64.7,779.38,12.046058732612055,6.62,rated_capped,False,,32.62,0.3,27.8,-19,0,10
2025-01-15 07:37:43.000+05:30,11.87,66.94,806.68,12.050791753809381,6.76,rated_capped,False,,32.37,0.64,27.8,-26,0,10
2025-01-15 07:37:44.000+05:30,11.9,65.49,790.89,12.076500229042603,6.93,rated_capped,False,,32.39,1.17,27.8,25,0,10
2025-01-15 07:37:45.000+05:30,11.84,66.73,801.46,12.010490034467256,6.75,rated_capped,False,,32.45,2.11,27.8,-23,0,10
2025-01-15 07:37:46.000+05:30,11.9,63.04,760.76,12.067893401015228,6.92,rated_capped,False,,32.39,1.71,27.8,-29,0,10
2025-01-15 07:37:47.000+05:30,11.97,66.48,802.39,12.069645006016847,7.05,rated_capped,False,,32.6,1.04,27.8,-5,0,10
2025-01-15 07:37:48.000+05:30,12.0,65.54,791.07,12.070033567287153,6.66,rated_capped,False,,32.76,0.8,27.8,-8,0,10
2025-01-15 07:37:49.000+05:30,12.0,66.9,805.75,12.044095665171897,7.06,rated_capped,False,,32.78,0.88,27.8,22,0,10
2025-01-15 07:37:50.000+05:30,12.0,67.44,818.2,12.132265717674972,6.71,rated_capped,False,,32.35,0.75,27.8,19,0,10
2025-01-15 07:37:51.000+05:30,11.95,64.43,773.34,12.002793729629055,6.91,rated_capped,False,,32.63,0.1,27.8,-28,0,10
2025-01-15 07:37:52.000+05:30,11.98,64.09,772.03,12.04602902168825,6.52,rated_capped,False,,32.44,0.87,27.7,-7,0,10
2025-01-15 07:37:53.000+05:30,11.95,65.98,796.79,12.076235222794786,6.7,rated_capped,False,,31.95,1.23,27.8,25,0,10
2025-01-15 07:37:54.000+05:30,12.0,63.74,768.05,12.049733291496704,6.59,rated_capped,False,,30.94,1.7,27.8,-16,0,10
2025-01-15 07:37:55.000+05:30,12.0,66.92,804.36,12.019725044829647,6.97,rated_capped,False,,30.89,0.85,27.7,2,0,10
2025-01-15 07:37:56.000+05:30,12.0,62.43,755.9,12.107960916226173,6.76,rated_capped,False,,30.3,0.76,27.7,25,0,10
2025-01-15 07:37:57.000+05:30,12.0,65.77,794.13,12.07435000760225,6.52,rated_capped,False,,30.24,0.84,27.7,7,0,10
2025-01-15 07:37:58.000+05:30,11.94,67.15,804.71,11.983767684288905,7.0,rated_capped,False,,30.77,1.5,27.7,-13,0,10
2025-01-15 07:37:59.000+05:30,12.0,63.43,761.96,12.012612328551159,6.89,rated_capped,False,,30.63,0.95,27.7,-20,0,10
2025-01-15 07:38:00.000+05:30,12.0,65.96,797.43,12.089599757428745,6.81,rated_capped,False,,30.6,1.19,27.7,29,0,10
2025-01-15 07:38:01.000+05:30,12.0,63.46,765.81,12.067601638827608,7.0,rated_capped,False,,31.5,1.07,27.7,28,0,10
2025-01-15 07:38:02.000+05:30,12.0,67.72,815.45,12.041494388659185,6.84,rated_capped,False,,30.54,1.19,27.7,9,0,10
2025-01-15 07:38:03.000+05:30,12.0,65.44,783.23,11.96867359413203,6.67,rated_capped,False,,30.43,1.4,27.6,2,0,10
2025-01-15 07:38:04.000+05:30,12.0,64.05,778.44,12.153629976580797,7.05,rated_capped,False,,30.73,1.48,27.6,-10,0,10
2025-01-15 07:38:05.000+05:30,11.79,64.18,776.76,12.102835774384541,6.87,rated_capped,False,,31.04,1.89,27.6,27,0,10
2025-01-15 07:38:06.000+05:30,11.74,62.61,757.23,12.094393866794443,6.66,rated_capped,False,,31.1,3.0,27.6,-24,0,10
2025-01-15 07:38:07.000+05:30,11.67,64.76,776.01,11.982859789993823,6.67,rated_capped,False,,31.11,3.38,27.6,-22,0,10
2025-01-15 07:38:08.000+05:30,11.44,63.09,760.36,12.05198922174671,6.87,rated_capped,False,,31.42,2.99,27.6,26,0,10
2025-01-15 07:38:09.000+05:30,11.29,65.17,783.8,12.0270062912383,6.8,rated_capped,False,,31.27,2.84,27.6,14,0,10
2025-01-15 07:38:10.000+05:30,11.27,66.28,795.57,12.003168376584188,6.59,rated_capped,False,,31.08,2.8,27.6,-17,0,10
2025-01-15 07:38:11.000+05:30,11.23,65.35,787.66,12.052945677123184,6.72,rated_capped,False,,31.16,2.69,27.6,18,0,10
2025-01-15 07:38:12.000+05:30,11.51,65.97,792.42,12.011823556161891,6.76,rated_capped,False,,31.15,3.21,27.6,-6,0,10
2025-01-15 07:38:13.000+05:30,11.71,67.68,815.71,12.052452718676122,6.87,rated_capped,False,,31.03,2.58,27.6,-27,0,10
2025-01-15 07:38:14.000+05:30,11.91,66.23,797.72,12.044692737430168,6.79,rated_capped,False,,31.34,2.59,27.6,10,0,10
2025-01-15 07:38:15.000+05:30,11.88,66.23,798.44,12.0555639438321,6.37,rated_capped,False,,31.29,2.4,27.6,13,0,10
2025-01-15 07:38:16.000+05:30,12.0,65.4,783.62,11.981957186544342,7.03,rated_capped,False,,31.24,2.35,27.6,4,0,10
2025-01-15 07:38:17.000+05:30,12.0,65.44,787.65,12.036216381418093,6.88,rated_capped,False,,31.57,2.93,27.6,-8,0,10
2025-01-15 07:38:18.000+05:30,12.0,63.49,767.17,12.083320207906755,6.82,rated_capped,False,,31.89,2.91,27.6,23,0,10
2025-01-15 07:38:19.000+05:30,12.0,63.92,767.2,12.002503128911139,6.53,rated_capped,False,,32.55,3.56,27.6,6,0,10
2025-01-15 07:38:20.000+05:30,12.0,65.57,789.51,12.040719841390882,6.5,rated_capped,False,,32.43,3.88,27.6,-26,0,10
2025-01-15 07:38:21.000+05:30,11.74,66.45,805.97,12.128969149736644,6.81,rated_capped,False,,32.66,3.45,27.6,2,0,10
2025-01-15 07:38:22.000+05:30,11.86,61.4,739.04,12.036482084690553,6.53,rated_capped,False,,32.48,3.22,27.6,-14,0,10
2025-01-15 07:38:23.000+05:30,11.77,67.5,817.89,12.116888888888889,6.81,rated_capped,False,,32.28,3.17,27.5,-21,0,10
2025-01-15 07:38:24.000+05:30,11.61,63.44,762.74,12.023013871374527,6.5,rated_capped,False,,32.3,4.15,27.5,8,0,10
2025-01-15 07:38:25.000+05:30,11.24,65.98,795.13,12.051076083661714,6.93,rated_capped,False,,32.34,4.7,27.5,-7,0,10
2025-01-15 07:38:26.000+05:30,11.5,63.69,769.11,12.075836081017428,6.71,rated_capped,False,,32.66,4.52,27.5,14,0,10
2025-01-15 07:38:27.000+05:30,11.54,65.99,795.24,12.050916805576604,6.65,rated_capped,False,,32.95,3.9,27.5,14,0,10
2025-01-15 07:38:28.000+05:30,11.35,66.01,794.89,12.041963338888046,6.82,rated_capped,False,,32.98,2.97,27.5,15,0,10
2025-01-15 07:38:29.000+05:30,11.23,65.51,791.14,12.076629522210348,6.79,rated_capped,False,,32.97,2.84,27.5,12,0,10
2025-01-15 07:38:30.000+05:30,11.45,66.29,797.78,12.0346960325841,6.8,rated_capped,False,,32.97,3.46,27.6,29,0,10
2025-01-15 07:38:31.000+05:30,11.64,64.38,776.47,12.060733146940045,6.88,rated_capped,False,,32.97,2.8,27.6,-21,0,10
2025-01-15 07:38:32.000+05:30,11.58,66.55,802.34,12.05619834710744,6.96,rated_capped,False,,32.75,3.23,27.6,15,0,10
2025-01-15 07:38:33.000+05:30,11.32,65.24,791.56,12.133047210300429,6.88,rated_capped,False,,32.99,3.84,27.6,-22,0,10
2025-01-15 07:38:34.000+05:30,11.38,65.44,791.37,12.093062347188264,6.69,rated_capped,False,,32.95,4.04,27.6,26,0,10
2025-01-15 07:38:35.000+05:30,11.23,66.63,801.1,12.023112711991596,6.57,rated_capped,False,,32.89,4.08,27.6,-22,0,10
2025-01-15 07:38:36.000+05:30,11.37,66.18,797.55,12.05122393472348,6.82,rated_capped,False,,32.51,3.86,27.5,15,0,10
2025-01-15 07:38:37.000+05:30,11.3,64.05,772.33,12.058235753317721,6.78,rated_capped,False,,32.64,4.7,27.6,14,0,10
2025-01-15 07:38:38.000+05:30,11.46,64.21,771.68,12.01806572185018,6.97,rated_capped,False,,32.6,4.77,27.5,-6,0,10
2025-01-15 07:38:39.000+05:30,11.19,67.24,804.41,11.963265913146937,6.41,rated_capped,False,,32.68,5.02,27.6,-24,0,10
2025-01-15 07:38:40.000+05:30,11.16,64.78,781.13,12.058196974374807,6.77,rated_capped,False,,32.59,5.43,27.6,1,0,10
2025-01-15 07:38:41.000+05:30,11.36,66.95,796.23,11.892905153099328,6.72,rated_capped,False,,32.49,6.76,27.5,-30,0,10
2025-01-15 07:38:42.000+05:30,11.25,68.04,819.48,12.044091710758376,7.06,rated_capped,False,,32.05,7.33,27.5,-20,0,10
2025-01-15 07:38:43.000+05:30,11.24,65.09,782.13,12.016131510216622,6.9,rated_capped,False,,32.13,6.85,27.5,2,0,10
2025-01-15 07:38:44.000+05:30,11.07,66.23,797.01,12.033972520006039,7.06,rated_capped,False,,32.47,6.88,27.6,7,0,10
2025-01-15 07:38:45.000+05:30,11.25,66.85,807.3,12.076290201944653,6.63,rated_capped,False,,32.85,6.55,27.5,-7,0,10
2025-01-15 07:38:46.000+05:30,11.22,64.96,784.78,12.080972906403941,6.9,rated_capped,False,,32.79,6.74,27.5,9,0,10
2025-01-15 07:38:47.000+05:30,11.27,66.24,796.02,12.017210144927537,6.77,rated_capped,False,,32.67,6.63,27.5,3,0,10
2025-01-15 07:38:48.000+05:30,11.05,66.38,802.46,12.088882193431758,6.74,rated_capped,False,,32.58,6.72,27.5,-21,0,10
2025-01-15 07:38:49.000+05:30,10.91,65.74,790.89,12.030574992394282,6.83,rated_capped,False,,32.22,6.42,27.5,-21,0,10
2025-01-15 07:38:50.000+05:30,11.11,66.48,797.35,11.993832731648617,7.06,rated_capped,False,,33.01,6.56,27.5,-24,0,10
2025-01-15 07:38:51.000+05:30,11.48,64.88,780.45,12.029130702836007,6.8,rated_capped,False,,32.97,6.74,27.5,24,0,10
2025-01-15 07:38:52.000+05:30,11.51,66.27,799.29,12.061113626075148,6.73,rated_capped,False,,32.96,6.78,27.5,-11,0,10
2025-01-15 07:38:53.000+05:30,11.62,65.87,791.14,12.010626992561104,6.56,rated_capped,False,,32.93,6.22,27.5,12,0,10
2025-01-15 07:38:54.000+05:30,11.69,66.65,804.97,12.077569392348087,6.41,rated_capped,False,,32.9,6.07,27.5,-22,0,10
2025-01-15 07:38:55.000+05:30,11.79,64.91,784.67,12.08858419349869,6.69,rated_capped,False,,32.01,5.61,27.5,29,0,10
2025-01-15 07:38:56.000+05:30,11.7,63.86,771.12,12.075164422173504,6.68,rated_capped,False,,31.75,5.71,27.5,-26,0,10
2025-01-15 07:38:57.000+05:30,11.73,66.02,793.79,12.023477734019995,6.96,rated_capped,False,,31.25,5.2,27.5,15,0,10
2025-01-15 07:38:58.000+05:30,11.64,65.21,785.46,12.045085109645761,6.83,rated_capped,False,,31.36,5.4,27.5,-24,0,10
2025-01-15 07:38:59.000+05:30,11.56,67.52,813.78,12.052428909952607,6.55,rated_capped,False,,31.49,5.11,27.5,-21,0,10
2025-01-15 07:39:00.000+05:30,11.76,62.78,756.41,12.048582351067218,6.88,rated_capped,False,,31.57,4.53,27.5,-22,0,10
2025-01-15 07:39:01.000+05:30,11.72,65.05,779.25,11.97924673328209,6.5,rated_capped,False,,31.68,4.21,27.5,21,0,10
2025-01-15 07:39:02.000+05:30,11.68,62.08,751.97,12.112918814432991,7.06,rated_capped,False,,32.27,4.53,27.6,17,0,10
2025-01-15 07:39:03.000+05:30,11.45,65.9,796.06,12.079817905918055,6.68,rated_capped,False,,31.82,3.79,27.6,-23,0,10
2025-01-15 07:39:04.000+05:30,11.3,65.23,782.72,11.999386785221523,6.83,rated_capped,False,,31.93,3.42,27.5,-7,0,10
2025-01-15 07:39:05.000+05:30,11.32,66.93,808.86,12.085163603765126,6.67,rated_capped,False,,31.78,3.88,27.6,29,0,10
2025-01-15 07:39:06.000+05:30,11.29,64.85,781.73,12.054433307633001,6.68,rated_capped,False,,31.93,3.87,27.5,23,0,10
2025-01-15 07:39:07.000+05:30,11.55,64.51,775.56,12.022322120601455,6.52,rated_capped,False,,32.15,2.51,27.5,21,0,10
2025-01-15 07:39:08.000+05:30,11.51,62.5,752.65,12.042399999999999,6.73,rated_capped,False,,32.14,3.22,27.5,11,0,10
2025-01-15 07:39:09.000+05:30,11.31,67.18,810.86,12.069961298005358,6.61,rated_capped,False,,31.92,4.45,27.5,-27,0,10
2025-01-15 07:39:10.000+05:30,11.4,65.38,790.78,12.095136127256042,6.76,rated_capped,False,,32.24,4.94,27.5,29,0,10
2025-01-15 07:39:11.000+05:30,11.61,66.93,808.23,12.075750784401613,6.73,rated_capped,False,,31.87,5.07,27.5,17,0,10
2025-01-15 07:39:12.000+05:30,11.54,63.98,769.9,12.033447952485151,6.52,rated_capped,False,,31.75,5.14,27.5,15,0,10
2025-01-15 07:39:13.000+05:30,11.57,64.0,767.84,11.9975,6.68,rated_capped,False,,31.45,5.39,27.5,14,0,10
2025-01-15 07:39:14.000+05:30,11.8,65.1,781.71,12.00783410138249,6.71,rated_capped,False,,31.35,6.14,27.5,3,0,10
2025-01-15 07:39:15.000+05:30,11.51,66.45,798.9,12.02257336343115,6.87,rated_capped,False,,31.71,6.55,27.5,-13,0,10
2025-01-15 07:39:16.000+05:30,11.3,64.18,776.27,12.095200997195386,6.59,rated_capped,False,,31.4,5.82,27.5,-29,0,10
2025-01-15 07:39:17.000+05:30,11.1,63.83,767.52,12.024439918533606,6.78,rated_capped,False,,31.25,5.71,27.5,-9,0,10
2025-01-15 07:39:18.000+05:30,11.14,67.21,809.69,12.047165600357092,7.03,rated_capped,False,,31.89,5.69,27.5,-24,0,10
2025-01-15 07:39:19.000+05:30,11.21,66.25,795.1,12.001509433962264,6.61,rated_capped,False,,31.53,5.5,27.5,14,0,10
2025-01-15 07:39:20.000+05:30,11.25,63.74,771.37,12.101819893316598,6.84,rated_capped,False,,31.47,5.62,27.5,24,0,10
2025-01-15 07:39:21.000+05:30,11.1,67.29,808.63,12.017090206568582,6.8,rated_capped,False,,31.33,5.47,27.5,-21,0,10
2025-01-15 07:39:22.000+05:30,11.11,65.77,794.42,12.078759312756576,6.68,rated_capped,False,,31.36,4.64,27.5,-21,0,10
2025-01-15 07:39:23.000+05:30,11.12,65.62,789.09,12.02514477293508,6.95,rated_capped,False,,31.66,4.64,27.5,-9,0,10
2025-01-15 07:39:24.000+05:30,11.15,66.58,797.64,11.980174226494443,6.73,rated_capped,False,,31.24,4.78,27.6,-4,0,10
2025-01-15 07:39:25.000+05:30,11.2,65.01,781.98,12.028610982925702,6.8,rated_capped,False,,31.31,5.3,27.6,-23,0,10
2025-01-15 07:39:26.000+05:30,11.18,64.67,769.63,11.900881397866089,6.79,rated_capped,False,,31.6,4.84,27.6,-7,0,10
2025-01-15 07:39:27.000+05:30,11.03,66.73,797.5,11.951146410909635,6.62,rated_capped,False,,32.07,4.55,27.6,-9,0,10
2025-01-15 07:39:28.000+05:30,11.18,65.3,789.01,12.082848392036754,6.78,rated_capped,False,,32.37,4.24,27.6,28,0,10
2025-01-15 07:39:29.000+05:30,11.25,62.81,757.49,12.060022289444357,6.54,rated_capped,False,,32.81,4.2,27.6,1,0,10
2025-01-15 07:39:30.000+05:30,11.22,67.97,820.28,12.068265411210827,6.98,rated_capped,False,,33.01,4.28,27.6,-24,0,10
2025-01-15 07:39:31.000+05:30,11.16,65.12,786.05,12.070792383292382,6.86,rated_capped,False,,32.79,4.82,27.6,6,0,10
2025-01-15 07:39:32.000+05:30,11.04,64.51,777.59,12.053790110060456,6.97,rated_capped,False,,32.63,5.07,27.6,-17,0,10
2025-01-15 07:39:33.000+05:30,11.14,66.07,797.26,12.066898743756623,6.7,rated_capped,False,,32.63,5.99,27.6,-1,0,10
2025-01-15 07:39:34.000+05:30,11.05,64.44,774.95,12.025915580384856,6.94,rated_capped,False,,32.43,6.07,27.6,-9,0,10
2025-01-15 07:39:35.000+05:30,10.95,63.78,766.87,12.023675133270618,6.94,rated_capped,False,,32.33,6.01,27.6,19,0,10
2025-01-15 07:39:36.000+05:30,10.7,64.09,768.23,11.986737400530503,6.39,rated_capped,False,,32.09,6.66,27.6,27,0,10
2025-01-15 07:39:37.000+05:30,10.7,65.75,791.87,12.043650190114068,6.72,rated_capped,False,,31.76,6.88,27.6,7,0,10
2025-01-15 07:39:38.000+05:30,10.76,66.08,802.37,12.142403147699758,6.81,rated_capped,False,,32.02,7.16,27.6,1,0,10
2025-01-15 07:39:39.000+05:30,10.86,62.91,755.66,12.011762835797171,6.83,rated_capped,False,,32.16,7.41,27.6,13,0,10
2025-01-15 07:39:40.000+05:30,10.71,64.48,777.61,12.059708436724565,7.03,rated_capped,False,,32.79,7.01,27.6,-20,0,10
2025-01-15 07:39:41.000+05:30,10.79,64.17,771.37,12.020726196041764,6.92,rated_capped,False,,32.8,7.0,27.6,6,0,10
2025-01-15 07:39:42.000+05:30,10.71,66.46,798.56,12.015648510382185,6.58,rated_capped,False,,32.93,7.05,27.6,9,0,10
2025-01-15 07:39:43.000+05:30,10.49,67.57,815.01,12.061713778303982,6.8,rated_capped,False,,32.6,6.77,27.6,18,0,10
2025-01-15 07:39:44.000+05:30,10.22,65.45,789.22,12.058365164247517,6.76,rated_capped,False,,31.95,5.58,27.6,-14,0,10
2025-01-15 07:39:45.000+05:30,10.38,65.93,787.94,11.951160321553163,6.93,rated_capped,False,,32.05,6.25,27.6,-10,0,10
2025-01-15 07:39:46.000+05:30,10.14,67.3,816.65,12.13447251114413,6.93,rated_capped,False,,31.13,6.74,27.6,-13,0,10
2025-01-15 07:39:47.000+05:30,10.21,69.59,835.81,12.010490012932891,6.84,rated_capped,False,,31.25,6.04,27.6,25,0,10
2025-01-15 07:39:48.000+05:30,10.38,67.0,807.25,12.048507462686567,6.76,rated_capped,False,,30.69,6.38,27.6,-19,0,10
2025-01-15 07:39:49.000+05:30,10.21,65.55,793.38,12.103432494279177,6.94,rated_capped,False,,30.62,6.19,27.6,-8,0,10
2025-01-15 07:39:50.000+05:30,10.14,62.93,759.25,12.064992849197521,6.63,rated_capped,False,,30.49,6.01,27.6,-12,0,10
2025-01-15 07:39:51.000+05:30,10.05,67.63,816.03,12.066094928286264,6.87,rated_capped,False,,30.46,6.67,27.6,-2,0,10
2025-01-15 07:39:52.000+05:30,9.91,66.96,805.57,12.030615292712069,6.62,rated_capped,False,,30.56,7.54,27.6,1,0,10
2025-01-15 07:39:53.000+05:30,10.1,62.88,760.54,12.095101781170483,6.49,rated_capped,False,,29.84,8.28,27.6,-15,0,10
2025-01-15 07:39:54.000+05:30,10.07,64.6,776.71,12.023374613003098,6.88,rated_capped,False,,29.99,8.32,27.6,2,0,10
2025-01-15 07:39:55.000+05:30,10.34,67.19,805.61,11.990028278017563,6.89,rated_capped,False,,29.8,8.52,27.7,-19,0,10
2025-01-15 07:39:56.000+05:30,10.43,63.71,769.47,12.077695809135143,7.06,rated_capped,False,,30.12,8.11,27.6,0,0,10
2025-01-15 07:39:57.000+05:30,10.35,65.84,793.34,12.04951397326853,6.84,rated_capped,False,,30.31,8.12,27.6,-18,0,10
2025-01-15 07:39:58.000+05:30,10.27,67.18,809.22,12.045549270616254,6.85,rated_capped,False,,30.43,7.43,27.6,-28,0,10
2025-01-15 07:39:59.000+05:30,10.37,64.38,774.33,12.027493010251632,6.66,rated_capped,False,,30.1,7.56,27.7,-19,0,10
2025-01-15 07:40:00.000+05:30,10.18,63.64,764.17,12.007699560025141,6.58,rated_capped,False,,29.13,7.56,27.6,15,0,10
2025-01-15 07:40:01.000+05:30,10.18,65.0,779.49,11.992153846153846,6.76,rated_capped,False,,29.66,7.21,27.6,16,0,10
2025-01-15 07:40:02.000+05:30,10.16,63.95,772.35,12.077404222048475,6.86,rated_capped,False,,29.76,6.84,27.6,18,0,10
2025-01-15 07:40:03.000+05:30,10.37,68.47,832.38,12.156857017671973,7.0,rated_capped,False,,30.18,7.35,27.6,-24,0,10
2025-01-15 07:40:04.000+05:30,10.22,67.44,809.9,12.009193357058125,7.03,rated_capped,False,,30.44,6.81,27.6,22,0,10
2025-01-15 07:40:05.000+05:30,10.02,65.3,788.22,12.070750382848393,6.77,rated_capped,False,,30.35,6.64,27.6,-21,0,10
2025-01-15 07:40:06.000+05:30,10.28,65.13,785.49,12.060340856748043,6.56,rated_capped,False,,30.47,6.62,27.6,-22,0,10
2025-01-15 07:40:07.000+05:30,10.35,67.24,809.1,12.033016061867936,6.67,rated_capped,False,,30.68,7.14,27.6,-10,0,10
2025-01-15 07:40:08.000+05:30,10.46,64.39,779.98,12.11337164155925,6.53,rated_capped,False,,31.2,7.13,27.6,-18,0,10
2025-01-15 07:40:09.000+05:30,10.36,64.83,779.75,12.027610674070647,6.81,rated_capped,False,,31.09,7.62,27.6,14,0,10
2025-01-15 07:40:10.000+05:30,10.62,63.83,770.35,12.068776437411875,6.94,rated_capped,False,,32.04,7.56,27.5,23,0,10
2025-01-15 07:40:11.000+05:30,10.55,66.12,791.17,11.965668481548699,6.88,rated_capped,False,,32.69,7.82,27.5,-9,0,10
2025-01-15 07:40:12.000+05:30,10.61,66.66,805.79,12.088058805880587,6.66,rated_capped,False,,32.86,7.43,27.6,0,0,10
2025-01-15 07:40:13.000+05:30,10.7,65.42,791.18,12.093855090186485,6.63,rated_capped,False,,32.57,7.09,27.6,6,0,10
2025-01-15 07:40:14.000+05:30,10.88,61.57,739.44,12.009745005684588,6.69,rated_capped,False,,32.86,7.62,27.6,-27,0,10
2025-01-15 07:40:15.000+05:30,10.53,66.45,801.77,12.06576373212942,6.65,rated_capped,False,,32.93,6.92,27.6,-6,0,10
2025-01-15 07:40:16.000+05:30,10.29,62.82,759.27,12.086437440305636,6.63,rated_capped,False,,32.94,7.13,27.5,18,0,10
2025-01-15 07:40:17.000+05:30,10.12,62.45,749.14,11.995836669335468,6.84,rated_capped,False,,32.98,5.67,27.5,-18,0,10
2025-01-15 07:40:18.000+05:30,9.81,63.74,765.71,12.013021650454974,6.83,rated_capped,False,,32.41,6.66,27.5,24,0,10
2025-01-15 07:40:19.000+05:30,9.97,65.53,790.76,12.067144819166794,6.69,rated_capped,False,,32.69,7.06,27.6,24,0,10
2025-01-15 07:40:20.000+05:30,9.83,66.73,805.74,12.074629102352764,6.78,rated_capped,False,,32.08,7.32,27.6,-13,0,10
2025-01-15 07:40:21.000+05:30,9.9,63.74,770.32,12.085346721054284,6.92,rated_capped,False,,32.37,7.79,27.5,23,0,10
2025-01-15 07:40:22.000+05:30,9.5,67.54,815.8,12.078768137400058,6.82,rated_capped,False,,31.91,7.97,27.5,28,0,10
2025-01-15 07:40:23.000+05:30,9.66,66.31,800.22,12.067863067410647,6.78,rated_capped,False,,32.36,8.32,27.5,16,0,10
2025-01-15 07:40:24.000+05:30,9.63,65.4,785.23,12.006574923547399,6.73,rated_capped,False,,32.36,8.29,27.5,-10,0,10
2025-01-15 07:40:25.000+05:30,9.99,66.05,792.38,11.996669190007571,6.56,rated_capped,False,,32.92,8.59,27.5,-16,0,10
2025-01-15 07:40:26.000+05:30,10.14,67.48,814.59,12.071576763485478,6.72,rated_capped,False,,32.78,8.8,27.5,-6,0,10
2025-01-15 07:40:27.000+05:30,10.41,64.34,771.36,11.988809449797948,6.59,rated_capped,False,,32.94,8.82,27.5,-17,0,10
2025-01-15 07:40:28.000+05:30,10.42,62.29,749.7,12.035639749558518,6.73,rated_capped,False,,32.96,9.54,27.5,21,0,10
2025-01-15 07:40:29.000+05:30,10.53,67.24,816.19,12.138459250446164,6.83,rated_capped,False,,32.98,10.01,27.5,7,0,10
2025-01-15 07:40:30.000+05:30,10.62,65.82,787.97,11.971589182619267,6.84,rated_capped,False,,32.98,9.79,27.5,-11,0,10
2025-01-15 07:40:31.000+05:30,10.68,64.82,779.88,12.03147176797285,6.7,rated_capped,False,,32.44,9.18,27.5,-25,0,10
2025-01-15 07:40:32.000+05:30,10.6,67.39,809.88,12.017806796260572,6.87,rated_capped,False,,32.99,9.32,27.5,-10,0,10
2025-01-15 07:40:33.000+05:30,10.75,66.12,792.85,11.99107683000605,6.74,rated_capped,False,,32.96,9.6,27.5,14,0,10
2025-01-15 07:40:34.000+05:30,10.72,64.06,772.59,12.060412113643459,6.88,rated_capped,False,,32.97,10.08,27.5,-16,0,10
2025-01-15 07:40:35.000+05:30,10.73,62.84,757.99,12.062221514958624,6.63,rated_capped,False,,32.94,10.09,27.5,-14,0,10
2025-01-15 07:40:36.000+05:30,10.57,65.55,783.38,11.950877192982457,7.02,rated_capped,False,,32.8,10.14,27.5,-19,0,10
2025-01-15 07:40:37.000+05:30,10.74,63.65,769.1,12.083267871170465,6.59,rated_capped,False,,32.25,10.41,27.6,-22,0,10
2025-01-15 07:40:38.000+05:30,10.89,68.43,823.39,12.032588046178576,6.73,rated_capped,False,,32.73,10.37,27.6,-20,0,10
2025-01-15 07:40:39.000+05:30,10.86,64.79,777.76,12.004321654576323,6.87,rated_capped,False,,32.99,10.38,27.5,-10,0,10
2025-01-15 07:40:40.000+05:30,10.84,64.63,779.68,12.063747485687761,6.78,rated_capped,False,,32.94,9.21,27.6,19,0,10
2025-01-15 07:40:41.000+05:30,10.71,66.62,802.14,12.040528369858901,6.84,rated_capped,False,,32.98,9.5,27.6,-30,0,10
2025-01-15 07:40:42.000+05:30,10.69,64.35,775.79,12.055788655788657,6.79,rated_capped,False,,32.97,10.45,27.6,27,0,10
2025-01-15 07:40:43.000+05:30,10.67,64.49,778.35,12.069313071794078,6.62,rated_capped,False,,32.84,10.01,27.6,22,0,10
2025-01-15 07:40:44.000+05:30,10.62,65.18,787.02,12.074562749309603,6.62,rated_capped,False,,32.94,9.91,27.6,-27,0,10
2025-01-15 07:40:45.000+05:30,10.52,66.82,805.05,12.048039509129003,6.89,rated_capped,False,,32.74,9.23,27.6,3,0,10
2025-01-15 07:40:46.000+05:30,10.55,66.02,798.86,12.100272644653137,6.93,rated_capped,False,,32.72,9.46,27.6,-17,0,10
2025-01-15 07:40:47.000+05:30,10.37,66.85,803.5,12.019446522064325,6.55,rated_capped,False,,32.53,9.6,27.6,8,0,10
2025-01-15 07:40:48.000+05:30,10.12,63.99,772.34,12.069698390373496,6.61,rated_capped,False,,32.47,9.8,27.6,21,0,10
2025-01-15 07:40:49.000+05:30,10.05,67.37,813.28,12.071842066201572,6.75,rated_capped,False,,32.37,9.43,27.6,-5,0,10
2025-01-15 07:40:50.000+05:30,10.12,67.93,820.43,12.077579861622256,6.92,rated_capped,False,,32.31,9.96,27.6,25,0,10
2025-01-15 07:40:51.000+05:30,10.33,64.73,783.37,12.102116483856017,6.73,rated_capped,False,,32.92,9.59,27.6,-3,0,10
2025-01-15 07:40:52.000+05:30,10.24,64.15,776.79,12.108963367108338,6.84,rated_capped,False,,32.98,9.07,27.6,-4,0,10
2025-01-15 07:40:53.000+05:30,10.51,63.99,769.39,12.023597437099546,6.59,rated_capped,False,,32.67,8.43,27.6,-23,0,10
2025-01-15 07:40:54.000+05:30,10.41,66.53,797.44,11.986171651886368,6.81,rated_capped,False,,32.58,8.54,27.6,27,0,10
2025-01-15 07:40:55.000+05:30,10.38,65.98,794.38,12.039709002728099,7.0,rated_capped,False,,32.71,8.65,27.6,-5,0,10
2025-01-15 07:40:56.000+05:30,10.24,65.19,786.4,12.063199877281791,6.9,rated_capped,False,,32.62,8.76,27.6,-14,0,10
2025-01-15 07:40:57.000+05:30,10.24,64.63,776.49,12.01438960235185,6.61,rated_capped,False,,32.15,8.82,27.6,20,0,10
2025-01-15 07:40:58.000+05:30,10.39,66.9,803.96,12.017339312406577,7.01,rated_capped,False,,31.93,8.87,27.6,-16,0,10
2025-01-15 07:40:59.000+05:30,10.44,64.82,776.68,11.982104288799754,6.67,rated_capped,False,,31.69,9.88,27.6,-30,0,10
2025-01-15 07:41:00.000+05:30,10.31,64.07,767.16,11.973778679569222,6.83,rated_capped,False,,31.7,9.63,27.6,24,0,10
2025-01-15 07:41:01.000+05:30,10.48,62.04,745.9,12.022888459058672,7.03,rated_capped,False,,32.27,10.23,27.6,-13,0,10
2025-01-15 07:41:02.000+05:30,10.66,63.7,766.97,12.040345368916798,6.68,rated_capped,False,,32.17,10.79,27.6,7,0,10
2025-01-15 07:41:03.000+05:30,10.76,64.47,778.07,12.068714130603382,6.78,rated_capped,False,,32.14,10.81,27.6,20,0,10
2025-01-15 07:41:04.000+05:30,10.75,65.41,791.97,12.107781684757683,6.81,rated_capped,False,,31.97,10.38,27.6,6,0,10
2025-01-15 07:41:05.000+05:30,10.8,66.07,793.54,12.010594823671864,6.77,rated_capped,False,,31.77,10.2,27.6,28,0,10
2025-01-15 07:41:06.000+05:30,10.63,65.66,788.0,12.001218397806884,6.87,rated_capped,False,,31.69,10.22,27.6,-22,0,10
2025-01-15 07:41:07.000+05:30,10.53,68.99,831.59,12.05377590955211,6.47,rated_capped,False,,30.92,10.52,27.6,26,0,10
2025-01-15 07:41:08.000+05:30,10.51,68.58,828.37,12.078885972586761,6.79,rated_capped,False,,31.3,10.0,27.6,-18,0,10
2025-01-15 07:41:09.000+05:30,10.32,66.49,804.44,12.098661452850054,6.94,rated_capped,False,,30.84,9.91,27.6,-14,0,10
2025-01-15 07:41:10.000+05:30,10.19,65.65,789.56,12.026808834729625,6.59,rated_capped,False,,31.35,9.21,27.7,-15,0,10
2025-01-15 07:41:11.000+05:30,10.11,63.9,767.39,12.00923317683881,6.54,rated_capped,False,,31.19,10.39,27.6,-12,0,10
2025-01-15 07:41:12.000+05:30,10.06,67.66,812.81,12.013154005320722,7.0,rated_capped,False,,31.46,9.68,27.7,23,0,10
2025-01-15 07:41:13.000+05:30,9.98,64.69,779.59,12.051167104652961,6.7,rated_capped,False,,31.62,8.8,27.7,21,0,10
2025-01-15 07:41:14.000+05:30,9.96,64.61,778.73,12.052778207707785,6.81,rated_capped,False,,31.9,8.86,27.7,3,0,10
2025-01-15 07:41:15.000+05:30,9.89,64.14,770.2,12.008107265357031,6.56,rated_capped,False,,32.1,8.46,27.7,30,0,10
2025-01-15 07:41:16.000+05:30,9.97,67.8,811.43,11.967994100294986,6.47,rated_capped,False,,31.78,8.33,27.6,6,0,10
2025-01-15 07:41:17.000+05:30,9.67,64.68,781.62,12.084415584415583,6.54,rated_capped,False,,31.02,8.37,27.7,-15,0,10
2025-01-15 07:41:18.000+05:30,9.7,65.43,788.86,12.056548983646644,6.96,rated_capped,False,,31.35,7.86,27.6,-18,0,10
2025-01-15 07:41:19.000+05:30,9.97,65.79,788.99,11.992552059583522,6.89,rated_capped,False,,31.08,7.55,27.6,-11,0,10
2025-01-15 07:41:20.000+05:30,10.05,65.77,796.51,12.110536718868786,6.84,rated_capped,False,,31.11,6.86,27.6,-16,0,10
2025-01-15 07:41:21.000+05:30,10.14,64.68,779.71,12.054885590599875,6.76,rated_capped,False,,30.83,6.58,27.6,9,0,10
2025-01-15 07:41:22.000+05:30,10.02,67.55,818.22,12.11280532938564,6.61,rated_capped,False,,30.53,5.82,27.6,-15,0,10
2025-01-15 07:41:23.000+05:30,9.92,64.46,781.9,12.13000310269935,6.8,rated_capped,False,,30.36,6.7,27.6,28,0,10
2025-01-15 07:41:24.000+05:30,9.76,66.79,803.71,12.033388231771223,6.81,rated_capped,False,,31.1,6.63,27.6,4,0,10
2025-01-15 07:41:25.000+05:30,9.5,63.66,763.27,11.989789506754635,6.89,rated_capped,False,,31.1,6.4,27.6,5,0,10
2025-01-15 07:41:26.000+05:30,9.41,65.04,784.68,12.064575645756456,6.96,rated_capped,False,,31.46,6.75,27.6,-23,0,10
2025-01-15 07:41:27.000+05:30,9.38,63.56,763.28,12.008810572687224,6.56,rated_capped,False,,31.36,7.69,27.6,24,0,10
2025-01-15 07:41:28.000+05:30,9.31,66.69,803.03,12.041235567551357,6.58,rated_capped,False,,31.88,8.31,27.6,22,0,10
2025-01-15 07:41:29.000+05:30,9.03,66.35,798.07,12.028183873398646,6.68,rated_capped,False,,31.82,6.99,27.6,-9,0,10
2025-01-15 07:41:30.000+05:30,9.0,64.86,782.83,12.069534381745298,6.92,rated_capped,False,,31.56,6.88,27.6,3,0,10
2025-01-15 07:41:31.000+05:30,9.06,65.25,788.03,12.077088122605364,6.76,rated_capped,False,,31.56,7.21,27.6,1,0,10
2025-01-15 07:41:32.000+05:30,9.23,66.31,798.9,12.047956567636856,6.76,rated_capped,False,,31.08,7.84,27.5,-19,0,10
2025-01-15 07:41:33.000+05:30,9.07,67.03,808.12,12.056094286140533,6.71,rated_capped,False,,30.75,6.33,27.5,11,0,10
2025-01-15 07:41:34.000+05:30,9.31,62.43,754.71,12.088899567515618,6.7,rated_capped,False,,30.6,6.62,27.6,14,0,10
2025-01-15 07:41:35.000+05:30,9.32,66.87,799.94,11.962614027216988,6.88,rated_capped,False,,30.54,6.3,27.5,27,0,10
2025-01-15 07:41:36.000+05:30,9.39,67.07,812.48,12.113910839421502,6.79,rated_capped,False,,30.99,6.65,27.5,26,0,10
2025-01-15 07:41:37.000+05:30,9.2,62.71,761.92,12.149896348269813,6.68,rated_capped,False,,30.93,5.87,27.5,-20,0,10
2025-01-15 07:41:38.000+05:30,9.0,65.72,790.6,12.029823493609252,6.91,rated_capped,False,,30.73,5.41,27.5,25,0,10
2025-01-15 07:41:39.000+05:30,9.24,65.53,789.23,12.043796734320159,6.6,rated_capped,False,,30.92,4.29,27.6,5,0,10
2025-01-15 07:41:40.000+05:30,9.59,67.23,816.26,12.141305964599136,7.0,rated_capped,False,,30.78,3.52,27.5,-8,0,10
2025-01-15 07:41:41.000+05:30,9.5,65.45,782.47,11.955233002291825,6.6,rated_capped,False,,30.63,4.05,27.5,16,0,10
2025-01-15 07:41:42.000+05:30,9.58,64.31,775.85,12.064220183486238,6.83,rated_capped,False,,30.39,4.06,27.5,8,0,10
2025-01-15 07:41:43.000+05:30,9.38,64.11,774.56,12.08173451879582,6.82,rated_capped,False,,30.29,4.95,27.5,-22,0,10
2025-01-15 07:41:44.000+05:30,9.58,64.09,773.32,12.066156966765487,6.73,rated_capped,False,,30.6,4.26,27.5,-14,0,10
2025-01-15 07:41:45.000+05:30,9.72,65.19,784.76,12.03804264457739,6.71,rated_capped,False,,30.78,4.15,27.5,-4,0,10
2025-01-15 07:41:46.000+05:30,9.85,64.77,778.26,12.015748031496063,6.68,rated_capped,False,,30.17,3.5,27.5,-19,0,10
2025-01-15 07:41:47.000+05:30,9.85,67.0,806.85,12.042537313432836,6.63,rated_capped,False,,30.59,3.35,27.5,-20,0,10
2025-01-15 07:41:48.000+05:30,10.05,65.89,795.04,12.066170890878738,6.86,rated_capped,False,,31.3,3.47,27.5,-16,0,10
2025-01-15 07:41:49.000+05:30,10.02,63.31,761.73,12.031748538935398,7.04,rated_capped,False,,32.17,3.79,27.5,-22,0,10
2025-01-15 07:41:50.000+05:30,10.13,64.43,779.96,12.105540897097624,6.85,rated_capped,False,,31.99,3.5,27.5,-1,0,10
2025-01-15 07:41:51.000+05:30,10.43,64.55,780.83,12.096514329976763,6.89,rated_capped,False,,32.32,3.21,27.5,18,0,10
2025-01-15 07:41:52.000+05:30,10.49,65.27,782.05,11.981768040447372,6.8,rated_capped,False,,32.86,2.57,27.5,25,0,10
2025-01-15 07:41:53.000+05:30,10.67,63.85,765.9,11.995301487862177,6.61,rated_capped,False,,32.33,2.23,27.5,-3,0,10
2025-01-15 07:41:54.000+05:30,10.58,64.03,775.07,12.104794627518352,6.62,rated_capped,False,,31.82,2.03,27.5,-21,0,10
2025-01-15 07:41:55.000+05:30,10.76,64.42,775.86,12.043775225085376,6.77,rated_capped,False,,31.8,1.78,27.5,-25,0,10
2025-01-15 07:41:56.000+05:30,10.63,64.49,775.4,12.023569545665996,6.82,rated_capped,False,,31.9,1.79,27.5,27,0,10
2025-01-15 07:41:57.000+05:30,10.56,65.66,785.91,11.96938775510204,6.7,rated_capped,False,,32.02,1.69,27.5,12,0,10
2025-01-15 07:41:58.000+05:30,10.78,65.52,784.74,11.977106227106228,6.54,rated_capped,False,,32.47,1.7,27.5,9,0,10
2025-01-15 07:41:59.000+05:30,10.52,65.37,788.73,12.065626434144102,6.64,rated_capped,False,,31.79,1.88,27.5,-17,0,10
2025-01-15 07:42:00.000+05:30,10.5,64.98,786.34,12.101261926746691,6.75,rated_capped,False,,31.98,2.62,27.5,15,0,10
2025-01-15 07:42:01.000+05:30,10.53,65.43,790.82,12.086504661470274,6.86,rated_capped,False,,31.18,2.2,27.5,-4,0,10
2025-01-15 07:42:02.000+05:30,10.45,66.44,796.69,11.991119807344974,6.82,rated_capped,False,,31.55,2.79,27.5,15,0,10
2025-01-15 07:42:03.000+05:30,10.5,65.46,790.14,12.07057745187901,6.79,rated_capped,False,,31.31,3.04,27.5,-1,0,10
2025-01-15 07:42:04.000+05:30,10.92,67.22,804.93,11.974561142517107,6.63,rated_capped,False,,31.16,2.88,27.6,27,0,10
2025-01-15 07:42:05.000+05:30,10.98,67.39,809.29,12.009051788099123,6.82,rated_capped,False,,31.32,1.99,27.6,-24,0,10
2025-01-15 07:42:06.000+05:30,11.07,65.95,790.38,11.98453373768006,6.61,rated_capped,False,,31.7,2.54,27.6,19,0,10
2025-01-15 07:42:07.000+05:30,10.87,68.48,819.62,11.96875,6.78,rated_capped,False,,31.56,1.67,27.6,24,0,10
2025-01-15 07:42:08.000+05:30,10.93,63.72,764.62,11.999686126804772,6.82,rated_capped,False,,31.26,1.87,27.5,13,0,10
2025-01-15 07:42:09.000+05:30,10.83,66.06,797.92,12.078716318498333,6.59,rated_capped,False,,31.09,2.89,27.5,-30,0,10
2025-01-15 07:42:10.000+05:30,10.88,66.36,794.97,11.979656419529837,6.97,rated_capped,False,,31.28,3.21,27.5,25,0,10
2025-01-15 07:42:11.000+05:30,11.35,64.07,777.15,12.129701888559389,6.99,rated_capped,False,,30.79,3.08,27.5,8,0,10
2025-01-15 07:42:12.000+05:30,11.34,64.29,777.57,12.094727018198787,6.67,rated_capped,False,,30.97,3.41,27.5,-8,0,10
2025-01-15 07:42:13.000+05:30,11.27,63.52,769.02,12.106738035264483,6.88,rated_capped,False,,30.99,3.29,27.5,3,0,10
2025-01-15 07:42:14.000+05:30,11.26,64.9,780.93,12.03281972265023,6.81,rated_capped,False,,30.5,3.29,27.5,15,0,10
2025-01-15 07:42:15.000+05:30,11.19,68.16,815.86,11.969776995305166,6.56,rated_capped,False,,30.79,3.4,27.5,-24,0,10
2025-01-15 07:42:16.000+05:30,11.18,68.34,825.99,12.086479367866549,6.93,rated_capped,False,,30.94,3.7,27.5,18,0,10
2025-01-15 07:42:17.000+05:30,11.09,65.45,786.04,12.00977845683728,6.82,rated_capped,False,,30.38,2.84,27.5,9,0,10
2025-01-15 07:42:18.000+05:30,10.92,65.34,784.82,12.01132537496174,6.85,rated_capped,False,,30.41,2.08,27.5,-27,0,10
2025-01-15 07:42:19.000+05:30,10.61,65.95,793.59,12.033206974981047,6.88,rated_capped,False,,30.64,2.15,27.5,-10,0,10
2025-01-15 07:42:20.000+05:30,10.74,65.93,788.64,11.961777642954647,7.01,rated_capped,False,,31.23,2.52,27.5,7,0,10
2025-01-15 07:42:21.000+05:30,10.8,62.81,760.6,12.10953669797803,6.72,rated_capped,False,,30.99,2.57,27.5,-29,0,10
2025-01-15 07:42:22.000+05:30,11.06,64.29,771.38,11.998444548141233,6.82,rated_capped,False,,31.33,2.65,27.5,-24,0,10
2025-01-15 07:42:23.000+05:30,11.06,64.86,785.08,12.10422448350293,6.38,rated_capped,False,,31.71,1.81,27.5,-15,0,10
2025-01-15 07:42:24.000+05:30,10.84,65.6,790.6,12.051829268292684,7.06,rated_capped,False,,31.72,1.83,27.5,23,0,10
2025-01-15 07:42:25.000+05:30,11.02,64.9,781.8,12.046224961479197,6.7,rated_capped,False,,31.79,1.43,27.5,-8,0,10
2025-01-15 07:42:26.000+05:30,10.92,62.97,758.08,12.03874861044942,6.96,rated_capped,False,,32.01,1.39,27.5,-9,0,10
2025-01-15 07:42:27.000+05:30,10.75,64.74,776.93,12.000772320049428,6.83,rated_capped,False,,31.98,1.9,27.5,-25,0,10
2025-01-15 07:42:28.000+05:30,10.63,64.46,773.79,12.004188644120385,6.84,rated_capped,False,,32.07,2.27,27.6,-24,0,10
2025-01-15 07:42:29.000+05:30,10.52,66.19,795.17,12.013446139900287,6.85,rated_capped,False,,31.88,1.43,27.5,22,0,10
2025-01-15 07:42:30.000+05:30,10.54,64.84,779.94,12.02868599629858,6.66,rated_capped,False,,31.13,1.71,27.6,-9,0,10
2025-01-15 07:42:31.000+05:30,10.62,66.23,800.0,12.079118224369621,6.69,rated_capped,False,,32.1,2.03,27.5,26,0,10
2025-01-15 07:42:32.000+05:30,10.68,63.15,757.4,11.99366587490103,7.0,rated_capped,False,,32.51,1.63,27.5,-12,0,10
2025-01-15 07:42:33.000+05:30,10.67,64.72,776.88,12.00370828182942,6.55,rated_capped,False,,32.37,1.24,27.5,-21,0,10
2025-01-15 07:42:34.000+05:30,10.57,67.44,817.13,12.116399762752076,6.92,rated_capped,False,,32.55,1.68,27.6,20,0,10
2025-01-15 07:42:35.000+05:30,10.17,64.03,769.48,12.017491800718414,6.84,rated_capped,False,,32.55,1.45,27.6,-14,0,10
2025-01-15 07:42:36.000+05:30,10.22,66.39,797.47,12.011899382437115,6.68,rated_capped,False,,32.95,1.04,27.6,-7,0,10
2025-01-15 07:42:37.000+05:30,10.24,63.15,761.22,12.0541567695962,6.83,rated_capped,False,,32.98,1.28,27.5,4,0,10
2025-01-15 07:42:38.000+05:30,10.16,63.33,766.6,12.104847623559136,6.91,rated_capped,False,,32.63,0.85,27.5,27,0,10
2025-01-15 07:42:39.000+05:30,10.18,67.2,808.78,12.035416666666666,6.82,rated_capped,False,,32.78,1.85,27.5,19,0,10
2025-01-15 07:42:40.000+05:30,9.99,66.8,803.36,12.026347305389223,6.56,rated_capped,False,,32.64,2.12,27.5,1,0,10
2025-01-15 07:42:41.000+05:30,10.02,67.42,810.34,12.019282112132899,6.79,rated_capped,False,,32.16,2.7,27.5,-20,0,10
2025-01-15 07:42:42.000+05:30,10.02,64.46,780.68,12.111076636673907,6.83,rated_capped,False,,31.6,3.0,27.5,24,0,10
2025-01-15 07:42:43.000+05:30,10.0,64.54,775.18,12.010845986984814,6.77,rated_capped,False,,32.38,3.01,27.5,28,0,10
2025-01-15 07:42:44.000+05:30,10.1,67.24,807.48,12.008923259964309,6.6,rated_capped,False,,32.93,3.44,27.5,-27,0,10
2025-01-15 07:42:45.000+05:30,10.08,65.88,787.58,11.95476624165149,6.57,rated_capped,False,,32.37,3.18,27.5,27,0,10
2025-01-15 07:42:46.000+05:30,9.92,65.72,794.09,12.08292757151552,6.76,rated_capped,False,,32.37,3.21,27.5,-9,0,10
2025-01-15 07:42:47.000+05:30,9.87,64.4,773.78,12.015217391304347,6.59,rated_capped,False,,32.39,2.91,27.5,-4,0,10
2025-01-15 07:42:48.000+05:30,9.95,67.24,811.69,12.071534800713863,6.84,rated_capped,False,,31.79,2.81,27.5,-7,0,10
2025-01-15 07:42:49.000+05:30,9.78,65.02,778.11,11.96724084896955,6.75,rated_capped,False,,30.91,2.37,27.5,12,0,10
2025-01-15 07:42:50.000+05:30,9.85,68.52,829.33,12.103473438412143,6.69,rated_capped,False,,30.8,2.52,27.5,-23,0,10
2025-01-15 07:42:51.000+05:30,9.85,65.05,783.18,12.039661798616448,6.75,rated_capped,False,,30.87,2.13,27.5,28,0,10
2025-01-15 07:42:52.000+05:30,9.67,66.86,804.65,12.03484893807957,6.8,rated_capped,False,,30.72,1.75,27.5,-12,0,10
2025-01-15 07:42:53.000+05:30,9.6,66.67,803.09,12.04574771261437,6.78,rated_capped,False,,31.63,2.3,27.5,6,0,10
2025-01-15 07:42:54.000+05:30,9.55,65.19,787.25,12.076238686915172,6.83,rated_capped,False,,32.18,1.99,27.5,19,0,10
2025-01-15 07:42:55.000+05:30,9.52,65.83,789.31,11.990126082333282,6.41,rated_capped,False,,31.94,2.7,27.5,-18,0,10
2025-01-15 07:42:56.000+05:30,9.54,65.81,796.71,12.10621486096338,6.64,rated_capped,False,,31.48,3.11,27.5,18,0,10
2025-01-15 07:42:57.000+05:30,9.51,65.64,789.64,12.029859841560024,6.74,rated_capped,False,,30.71,2.74,27.5,-25,0,10
2025-01-15 07:42:58.000+05:30,9.59,62.76,755.8,12.04270235818993,6.91,rated_capped,False,,30.68,2.58,27.5,8,0,10
2025-01-15 07:42:59.000+05:30,9.58,66.19,802.61,12.125849826257744,6.74,rated_capped,False,,30.52,2.5,27.5,-20,0,10
2025-01-15 07:43:00.000+05:30,9.71,64.83,779.28,12.020360944007404,6.9,rated_capped,False,,30.73,2.49,27.5,7,0,10
2025-01-15 07:43:01.000+05:30,9.67,68.06,819.72,12.044078754040552,6.82,rated_capped,False,,30.88,3.17,27.5,2,0,10
2025-01-15 07:43:02.000+05:30,9.6,63.06,762.5,12.091658737710118,6.83,rated_capped,False,,31.03,3.06,27.5,4,0,10
2025-01-15 07:43:03.000+05:30,9.65,65.79,794.16,12.07113543091655,6.89,rated_capped,False,,31.64,3.03,27.5,-22,0,10
2025-01-15 07:43:04.000+05:30,9.67,64.6,780.61,12.083746130030962,7.06,rated_capped,False,,32.32,3.52,27.5,-29,0,10
2025-01-15 07:43:05.000+05:30,9.96,64.11,773.32,12.062392762439558,6.67,rated_capped,False,,32.51,3.52,27.5,11,0,10
2025-01-15 07:43:06.000+05:30,9.97,66.69,795.28,11.925026240815715,6.79,rated_capped,False,,32.35,3.91,27.5,14,0,10
2025-01-15 07:43:07.000+05:30,9.89,65.94,789.37,11.971034273582045,6.95,rated_capped,False,,32.55,3.78,27.5,7,0,10
2025-01-15 07:43:08.000+05:30,9.96,65.85,794.68,12.068033409263478,7.0,rated_capped,False,,31.77,3.2,27.5,-9,0,10
2025-01-15 07:43:09.000+05:30,9.9,64.47,782.16,12.13215449046068,6.82,rated_capped,False,,32.39,2.7,27.5,-27,0,10
2025-01-15 07:43:10.000+05:30,9.95,64.17,773.69,12.056880162069504,6.64,rated_capped,False,,32.65,2.94,27.5,-12,0,10
2025-01-15 07:43:11.000+05:30,9.82,64.71,783.0,12.100139082058416,6.75,rated_capped,False,,32.29,2.8,27.5,21,0,10
2025-01-15 07:43:12.000+05:30,9.53,65.58,785.06,11.971027752363526,6.65,rated_capped,False,,32.28,3.57,27.5,-26,0,10
2025-01-15 07:43:13.000+05:30,9.56,67.84,817.69,12.053213443396226,6.75,rated_capped,False,,32.08,2.84,27.5,17,0,10
2025-01-15 07:43:14.000+05:30,9.84,67.39,817.16,12.125834693574713,6.34,rated_capped,False,,32.43,2.36,27.5,-14,0,10
2025-01-15 07:43:15.000+05:30,9.9,67.43,815.13,12.088536259825002,7.05,rated_capped,False,,32.33,1.64,27.5,-11,0,10
2025-01-15 07:43:16.000+05:30,9.78,65.26,788.48,12.082133006435795,6.76,rated_capped,False,,31.43,1.12,27.5,18,0,10
2025-01-15 07:43:17.000+05:30,9.97,65.89,790.75,12.00106237668842,6.67,rated_capped,False,,31.67,1.19,27.5,-12,0,10
2025-01-15 07:43:18.000+05:30,9.82,64.73,780.9,12.063957979298625,7.01,rated_capped,False,,32.11,0.82,27.5,11,0,10
2025-01-15 07:43:19.000+05:30,9.8,64.51,776.72,12.040303828863742,6.58,rated_capped,False,,31.18,0.57,27.5,-26,0,10
2025-01-15 07:43:20.000+05:30,9.84,63.82,773.19,12.115167659041054,6.79,rated_capped,False,,32.02,0.66,27.5,8,0,10
2025-01-15 07:43:21.000+05:30,10.09,66.9,804.93,12.03183856502242,6.53,rated_capped,False,,31.95,1.34,27.5,-30,0,10
2025-01-15 07:43:22.000+05:30,10.12,65.44,785.86,12.008863080684597,6.63,rated_capped,False,,31.55,1.4,27.5,20,0,10
2025-01-15 07:43:23.000+05:30,10.18,65.2,785.79,12.051993865030674,6.66,rated_capped,False,,30.95,1.46,27.5,27,0,10
2025-01-15 07:43:24.000+05:30,10.08,66.51,800.1,12.0297699594046,6.75,rated_capped,False,,31.31,1.94,27.5,5,0,10
2025-01-15 07:43:25.000+05:30,10.16,66.11,796.21,12.043715020420512,6.59,rated_capped,False,,31.75,1.32,27.5,29,0,10
2025-01-15 07:43:26.000+05:30,10.26,67.92,817.24,12.032391048292109,6.82,rated_capped,False,,31.57,1.88,27.5,3,0,10
2025-01-15 07:43:27.000+05:30,10.41,66.16,802.73,12.133162031438937,6.72,rated_capped,False,,31.47,1.57,27.5,14,0,10
2025-01-15 07:43:28.000+05:30,10.54,67.47,807.72,11.971542907959094,6.9,rated_capped,False,,31.3,1.22,27.5,-19,0,10
2025-01-15 07:43:29.000+05:30,10.43,64.79,776.35,11.982559036888407,6.72,rated_capped,False,,31.01,1.23,27.6,13,0,10
2025-01-15 07:43:30.000+05:30,10.48,65.45,789.43,12.061573720397249,6.94,rated_capped,False,,30.44,0.2,27.6,27,0,10
2025-01-15 07:43:31.000+05:30,10.81,66.53,796.71,11.975199158274464,6.78,rated_capped,False,,30.21,0.43,27.5,-21,0,10
2025-01-15 07:43:32.000+05:30,10.72,64.84,781.24,12.048735348550277,6.93,rated_capped,False,,29.92,0.49,27.6,16,0,10
2025-01-15 07:43:33.000+05:30,10.35,67.02,804.97,12.010892270963893,6.85,rated_capped,False,,30.21,0.03,27.5,1,0,10
2025-01-15 07:43:34.000+05:30,10.32,65.77,793.7,12.067812072373425,6.66,rated_capped,False,,30.19,0.17,27.5,-26,0,10
2025-01-15 07:43:35.000+05:30,10.53,66.02,790.4,11.972129657679492,6.91,rated_capped,False,,31.07,0.56,27.6,-20,0,10
2025-01-15 07:43:36.000+05:30,10.46,65.18,783.82,12.02546793494937,6.91,rated_capped,False,,31.3,0.0,27.6,-10,0,10
2025-01-15 07:43:37.000+05:30,10.45,64.5,779.39,12.083565891472867,6.96,rated_capped,False,,31.46,0.0,27.5,7,0,10
2025-01-15 07:43:38.000+05:30,10.45,66.01,795.37,12.049234964399332,6.77,rated_capped,False,,31.59,0.19,27.6,-15,0,10
2025-01-15 07:43:39.000+05:30,10.39,65.03,782.42,12.031677687221281,7.04,rated_capped,False,,31.28,0.02,27.6,0,0,10
2025-01-15 07:43:40.000+05:30,10.43,65.95,798.22,12.103411675511751,7.03,rated_capped,False,,31.27,0.0,27.6,20,0,10
2025-01-15 07:43:41.000+05:30,10.53,66.63,803.34,12.05673120216119,6.73,rated_capped,False,,31.7,0.21,27.6,8,0,10
2025-01-15 07:43:42.000+05:30,10.77,65.02,783.02,12.04275607505383,6.62,rated_capped,False,,31.47,0.0,27.6,-26,0,10
2025-01-15 07:43:43.000+05:30,10.76,63.83,764.56,11.978066739777534,6.91,rated_capped,False,,31.59,0.0,27.6,-24,0,10
2025-01-15 07:43:44.000+05:30,11.09,66.12,790.77,11.959618874773138,6.93,rated_capped,False,,31.77,0.02,27.6,23,0,10
2025-01-15 07:43:45.000+05:30,11.09,66.17,796.36,12.035061205984585,6.67,rated_capped,False,,31.21,0.18,27.6,25,0,10
2025-01-15 07:43:46.000+05:30,11.3,64.29,779.31,12.121791880541295,7.06,rated_capped,False,,31.52,0.09,27.6,23,0,10
2025-01-15 07:43:47.000+05:30,11.45,65.34,785.25,12.017906336088153,6.83,rated_capped,False,,31.51,0.0,27.6,-30,0,10
2025-01-15 07:43:48.000+05:30,11.52,63.83,769.93,12.062196459345135,6.71,rated_capped,False,,31.56,0.0,27.7,23,0,10
2025-01-15 07:43:49.000+05:30,11.51,66.08,797.34,12.06628329297821,6.51,rated_capped,False,,30.91,0.0,27.7,5,0,10
2025-01-15 07:43:50.000+05:30,11.56,66.62,804.01,12.068598018613027,6.81,rated_capped,False,,30.16,0.23,27.7,28,0,10
2025-01-15 07:43:51.000+05:30,11.49,64.94,780.52,12.01909454881429,6.78,rated_capped,False,,30.63,0.06,27.7,25,0,10
2025-01-15 07:43:52.000+05:30,11.54,65.47,790.85,12.079578432870017,6.82,rated_capped,False,,30.37,0.0,27.7,-10,0,10
2025-01-15 07:43:53.000+05:30,11.56,67.93,818.86,12.05446783453555,6.72,rated_capped,False,,29.49,0.0,27.7,-21,0,10
2025-01-15 07:43:54.000+05:30,11.81,65.35,790.42,12.095179801071156,6.68,rated_capped,False,,29.99,0.0,27.6,-8,0,10
2025-01-15 07:43:55.000+05:30,11.54,65.54,786.91,12.006560878852607,7.06,rated_capped,False,,30.04,1.03,27.6,-17,0,10
2025-01-15 07:43:56.000+05:30,11.54,65.82,796.77,12.105287146763903,6.68,rated_capped,False,,29.91,1.51,27.6,-2,0,10
2025-01-15 07:43:57.000+05:30,11.54,64.59,778.24,12.048923982040563,6.76,rated_capped,False,,30.25,1.39,27.6,21,0,10
2025-01-15 07:43:58.000+05:30,11.53,66.94,808.19,12.073349268001197,6.49,rated_capped,False,,30.53,1.32,27.6,20,0,10
2025-01-15 07:43:59.000+05:30,11.42,65.4,783.91,11.986391437308868,6.75,rated_capped,False,,31.46,1.02,27.6,9,0,10
2025-01-15 07:44:00.000+05:30,11.73,67.16,806.13,12.00312686122692,6.79,rated_capped,False,,32.09,1.45,27.6,28,0,10
2025-01-15 07:44:01.000+05:30,11.83,66.4,800.76,12.059638554216866,6.89,rated_capped,False,,31.51,0.54,27.6,15,0,10
2025-01-15 07:44:02.000+05:30,11.7,63.81,763.58,11.966462936843755,6.49,rated_capped,False,,31.02,0.21,27.6,10,0,10
2025-01-15 07:44:03.000+05:30,11.77,65.7,787.89,11.992237442922374,7.06,rated_capped,False,,31.0,0.0,27.6,23,0,10
2025-01-15 07:44:04.000+05:30,11.98,66.92,801.71,11.980125523012553,6.88,rated_capped,False,,30.9,0.0,27.6,-1,0,10
2025-01-15 07:44:05.000+05:30,11.91,62.52,750.14,11.998400511836211,6.8,rated_capped,False,,30.97,0.0,27.6,17,0,10
2025-01-15 07:44:06.000+05:30,11.72,67.0,812.52,12.127164179104478,6.66,rated_capped,False,,31.08,0.0,27.6,29,0,10
2025-01-15 07:44:07.000+05:30,11.63,65.79,794.33,12.073719410244717,6.73,rated_capped,False,,31.08,0.0,27.6,-22,0,10
2025-01-15 07:44:08.000+05:30,11.5,63.27,758.76,11.992413466097675,6.99,rated_capped,False,,31.11,0.0,27.6,-9,0,10
2025-01-15 07:44:09.000+05:30,11.35,67.75,815.39,12.035276752767528,6.67,rated_capped,False,,31.42,0.3,27.6,-6,0,10
2025-01-15 07:44:10.000+05:30,11.13,67.01,804.35,12.0034323235338,6.55,rated_capped,False,,32.08,0.73,27.6,5,0,10
2025-01-15 07:44:11.000+05:30,11.12,65.39,787.34,12.040679002905643,7.02,rated_capped,False,,32.0,1.0,27.6,-8,0,10
2025-01-15 07:44:12.000+05:30,10.99,65.92,795.04,12.060679611650485,6.77,rated_capped,False,,31.5,1.39,27.6,16,0,10
2025-01-15 07:44:13.000+05:30,10.71,63.28,759.79,12.006795195954487,7.06,rated_capped,False,,31.62,1.48,27.6,20,0,10
2025-01-15 07:44:14.000+05:30,11.0,65.46,788.03,12.03834402688665,6.84,rated_capped,False,,32.33,1.35,27.6,-1,0,10
2025-01-15 07:44:15.000+05:30,10.95,63.42,762.01,12.01529485966572,6.61,rated_capped,False,,32.94,0.53,27.6,26,0,10
2025-01-15 07:44:16.000+05:30,11.24,63.9,773.46,12.104225352112676,6.87,rated_capped,False,,32.99,1.13,27.6,-21,0,10
2025-01-15 07:44:17.000+05:30,11.38,64.94,784.37,12.078380043116724,6.82,rated_capped,False,,32.37,0.9,27.6,-5,0,10
2025-01-15 07:44:18.000+05:30,11.27,66.43,800.57,12.05133222941442,6.51,rated_capped,False,,31.87,1.46,27.7,-7,0,10
2025-01-15 07:44:19.000+05:30,11.32,63.65,766.71,12.045718774548313,6.68,rated_capped,False,,32.13,1.75,27.7,-28,0,10
2025-01-15 07:44:20.000+05:30,11.21,65.76,790.77,12.025091240875911,6.58,rated_capped,False,,31.52,1.19,27.7,-12,0,10
2025-01-15 07:44:21.000+05:30,11.24,65.77,791.87,12.039987836399575,6.53,rated_capped,False,,31.26,0.84,27.7,-21,0,10
2025-01-15 07:44:22.000+05:30,11.1,65.57,789.87,12.046210157084033,6.7,rated_capped,False,,31.13,1.01,27.7,25,0,10
2025-01-15 07:44:23.000+05:30,11.18,66.51,800.39,12.034130205984061,6.53,rated_capped,False,,31.42,0.59,27.7,-25,0,10
2025-01-15 07:44:24.000+05:30,11.18,65.77,795.88,12.100957883533527,6.96,rated_capped,False,,30.91,0.03,27.7,0,0,10
2025-01-15 07:44:25.000+05:30,11.17,69.59,839.78,12.067538439430951,6.98,rated_capped,False,,30.89,0.0,27.7,-29,0,10
2025-01-15 07:44:26.000+05:30,11.24,66.26,793.18,11.970721400543313,6.85,rated_capped,False,,30.78,0.0,27.7,-18,0,10
2025-01-15 07:44:27.000+05:30,11.23,64.5,776.5,12.03875968992248,6.61,rated_capped,False,,30.64,0.49,27.8,14,0,10
2025-01-15 07:44:28.000+05:30,11.04,65.0,785.0,12.076923076923077,6.94,rated_capped,False,,30.9,0.32,27.7,12,0,10
2025-01-15 07:44:29.000+05:30,11.05,64.29,775.22,12.05817389951781,6.7,rated_capped,False,,30.46,0.43,27.7,21,0,10
2025-01-15 07:44:30.000+05:30,11.15,64.47,779.77,12.095082984333798,6.92,rated_capped,False,,30.33,0.0,27.7,7,0,10
2025-01-15 07:44:31.000+05:30,11.13,64.19,772.64,12.03676585137872,6.73,rated_capped,False,,30.24,0.13,27.7,-23,0,10
2025-01-15 07:44:32.000+05:30,11.2,64.15,769.23,11.99111457521434,6.95,rated_capped,False,,30.82,0.17,27.7,23,0,10
2025-01-15 07:44:33.000+05:30,11.23,64.13,766.84,11.957586153126464,6.65,rated_capped,False,,31.22,0.32,27.7,15,0,10
2025-01-15 07:44:34.000+05:30,11.12,69.25,830.49,11.992635379061372,6.68,rated_capped,False,,31.36,0.0,27.7,20,0,10
2025-01-15 07:44:35.000+05:30,11.31,62.25,749.44,12.039196787148596,6.74,rated_capped,False,,31.39,0.36,27.7,-22,0,10
2025-01-15 07:44:36.000+05:30,11.17,67.39,809.89,12.017955186229411,6.82,rated_capped,False,,31.26,0.0,27.7,10,0,10
2025-01-15 07:44:37.000+05:30,11.34,66.29,797.07,12.023985518177703,6.67,rated_capped,False,,31.46,0.0,27.7,-11,0,10
2025-01-15 07:44:38.000+05:30,11.19,65.12,784.08,12.04054054054054,6.77,rated_capped,False,,31.67,0.61,27.7,22,0,10
2025-01-15 07:44:39.000+05:30,11.3,66.27,798.88,12.054926814546553,6.94,rated_capped,False,,31.06,0.87,27.7,23,0,10
2025-01-15 07:44:40.000+05:30,11.21,64.79,782.41,12.076091989504551,6.65,rated_capped,False,,30.95,0.75,27.7,5,0,10
2025-01-15 07:44:41.000+05:30,11.21,66.98,807.3,12.052851597491788,7.06,rated_capped,False,,31.27,1.8,27.7,27,0,10
2025-01-15 07:44:42.000+05:30,11.16,62.64,750.85,11.986749680715198,6.98,rated_capped,False,,31.02,1.23,27.6,-13,0,10
2025-01-15 07:44:43.000+05:30,11.09,65.45,791.59,12.09457601222307,7.04,rated_capped,False,,31.23,1.68,27.7,-13,0,10
2025-01-15 07:44:44.000+05:30,11.18,66.48,797.92,12.002406738868832,6.76,rated_capped,False,,31.28,2.51,27.6,8,0,10
2025-01-15 07:44:45.000+05:30,10.94,66.39,798.69,12.030275643922279,6.59,rated_capped,False,,31.15,1.96,27.7,0,0,10
2025-01-15 07:44:46.000+05:30,10.87,65.88,797.53,12.105798421372192,6.77,rated_capped,False,,31.09,1.99,27.6,7,0,10
2025-01-15 07:44:47.000+05:30,11.01,65.36,783.86,11.99296205630355,6.9,rated_capped,False,,31.88,2.12,27.6,-22,0,10
2025-01-15 07:44:48.000+05:30,11.19,67.9,816.46,12.024447717231222,6.57,rated_capped,False,,31.82,2.11,27.6,-13,0,10
2025-01-15 07:44:49.000+05:30,11.35,64.51,781.96,12.121531545496822,6.95,rated_capped,False,,32.2,2.27,27.6,10,0,10
2025-01-15 07:44:50.000+05:30,11.31,66.39,798.97,12.034493146558217,6.76,rated_capped,False,,32.01,1.84,27.7,3,0,10
2025-01-15 07:44:51.000+05:30,11.37,65.33,786.75,12.042706260523497,7.06,rated_capped,False,,32.08,1.81,27.7,-7,0,10
2025-01-15 07:44:52.000+05:30,11.36,66.06,794.14,12.021495610051467,6.67,rated_capped,False,,31.74,1.18,27.7,-8,0,10
2025-01-15 07:44:53.000+05:30,11.42,63.75,767.34,12.036705882352942,6.65,rated_capped,False,,31.06,1.93,27.6,-25,0,10
2025-01-15 07:44:54.000+05:30,11.35,65.18,787.31,12.079011966860998,6.72,rated_capped,False,,31.97,1.6,27.7,-18,0,10
2025-01-15 07:44:55.000+05:30,11.38,66.81,801.53,11.997156114354137,6.47,rated_capped,False,,31.52,1.48,27.7,28,0,10
2025-01-15 07:44:56.000+05:30,11.32,65.08,786.55,12.085894283958204,6.91,rated_capped,False,,30.99,2.18,27.7,-8,0,10
2025-01-15 07:44:57.000+05:30,11.19,66.14,796.67,12.04520713637738,6.45,rated_capped,False,,31.12,2.48,27.7,26,0,10
2025-01-15 07:44:58.000+05:30,11.2,67.11,808.77,12.05140813589629,6.62,rated_capped,False,,31.61,3.01,27.7,22,0,10
2025-01-15 07:44:59.000+05:30,11.41,65.65,793.24,12.082863670982482,6.49,rated_capped,False,,32.2,2.85,27.7,-6,0,10
2025-01-15 07:45:00.000+05:30,11.37,63.88,771.88,12.0832811521603,6.65,rated_capped,False,,32.55,2.91,27.7,-7,0,10
2025-01-15 07:45:01.000+05:30,11.21,65.0,780.47,12.00723076923077,6.66,rated_capped,False,,32.91,3.41,27.7,-22,0,10
2025-01-15 07:45:02.000+05:30,10.9,62.5,752.58,12.04128,6.69,rated_capped,False,,32.63,4.32,27.7,-19,0,10
2025-01-15 07:45:03.000+05:30,10.88,64.34,771.3,11.987876903947775,6.68,rated_capped,False,,32.34,4.33,27.7,7,0,10
2025-01-15 07:45:04.000+05:30,10.91,68.6,826.19,12.043586005830905,6.54,rated_capped,False,,32.12,3.85,27.7,-30,0,10
2025-01-15 07:45:05.000+05:30,10.81,66.18,797.98,12.057721365971592,6.71,rated_capped,False,,32.24,3.58,27.7,10,0,10
2025-01-15 07:45:06.000+05:30,10.71,63.87,767.57,12.017692187255363,6.67,rated_capped,False,,32.11,3.14,27.7,23,0,10
2025-01-15 07:45:07.000+05:30,10.41,64.85,782.88,12.072166538164996,6.87,rated_capped,False,,32.88,2.14,27.7,-26,0,10
2025-01-15 07:45:08.000+05:30,10.27,65.33,786.79,12.043318536660033,6.37,rated_capped,False,,32.71,2.24,27.7,-3,0,10
2025-01-15 07:45:09.000+05:30,10.05,66.2,794.91,12.007703927492447,6.83,rated_capped,False,,32.77,2.14,27.7,13,0,10
2025-01-15 07:45:10.000+05:30,9.95,62.24,748.92,12.032776349614394,6.91,rated_capped,False,,32.75,2.09,27.7,-3,0,10
2025-01-15 07:45:11.000+05:30,10.16,65.64,791.37,12.056215722120658,6.79,rated_capped,False,,32.21,1.52,27.7,27,0,10
2025-01-15 07:45:12.000+05:30,10.13,65.55,790.91,12.065751334858886,7.0,rated_capped,False,,32.15,1.88,27.7,13,0,10
2025-01-15 07:45:13.000+05:30,10.05,64.15,766.89,11.954637568199532,6.51,rated_capped,False,,31.79,1.98,27.7,-25,0,10
2025-01-15 07:45:14.000+05:30,10.25,64.42,780.2,12.111145606954363,6.53,rated_capped,False,,32.08,1.19,27.7,-23,0,10
2025-01-15 07:45:15.000+05:30,10.38,65.96,794.44,12.044269254093392,6.65,rated_capped,False,,31.94,0.65,27.7,4,0,10
2025-01-15 07:45:16.000+05:30,10.59,66.66,801.77,12.027752775277529,6.77,rated_capped,False,,32.3,1.1,27.7,-18,0,10
2025-01-15 07:45:17.000+05:30,10.73,64.24,768.59,11.964352428393525,6.6,rated_capped,False,,32.67,1.0,27.7,-2,0,10
2025-01-15 07:45:18.000+05:30,10.65,64.33,775.63,12.057049588061558,6.71,rated_capped,False,,32.19,1.79,27.6,-23,0,10
2025-01-15 07:45:19.000+05:30,10.62,65.46,792.52,12.106935533150017,6.73,rated_capped,False,,32.34,2.14,27.6,-9,0,10
2025-01-15 07:45:20.000+05:30,10.77,69.01,828.1,11.99971018692943,6.75,rated_capped,False,,32.45,1.8,27.6,19,0,10
2025-01-15 07:45:21.000+05:30,10.86,65.72,789.64,12.015216068167986,6.97,rated_capped,False,,32.15,1.97,27.7,12,0,10
2025-01-15 07:45:22.000+05:30,10.66,63.04,754.39,11.966846446700508,6.72,rated_capped,False,,31.9,2.36,27.7,1,0,10
2025-01-15 07:45:23.000+05:30,10.54,65.1,783.14,12.029800307219663,6.84,rated_capped,False,,31.92,2.51,27.6,3,0,10
2025-01-15 07:45:24.000+05:30,10.71,65.69,788.67,12.005936976708783,6.8,rated_capped,False,,31.82,1.54,27.6,-3,0,10
2025-01-15 07:45:25.000+05:30,10.83,64.26,772.42,12.020230314347959,6.36,rated_capped,False,,32.15,2.09,27.6,-6,0,10
2025-01-15 07:45:26.000+05:30,10.66,67.95,816.55,12.016924208977187,6.96,rated_capped,False,,31.7,2.72,27.6,10,0,10
2025-01-15 07:45:27.000+05:30,10.7,64.85,776.63,11.97579028527371,6.97,rated_capped,False,,31.48,2.45,27.6,24,0,10
2025-01-15 07:45:28.000+05:30,10.94,67.31,807.61,11.998365770316447,6.76,rated_capped,False,,32.03,3.01,27.7,27,0,10
2025-01-15 07:45:29.000+05:30,11.12,66.12,794.3,12.013006654567452,6.45,rated_capped,False,,32.16,3.26,27.7,-13,0,10
2025-01-15 07:45:30.000+05:30,11.36,64.21,777.47,12.108238592119609,6.86,rated_capped,False,,32.75,3.44,27.7,-23,0,10
2025-01-15 07:45:31.000+05:30,11.28,62.38,753.7,12.082398204552742,6.45,rated_capped,False,,32.81,3.0,27.7,-3,0,10
2025-01-15 07:45:32.000+05:30,11.18,64.2,774.06,12.057009345794391,6.86,rated_capped,False,,32.43,3.25,27.7,-13,0,10
2025-01-15 07:45:33.000+05:30,11.22,65.53,786.38,12.000305203723485,6.63,rated_capped,False,,32.08,2.16,27.7,24,0,10
2025-01-15 07:45:34.000+05:30,10.99,63.07,759.59,12.043602346599018,6.62,rated_capped,False,,32.53,2.16,27.7,0,0,10
2025-01-15 07:45:35.000+05:30,11.05,64.53,782.6,12.127692546102589,6.69,rated_capped,False,,32.03,1.71,27.7,9,0,10
2025-01-15 07:45:36.000+05:30,11.19,64.58,770.69,11.933880458346238,6.83,rated_capped,False,,31.55,1.87,27.7,6,0,10
2025-01-15 07:45:37.000+05:30,11.12,64.97,785.52,12.09050330921964,6.55,rated_capped,False,,32.34,1.17,27.7,18,0,10
2025-01-15 07:45:38.000+05:30,10.94,64.04,773.28,12.074953154278575,6.4,rated_capped,False,,32.73,1.19,27.7,8,0,10
2025-01-15 07:45:39.000+05:30,10.89,65.62,796.71,12.141267906126181,6.63,rated_capped,False,,32.42,1.55,27.7,-27,0,10
2025-01-15 07:45:40.000+05:30,11.13,65.45,789.38,12.060809778456838,6.76,rated_capped,False,,32.31,0.78,27.7,-2,0,10
2025-01-15 07:45:41.000+05:30,11.13,67.03,807.45,12.046098761748471,6.85,rated_capped,False,,31.85,1.53,27.7,0,0,10
2025-01-15 07:45:42.000+05:30,11.02,68.0,818.43,12.035735294117647,6.56,rated_capped,False,,32.13,1.68,27.7,-29,0,10
2025-01-15 07:45:43.000+05:30,10.96,64.69,781.33,12.078064615860258,6.97,rated_capped,False,,31.85,2.38,27.7,-10,0,10
2025-01-15 07:45:44.000+05:30,11.06,64.04,770.26,12.027795128044971,6.92,rated_capped,False,,32.4,3.59,27.7,-2,0,10
2025-01-15 07:45:45.000+05:30,11.14,66.9,807.13,12.06472346786248,6.65,rated_capped,False,,32.12,4.12,27.7,-26,0,10
2025-01-15 07:45:46.000+05:30,11.38,66.26,797.62,12.037730153939027,6.74,rated_capped,False,,31.24,4.09,27.7,28,0,10
2025-01-15 07:45:47.000+05:30,11.37,64.18,774.75,12.071517606731067,6.59,rated_capped,False,,30.61,4.55,27.6,-15,0,10
2025-01-15 07:45:48.000+05:30,11.42,67.77,811.1,11.968422605872806,7.01,rated_capped,False,,30.87,4.53,27.7,6,0,10
2025-01-15 07:45:49.000+05:30,11.36,65.44,788.49,12.049052567237164,6.82,rated_capped,False,,30.91,4.65,27.6,-5,0,10
2025-01-15 07:45:50.000+05:30,11.34,65.57,792.94,12.093030349245083,6.76,rated_capped,False,,31.14,4.34,27.7,-11,0,10
2025-01-15 07:45:51.000+05:30,11.27,66.69,797.98,11.96551207077523,6.86,rated_capped,False,,30.82,5.3,27.6,22,0,10
2025-01-15 07:45:52.000+05:30,11.04,65.66,785.29,11.95994517209869,6.47,rated_capped,False,,30.99,5.9,27.7,12,0,10
2025-01-15 07:45:53.000+05:30,10.82,66.3,802.08,12.097737556561087,6.69,rated_capped,False,,31.61,5.82,27.7,1,0,10
2025-01-15 07:45:54.000+05:30,11.02,64.73,778.87,12.03259694114012,6.68,rated_capped,False,,30.86,6.62,27.7,27,0,10
2025-01-15 07:45:55.000+05:30,11.04,65.93,792.56,12.021234642802971,6.62,rated_capped,False,,31.09,7.77,27.7,13,0,10
2025-01-15 07:45:56.000+05:30,11.32,67.32,808.97,12.016785502079621,6.84,rated_capped,False,,30.68,8.14,27.6,-4,0,10
2025-01-15 07:45:57.000+05:30,10.94,67.37,808.44,12.0,6.87,rated_capped,False,,30.71,7.86,27.7,-3,0,10
2025-01-15 07:45:58.000+05:30,10.84,66.8,802.47,12.013023952095809,6.67,rated_capped,False,,30.77,8.55,27.7,19,0,10
2025-01-15 07:45:59.000+05:30,10.79,65.33,785.32,12.020817388642278,6.78,rated_capped,False,,31.17,7.78,27.7,-19,0,10
2025-01-15 07:46:00.000+05:30,10.98,68.38,822.13,12.022959929804037,6.65,rated_capped,False,,30.78,8.05,27.6,-25,0,10
2025-01-15 07:46:01.000+05:30,10.99,65.8,792.3,12.041033434650457,6.59,rated_capped,False,,31.02,7.32,27.6,11,0,10
2025-01-15 07:46:02.000+05:30,10.71,65.88,788.37,11.966757741347907,6.73,rated_capped,False,,31.31,7.69,27.7,2,0,10
2025-01-15 07:46:03.000+05:30,10.71,67.69,819.11,12.100901167085242,6.77,rated_capped,False,,30.82,7.95,27.7,-28,0,10
2025-01-15 07:46:04.000+05:30,10.48,64.76,786.01,12.137276096355775,6.66,rated_capped,False,,31.29,8.37,27.6,17,0,10
2025-01-15 07:46:05.000+05:30,10.35,64.28,770.47,11.986154324828874,6.54,rated_capped,False,,31.12,8.69,27.7,1,0,10
2025-01-15 07:46:06.000+05:30,10.28,65.83,794.32,12.066231201579829,6.81,rated_capped,False,,31.68,8.05,27.6,-20,0,10
2025-01-15 07:46:07.000+05:30,10.49,66.47,799.1,12.021964796148639,6.68,rated_capped,False,,31.02,7.59,27.7,17,0,10
2025-01-15 07:46:08.000+05:30,10.54,65.78,789.56,12.003040437823046,6.53,rated_capped,False,,31.1,6.99,27.7,-6,0,10
2025-01-15 07:46:09.000+05:30,10.47,64.94,784.23,12.076224206960271,6.72,rated_capped,False,,31.6,6.65,27.7,-16,0,10
2025-01-15 07:46:10.000+05:30,10.53,66.93,805.45,12.034214851337218,6.76,rated_capped,False,,31.85,6.88,27.7,-4,0,10
2025-01-15 07:46:11.000+05:30,10.69,64.14,772.55,12.044745868412846,6.56,rated_capped,False,,32.01,6.71,27.6,17,0,10
2025-01-15 07:46:12.000+05:30,10.59,67.6,816.87,12.083875739644972,6.98,rated_capped,False,,32.84,6.27,27.7,-3,0,10
2025-01-15 07:46:13.000+05:30,10.84,67.11,816.41,12.1652510803159,6.77,rated_capped,False,,32.97,6.26,27.7,2,0,10
2025-01-15 07:46:14.000+05:30,11.19,66.28,798.61,12.0490343995172,6.66,rated_capped,False,,32.95,6.73,27.6,15,0,10
2025-01-15 07:46:15.000+05:30,11.15,67.59,812.55,12.021748779405236,6.67,rated_capped,False,,32.6,6.63,27.6,0,0,10
2025-01-15 07:46:16.000+05:30,10.97,65.61,784.7,11.960067062947722,6.8,rated_capped,False,,32.97,6.19,27.6,19,0,10
2025-01-15 07:46:17.000+05:30,11.14,63.69,768.41,12.06484534463809,6.59,rated_capped,False,,32.94,6.09,27.7,-5,0,10
2025-01-15 07:46:18.000+05:30,10.88,66.56,804.29,12.083683894230768,6.86,rated_capped,False,,32.86,5.97,27.7,25,0,10
2025-01-15 07:46:19.000+05:30,10.5,68.66,823.78,11.997960967084182,6.96,rated_capped,False,,32.87,7.37,27.7,21,0,10
2025-01-15 07:46:20.000+05:30,10.59,64.99,778.51,11.978919833820589,6.36,rated_capped,False,,32.89,6.77,27.7,-16,0,10
2025-01-15 07:46:21.000+05:30,10.45,66.84,811.82,12.145721125074806,6.82,rated_capped,False,,32.85,7.28,27.7,-5,0,10
2025-01-15 07:46:22.000+05:30,10.55,65.82,794.85,12.076116681859618,6.52,rated_capped,False,,32.37,7.35,27.7,9,0,10
2025-01-15 07:46:23.000+05:30,10.5,66.03,794.46,12.031803725579282,6.61,rated_capped,False,,32.18,7.12,27.7,-25,0,10
2025-01-15 07:46:24.000+05:30,10.63,63.21,762.8,12.067710805252332,6.52,rated_capped,False,,32.37,6.79,27.7,24,0,10
2025-01-15 07:46:25.000+05:30,10.71,63.23,757.67,11.982761347461649,6.78,rated_capped,False,,32.85,6.61,27.7,-8,0,10
2025-01-15 07:46:26.000+05:30,10.62,66.98,804.47,12.010600179157958,6.83,rated_capped,False,,32.05,6.17,27.7,-16,0,10
2025-01-15 07:46:27.000+05:30,10.76,64.36,774.06,12.027035425730267,6.68,rated_capped,False,,32.03,6.03,27.7,-27,0,10
2025-01-15 07:46:28.000+05:30,10.73,65.15,788.11,12.096853415195701,6.66,rated_capped,False,,32.07,5.67,27.7,-8,0,10
2025-01-15 07:46:29.000+05:30,10.85,64.79,777.02,11.992900138910324,6.73,rated_capped,False,,31.88,5.71,27.7,7,0,10
2025-01-15 07:46:30.000+05:30,10.8,69.26,831.2,12.001155067860237,6.83,rated_capped,False,,32.3,6.19,27.7,24,0,10
2025-01-15 07:46:31.000+05:30,10.98,65.63,786.46,11.983239372238307,6.9,rated_capped,False,,32.3,5.91,27.8,-22,0,10
2025-01-15 07:46:32.000+05:30,10.77,65.17,786.74,12.072119073193187,6.62,rated_capped,False,,31.81,5.67,27.8,3,0,10
2025-01-15 07:46:33.000+05:30,10.51,65.85,789.83,11.994381169324223,6.67,rated_capped,False,,31.29,6.35,27.8,14,0,10
2025-01-15 07:46:34.000+05:30,10.27,67.63,813.66,12.031051308590863,6.85,rated_capped,False,,31.13,5.99,27.8,-29,0,10
2025-01-15 07:46:35.000+05:30,10.24,65.86,789.59,11.98891588217431,6.76,rated_capped,False,,31.29,5.98,27.8,1,0,10
2025-01-15 07:46:36.000+05:30,10.17,64.88,786.39,12.120684340320592,6.77,rated_capped,False,,31.71,6.23,27.8,-12,0,10
2025-01-15 07:46:37.000+05:30,10.07,63.81,767.53,12.028365459959254,6.57,rated_capped,False,,31.43,6.11,27.8,-21,0,10
2025-01-15 07:46:38.000+05:30,10.19,64.34,780.82,12.135840845508238,6.75,rated_capped,False,,31.32,6.76,27.8,-10,0,10
2025-01-15 07:46:39.000+05:30,10.15,65.68,794.12,12.090742996345918,6.77,rated_capped,False,,31.28,7.04,27.8,24,0,10
2025-01-15 07:46:40.000+05:30,9.99,68.67,820.3,11.945536624435706,6.45,rated_capped,False,,31.43,7.11,27.8,-3,0,10
2025-01-15 07:46:41.000+05:30,9.89,65.4,786.47,12.025535168195718,6.86,rated_capped,False,,31.52,6.98,27.8,11,0,10
2025-01-15 07:46:42.000+05:30,9.87,67.14,806.81,12.016830503425677,6.82,rated_capped,False,,31.42,6.94,27.8,26,0,10
2025-01-15 07:46:43.000+05:30,9.9,65.51,784.86,11.980766295222102,6.59,rated_capped,False,,31.32,7.05,27.8,-8,0,10
2025-01-15 07:46:44.000+05:30,9.69,64.39,778.49,12.090231402391677,6.97,rated_capped,False,,30.81,7.83,27.9,-20,0,10
2025-01-15 07:46:45.000+05:30,9.47,66.91,803.79,12.01300254072635,6.8,rated_capped,False,,30.96,7.81,27.9,17,0,10
2025-01-15 07:46:46.000+05:30,9.9,64.57,782.2,12.11398482267307,6.86,rated_capped,False,,31.68,7.56,27.8,6,0,10
2025-01-15 07:46:47.000+05:30,9.8,64.68,777.14,12.015151515151514,6.7,rated_capped,False,,32.16,7.99,27.8,-10,0,10
2025-01-15 07:46:48.000+05:30,9.68,66.96,804.45,12.013888888888891,6.63,rated_capped,False,,32.6,8.17,27.8,18,0,10
2025-01-15 07:46:49.000+05:30,9.73,66.64,803.27,12.053871548619448,6.67,rated_capped,False,,32.95,9.04,27.8,-26,0,10
2025-01-15 07:46:50.000+05:30,9.8,65.07,783.5,12.040879053327187,6.84,rated_capped,False,,32.42,8.48,27.8,-26,0,10
2025-01-15 07:46:51.000+05:30,9.83,65.73,791.95,12.048531872813022,6.66,rated_capped,False,,32.26,8.96,27.8,-10,0,10
2025-01-15 07:46:52.000+05:30,9.94,67.32,810.46,12.038918597742128,6.6,rated_capped,False,,31.93,9.36,27.8,6,0,10
2025-01-15 07:46:53.000+05:30,10.04,65.24,785.85,12.045524218271,6.67,rated_capped,False,,31.85,9.71,27.8,-26,0,10
2025-01-15 07:46:54.000+05:30,10.0,65.14,784.88,12.049124961621123,6.99,rated_capped,False,,31.67,9.71,27.8,6,0,10
2025-01-15 07:46:55.000+05:30,10.12,66.27,793.12,11.968009657461899,6.69,rated_capped,False,,31.3,10.44,27.8,-14,0,10
2025-01-15 07:46:56.000+05:30,9.98,64.36,774.17,12.028744561839652,6.96,rated_capped,False,,31.27,10.03,27.8,-15,0,10
2025-01-15 07:46:57.000+05:30,9.88,67.49,808.59,11.98088605719366,6.81,rated_capped,False,,31.5,8.67,27.8,24,0,10
2025-01-15 07:46:58.000+05:30,10.09,64.25,776.15,12.080155642023346,6.7,rated_capped,False,,31.94,8.39,27.8,-9,0,10
2025-01-15 07:46:59.000+05:30,10.15,65.95,793.23,12.027748294162244,6.48,rated_capped,False,,31.87,9.26,27.8,11,0,10
2025-01-15 07:47:00.000+05:30,10.26,64.94,782.82,12.054511857098861,6.83,rated_capped,False,,31.92,9.26,27.8,23,0,10
2025-01-15 07:47:01.000+05:30,10.1,64.46,774.48,12.014892956872481,6.89,rated_capped,False,,31.44,9.32,27.8,-3,0,10
2025-01-15 07:47:02.000+05:30,10.25,65.68,790.09,12.029384896467722,6.74,rated_capped,False,,31.55,8.49,27.8,2,0,10
2025-01-15 07:47:03.000+05:30,10.08,64.0,764.31,11.94234375,6.79,rated_capped,False,,31.75,8.32,27.8,6,0,10
2025-01-15 07:47:04.000+05:30,10.04,67.17,811.1,12.075331249069524,6.65,rated_capped,False,,31.78,7.96,27.9,-21,0,10
2025-01-15 07:47:05.000+05:30,9.84,65.75,792.51,12.05338403041825,6.71,rated_capped,False,,31.97,8.27,27.8,16,0,10
2025-01-15 07:47:06.000+05:30,9.97,66.65,799.15,11.990247561890472,6.92,rated_capped,False,,32.08,8.05,27.8,28,0,10
2025-01-15 07:47:07.000+05:30,9.8,64.11,771.11,12.027920761191702,6.87,rated_capped,False,,31.98,8.78,27.8,-24,0,10
2025-01-15 07:47:08.000+05:30,9.99,67.03,808.04,12.054900790690734,6.57,rated_capped,False,,32.25,9.09,27.8,-15,0,10
2025-01-15 07:47:09.000+05:30,10.0,64.09,773.19,12.064128569199564,6.4,rated_capped,False,,32.2,8.67,27.8,27,0,10
2025-01-15 07:47:10.000+05:30,10.11,66.94,805.92,12.039438302957873,6.85,rated_capped,False,,32.6,8.63,27.8,28,0,10
2025-01-15 07:47:11.000+05:30,10.08,66.48,802.46,12.070697954271962,7.05,rated_capped,False,,32.34,8.5,27.8,-21,0,10
2025-01-15 07:47:12.000+05:30,10.14,62.86,760.52,12.098631880369075,6.61,rated_capped,False,,32.19,8.01,27.8,4,0,10
2025-01-15 07:47:13.000+05:30,10.18,67.15,813.13,12.10915860014892,6.81,rated_capped,False,,32.62,7.69,27.8,-8,0,10
2025-01-15 07:47:14.000+05:30,10.39,65.66,792.02,12.062442887602803,6.62,rated_capped,False,,32.65,7.32,27.8,27,0,10
2025-01-15 07:47:15.000+05:30,10.41,66.48,795.95,11.97277376654633,6.7,rated_capped,False,,32.74,7.18,27.8,4,0,10
2025-01-15 07:47:16.000+05:30,10.58,67.1,807.12,12.02861400894188,6.99,rated_capped,False,,32.64,7.62,27.8,-13,0,10
2025-01-15 07:47:17.000+05:30,10.41,66.26,794.18,11.985813462118923,6.73,rated_capped,False,,32.74,7.94,27.8,18,0,10
2025-01-15 07:47:18.000+05:30,10.65,67.5,806.44,11.94725925925926,6.74,rated_capped,False,,32.96,6.76,27.8,26,0,10
2025-01-15 07:47:19.000+05:30,10.53,67.15,814.37,12.127624720774385,6.83,rated_capped,False,,32.64,6.75,27.8,23,0,10
